solid OpenSCAD_Model
  facet normal 0.0953486 0.00312607 0.995439
    outer loop
      vertex 14.9379 0.979084 3.2
      vertex 9.75 0 3.7
      vertex 14.97 0 3.2
    endloop
  endfacet
  facet normal 0.0949412 0.00934905 0.995439
    outer loop
      vertex 14.8419 1.95398 3.2
      vertex 9.72912 0.63768 3.7
      vertex 14.9379 0.979084 3.2
    endloop
  endfacet
  facet normal -0.0155332 0.0941261 0.995439
    outer loop
      vertex -1.95398 14.8419 3.2
      vertex -2.9205 14.6824 3.2
      vertex -1.90213 9.56266 3.7
    endloop
  endfacet
  facet normal 0.0652144 0.0696283 0.995439
    outer loop
      vertex 10.5854 10.5854 3.2
      vertex 6.42862 7.33044 3.7
      vertex 6.89429 6.89429 3.7
    endloop
  endfacet
  facet normal -0.0737433 0.0605236 0.995439
    outer loop
      vertex -11.255 9.87041 3.2
      vertex -11.8765 9.11316 3.2
      vertex -7.33044 6.42862 3.7
    endloop
  endfacet
  facet normal -0.0449722 0.0841344 0.995439
    outer loop
      vertex -6.62106 13.4262 3.2
      vertex -7.485 12.9644 3.2
      vertex -4.875 8.44375 3.7
    endloop
  endfacet
  facet normal -0.0696283 0.0652144 0.995439
    outer loop
      vertex -6.89429 6.89429 3.7
      vertex -10.5854 10.5854 3.2
      vertex -7.33044 6.42862 3.7
    endloop
  endfacet
  facet normal -0.0953486 0.00312607 0.995439
    outer loop
      vertex -14.9379 0.979084 3.2
      vertex -14.97 0 3.2
      vertex -9.75 0 3.7
    endloop
  endfacet
  facet normal -0.0892869 -0.0335987 0.995439
    outer loop
      vertex -9.00782 -3.73116 3.7
      vertex -14.1755 -4.81195 3.2
      vertex -13.8305 -5.72877 3.2
    endloop
  endfacet
  facet normal 0.0868962 0.0393713 0.995439
    outer loop
      vertex 13.4262 6.62106 3.2
      vertex 8.74451 4.31231 3.7
      vertex 9.00782 3.73116 3.7
    endloop
  endfacet
  facet normal -0.0775452 0.0555682 0.995439
    outer loop
      vertex -11.8765 9.11316 3.2
      vertex -12.4471 8.31689 3.2
      vertex -8.10683 5.41681 3.7
    endloop
  endfacet
  facet normal -0.0941261 0.0155332 0.995439
    outer loop
      vertex -14.6824 2.9205 3.2
      vertex -14.8419 1.95398 3.2
      vertex -9.56266 1.90213 3.7
    endloop
  endfacet
  facet normal -0.0652144 -0.0696283 0.995439
    outer loop
      vertex -6.89429 -6.89429 3.7
      vertex -10.5854 -10.5854 3.2
      vertex -6.42862 -7.33044 3.7
    endloop
  endfacet
  facet normal 0.0335987 0.0892869 0.995439
    outer loop
      vertex 4.81195 14.1755 3.2
      vertex 3.73116 9.00782 3.7
      vertex 5.72877 13.8305 3.2
    endloop
  endfacet
  facet normal 0.0503773 0.0810137 0.995439
    outer loop
      vertex 7.485 12.9644 3.2
      vertex 5.41681 8.10683 3.7
      vertex 8.31689 12.4471 3.2
    endloop
  endfacet
  facet normal 0.0841344 0.0449722 0.995439
    outer loop
      vertex 12.9644 7.485 3.2
      vertex 8.44375 4.875 3.7
      vertex 13.4262 6.62106 3.2
    endloop
  endfacet
  facet normal 0.0929058 0.0216678 0.995439
    outer loop
      vertex 14.4599 3.87452 3.2
      vertex 9.56266 1.90213 3.7
      vertex 14.6824 2.9205 3.2
    endloop
  endfacet
  facet normal 0.094126 0.0155401 0.995439
    outer loop
      vertex 14.8419 1.95398 3.2
      vertex 9.56266 1.90213 3.7
      vertex 9.66659 1.27263 3.7
    endloop
  endfacet
  facet normal 0.0892869 -0.0335987 0.995439
    outer loop
      vertex 14.1755 -4.81195 3.2
      vertex 9.00782 -3.73116 3.7
      vertex 13.8305 -5.72877 3.2
    endloop
  endfacet
  facet normal 0.094941 -0.00934981 0.995439
    outer loop
      vertex 9.72912 -0.63768 3.7
      vertex 9.66659 -1.27263 3.7
      vertex 14.8419 -1.95398 3.2
    endloop
  endfacet
  facet normal -0.0868953 0.0393726 0.995439
    outer loop
      vertex -13.4262 6.62106 3.2
      vertex -13.8305 5.72877 3.2
      vertex -9.00782 3.73116 3.7
    endloop
  endfacet
  facet normal -0.0555682 0.0775452 0.995439
    outer loop
      vertex -8.31689 12.4471 3.2
      vertex -9.11316 11.8765 3.2
      vertex -5.41681 8.10683 3.7
    endloop
  endfacet
  facet normal -0.0929058 0.0216678 0.995439
    outer loop
      vertex -14.4599 3.87452 3.2
      vertex -14.6824 2.9205 3.2
      vertex -9.56266 1.90213 3.7
    endloop
  endfacet
  facet normal -0.0652115 -0.069632 0.995439
    outer loop
      vertex -6.42862 -7.33044 3.7
      vertex -10.5854 -10.5854 3.2
      vertex -9.87041 -11.255 3.2
    endloop
  endfacet
  facet normal -0.0605236 -0.0737433 0.995439
    outer loop
      vertex -6.42862 -7.33044 3.7
      vertex -9.87041 -11.255 3.2
      vertex -9.11316 -11.8765 3.2
    endloop
  endfacet
  facet normal 0.00934905 -0.0949412 0.995439
    outer loop
      vertex 1.95398 -14.8419 3.2
      vertex 0.63768 -9.72912 3.7
      vertex 0.979084 -14.9379 3.2
    endloop
  endfacet
  facet normal 0.0393726 -0.0868953 0.995439
    outer loop
      vertex 6.62106 -13.4262 3.2
      vertex 3.73116 -9.00782 3.7
      vertex 5.72877 -13.8305 3.2
    endloop
  endfacet
  facet normal 0.0336056 0.0892855 0.995439
    outer loop
      vertex 4.81195 14.1755 3.2
      vertex 3.13403 9.23257 3.7
      vertex 3.73116 9.00782 3.7
    endloop
  endfacet
  facet normal 0.0216678 0.0929058 0.995439
    outer loop
      vertex 2.9205 14.6824 3.2
      vertex 1.90213 9.56266 3.7
      vertex 3.87452 14.4599 3.2
    endloop
  endfacet
  facet normal -0.0216678 0.0929058 0.995439
    outer loop
      vertex -2.9205 14.6824 3.2
      vertex -3.87452 14.4599 3.2
      vertex -1.90213 9.56266 3.7
    endloop
  endfacet
  facet normal 0.0775445 0.055569 0.995439
    outer loop
      vertex 11.8765 9.11316 3.2
      vertex 7.73519 5.93542 3.7
      vertex 8.10683 5.41681 3.7
    endloop
  endfacet
  facet normal 0.0810137 0.0503773 0.995439
    outer loop
      vertex 12.4471 8.31689 3.2
      vertex 8.10683 5.41681 3.7
      vertex 12.9644 7.485 3.2
    endloop
  endfacet
  facet normal 0.0810136 0.0503776 0.995439
    outer loop
      vertex 12.9644 7.485 3.2
      vertex 8.10683 5.41681 3.7
      vertex 8.44375 4.875 3.7
    endloop
  endfacet
  facet normal 0.0503776 0.0810136 0.995439
    outer loop
      vertex 7.485 12.9644 3.2
      vertex 4.875 8.44375 3.7
      vertex 5.41681 8.10683 3.7
    endloop
  endfacet
  facet normal 0.0912915 0.0276963 0.995439
    outer loop
      vertex 14.1755 4.81195 3.2
      vertex 9.23257 3.13403 3.7
      vertex 14.4599 3.87452 3.2
    endloop
  endfacet
  facet normal 0.0912918 0.0276938 0.995439
    outer loop
      vertex 14.4599 3.87452 3.2
      vertex 9.23257 3.13403 3.7
      vertex 9.41778 2.52349 3.7
    endloop
  endfacet
  facet normal 0.0652115 -0.069632 0.995439
    outer loop
      vertex 10.5854 -10.5854 3.2
      vertex 6.42862 -7.33044 3.7
      vertex 9.87041 -11.255 3.2
    endloop
  endfacet
  facet normal 0.0775452 -0.0555682 0.995439
    outer loop
      vertex 12.4471 -8.31689 3.2
      vertex 8.10683 -5.41681 3.7
      vertex 11.8765 -9.11316 3.2
    endloop
  endfacet
  facet normal 0.0810137 -0.0503773 0.995439
    outer loop
      vertex 12.9644 -7.485 3.2
      vertex 8.10683 -5.41681 3.7
      vertex 12.4471 -8.31689 3.2
    endloop
  endfacet
  facet normal 0.0929058 -0.0216678 0.995439
    outer loop
      vertex 14.6824 -2.9205 3.2
      vertex 9.56266 -1.90213 3.7
      vertex 14.4599 -3.87452 3.2
    endloop
  endfacet
  facet normal 0.0953486 -0.00312607 0.995439
    outer loop
      vertex 14.97 0 3.2
      vertex 9.75 0 3.7
      vertex 14.9379 -0.979084 3.2
    endloop
  endfacet
  facet normal -0.069632 0.0652115 0.995439
    outer loop
      vertex -10.5854 10.5854 3.2
      vertex -11.255 9.87041 3.2
      vertex -7.33044 6.42862 3.7
    endloop
  endfacet
  facet normal -0.055569 0.0775445 0.995439
    outer loop
      vertex -5.41681 8.10683 3.7
      vertex -9.11316 11.8765 3.2
      vertex -5.93542 7.73519 3.7
    endloop
  endfacet
  facet normal -0.06052 0.0737454 0.995439
    outer loop
      vertex -5.93542 7.73519 3.7
      vertex -9.11316 11.8765 3.2
      vertex -6.42862 7.33044 3.7
    endloop
  endfacet
  facet normal -0.0605236 0.0737433 0.995439
    outer loop
      vertex -9.11316 11.8765 3.2
      vertex -9.87041 11.255 3.2
      vertex -6.42862 7.33044 3.7
    endloop
  endfacet
  facet normal -0.0775445 0.055569 0.995439
    outer loop
      vertex -7.73519 5.93542 3.7
      vertex -11.8765 9.11316 3.2
      vertex -8.10683 5.41681 3.7
    endloop
  endfacet
  facet normal -0.0810137 0.0503773 0.995439
    outer loop
      vertex -12.4471 8.31689 3.2
      vertex -12.9644 7.485 3.2
      vertex -8.10683 5.41681 3.7
    endloop
  endfacet
  facet normal -0.094126 0.0155401 0.995439
    outer loop
      vertex -9.56266 1.90213 3.7
      vertex -14.8419 1.95398 3.2
      vertex -9.66659 1.27263 3.7
    endloop
  endfacet
  facet normal -0.0892855 0.0336056 0.995439
    outer loop
      vertex -9.00782 3.73116 3.7
      vertex -14.1755 4.81195 3.2
      vertex -9.23257 3.13403 3.7
    endloop
  endfacet
  facet normal -0.0892869 0.0335987 0.995439
    outer loop
      vertex -13.8305 5.72877 3.2
      vertex -14.1755 4.81195 3.2
      vertex -9.00782 3.73116 3.7
    endloop
  endfacet
  facet normal -0.094941 0.00934981 0.995439
    outer loop
      vertex -9.66659 1.27263 3.7
      vertex -14.8419 1.95398 3.2
      vertex -9.72912 0.63768 3.7
    endloop
  endfacet
  facet normal -0.0336056 -0.0892855 0.995439
    outer loop
      vertex -3.73116 -9.00782 3.7
      vertex -4.81195 -14.1755 3.2
      vertex -3.13403 -9.23257 3.7
    endloop
  endfacet
  facet normal -0.0775452 -0.0555682 0.995439
    outer loop
      vertex -8.10683 -5.41681 3.7
      vertex -12.4471 -8.31689 3.2
      vertex -11.8765 -9.11316 3.2
    endloop
  endfacet
  facet normal -0.0737454 -0.06052 0.995439
    outer loop
      vertex -7.73519 -5.93542 3.7
      vertex -11.8765 -9.11316 3.2
      vertex -7.33044 -6.42862 3.7
    endloop
  endfacet
  facet normal -0.0912918 -0.0276938 0.995439
    outer loop
      vertex -9.41778 -2.52349 3.7
      vertex -14.4599 -3.87452 3.2
      vertex -9.23257 -3.13403 3.7
    endloop
  endfacet
  facet normal -0.00312607 -0.0953486 0.995439
    outer loop
      vertex 0 -9.75 3.7
      vertex -0.979084 -14.9379 3.2
      vertex 0 -14.97 3.2
    endloop
  endfacet
  facet normal -0.0155401 -0.094126 0.995439
    outer loop
      vertex -1.90213 -9.56266 3.7
      vertex -1.95398 -14.8419 3.2
      vertex -1.27263 -9.66659 3.7
    endloop
  endfacet
  facet normal -0.0335987 -0.0892869 0.995439
    outer loop
      vertex -3.73116 -9.00782 3.7
      vertex -5.72877 -13.8305 3.2
      vertex -4.81195 -14.1755 3.2
    endloop
  endfacet
  facet normal -0.0276963 -0.0912915 0.995439
    outer loop
      vertex -3.13403 -9.23257 3.7
      vertex -4.81195 -14.1755 3.2
      vertex -3.87452 -14.4599 3.2
    endloop
  endfacet
  facet normal 0.0449705 -0.084135 0.995439
    outer loop
      vertex 4.875 -8.44375 3.7
      vertex 4.31231 -8.74451 3.7
      vertex 6.62106 -13.4262 3.2
    endloop
  endfacet
  facet normal 0.0503773 -0.0810137 0.995439
    outer loop
      vertex 8.31689 -12.4471 3.2
      vertex 5.41681 -8.10683 3.7
      vertex 7.485 -12.9644 3.2
    endloop
  endfacet
  facet normal 0.0155332 0.0941261 0.995439
    outer loop
      vertex 1.95398 14.8419 3.2
      vertex 1.90213 9.56266 3.7
      vertex 2.9205 14.6824 3.2
    endloop
  endfacet
  facet normal 0.0449722 0.0841344 0.995439
    outer loop
      vertex 6.62106 13.4262 3.2
      vertex 4.875 8.44375 3.7
      vertex 7.485 12.9644 3.2
    endloop
  endfacet
  facet normal 0.0393726 0.0868953 0.995439
    outer loop
      vertex 5.72877 13.8305 3.2
      vertex 3.73116 9.00782 3.7
      vertex 6.62106 13.4262 3.2
    endloop
  endfacet
  facet normal -0.0216629 0.0929078 0.995439
    outer loop
      vertex -1.90213 9.56266 3.7
      vertex -3.87452 14.4599 3.2
      vertex -2.52349 9.41778 3.7
    endloop
  endfacet
  facet normal -0.0335987 0.0892869 0.995439
    outer loop
      vertex -4.81195 14.1755 3.2
      vertex -5.72877 13.8305 3.2
      vertex -3.73116 9.00782 3.7
    endloop
  endfacet
  facet normal -0.0276963 0.0912915 0.995439
    outer loop
      vertex -3.87452 14.4599 3.2
      vertex -4.81195 14.1755 3.2
      vertex -3.13403 9.23257 3.7
    endloop
  endfacet
  facet normal -0.00312607 0.0953486 0.995439
    outer loop
      vertex 0 14.97 3.2
      vertex -0.979084 14.9379 3.2
      vertex 0 9.75 3.7
    endloop
  endfacet
  facet normal 0.0737433 0.0605236 0.995439
    outer loop
      vertex 11.255 9.87041 3.2
      vertex 7.33044 6.42862 3.7
      vertex 11.8765 9.11316 3.2
    endloop
  endfacet
  facet normal 0.069632 0.0652115 0.995439
    outer loop
      vertex 10.5854 10.5854 3.2
      vertex 7.33044 6.42862 3.7
      vertex 11.255 9.87041 3.2
    endloop
  endfacet
  facet normal 0.0775452 0.0555682 0.995439
    outer loop
      vertex 11.8765 9.11316 3.2
      vertex 8.10683 5.41681 3.7
      vertex 12.4471 8.31689 3.2
    endloop
  endfacet
  facet normal 0.0605236 0.0737433 0.995439
    outer loop
      vertex 9.11316 11.8765 3.2
      vertex 6.42862 7.33044 3.7
      vertex 9.87041 11.255 3.2
    endloop
  endfacet
  facet normal 0.0652115 0.069632 0.995439
    outer loop
      vertex 9.87041 11.255 3.2
      vertex 6.42862 7.33044 3.7
      vertex 10.5854 10.5854 3.2
    endloop
  endfacet
  facet normal 0.0892855 0.0336056 0.995439
    outer loop
      vertex 14.1755 4.81195 3.2
      vertex 9.00782 3.73116 3.7
      vertex 9.23257 3.13403 3.7
    endloop
  endfacet
  facet normal 0.084135 0.0449705 0.995439
    outer loop
      vertex 13.4262 6.62106 3.2
      vertex 8.44375 4.875 3.7
      vertex 8.74451 4.31231 3.7
    endloop
  endfacet
  facet normal 0.0953493 0.00312209 0.995439
    outer loop
      vertex 14.9379 0.979084 3.2
      vertex 9.72912 0.63768 3.7
      vertex 9.75 0 3.7
    endloop
  endfacet
  facet normal 0.0941261 0.0155332 0.995439
    outer loop
      vertex 14.6824 2.9205 3.2
      vertex 9.56266 1.90213 3.7
      vertex 14.8419 1.95398 3.2
    endloop
  endfacet
  facet normal 0.0929078 0.0216629 0.995439
    outer loop
      vertex 14.4599 3.87452 3.2
      vertex 9.41778 2.52349 3.7
      vertex 9.56266 1.90213 3.7
    endloop
  endfacet
  facet normal 0.0696283 -0.0652144 0.995439
    outer loop
      vertex 7.33044 -6.42862 3.7
      vertex 6.89429 -6.89429 3.7
      vertex 10.5854 -10.5854 3.2
    endloop
  endfacet
  facet normal 0.0555682 -0.0775452 0.995439
    outer loop
      vertex 9.11316 -11.8765 3.2
      vertex 5.41681 -8.10683 3.7
      vertex 8.31689 -12.4471 3.2
    endloop
  endfacet
  facet normal 0.0810136 -0.0503776 0.995439
    outer loop
      vertex 8.44375 -4.875 3.7
      vertex 8.10683 -5.41681 3.7
      vertex 12.9644 -7.485 3.2
    endloop
  endfacet
  facet normal 0.0868953 -0.0393726 0.995439
    outer loop
      vertex 13.8305 -5.72877 3.2
      vertex 9.00782 -3.73116 3.7
      vertex 13.4262 -6.62106 3.2
    endloop
  endfacet
  facet normal 0.0912918 -0.0276938 0.995439
    outer loop
      vertex 9.41778 -2.52349 3.7
      vertex 9.23257 -3.13403 3.7
      vertex 14.4599 -3.87452 3.2
    endloop
  endfacet
  facet normal 0.0892855 -0.0336056 0.995439
    outer loop
      vertex 9.23257 -3.13403 3.7
      vertex 9.00782 -3.73116 3.7
      vertex 14.1755 -4.81195 3.2
    endloop
  endfacet
  facet normal 0.0941261 -0.0155332 0.995439
    outer loop
      vertex 14.8419 -1.95398 3.2
      vertex 9.56266 -1.90213 3.7
      vertex 14.6824 -2.9205 3.2
    endloop
  endfacet
  facet normal -0.0503776 0.0810136 0.995439
    outer loop
      vertex -4.875 8.44375 3.7
      vertex -7.485 12.9644 3.2
      vertex -5.41681 8.10683 3.7
    endloop
  endfacet
  facet normal -0.0503773 0.0810137 0.995439
    outer loop
      vertex -7.485 12.9644 3.2
      vertex -8.31689 12.4471 3.2
      vertex -5.41681 8.10683 3.7
    endloop
  endfacet
  facet normal -0.0652115 0.069632 0.995439
    outer loop
      vertex -9.87041 11.255 3.2
      vertex -10.5854 10.5854 3.2
      vertex -6.42862 7.33044 3.7
    endloop
  endfacet
  facet normal -0.0652144 0.0696283 0.995439
    outer loop
      vertex -6.42862 7.33044 3.7
      vertex -10.5854 10.5854 3.2
      vertex -6.89429 6.89429 3.7
    endloop
  endfacet
  facet normal -0.0737454 0.06052 0.995439
    outer loop
      vertex -7.33044 6.42862 3.7
      vertex -11.8765 9.11316 3.2
      vertex -7.73519 5.93542 3.7
    endloop
  endfacet
  facet normal -0.0810136 0.0503776 0.995439
    outer loop
      vertex -8.10683 5.41681 3.7
      vertex -12.9644 7.485 3.2
      vertex -8.44375 4.875 3.7
    endloop
  endfacet
  facet normal -0.0841344 0.0449722 0.995439
    outer loop
      vertex -12.9644 7.485 3.2
      vertex -13.4262 6.62106 3.2
      vertex -8.44375 4.875 3.7
    endloop
  endfacet
  facet normal -0.0912915 0.0276963 0.995439
    outer loop
      vertex -14.1755 4.81195 3.2
      vertex -14.4599 3.87452 3.2
      vertex -9.23257 3.13403 3.7
    endloop
  endfacet
  facet normal -0.0949412 0.00934905 0.995439
    outer loop
      vertex -14.8419 1.95398 3.2
      vertex -14.9379 0.979084 3.2
      vertex -9.72912 0.63768 3.7
    endloop
  endfacet
  facet normal -0.0953493 0.00312209 0.995439
    outer loop
      vertex -9.72912 0.63768 3.7
      vertex -14.9379 0.979084 3.2
      vertex -9.75 0 3.7
    endloop
  endfacet
  facet normal -0.0503773 -0.0810137 0.995439
    outer loop
      vertex -5.41681 -8.10683 3.7
      vertex -8.31689 -12.4471 3.2
      vertex -7.485 -12.9644 3.2
    endloop
  endfacet
  facet normal -0.0503776 -0.0810136 0.995439
    outer loop
      vertex -5.41681 -8.10683 3.7
      vertex -7.485 -12.9644 3.2
      vertex -4.875 -8.44375 3.7
    endloop
  endfacet
  facet normal -0.0737433 -0.0605236 0.995439
    outer loop
      vertex -7.33044 -6.42862 3.7
      vertex -11.8765 -9.11316 3.2
      vertex -11.255 -9.87041 3.2
    endloop
  endfacet
  facet normal -0.0868962 -0.0393713 0.995439
    outer loop
      vertex -9.00782 -3.73116 3.7
      vertex -13.4262 -6.62106 3.2
      vertex -8.74451 -4.31231 3.7
    endloop
  endfacet
  facet normal -0.0868953 -0.0393726 0.995439
    outer loop
      vertex -9.00782 -3.73116 3.7
      vertex -13.8305 -5.72877 3.2
      vertex -13.4262 -6.62106 3.2
    endloop
  endfacet
  facet normal -0.0841344 -0.0449722 0.995439
    outer loop
      vertex -8.44375 -4.875 3.7
      vertex -13.4262 -6.62106 3.2
      vertex -12.9644 -7.485 3.2
    endloop
  endfacet
  facet normal -0.0775445 -0.055569 0.995439
    outer loop
      vertex -8.10683 -5.41681 3.7
      vertex -11.8765 -9.11316 3.2
      vertex -7.73519 -5.93542 3.7
    endloop
  endfacet
  facet normal -0.0953493 -0.00312209 0.995439
    outer loop
      vertex -9.75 0 3.7
      vertex -14.9379 -0.979084 3.2
      vertex -9.72912 -0.63768 3.7
    endloop
  endfacet
  facet normal 0.0335987 -0.0892869 0.995439
    outer loop
      vertex 5.72877 -13.8305 3.2
      vertex 3.73116 -9.00782 3.7
      vertex 4.81195 -14.1755 3.2
    endloop
  endfacet
  facet normal 0.0276938 -0.0912918 0.995439
    outer loop
      vertex 3.13403 -9.23257 3.7
      vertex 2.52349 -9.41778 3.7
      vertex 3.87452 -14.4599 3.2
    endloop
  endfacet
  facet normal 0.00934981 -0.094941 0.995439
    outer loop
      vertex 1.27263 -9.66659 3.7
      vertex 0.63768 -9.72912 3.7
      vertex 1.95398 -14.8419 3.2
    endloop
  endfacet
  facet normal -0.00312209 -0.0953493 0.995439
    outer loop
      vertex -0.63768 -9.72912 3.7
      vertex -0.979084 -14.9379 3.2
      vertex 0 -9.75 3.7
    endloop
  endfacet
  facet normal -0.0155332 -0.0941261 0.995439
    outer loop
      vertex -1.90213 -9.56266 3.7
      vertex -2.9205 -14.6824 3.2
      vertex -1.95398 -14.8419 3.2
    endloop
  endfacet
  facet normal -0.0216678 -0.0929058 0.995439
    outer loop
      vertex -1.90213 -9.56266 3.7
      vertex -3.87452 -14.4599 3.2
      vertex -2.9205 -14.6824 3.2
    endloop
  endfacet
  facet normal 0.0393713 -0.0868962 0.995439
    outer loop
      vertex 4.31231 -8.74451 3.7
      vertex 3.73116 -9.00782 3.7
      vertex 6.62106 -13.4262 3.2
    endloop
  endfacet
  facet normal 0.0276963 0.0912915 0.995439
    outer loop
      vertex 3.87452 14.4599 3.2
      vertex 3.13403 9.23257 3.7
      vertex 4.81195 14.1755 3.2
    endloop
  endfacet
  facet normal 0.00934905 0.0949412 0.995439
    outer loop
      vertex 0.979084 14.9379 3.2
      vertex 0.63768 9.72912 3.7
      vertex 1.95398 14.8419 3.2
    endloop
  endfacet
  facet normal 0.0155401 0.094126 0.995439
    outer loop
      vertex 1.95398 14.8419 3.2
      vertex 1.27263 9.66659 3.7
      vertex 1.90213 9.56266 3.7
    endloop
  endfacet
  facet normal 0.00934981 0.094941 0.995439
    outer loop
      vertex 1.95398 14.8419 3.2
      vertex 0.63768 9.72912 3.7
      vertex 1.27263 9.66659 3.7
    endloop
  endfacet
  facet normal 0.06052 0.0737454 0.995439
    outer loop
      vertex 9.11316 11.8765 3.2
      vertex 5.93542 7.73519 3.7
      vertex 6.42862 7.33044 3.7
    endloop
  endfacet
  facet normal 0.0555682 0.0775452 0.995439
    outer loop
      vertex 8.31689 12.4471 3.2
      vertex 5.41681 8.10683 3.7
      vertex 9.11316 11.8765 3.2
    endloop
  endfacet
  facet normal 0.0449705 0.084135 0.995439
    outer loop
      vertex 6.62106 13.4262 3.2
      vertex 4.31231 8.74451 3.7
      vertex 4.875 8.44375 3.7
    endloop
  endfacet
  facet normal 0.0393713 0.0868962 0.995439
    outer loop
      vertex 6.62106 13.4262 3.2
      vertex 3.73116 9.00782 3.7
      vertex 4.31231 8.74451 3.7
    endloop
  endfacet
  facet normal -0.0393726 0.0868953 0.995439
    outer loop
      vertex -5.72877 13.8305 3.2
      vertex -6.62106 13.4262 3.2
      vertex -3.73116 9.00782 3.7
    endloop
  endfacet
  facet normal -0.0336056 0.0892855 0.995439
    outer loop
      vertex -3.13403 9.23257 3.7
      vertex -4.81195 14.1755 3.2
      vertex -3.73116 9.00782 3.7
    endloop
  endfacet
  facet normal -0.00934905 0.0949412 0.995439
    outer loop
      vertex -0.979084 14.9379 3.2
      vertex -1.95398 14.8419 3.2
      vertex -0.63768 9.72912 3.7
    endloop
  endfacet
  facet normal -0.00312209 0.0953493 0.995439
    outer loop
      vertex 0 9.75 3.7
      vertex -0.979084 14.9379 3.2
      vertex -0.63768 9.72912 3.7
    endloop
  endfacet
  facet normal -0.00934981 0.094941 0.995439
    outer loop
      vertex -0.63768 9.72912 3.7
      vertex -1.95398 14.8419 3.2
      vertex -1.27263 9.66659 3.7
    endloop
  endfacet
  facet normal -0.0155401 0.094126 0.995439
    outer loop
      vertex -1.27263 9.66659 3.7
      vertex -1.95398 14.8419 3.2
      vertex -1.90213 9.56266 3.7
    endloop
  endfacet
  facet normal 0.00312209 0.0953493 0.995439
    outer loop
      vertex 0.979084 14.9379 3.2
      vertex 0 9.75 3.7
      vertex 0.63768 9.72912 3.7
    endloop
  endfacet
  facet normal 0.00312607 0.0953486 0.995439
    outer loop
      vertex 0 14.97 3.2
      vertex 0 9.75 3.7
      vertex 0.979084 14.9379 3.2
    endloop
  endfacet
  facet normal 0.0696283 0.0652144 0.995439
    outer loop
      vertex 10.5854 10.5854 3.2
      vertex 6.89429 6.89429 3.7
      vertex 7.33044 6.42862 3.7
    endloop
  endfacet
  facet normal 0.0737454 0.06052 0.995439
    outer loop
      vertex 11.8765 9.11316 3.2
      vertex 7.33044 6.42862 3.7
      vertex 7.73519 5.93542 3.7
    endloop
  endfacet
  facet normal 0.0892869 0.0335987 0.995439
    outer loop
      vertex 13.8305 5.72877 3.2
      vertex 9.00782 3.73116 3.7
      vertex 14.1755 4.81195 3.2
    endloop
  endfacet
  facet normal 0.0868953 0.0393726 0.995439
    outer loop
      vertex 13.4262 6.62106 3.2
      vertex 9.00782 3.73116 3.7
      vertex 13.8305 5.72877 3.2
    endloop
  endfacet
  facet normal 0.094941 0.00934981 0.995439
    outer loop
      vertex 14.8419 1.95398 3.2
      vertex 9.66659 1.27263 3.7
      vertex 9.72912 0.63768 3.7
    endloop
  endfacet
  facet normal 0.0737433 -0.0605236 0.995439
    outer loop
      vertex 11.8765 -9.11316 3.2
      vertex 7.33044 -6.42862 3.7
      vertex 11.255 -9.87041 3.2
    endloop
  endfacet
  facet normal 0.069632 -0.0652115 0.995439
    outer loop
      vertex 11.255 -9.87041 3.2
      vertex 7.33044 -6.42862 3.7
      vertex 10.5854 -10.5854 3.2
    endloop
  endfacet
  facet normal 0.0737454 -0.06052 0.995439
    outer loop
      vertex 7.73519 -5.93542 3.7
      vertex 7.33044 -6.42862 3.7
      vertex 11.8765 -9.11316 3.2
    endloop
  endfacet
  facet normal 0.0775445 -0.055569 0.995439
    outer loop
      vertex 8.10683 -5.41681 3.7
      vertex 7.73519 -5.93542 3.7
      vertex 11.8765 -9.11316 3.2
    endloop
  endfacet
  facet normal 0.0652144 -0.0696283 0.995439
    outer loop
      vertex 6.89429 -6.89429 3.7
      vertex 6.42862 -7.33044 3.7
      vertex 10.5854 -10.5854 3.2
    endloop
  endfacet
  facet normal 0.0605236 -0.0737433 0.995439
    outer loop
      vertex 9.87041 -11.255 3.2
      vertex 6.42862 -7.33044 3.7
      vertex 9.11316 -11.8765 3.2
    endloop
  endfacet
  facet normal 0.0868962 -0.0393713 0.995439
    outer loop
      vertex 9.00782 -3.73116 3.7
      vertex 8.74451 -4.31231 3.7
      vertex 13.4262 -6.62106 3.2
    endloop
  endfacet
  facet normal 0.084135 -0.0449705 0.995439
    outer loop
      vertex 8.74451 -4.31231 3.7
      vertex 8.44375 -4.875 3.7
      vertex 13.4262 -6.62106 3.2
    endloop
  endfacet
  facet normal 0.0841344 -0.0449722 0.995439
    outer loop
      vertex 13.4262 -6.62106 3.2
      vertex 8.44375 -4.875 3.7
      vertex 12.9644 -7.485 3.2
    endloop
  endfacet
  facet normal 0.0912915 -0.0276963 0.995439
    outer loop
      vertex 14.4599 -3.87452 3.2
      vertex 9.23257 -3.13403 3.7
      vertex 14.1755 -4.81195 3.2
    endloop
  endfacet
  facet normal 0.0949412 -0.00934905 0.995439
    outer loop
      vertex 14.9379 -0.979084 3.2
      vertex 9.72912 -0.63768 3.7
      vertex 14.8419 -1.95398 3.2
    endloop
  endfacet
  facet normal 0.0953493 -0.00312209 0.995439
    outer loop
      vertex 9.75 0 3.7
      vertex 9.72912 -0.63768 3.7
      vertex 14.9379 -0.979084 3.2
    endloop
  endfacet
  facet normal -0.084135 0.0449705 0.995439
    outer loop
      vertex -8.44375 4.875 3.7
      vertex -13.4262 6.62106 3.2
      vertex -8.74451 4.31231 3.7
    endloop
  endfacet
  facet normal -0.0868962 0.0393713 0.995439
    outer loop
      vertex -8.74451 4.31231 3.7
      vertex -13.4262 6.62106 3.2
      vertex -9.00782 3.73116 3.7
    endloop
  endfacet
  facet normal -0.0912918 0.0276938 0.995439
    outer loop
      vertex -9.23257 3.13403 3.7
      vertex -14.4599 3.87452 3.2
      vertex -9.41778 2.52349 3.7
    endloop
  endfacet
  facet normal -0.0929078 0.0216629 0.995439
    outer loop
      vertex -9.41778 2.52349 3.7
      vertex -14.4599 3.87452 3.2
      vertex -9.56266 1.90213 3.7
    endloop
  endfacet
  facet normal -0.06052 -0.0737454 0.995439
    outer loop
      vertex -6.42862 -7.33044 3.7
      vertex -9.11316 -11.8765 3.2
      vertex -5.93542 -7.73519 3.7
    endloop
  endfacet
  facet normal -0.055569 -0.0775445 0.995439
    outer loop
      vertex -5.93542 -7.73519 3.7
      vertex -9.11316 -11.8765 3.2
      vertex -5.41681 -8.10683 3.7
    endloop
  endfacet
  facet normal -0.0555682 -0.0775452 0.995439
    outer loop
      vertex -5.41681 -8.10683 3.7
      vertex -9.11316 -11.8765 3.2
      vertex -8.31689 -12.4471 3.2
    endloop
  endfacet
  facet normal -0.0449722 -0.0841344 0.995439
    outer loop
      vertex -4.875 -8.44375 3.7
      vertex -7.485 -12.9644 3.2
      vertex -6.62106 -13.4262 3.2
    endloop
  endfacet
  facet normal -0.069632 -0.0652115 0.995439
    outer loop
      vertex -7.33044 -6.42862 3.7
      vertex -11.255 -9.87041 3.2
      vertex -10.5854 -10.5854 3.2
    endloop
  endfacet
  facet normal -0.0696283 -0.0652144 0.995439
    outer loop
      vertex -7.33044 -6.42862 3.7
      vertex -10.5854 -10.5854 3.2
      vertex -6.89429 -6.89429 3.7
    endloop
  endfacet
  facet normal -0.0810136 -0.0503776 0.995439
    outer loop
      vertex -8.44375 -4.875 3.7
      vertex -12.9644 -7.485 3.2
      vertex -8.10683 -5.41681 3.7
    endloop
  endfacet
  facet normal -0.0810137 -0.0503773 0.995439
    outer loop
      vertex -8.10683 -5.41681 3.7
      vertex -12.9644 -7.485 3.2
      vertex -12.4471 -8.31689 3.2
    endloop
  endfacet
  facet normal -0.084135 -0.0449705 0.995439
    outer loop
      vertex -8.74451 -4.31231 3.7
      vertex -13.4262 -6.62106 3.2
      vertex -8.44375 -4.875 3.7
    endloop
  endfacet
  facet normal -0.0949412 -0.00934905 0.995439
    outer loop
      vertex -9.72912 -0.63768 3.7
      vertex -14.9379 -0.979084 3.2
      vertex -14.8419 -1.95398 3.2
    endloop
  endfacet
  facet normal -0.0953486 -0.00312607 0.995439
    outer loop
      vertex -9.75 0 3.7
      vertex -14.97 0 3.2
      vertex -14.9379 -0.979084 3.2
    endloop
  endfacet
  facet normal -0.094126 -0.0155401 0.995439
    outer loop
      vertex -9.66659 -1.27263 3.7
      vertex -14.8419 -1.95398 3.2
      vertex -9.56266 -1.90213 3.7
    endloop
  endfacet
  facet normal -0.0941261 -0.0155332 0.995439
    outer loop
      vertex -9.56266 -1.90213 3.7
      vertex -14.8419 -1.95398 3.2
      vertex -14.6824 -2.9205 3.2
    endloop
  endfacet
  facet normal -0.0929078 -0.0216629 0.995439
    outer loop
      vertex -9.56266 -1.90213 3.7
      vertex -14.4599 -3.87452 3.2
      vertex -9.41778 -2.52349 3.7
    endloop
  endfacet
  facet normal -0.0929058 -0.0216678 0.995439
    outer loop
      vertex -9.56266 -1.90213 3.7
      vertex -14.6824 -2.9205 3.2
      vertex -14.4599 -3.87452 3.2
    endloop
  endfacet
  facet normal -0.0912915 -0.0276963 0.995439
    outer loop
      vertex -9.23257 -3.13403 3.7
      vertex -14.4599 -3.87452 3.2
      vertex -14.1755 -4.81195 3.2
    endloop
  endfacet
  facet normal -0.0892855 -0.0336056 0.995439
    outer loop
      vertex -9.23257 -3.13403 3.7
      vertex -14.1755 -4.81195 3.2
      vertex -9.00782 -3.73116 3.7
    endloop
  endfacet
  facet normal 0.00312209 -0.0953493 0.995439
    outer loop
      vertex 0.63768 -9.72912 3.7
      vertex 0 -9.75 3.7
      vertex 0.979084 -14.9379 3.2
    endloop
  endfacet
  facet normal 0.00312607 -0.0953486 0.995439
    outer loop
      vertex 0 -9.75 3.7
      vertex 0 -14.97 3.2
      vertex 0.979084 -14.9379 3.2
    endloop
  endfacet
  facet normal -0.00934905 -0.0949412 0.995439
    outer loop
      vertex -0.63768 -9.72912 3.7
      vertex -1.95398 -14.8419 3.2
      vertex -0.979084 -14.9379 3.2
    endloop
  endfacet
  facet normal -0.00934981 -0.094941 0.995439
    outer loop
      vertex -1.27263 -9.66659 3.7
      vertex -1.95398 -14.8419 3.2
      vertex -0.63768 -9.72912 3.7
    endloop
  endfacet
  facet normal -0.0449705 -0.084135 0.995439
    outer loop
      vertex -4.875 -8.44375 3.7
      vertex -6.62106 -13.4262 3.2
      vertex -4.31231 -8.74451 3.7
    endloop
  endfacet
  facet normal -0.0393726 -0.0868953 0.995439
    outer loop
      vertex -3.73116 -9.00782 3.7
      vertex -6.62106 -13.4262 3.2
      vertex -5.72877 -13.8305 3.2
    endloop
  endfacet
  facet normal -0.0276938 -0.0912918 0.995439
    outer loop
      vertex -3.13403 -9.23257 3.7
      vertex -3.87452 -14.4599 3.2
      vertex -2.52349 -9.41778 3.7
    endloop
  endfacet
  facet normal -0.0216629 -0.0929078 0.995439
    outer loop
      vertex -2.52349 -9.41778 3.7
      vertex -3.87452 -14.4599 3.2
      vertex -1.90213 -9.56266 3.7
    endloop
  endfacet
  facet normal 0.0449722 -0.0841344 0.995439
    outer loop
      vertex 7.485 -12.9644 3.2
      vertex 4.875 -8.44375 3.7
      vertex 6.62106 -13.4262 3.2
    endloop
  endfacet
  facet normal 0.055569 -0.0775445 0.995439
    outer loop
      vertex 5.93542 -7.73519 3.7
      vertex 5.41681 -8.10683 3.7
      vertex 9.11316 -11.8765 3.2
    endloop
  endfacet
  facet normal 0.06052 -0.0737454 0.995439
    outer loop
      vertex 6.42862 -7.33044 3.7
      vertex 5.93542 -7.73519 3.7
      vertex 9.11316 -11.8765 3.2
    endloop
  endfacet
  facet normal 0.0276938 0.0912918 0.995439
    outer loop
      vertex 3.87452 14.4599 3.2
      vertex 2.52349 9.41778 3.7
      vertex 3.13403 9.23257 3.7
    endloop
  endfacet
  facet normal 0.0216629 0.0929078 0.995439
    outer loop
      vertex 3.87452 14.4599 3.2
      vertex 1.90213 9.56266 3.7
      vertex 2.52349 9.41778 3.7
    endloop
  endfacet
  facet normal 0.055569 0.0775445 0.995439
    outer loop
      vertex 9.11316 11.8765 3.2
      vertex 5.41681 8.10683 3.7
      vertex 5.93542 7.73519 3.7
    endloop
  endfacet
  facet normal -0.0393713 0.0868962 0.995439
    outer loop
      vertex -3.73116 9.00782 3.7
      vertex -6.62106 13.4262 3.2
      vertex -4.31231 8.74451 3.7
    endloop
  endfacet
  facet normal -0.0449705 0.084135 0.995439
    outer loop
      vertex -4.31231 8.74451 3.7
      vertex -6.62106 13.4262 3.2
      vertex -4.875 8.44375 3.7
    endloop
  endfacet
  facet normal -0.0276938 0.0912918 0.995439
    outer loop
      vertex -2.52349 9.41778 3.7
      vertex -3.87452 14.4599 3.2
      vertex -3.13403 9.23257 3.7
    endloop
  endfacet
  facet normal 0.0929078 -0.0216629 0.995439
    outer loop
      vertex 9.56266 -1.90213 3.7
      vertex 9.41778 -2.52349 3.7
      vertex 14.4599 -3.87452 3.2
    endloop
  endfacet
  facet normal 0.094126 -0.0155401 0.995439
    outer loop
      vertex 9.66659 -1.27263 3.7
      vertex 9.56266 -1.90213 3.7
      vertex 14.8419 -1.95398 3.2
    endloop
  endfacet
  facet normal -0.094941 -0.00934981 0.995439
    outer loop
      vertex -9.72912 -0.63768 3.7
      vertex -14.8419 -1.95398 3.2
      vertex -9.66659 -1.27263 3.7
    endloop
  endfacet
  facet normal 0.0155401 -0.094126 0.995439
    outer loop
      vertex 1.90213 -9.56266 3.7
      vertex 1.27263 -9.66659 3.7
      vertex 1.95398 -14.8419 3.2
    endloop
  endfacet
  facet normal 0.0155332 -0.0941261 0.995439
    outer loop
      vertex 2.9205 -14.6824 3.2
      vertex 1.90213 -9.56266 3.7
      vertex 1.95398 -14.8419 3.2
    endloop
  endfacet
  facet normal 0.0216629 -0.0929078 0.995439
    outer loop
      vertex 2.52349 -9.41778 3.7
      vertex 1.90213 -9.56266 3.7
      vertex 3.87452 -14.4599 3.2
    endloop
  endfacet
  facet normal 0.0216678 -0.0929058 0.995439
    outer loop
      vertex 3.87452 -14.4599 3.2
      vertex 1.90213 -9.56266 3.7
      vertex 2.9205 -14.6824 3.2
    endloop
  endfacet
  facet normal 0.0276963 -0.0912915 0.995439
    outer loop
      vertex 4.81195 -14.1755 3.2
      vertex 3.13403 -9.23257 3.7
      vertex 3.87452 -14.4599 3.2
    endloop
  endfacet
  facet normal 0.0336056 -0.0892855 0.995439
    outer loop
      vertex 3.73116 -9.00782 3.7
      vertex 3.13403 -9.23257 3.7
      vertex 4.81195 -14.1755 3.2
    endloop
  endfacet
  facet normal -0.0393713 -0.0868962 0.995439
    outer loop
      vertex -4.31231 -8.74451 3.7
      vertex -6.62106 -13.4262 3.2
      vertex -3.73116 -9.00782 3.7
    endloop
  endfacet
  facet normal 0.0503776 -0.0810136 0.995439
    outer loop
      vertex 5.41681 -8.10683 3.7
      vertex 4.875 -8.44375 3.7
      vertex 7.485 -12.9644 3.2
    endloop
  endfacet
  facet normal 0.999464 0.0327262 0
    outer loop
      vertex 9.75 0 5.8
      vertex 9.72912 0.63768 3.7
      vertex 9.72912 0.63768 5.8
    endloop
  endfacet
  facet normal 0.999464 0.0327262 0
    outer loop
      vertex 9.72912 0.63768 3.7
      vertex 9.75 0 5.8
      vertex 9.75 0 3.7
    endloop
  endfacet
  facet normal -0.999464 0.0327262 0
    outer loop
      vertex -9.75 0 3.7
      vertex -9.72912 0.63768 5.8
      vertex -9.72912 0.63768 3.7
    endloop
  endfacet
  facet normal -0.999464 0.0327262 0
    outer loop
      vertex -9.72912 0.63768 5.8
      vertex -9.75 0 3.7
      vertex -9.75 0 5.8
    endloop
  endfacet
  facet normal 0.0327262 0.999464 -0
    outer loop
      vertex 0.63768 9.72912 3.7
      vertex 0 9.75 5.8
      vertex 0.63768 9.72912 5.8
    endloop
  endfacet
  facet normal 0.0327262 0.999464 0
    outer loop
      vertex 0 9.75 5.8
      vertex 0.63768 9.72912 3.7
      vertex 0 9.75 3.7
    endloop
  endfacet
  facet normal 0.729862 0.683594 0
    outer loop
      vertex 7.33044 6.42862 5.8
      vertex 6.89429 6.89429 3.7
      vertex 6.89429 6.89429 5.8
    endloop
  endfacet
  facet normal 0.729862 0.683594 0
    outer loop
      vertex 6.89429 6.89429 3.7
      vertex 7.33044 6.42862 5.8
      vertex 7.33044 6.42862 3.7
    endloop
  endfacet
  facet normal -0.683594 0.729862 0
    outer loop
      vertex -6.42862 7.33044 3.7
      vertex -6.89429 6.89429 5.8
      vertex -6.42862 7.33044 5.8
    endloop
  endfacet
  facet normal -0.683594 0.729862 0
    outer loop
      vertex -6.89429 6.89429 5.8
      vertex -6.42862 7.33044 3.7
      vertex -6.89429 6.89429 3.7
    endloop
  endfacet
  facet normal -0.352259 0.935903 0
    outer loop
      vertex -3.13403 9.23257 3.7
      vertex -3.73116 9.00782 5.8
      vertex -3.13403 9.23257 5.8
    endloop
  endfacet
  facet normal -0.352259 0.935903 0
    outer loop
      vertex -3.73116 9.00782 5.8
      vertex -3.13403 9.23257 3.7
      vertex -3.73116 9.00782 3.7
    endloop
  endfacet
  facet normal 0.935903 0.352259 0
    outer loop
      vertex 9.23257 3.13403 5.8
      vertex 9.00782 3.73116 3.7
      vertex 9.00782 3.73116 5.8
    endloop
  endfacet
  facet normal 0.935903 0.352259 0
    outer loop
      vertex 9.00782 3.73116 3.7
      vertex 9.23257 3.13403 5.8
      vertex 9.23257 3.13403 3.7
    endloop
  endfacet
  facet normal 0.4127 0.910867 -0
    outer loop
      vertex 4.31231 8.74451 3.7
      vertex 3.73116 9.00782 5.8
      vertex 4.31231 8.74451 5.8
    endloop
  endfacet
  facet normal 0.4127 0.910867 0
    outer loop
      vertex 3.73116 9.00782 5.8
      vertex 4.31231 8.74451 3.7
      vertex 3.73116 9.00782 3.7
    endloop
  endfacet
  facet normal 0.582487 0.81284 -0
    outer loop
      vertex 5.93542 7.73519 3.7
      vertex 5.41681 8.10683 5.8
      vertex 5.93542 7.73519 5.8
    endloop
  endfacet
  facet normal 0.582487 0.81284 0
    outer loop
      vertex 5.41681 8.10683 5.8
      vertex 5.93542 7.73519 3.7
      vertex 5.41681 8.10683 3.7
    endloop
  endfacet
  facet normal -0.910867 0.4127 0
    outer loop
      vertex -9.00782 3.73116 3.7
      vertex -8.74451 4.31231 5.8
      vertex -8.74451 4.31231 3.7
    endloop
  endfacet
  facet normal -0.910867 0.4127 0
    outer loop
      vertex -8.74451 4.31231 5.8
      vertex -9.00782 3.73116 3.7
      vertex -9.00782 3.73116 5.8
    endloop
  endfacet
  facet normal -0.162894 0.986644 0
    outer loop
      vertex -1.27263 9.66659 3.7
      vertex -1.90213 9.56266 5.8
      vertex -1.27263 9.66659 5.8
    endloop
  endfacet
  facet normal -0.162894 0.986644 0
    outer loop
      vertex -1.90213 9.56266 5.8
      vertex -1.27263 9.66659 3.7
      vertex -1.90213 9.56266 3.7
    endloop
  endfacet
  facet normal -0.995186 -0.0980061 0
    outer loop
      vertex -9.66659 -1.27263 3.7
      vertex -9.72912 -0.63768 5.8
      vertex -9.72912 -0.63768 3.7
    endloop
  endfacet
  facet normal -0.995186 -0.0980061 0
    outer loop
      vertex -9.72912 -0.63768 5.8
      vertex -9.66659 -1.27263 3.7
      vertex -9.66659 -1.27263 5.8
    endloop
  endfacet
  facet normal 0.986644 0.162894 0
    outer loop
      vertex 9.66659 1.27263 5.8
      vertex 9.56266 1.90213 3.7
      vertex 9.56266 1.90213 5.8
    endloop
  endfacet
  facet normal 0.986644 0.162894 0
    outer loop
      vertex 9.56266 1.90213 3.7
      vertex 9.66659 1.27263 5.8
      vertex 9.66659 1.27263 3.7
    endloop
  endfacet
  facet normal 0.995186 0.0980061 0
    outer loop
      vertex 9.72912 0.63768 5.8
      vertex 9.66659 1.27263 3.7
      vertex 9.66659 1.27263 5.8
    endloop
  endfacet
  facet normal 0.995186 0.0980061 0
    outer loop
      vertex 9.66659 1.27263 3.7
      vertex 9.72912 0.63768 5.8
      vertex 9.72912 0.63768 3.7
    endloop
  endfacet
  facet normal 0.849202 0.528069 0
    outer loop
      vertex 8.44375 4.875 5.8
      vertex 8.10683 5.41681 3.7
      vertex 8.10683 5.41681 5.8
    endloop
  endfacet
  facet normal 0.849202 0.528069 0
    outer loop
      vertex 8.10683 5.41681 3.7
      vertex 8.44375 4.875 5.8
      vertex 8.44375 4.875 3.7
    endloop
  endfacet
  facet normal 0.881924 0.471392 0
    outer loop
      vertex 8.74451 4.31231 5.8
      vertex 8.44375 4.875 3.7
      vertex 8.44375 4.875 5.8
    endloop
  endfacet
  facet normal 0.881924 0.471392 0
    outer loop
      vertex 8.44375 4.875 3.7
      vertex 8.74451 4.31231 5.8
      vertex 8.74451 4.31231 3.7
    endloop
  endfacet
  facet normal 0.227075 0.973877 -0
    outer loop
      vertex 2.52349 9.41778 3.7
      vertex 1.90213 9.56266 5.8
      vertex 2.52349 9.41778 5.8
    endloop
  endfacet
  facet normal 0.227075 0.973877 0
    outer loop
      vertex 1.90213 9.56266 5.8
      vertex 2.52349 9.41778 3.7
      vertex 1.90213 9.56266 3.7
    endloop
  endfacet
  facet normal 0.352259 0.935903 -0
    outer loop
      vertex 3.73116 9.00782 3.7
      vertex 3.13403 9.23257 5.8
      vertex 3.73116 9.00782 5.8
    endloop
  endfacet
  facet normal 0.352259 0.935903 0
    outer loop
      vertex 3.13403 9.23257 5.8
      vertex 3.73116 9.00782 3.7
      vertex 3.13403 9.23257 3.7
    endloop
  endfacet
  facet normal 0.528069 0.849202 -0
    outer loop
      vertex 5.41681 8.10683 3.7
      vertex 4.875 8.44375 5.8
      vertex 5.41681 8.10683 5.8
    endloop
  endfacet
  facet normal 0.528069 0.849202 0
    outer loop
      vertex 4.875 8.44375 5.8
      vertex 5.41681 8.10683 3.7
      vertex 4.875 8.44375 3.7
    endloop
  endfacet
  facet normal 0.683594 0.729862 -0
    outer loop
      vertex 6.89429 6.89429 3.7
      vertex 6.42862 7.33044 5.8
      vertex 6.89429 6.89429 5.8
    endloop
  endfacet
  facet normal 0.683594 0.729862 0
    outer loop
      vertex 6.42862 7.33044 5.8
      vertex 6.89429 6.89429 3.7
      vertex 6.42862 7.33044 3.7
    endloop
  endfacet
  facet normal -0.973877 0.227075 0
    outer loop
      vertex -9.56266 1.90213 3.7
      vertex -9.41778 2.52349 5.8
      vertex -9.41778 2.52349 3.7
    endloop
  endfacet
  facet normal -0.973877 0.227075 0
    outer loop
      vertex -9.41778 2.52349 5.8
      vertex -9.56266 1.90213 3.7
      vertex -9.56266 1.90213 5.8
    endloop
  endfacet
  facet normal -0.81284 0.582487 0
    outer loop
      vertex -8.10683 5.41681 3.7
      vertex -7.73519 5.93542 5.8
      vertex -7.73519 5.93542 3.7
    endloop
  endfacet
  facet normal -0.81284 0.582487 0
    outer loop
      vertex -7.73519 5.93542 5.8
      vertex -8.10683 5.41681 3.7
      vertex -8.10683 5.41681 5.8
    endloop
  endfacet
  facet normal -0.729862 0.683594 0
    outer loop
      vertex -7.33044 6.42862 3.7
      vertex -6.89429 6.89429 5.8
      vertex -6.89429 6.89429 3.7
    endloop
  endfacet
  facet normal -0.729862 0.683594 0
    outer loop
      vertex -6.89429 6.89429 5.8
      vertex -7.33044 6.42862 3.7
      vertex -7.33044 6.42862 5.8
    endloop
  endfacet
  facet normal -0.849202 0.528069 0
    outer loop
      vertex -8.44375 4.875 3.7
      vertex -8.10683 5.41681 5.8
      vertex -8.10683 5.41681 3.7
    endloop
  endfacet
  facet normal -0.849202 0.528069 0
    outer loop
      vertex -8.10683 5.41681 5.8
      vertex -8.44375 4.875 3.7
      vertex -8.44375 4.875 5.8
    endloop
  endfacet
  facet normal -0.935903 0.352259 0
    outer loop
      vertex -9.23257 3.13403 3.7
      vertex -9.00782 3.73116 5.8
      vertex -9.00782 3.73116 3.7
    endloop
  endfacet
  facet normal -0.935903 0.352259 0
    outer loop
      vertex -9.00782 3.73116 5.8
      vertex -9.23257 3.13403 3.7
      vertex -9.23257 3.13403 5.8
    endloop
  endfacet
  facet normal -0.528069 0.849202 0
    outer loop
      vertex -4.875 8.44375 3.7
      vertex -5.41681 8.10683 5.8
      vertex -4.875 8.44375 5.8
    endloop
  endfacet
  facet normal -0.528069 0.849202 0
    outer loop
      vertex -5.41681 8.10683 5.8
      vertex -4.875 8.44375 3.7
      vertex -5.41681 8.10683 3.7
    endloop
  endfacet
  facet normal -0.0327262 0.999464 0
    outer loop
      vertex 0 9.75 3.7
      vertex -0.63768 9.72912 5.8
      vertex 0 9.75 5.8
    endloop
  endfacet
  facet normal -0.0327262 0.999464 0
    outer loop
      vertex -0.63768 9.72912 5.8
      vertex 0 9.75 3.7
      vertex -0.63768 9.72912 3.7
    endloop
  endfacet
  facet normal 0.986644 -0.162894 0
    outer loop
      vertex 9.56266 -1.90213 5.8
      vertex 9.66659 -1.27263 3.7
      vertex 9.66659 -1.27263 5.8
    endloop
  endfacet
  facet normal 0.986644 -0.162894 0
    outer loop
      vertex 9.66659 -1.27263 3.7
      vertex 9.56266 -1.90213 5.8
      vertex 9.56266 -1.90213 3.7
    endloop
  endfacet
  facet normal 0.0327262 -0.999464 0
    outer loop
      vertex 0 -9.75 3.7
      vertex 0.63768 -9.72912 5.8
      vertex 0 -9.75 5.8
    endloop
  endfacet
  facet normal 0.0327262 -0.999464 0
    outer loop
      vertex 0.63768 -9.72912 5.8
      vertex 0 -9.75 3.7
      vertex 0.63768 -9.72912 3.7
    endloop
  endfacet
  facet normal -0.634385 -0.773017 0
    outer loop
      vertex -6.42862 -7.33044 3.7
      vertex -5.93542 -7.73519 5.8
      vertex -6.42862 -7.33044 5.8
    endloop
  endfacet
  facet normal -0.634385 -0.773017 -0
    outer loop
      vertex -5.93542 -7.73519 5.8
      vertex -6.42862 -7.33044 3.7
      vertex -5.93542 -7.73519 3.7
    endloop
  endfacet
  facet normal -0.683594 -0.729862 0
    outer loop
      vertex -6.89429 -6.89429 3.7
      vertex -6.42862 -7.33044 5.8
      vertex -6.89429 -6.89429 5.8
    endloop
  endfacet
  facet normal -0.683594 -0.729862 -0
    outer loop
      vertex -6.42862 -7.33044 5.8
      vertex -6.89429 -6.89429 3.7
      vertex -6.42862 -7.33044 3.7
    endloop
  endfacet
  facet normal -0.4127 -0.910867 0
    outer loop
      vertex -4.31231 -8.74451 3.7
      vertex -3.73116 -9.00782 5.8
      vertex -4.31231 -8.74451 5.8
    endloop
  endfacet
  facet normal -0.4127 -0.910867 -0
    outer loop
      vertex -3.73116 -9.00782 5.8
      vertex -4.31231 -8.74451 3.7
      vertex -3.73116 -9.00782 3.7
    endloop
  endfacet
  facet normal -0.528069 -0.849202 0
    outer loop
      vertex -5.41681 -8.10683 3.7
      vertex -4.875 -8.44375 5.8
      vertex -5.41681 -8.10683 5.8
    endloop
  endfacet
  facet normal -0.528069 -0.849202 -0
    outer loop
      vertex -4.875 -8.44375 5.8
      vertex -5.41681 -8.10683 3.7
      vertex -4.875 -8.44375 3.7
    endloop
  endfacet
  facet normal -0.352259 -0.935903 0
    outer loop
      vertex -3.73116 -9.00782 3.7
      vertex -3.13403 -9.23257 5.8
      vertex -3.73116 -9.00782 5.8
    endloop
  endfacet
  facet normal -0.352259 -0.935903 -0
    outer loop
      vertex -3.13403 -9.23257 5.8
      vertex -3.73116 -9.00782 3.7
      vertex -3.13403 -9.23257 3.7
    endloop
  endfacet
  facet normal -0.849202 -0.528069 0
    outer loop
      vertex -8.10683 -5.41681 3.7
      vertex -8.44375 -4.875 5.8
      vertex -8.44375 -4.875 3.7
    endloop
  endfacet
  facet normal -0.849202 -0.528069 0
    outer loop
      vertex -8.44375 -4.875 5.8
      vertex -8.10683 -5.41681 3.7
      vertex -8.10683 -5.41681 5.8
    endloop
  endfacet
  facet normal -0.935903 -0.352259 0
    outer loop
      vertex -9.00782 -3.73116 3.7
      vertex -9.23257 -3.13403 5.8
      vertex -9.23257 -3.13403 3.7
    endloop
  endfacet
  facet normal -0.935903 -0.352259 0
    outer loop
      vertex -9.23257 -3.13403 5.8
      vertex -9.00782 -3.73116 3.7
      vertex -9.00782 -3.73116 5.8
    endloop
  endfacet
  facet normal -0.999464 -0.0327262 0
    outer loop
      vertex -9.72912 -0.63768 3.7
      vertex -9.75 0 5.8
      vertex -9.75 0 3.7
    endloop
  endfacet
  facet normal -0.999464 -0.0327262 0
    outer loop
      vertex -9.75 0 5.8
      vertex -9.72912 -0.63768 3.7
      vertex -9.72912 -0.63768 5.8
    endloop
  endfacet
  facet normal 0.956938 0.290291 0
    outer loop
      vertex 9.41778 2.52349 5.8
      vertex 9.23257 3.13403 3.7
      vertex 9.23257 3.13403 5.8
    endloop
  endfacet
  facet normal 0.956938 0.290291 0
    outer loop
      vertex 9.23257 3.13403 3.7
      vertex 9.41778 2.52349 5.8
      vertex 9.41778 2.52349 3.7
    endloop
  endfacet
  facet normal 0.973877 0.227075 0
    outer loop
      vertex 9.56266 1.90213 5.8
      vertex 9.41778 2.52349 3.7
      vertex 9.41778 2.52349 5.8
    endloop
  endfacet
  facet normal 0.973877 0.227075 0
    outer loop
      vertex 9.41778 2.52349 3.7
      vertex 9.56266 1.90213 5.8
      vertex 9.56266 1.90213 3.7
    endloop
  endfacet
  facet normal 0.773017 0.634385 0
    outer loop
      vertex 7.73519 5.93542 5.8
      vertex 7.33044 6.42862 3.7
      vertex 7.33044 6.42862 5.8
    endloop
  endfacet
  facet normal 0.773017 0.634385 0
    outer loop
      vertex 7.33044 6.42862 3.7
      vertex 7.73519 5.93542 5.8
      vertex 7.73519 5.93542 3.7
    endloop
  endfacet
  facet normal 0.910867 0.4127 0
    outer loop
      vertex 9.00782 3.73116 5.8
      vertex 8.74451 4.31231 3.7
      vertex 8.74451 4.31231 5.8
    endloop
  endfacet
  facet normal 0.910867 0.4127 0
    outer loop
      vertex 8.74451 4.31231 3.7
      vertex 9.00782 3.73116 5.8
      vertex 9.00782 3.73116 3.7
    endloop
  endfacet
  facet normal 0.290291 0.956938 -0
    outer loop
      vertex 3.13403 9.23257 3.7
      vertex 2.52349 9.41778 5.8
      vertex 3.13403 9.23257 5.8
    endloop
  endfacet
  facet normal 0.290291 0.956938 0
    outer loop
      vertex 2.52349 9.41778 5.8
      vertex 3.13403 9.23257 3.7
      vertex 2.52349 9.41778 3.7
    endloop
  endfacet
  facet normal 0.0980061 0.995186 -0
    outer loop
      vertex 1.27263 9.66659 3.7
      vertex 0.63768 9.72912 5.8
      vertex 1.27263 9.66659 5.8
    endloop
  endfacet
  facet normal 0.0980061 0.995186 0
    outer loop
      vertex 0.63768 9.72912 5.8
      vertex 1.27263 9.66659 3.7
      vertex 0.63768 9.72912 3.7
    endloop
  endfacet
  facet normal 0.471392 0.881924 -0
    outer loop
      vertex 4.875 8.44375 3.7
      vertex 4.31231 8.74451 5.8
      vertex 4.875 8.44375 5.8
    endloop
  endfacet
  facet normal 0.471392 0.881924 0
    outer loop
      vertex 4.31231 8.74451 5.8
      vertex 4.875 8.44375 3.7
      vertex 4.31231 8.74451 3.7
    endloop
  endfacet
  facet normal -0.773017 0.634385 0
    outer loop
      vertex -7.73519 5.93542 3.7
      vertex -7.33044 6.42862 5.8
      vertex -7.33044 6.42862 3.7
    endloop
  endfacet
  facet normal -0.773017 0.634385 0
    outer loop
      vertex -7.33044 6.42862 5.8
      vertex -7.73519 5.93542 3.7
      vertex -7.73519 5.93542 5.8
    endloop
  endfacet
  facet normal -0.881924 0.471392 0
    outer loop
      vertex -8.74451 4.31231 3.7
      vertex -8.44375 4.875 5.8
      vertex -8.44375 4.875 3.7
    endloop
  endfacet
  facet normal -0.881924 0.471392 0
    outer loop
      vertex -8.44375 4.875 5.8
      vertex -8.74451 4.31231 3.7
      vertex -8.74451 4.31231 5.8
    endloop
  endfacet
  facet normal -0.956938 0.290291 0
    outer loop
      vertex -9.41778 2.52349 3.7
      vertex -9.23257 3.13403 5.8
      vertex -9.23257 3.13403 3.7
    endloop
  endfacet
  facet normal -0.956938 0.290291 0
    outer loop
      vertex -9.23257 3.13403 5.8
      vertex -9.41778 2.52349 3.7
      vertex -9.41778 2.52349 5.8
    endloop
  endfacet
  facet normal -0.986644 0.162894 0
    outer loop
      vertex -9.66659 1.27263 3.7
      vertex -9.56266 1.90213 5.8
      vertex -9.56266 1.90213 3.7
    endloop
  endfacet
  facet normal -0.986644 0.162894 0
    outer loop
      vertex -9.56266 1.90213 5.8
      vertex -9.66659 1.27263 3.7
      vertex -9.66659 1.27263 5.8
    endloop
  endfacet
  facet normal -0.995186 0.0980061 0
    outer loop
      vertex -9.72912 0.63768 3.7
      vertex -9.66659 1.27263 5.8
      vertex -9.66659 1.27263 3.7
    endloop
  endfacet
  facet normal -0.995186 0.0980061 0
    outer loop
      vertex -9.66659 1.27263 5.8
      vertex -9.72912 0.63768 3.7
      vertex -9.72912 0.63768 5.8
    endloop
  endfacet
  facet normal -0.471392 0.881924 0
    outer loop
      vertex -4.31231 8.74451 3.7
      vertex -4.875 8.44375 5.8
      vertex -4.31231 8.74451 5.8
    endloop
  endfacet
  facet normal -0.471392 0.881924 0
    outer loop
      vertex -4.875 8.44375 5.8
      vertex -4.31231 8.74451 3.7
      vertex -4.875 8.44375 3.7
    endloop
  endfacet
  facet normal -0.4127 0.910867 0
    outer loop
      vertex -3.73116 9.00782 3.7
      vertex -4.31231 8.74451 5.8
      vertex -3.73116 9.00782 5.8
    endloop
  endfacet
  facet normal -0.4127 0.910867 0
    outer loop
      vertex -4.31231 8.74451 5.8
      vertex -3.73116 9.00782 3.7
      vertex -4.31231 8.74451 3.7
    endloop
  endfacet
  facet normal -0.634385 0.773017 0
    outer loop
      vertex -5.93542 7.73519 3.7
      vertex -6.42862 7.33044 5.8
      vertex -5.93542 7.73519 5.8
    endloop
  endfacet
  facet normal -0.634385 0.773017 0
    outer loop
      vertex -6.42862 7.33044 5.8
      vertex -5.93542 7.73519 3.7
      vertex -6.42862 7.33044 3.7
    endloop
  endfacet
  facet normal -0.290291 0.956938 0
    outer loop
      vertex -2.52349 9.41778 3.7
      vertex -3.13403 9.23257 5.8
      vertex -2.52349 9.41778 5.8
    endloop
  endfacet
  facet normal -0.290291 0.956938 0
    outer loop
      vertex -3.13403 9.23257 5.8
      vertex -2.52349 9.41778 3.7
      vertex -3.13403 9.23257 3.7
    endloop
  endfacet
  facet normal -0.0980061 0.995186 0
    outer loop
      vertex -0.63768 9.72912 3.7
      vertex -1.27263 9.66659 5.8
      vertex -0.63768 9.72912 5.8
    endloop
  endfacet
  facet normal -0.0980061 0.995186 0
    outer loop
      vertex -1.27263 9.66659 5.8
      vertex -0.63768 9.72912 3.7
      vertex -1.27263 9.66659 3.7
    endloop
  endfacet
  facet normal 0.0980061 -0.995186 0
    outer loop
      vertex 0.63768 -9.72912 3.7
      vertex 1.27263 -9.66659 5.8
      vertex 0.63768 -9.72912 5.8
    endloop
  endfacet
  facet normal 0.0980061 -0.995186 0
    outer loop
      vertex 1.27263 -9.66659 5.8
      vertex 0.63768 -9.72912 3.7
      vertex 1.27263 -9.66659 3.7
    endloop
  endfacet
  facet normal 0.290291 -0.956938 0
    outer loop
      vertex 2.52349 -9.41778 3.7
      vertex 3.13403 -9.23257 5.8
      vertex 2.52349 -9.41778 5.8
    endloop
  endfacet
  facet normal 0.290291 -0.956938 0
    outer loop
      vertex 3.13403 -9.23257 5.8
      vertex 2.52349 -9.41778 3.7
      vertex 3.13403 -9.23257 3.7
    endloop
  endfacet
  facet normal 0.352259 -0.935903 0
    outer loop
      vertex 3.13403 -9.23257 3.7
      vertex 3.73116 -9.00782 5.8
      vertex 3.13403 -9.23257 5.8
    endloop
  endfacet
  facet normal 0.352259 -0.935903 0
    outer loop
      vertex 3.73116 -9.00782 5.8
      vertex 3.13403 -9.23257 3.7
      vertex 3.73116 -9.00782 3.7
    endloop
  endfacet
  facet normal 0.227075 -0.973877 0
    outer loop
      vertex 1.90213 -9.56266 3.7
      vertex 2.52349 -9.41778 5.8
      vertex 1.90213 -9.56266 5.8
    endloop
  endfacet
  facet normal 0.227075 -0.973877 0
    outer loop
      vertex 2.52349 -9.41778 5.8
      vertex 1.90213 -9.56266 3.7
      vertex 2.52349 -9.41778 3.7
    endloop
  endfacet
  facet normal 0.634385 -0.773017 0
    outer loop
      vertex 5.93542 -7.73519 3.7
      vertex 6.42862 -7.33044 5.8
      vertex 5.93542 -7.73519 5.8
    endloop
  endfacet
  facet normal 0.634385 -0.773017 0
    outer loop
      vertex 6.42862 -7.33044 5.8
      vertex 5.93542 -7.73519 3.7
      vertex 6.42862 -7.33044 3.7
    endloop
  endfacet
  facet normal 0.582487 -0.81284 0
    outer loop
      vertex 5.41681 -8.10683 3.7
      vertex 5.93542 -7.73519 5.8
      vertex 5.41681 -8.10683 5.8
    endloop
  endfacet
  facet normal 0.582487 -0.81284 0
    outer loop
      vertex 5.93542 -7.73519 5.8
      vertex 5.41681 -8.10683 3.7
      vertex 5.93542 -7.73519 3.7
    endloop
  endfacet
  facet normal 0.683594 -0.729862 0
    outer loop
      vertex 6.42862 -7.33044 3.7
      vertex 6.89429 -6.89429 5.8
      vertex 6.42862 -7.33044 5.8
    endloop
  endfacet
  facet normal 0.683594 -0.729862 0
    outer loop
      vertex 6.89429 -6.89429 5.8
      vertex 6.42862 -7.33044 3.7
      vertex 6.89429 -6.89429 3.7
    endloop
  endfacet
  facet normal 0.528069 -0.849202 0
    outer loop
      vertex 4.875 -8.44375 3.7
      vertex 5.41681 -8.10683 5.8
      vertex 4.875 -8.44375 5.8
    endloop
  endfacet
  facet normal 0.528069 -0.849202 0
    outer loop
      vertex 5.41681 -8.10683 5.8
      vertex 4.875 -8.44375 3.7
      vertex 5.41681 -8.10683 3.7
    endloop
  endfacet
  facet normal 0.4127 -0.910867 0
    outer loop
      vertex 3.73116 -9.00782 3.7
      vertex 4.31231 -8.74451 5.8
      vertex 3.73116 -9.00782 5.8
    endloop
  endfacet
  facet normal 0.4127 -0.910867 0
    outer loop
      vertex 4.31231 -8.74451 5.8
      vertex 3.73116 -9.00782 3.7
      vertex 4.31231 -8.74451 3.7
    endloop
  endfacet
  facet normal 0.729862 -0.683594 0
    outer loop
      vertex 6.89429 -6.89429 5.8
      vertex 7.33044 -6.42862 3.7
      vertex 7.33044 -6.42862 5.8
    endloop
  endfacet
  facet normal 0.729862 -0.683594 0
    outer loop
      vertex 7.33044 -6.42862 3.7
      vertex 6.89429 -6.89429 5.8
      vertex 6.89429 -6.89429 3.7
    endloop
  endfacet
  facet normal 0.81284 -0.582487 0
    outer loop
      vertex 7.73519 -5.93542 5.8
      vertex 8.10683 -5.41681 3.7
      vertex 8.10683 -5.41681 5.8
    endloop
  endfacet
  facet normal 0.81284 -0.582487 0
    outer loop
      vertex 8.10683 -5.41681 3.7
      vertex 7.73519 -5.93542 5.8
      vertex 7.73519 -5.93542 3.7
    endloop
  endfacet
  facet normal 0.935903 -0.352259 0
    outer loop
      vertex 9.00782 -3.73116 5.8
      vertex 9.23257 -3.13403 3.7
      vertex 9.23257 -3.13403 5.8
    endloop
  endfacet
  facet normal 0.935903 -0.352259 0
    outer loop
      vertex 9.23257 -3.13403 3.7
      vertex 9.00782 -3.73116 5.8
      vertex 9.00782 -3.73116 3.7
    endloop
  endfacet
  facet normal 0.881924 -0.471392 0
    outer loop
      vertex 8.44375 -4.875 5.8
      vertex 8.74451 -4.31231 3.7
      vertex 8.74451 -4.31231 5.8
    endloop
  endfacet
  facet normal 0.881924 -0.471392 0
    outer loop
      vertex 8.74451 -4.31231 3.7
      vertex 8.44375 -4.875 5.8
      vertex 8.44375 -4.875 3.7
    endloop
  endfacet
  facet normal 0.956938 -0.290291 0
    outer loop
      vertex 9.23257 -3.13403 5.8
      vertex 9.41778 -2.52349 3.7
      vertex 9.41778 -2.52349 5.8
    endloop
  endfacet
  facet normal 0.956938 -0.290291 0
    outer loop
      vertex 9.41778 -2.52349 3.7
      vertex 9.23257 -3.13403 5.8
      vertex 9.23257 -3.13403 3.7
    endloop
  endfacet
  facet normal -0.471392 -0.881924 0
    outer loop
      vertex -4.875 -8.44375 3.7
      vertex -4.31231 -8.74451 5.8
      vertex -4.875 -8.44375 5.8
    endloop
  endfacet
  facet normal -0.471392 -0.881924 -0
    outer loop
      vertex -4.31231 -8.74451 5.8
      vertex -4.875 -8.44375 3.7
      vertex -4.31231 -8.74451 3.7
    endloop
  endfacet
  facet normal -0.290291 -0.956938 0
    outer loop
      vertex -3.13403 -9.23257 3.7
      vertex -2.52349 -9.41778 5.8
      vertex -3.13403 -9.23257 5.8
    endloop
  endfacet
  facet normal -0.290291 -0.956938 -0
    outer loop
      vertex -2.52349 -9.41778 5.8
      vertex -3.13403 -9.23257 3.7
      vertex -2.52349 -9.41778 3.7
    endloop
  endfacet
  facet normal -0.0980061 -0.995186 0
    outer loop
      vertex -1.27263 -9.66659 3.7
      vertex -0.63768 -9.72912 5.8
      vertex -1.27263 -9.66659 5.8
    endloop
  endfacet
  facet normal -0.0980061 -0.995186 -0
    outer loop
      vertex -0.63768 -9.72912 5.8
      vertex -1.27263 -9.66659 3.7
      vertex -0.63768 -9.72912 3.7
    endloop
  endfacet
  facet normal -0.162894 -0.986644 0
    outer loop
      vertex -1.90213 -9.56266 3.7
      vertex -1.27263 -9.66659 5.8
      vertex -1.90213 -9.56266 5.8
    endloop
  endfacet
  facet normal -0.162894 -0.986644 -0
    outer loop
      vertex -1.27263 -9.66659 5.8
      vertex -1.90213 -9.56266 3.7
      vertex -1.27263 -9.66659 3.7
    endloop
  endfacet
  facet normal -0.0327262 -0.999464 0
    outer loop
      vertex -0.63768 -9.72912 3.7
      vertex 0 -9.75 5.8
      vertex -0.63768 -9.72912 5.8
    endloop
  endfacet
  facet normal -0.0327262 -0.999464 -0
    outer loop
      vertex 0 -9.75 5.8
      vertex -0.63768 -9.72912 3.7
      vertex 0 -9.75 3.7
    endloop
  endfacet
  facet normal -0.910867 -0.4127 0
    outer loop
      vertex -8.74451 -4.31231 3.7
      vertex -9.00782 -3.73116 5.8
      vertex -9.00782 -3.73116 3.7
    endloop
  endfacet
  facet normal -0.910867 -0.4127 0
    outer loop
      vertex -9.00782 -3.73116 5.8
      vertex -8.74451 -4.31231 3.7
      vertex -8.74451 -4.31231 5.8
    endloop
  endfacet
  facet normal -0.881924 -0.471392 0
    outer loop
      vertex -8.44375 -4.875 3.7
      vertex -8.74451 -4.31231 5.8
      vertex -8.74451 -4.31231 3.7
    endloop
  endfacet
  facet normal -0.881924 -0.471392 0
    outer loop
      vertex -8.74451 -4.31231 5.8
      vertex -8.44375 -4.875 3.7
      vertex -8.44375 -4.875 5.8
    endloop
  endfacet
  facet normal -0.81284 -0.582487 0
    outer loop
      vertex -7.73519 -5.93542 3.7
      vertex -8.10683 -5.41681 5.8
      vertex -8.10683 -5.41681 3.7
    endloop
  endfacet
  facet normal -0.81284 -0.582487 0
    outer loop
      vertex -8.10683 -5.41681 5.8
      vertex -7.73519 -5.93542 3.7
      vertex -7.73519 -5.93542 5.8
    endloop
  endfacet
  facet normal -0.729862 -0.683594 0
    outer loop
      vertex -6.89429 -6.89429 3.7
      vertex -7.33044 -6.42862 5.8
      vertex -7.33044 -6.42862 3.7
    endloop
  endfacet
  facet normal -0.729862 -0.683594 0
    outer loop
      vertex -7.33044 -6.42862 5.8
      vertex -6.89429 -6.89429 3.7
      vertex -6.89429 -6.89429 5.8
    endloop
  endfacet
  facet normal -0.973877 -0.227075 0
    outer loop
      vertex -9.41778 -2.52349 3.7
      vertex -9.56266 -1.90213 5.8
      vertex -9.56266 -1.90213 3.7
    endloop
  endfacet
  facet normal -0.973877 -0.227075 0
    outer loop
      vertex -9.56266 -1.90213 5.8
      vertex -9.41778 -2.52349 3.7
      vertex -9.41778 -2.52349 5.8
    endloop
  endfacet
  facet normal -0.986644 -0.162894 0
    outer loop
      vertex -9.56266 -1.90213 3.7
      vertex -9.66659 -1.27263 5.8
      vertex -9.66659 -1.27263 3.7
    endloop
  endfacet
  facet normal -0.986644 -0.162894 0
    outer loop
      vertex -9.66659 -1.27263 5.8
      vertex -9.56266 -1.90213 3.7
      vertex -9.56266 -1.90213 5.8
    endloop
  endfacet
  facet normal 0.81284 0.582487 0
    outer loop
      vertex 8.10683 5.41681 5.8
      vertex 7.73519 5.93542 3.7
      vertex 7.73519 5.93542 5.8
    endloop
  endfacet
  facet normal 0.81284 0.582487 0
    outer loop
      vertex 7.73519 5.93542 3.7
      vertex 8.10683 5.41681 5.8
      vertex 8.10683 5.41681 3.7
    endloop
  endfacet
  facet normal 0.162894 0.986644 -0
    outer loop
      vertex 1.90213 9.56266 3.7
      vertex 1.27263 9.66659 5.8
      vertex 1.90213 9.56266 5.8
    endloop
  endfacet
  facet normal 0.162894 0.986644 0
    outer loop
      vertex 1.27263 9.66659 5.8
      vertex 1.90213 9.56266 3.7
      vertex 1.27263 9.66659 3.7
    endloop
  endfacet
  facet normal 0.634385 0.773017 -0
    outer loop
      vertex 6.42862 7.33044 3.7
      vertex 5.93542 7.73519 5.8
      vertex 6.42862 7.33044 5.8
    endloop
  endfacet
  facet normal 0.634385 0.773017 0
    outer loop
      vertex 5.93542 7.73519 5.8
      vertex 6.42862 7.33044 3.7
      vertex 5.93542 7.73519 3.7
    endloop
  endfacet
  facet normal -0.582487 0.81284 0
    outer loop
      vertex -5.41681 8.10683 3.7
      vertex -5.93542 7.73519 5.8
      vertex -5.41681 8.10683 5.8
    endloop
  endfacet
  facet normal -0.582487 0.81284 0
    outer loop
      vertex -5.93542 7.73519 5.8
      vertex -5.41681 8.10683 3.7
      vertex -5.93542 7.73519 3.7
    endloop
  endfacet
  facet normal -0.227075 0.973877 0
    outer loop
      vertex -1.90213 9.56266 3.7
      vertex -2.52349 9.41778 5.8
      vertex -1.90213 9.56266 5.8
    endloop
  endfacet
  facet normal -0.227075 0.973877 0
    outer loop
      vertex -2.52349 9.41778 5.8
      vertex -1.90213 9.56266 3.7
      vertex -2.52349 9.41778 3.7
    endloop
  endfacet
  facet normal 0.162894 -0.986644 0
    outer loop
      vertex 1.27263 -9.66659 3.7
      vertex 1.90213 -9.56266 5.8
      vertex 1.27263 -9.66659 5.8
    endloop
  endfacet
  facet normal 0.162894 -0.986644 0
    outer loop
      vertex 1.90213 -9.56266 5.8
      vertex 1.27263 -9.66659 3.7
      vertex 1.90213 -9.56266 3.7
    endloop
  endfacet
  facet normal 0.471392 -0.881924 0
    outer loop
      vertex 4.31231 -8.74451 3.7
      vertex 4.875 -8.44375 5.8
      vertex 4.31231 -8.74451 5.8
    endloop
  endfacet
  facet normal 0.471392 -0.881924 0
    outer loop
      vertex 4.875 -8.44375 5.8
      vertex 4.31231 -8.74451 3.7
      vertex 4.875 -8.44375 3.7
    endloop
  endfacet
  facet normal 0.773017 -0.634385 0
    outer loop
      vertex 7.33044 -6.42862 5.8
      vertex 7.73519 -5.93542 3.7
      vertex 7.73519 -5.93542 5.8
    endloop
  endfacet
  facet normal 0.773017 -0.634385 0
    outer loop
      vertex 7.73519 -5.93542 3.7
      vertex 7.33044 -6.42862 5.8
      vertex 7.33044 -6.42862 3.7
    endloop
  endfacet
  facet normal 0.849202 -0.528069 0
    outer loop
      vertex 8.10683 -5.41681 5.8
      vertex 8.44375 -4.875 3.7
      vertex 8.44375 -4.875 5.8
    endloop
  endfacet
  facet normal 0.849202 -0.528069 0
    outer loop
      vertex 8.44375 -4.875 3.7
      vertex 8.10683 -5.41681 5.8
      vertex 8.10683 -5.41681 3.7
    endloop
  endfacet
  facet normal 0.910867 -0.4127 0
    outer loop
      vertex 8.74451 -4.31231 5.8
      vertex 9.00782 -3.73116 3.7
      vertex 9.00782 -3.73116 5.8
    endloop
  endfacet
  facet normal 0.910867 -0.4127 0
    outer loop
      vertex 9.00782 -3.73116 3.7
      vertex 8.74451 -4.31231 5.8
      vertex 8.74451 -4.31231 3.7
    endloop
  endfacet
  facet normal 0.995186 -0.0980061 0
    outer loop
      vertex 9.66659 -1.27263 5.8
      vertex 9.72912 -0.63768 3.7
      vertex 9.72912 -0.63768 5.8
    endloop
  endfacet
  facet normal 0.995186 -0.0980061 0
    outer loop
      vertex 9.72912 -0.63768 3.7
      vertex 9.66659 -1.27263 5.8
      vertex 9.66659 -1.27263 3.7
    endloop
  endfacet
  facet normal 0.973877 -0.227075 0
    outer loop
      vertex 9.41778 -2.52349 5.8
      vertex 9.56266 -1.90213 3.7
      vertex 9.56266 -1.90213 5.8
    endloop
  endfacet
  facet normal 0.973877 -0.227075 0
    outer loop
      vertex 9.56266 -1.90213 3.7
      vertex 9.41778 -2.52349 5.8
      vertex 9.41778 -2.52349 3.7
    endloop
  endfacet
  facet normal -0.582487 -0.81284 0
    outer loop
      vertex -5.93542 -7.73519 3.7
      vertex -5.41681 -8.10683 5.8
      vertex -5.93542 -7.73519 5.8
    endloop
  endfacet
  facet normal -0.582487 -0.81284 -0
    outer loop
      vertex -5.41681 -8.10683 5.8
      vertex -5.93542 -7.73519 3.7
      vertex -5.41681 -8.10683 3.7
    endloop
  endfacet
  facet normal -0.227075 -0.973877 0
    outer loop
      vertex -2.52349 -9.41778 3.7
      vertex -1.90213 -9.56266 5.8
      vertex -2.52349 -9.41778 5.8
    endloop
  endfacet
  facet normal -0.227075 -0.973877 -0
    outer loop
      vertex -1.90213 -9.56266 5.8
      vertex -2.52349 -9.41778 3.7
      vertex -1.90213 -9.56266 3.7
    endloop
  endfacet
  facet normal -0.773017 -0.634385 0
    outer loop
      vertex -7.33044 -6.42862 3.7
      vertex -7.73519 -5.93542 5.8
      vertex -7.73519 -5.93542 3.7
    endloop
  endfacet
  facet normal -0.773017 -0.634385 0
    outer loop
      vertex -7.73519 -5.93542 5.8
      vertex -7.33044 -6.42862 3.7
      vertex -7.33044 -6.42862 5.8
    endloop
  endfacet
  facet normal -0.956938 -0.290291 0
    outer loop
      vertex -9.23257 -3.13403 3.7
      vertex -9.41778 -2.52349 5.8
      vertex -9.41778 -2.52349 3.7
    endloop
  endfacet
  facet normal -0.956938 -0.290291 0
    outer loop
      vertex -9.41778 -2.52349 5.8
      vertex -9.23257 -3.13403 3.7
      vertex -9.23257 -3.13403 5.8
    endloop
  endfacet
  facet normal 0.999464 -0.0327262 0
    outer loop
      vertex 9.72912 -0.63768 5.8
      vertex 9.75 0 3.7
      vertex 9.75 0 5.8
    endloop
  endfacet
  facet normal 0.999464 -0.0327262 0
    outer loop
      vertex 9.75 0 3.7
      vertex 9.72912 -0.63768 5.8
      vertex 9.72912 -0.63768 3.7
    endloop
  endfacet
  facet normal 0.00385038 -0.11766 -0.993047
    outer loop
      vertex 0.913681 -13.9401 6.3
      vertex 0 -13.97 6.3
      vertex 0 -9.75 5.8
    endloop
  endfacet
  facet normal 0.11766 0.00385038 -0.993047
    outer loop
      vertex 13.97 0 6.3
      vertex 9.75 0 5.8
      vertex 13.9401 0.913681 6.3
    endloop
  endfacet
  facet normal 0.117659 0.00385259 -0.993047
    outer loop
      vertex 9.75 0 5.8
      vertex 9.72912 0.63768 5.8
      vertex 13.9401 0.913681 6.3
    endloop
  endfacet
  facet normal 0.117659 -0.00385259 -0.993047
    outer loop
      vertex 13.9401 -0.913681 6.3
      vertex 9.72912 -0.63768 5.8
      vertex 9.75 0 5.8
    endloop
  endfacet
  facet normal -0.117659 -0.00385259 -0.993047
    outer loop
      vertex -9.72912 -0.63768 5.8
      vertex -13.9401 -0.913681 6.3
      vertex -9.75 0 5.8
    endloop
  endfacet
  facet normal -0.00385259 0.117659 -0.993047
    outer loop
      vertex -0.63768 9.72912 5.8
      vertex -0.913681 13.9401 6.3
      vertex 0 9.75 5.8
    endloop
  endfacet
  facet normal 0.0859213 -0.0804745 -0.993047
    outer loop
      vertex 9.87828 -9.87828 6.3
      vertex 6.89429 -6.89429 5.8
      vertex 7.33044 -6.42862 5.8
    endloop
  endfacet
  facet normal -0.0910021 0.0746819 -0.993046
    outer loop
      vertex -7.73519 5.93542 5.8
      vertex -11.0831 8.5044 6.3
      vertex -7.33044 6.42862 5.8
    endloop
  endfacet
  facet normal 0.11615 -0.0191746 -0.993047
    outer loop
      vertex 13.7016 -2.72541 6.3
      vertex 9.56266 -1.90213 5.8
      vertex 13.8505 -1.82345 6.3
    endloop
  endfacet
  facet normal 0.0485867 -0.107228 -0.993047
    outer loop
      vertex 5.34609 -12.9066 6.3
      vertex 3.73116 -9.00782 5.8
      vertex 6.17877 -12.5293 6.3
    endloop
  endfacet
  facet normal -0.0804743 -0.0859215 -0.993047
    outer loop
      vertex -9.21106 -10.5032 6.3
      vertex -9.87828 -9.87828 6.3
      vertex -6.42862 -7.33044 5.8
    endloop
  endfacet
  facet normal -0.117659 0.00385259 -0.993047
    outer loop
      vertex -9.75 0 5.8
      vertex -13.9401 0.913681 6.3
      vertex -9.72912 0.63768 5.8
    endloop
  endfacet
  facet normal 0.110178 -0.0414657 -0.993047
    outer loop
      vertex 12.9066 -5.34609 6.3
      vertex 9.00782 -3.73116 5.8
      vertex 13.2286 -4.49051 6.3
    endloop
  endfacet
  facet normal 0.0999708 -0.062166 -0.993046
    outer loop
      vertex 11.6156 -7.76132 6.3
      vertex 8.10683 -5.41681 5.8
      vertex 8.44375 -4.875 5.8
    endloop
  endfacet
  facet normal 0.0999669 -0.0621703 -0.993047
    outer loop
      vertex 11.6156 -7.76132 6.3
      vertex 8.44375 -4.875 5.8
      vertex 12.0984 -6.985 6.3
    endloop
  endfacet
  facet normal 0.0191763 -0.11615 -0.993047
    outer loop
      vertex 1.82345 -13.8505 6.3
      vertex 1.27263 -9.66659 5.8
      vertex 1.90213 -9.56266 5.8
    endloop
  endfacet
  facet normal 0.0414657 -0.110178 -0.993047
    outer loop
      vertex 4.49051 -13.2286 6.3
      vertex 3.73116 -9.00782 5.8
      vertex 5.34609 -12.9066 6.3
    endloop
  endfacet
  facet normal 0.062166 -0.0999708 -0.993046
    outer loop
      vertex 7.76132 -11.6156 6.3
      vertex 4.875 -8.44375 5.8
      vertex 5.41681 -8.10683 5.8
    endloop
  endfacet
  facet normal -0.117155 -0.0115382 -0.993047
    outer loop
      vertex -13.8505 -1.82345 6.3
      vertex -13.9401 -0.913681 6.3
      vertex -9.72912 -0.63768 5.8
    endloop
  endfacet
  facet normal 0.0746819 0.0910021 -0.993046
    outer loop
      vertex 6.42862 7.33044 5.8
      vertex 5.93542 7.73519 5.8
      vertex 8.5044 11.0831 6.3
    endloop
  endfacet
  facet normal -0.0341766 0.112653 -0.993046
    outer loop
      vertex -3.13403 9.23257 5.8
      vertex -4.49051 13.2286 6.3
      vertex -3.6157 13.494 6.3
    endloop
  endfacet
  facet normal -0.0115382 0.117155 -0.993047
    outer loop
      vertex -0.63768 9.72912 5.8
      vertex -1.82345 13.8505 6.3
      vertex -0.913681 13.9401 6.3
    endloop
  endfacet
  facet normal -0.09569 0.0685726 -0.993046
    outer loop
      vertex -8.10683 5.41681 5.8
      vertex -11.6156 7.76132 6.3
      vertex -11.0831 8.5044 6.3
    endloop
  endfacet
  facet normal 0.117155 -0.0115382 -0.993047
    outer loop
      vertex 13.8505 -1.82345 6.3
      vertex 9.72912 -0.63768 5.8
      vertex 13.9401 -0.913681 6.3
    endloop
  endfacet
  facet normal 0.11766 -0.00385038 -0.993047
    outer loop
      vertex 13.9401 -0.913681 6.3
      vertex 9.75 0 5.8
      vertex 13.97 0 6.3
    endloop
  endfacet
  facet normal 0.11615 -0.0191763 -0.993047
    outer loop
      vertex 13.8505 -1.82345 6.3
      vertex 9.56266 -1.90213 5.8
      vertex 9.66659 -1.27263 5.8
    endloop
  endfacet
  facet normal 0.10723 -0.0485842 -0.993046
    outer loop
      vertex 12.5293 -6.17877 6.3
      vertex 8.74451 -4.31231 5.8
      vertex 9.00782 -3.73116 5.8
    endloop
  endfacet
  facet normal 0.107228 -0.0485867 -0.993047
    outer loop
      vertex 12.5293 -6.17877 6.3
      vertex 9.00782 -3.73116 5.8
      vertex 12.9066 -5.34609 6.3
    endloop
  endfacet
  facet normal 0.09569 -0.0685726 -0.993046
    outer loop
      vertex 11.0831 -8.5044 6.3
      vertex 8.10683 -5.41681 5.8
      vertex 11.6156 -7.76132 6.3
    endloop
  endfacet
  facet normal 0.0910021 -0.0746819 -0.993046
    outer loop
      vertex 11.0831 -8.5044 6.3
      vertex 7.33044 -6.42862 5.8
      vertex 7.73519 -5.93542 5.8
    endloop
  endfacet
  facet normal 0.0191746 -0.11615 -0.993047
    outer loop
      vertex 2.72541 -13.7016 6.3
      vertex 1.82345 -13.8505 6.3
      vertex 1.90213 -9.56266 5.8
    endloop
  endfacet
  facet normal 0.0115375 -0.117156 -0.993047
    outer loop
      vertex 1.82345 -13.8505 6.3
      vertex 0.63768 -9.72912 5.8
      vertex 1.27263 -9.66659 5.8
    endloop
  endfacet
  facet normal 0.0804743 -0.0859215 -0.993047
    outer loop
      vertex 9.21106 -10.5032 6.3
      vertex 6.42862 -7.33044 5.8
      vertex 9.87828 -9.87828 6.3
    endloop
  endfacet
  facet normal -0.112653 -0.0341766 -0.993046
    outer loop
      vertex -13.2286 -4.49051 6.3
      vertex -13.494 -3.6157 6.3
      vertex -9.23257 -3.13403 5.8
    endloop
  endfacet
  facet normal -0.103823 -0.0554936 -0.993046
    outer loop
      vertex -8.44375 -4.875 5.8
      vertex -12.5293 -6.17877 6.3
      vertex -8.74451 -4.31231 5.8
    endloop
  endfacet
  facet normal -0.0859213 -0.0804745 -0.993047
    outer loop
      vertex -6.89429 -6.89429 5.8
      vertex -9.87828 -9.87828 6.3
      vertex -7.33044 -6.42862 5.8
    endloop
  endfacet
  facet normal -0.0621703 0.0999669 -0.993047
    outer loop
      vertex -4.875 8.44375 5.8
      vertex -7.76132 11.6156 6.3
      vertex -6.985 12.0984 6.3
    endloop
  endfacet
  facet normal -0.0859213 0.0804745 -0.993047
    outer loop
      vertex -7.33044 6.42862 5.8
      vertex -9.87828 9.87828 6.3
      vertex -6.89429 6.89429 5.8
    endloop
  endfacet
  facet normal -0.114646 0.0267335 -0.993047
    outer loop
      vertex -9.56266 1.90213 5.8
      vertex -13.7016 2.72541 6.3
      vertex -13.494 3.6157 6.3
    endloop
  endfacet
  facet normal -0.11615 0.0191746 -0.993047
    outer loop
      vertex -9.56266 1.90213 5.8
      vertex -13.8505 1.82345 6.3
      vertex -13.7016 2.72541 6.3
    endloop
  endfacet
  facet normal -0.11766 0.00385038 -0.993047
    outer loop
      vertex -9.75 0 5.8
      vertex -13.97 0 6.3
      vertex -13.9401 0.913681 6.3
    endloop
  endfacet
  facet normal -0.11766 -0.00385038 -0.993047
    outer loop
      vertex -13.9401 -0.913681 6.3
      vertex -13.97 0 6.3
      vertex -9.75 0 5.8
    endloop
  endfacet
  facet normal 0.117156 -0.0115375 -0.993047
    outer loop
      vertex 13.8505 -1.82345 6.3
      vertex 9.66659 -1.27263 5.8
      vertex 9.72912 -0.63768 5.8
    endloop
  endfacet
  facet normal 0.112653 -0.0341766 -0.993046
    outer loop
      vertex 13.2286 -4.49051 6.3
      vertex 9.23257 -3.13403 5.8
      vertex 13.494 -3.6157 6.3
    endloop
  endfacet
  facet normal 0.110177 -0.0414689 -0.993046
    outer loop
      vertex 13.2286 -4.49051 6.3
      vertex 9.00782 -3.73116 5.8
      vertex 9.23257 -3.13403 5.8
    endloop
  endfacet
  facet normal 0.114647 -0.0267318 -0.993047
    outer loop
      vertex 13.494 -3.6157 6.3
      vertex 9.41778 -2.52349 5.8
      vertex 9.56266 -1.90213 5.8
    endloop
  endfacet
  facet normal 0.114646 -0.0267335 -0.993047
    outer loop
      vertex 13.494 -3.6157 6.3
      vertex 9.56266 -1.90213 5.8
      vertex 13.7016 -2.72541 6.3
    endloop
  endfacet
  facet normal 0.0910035 -0.0746794 -0.993046
    outer loop
      vertex 10.5032 -9.21106 6.3
      vertex 7.33044 -6.42862 5.8
      vertex 11.0831 -8.5044 6.3
    endloop
  endfacet
  facet normal 0.0859215 -0.0804743 -0.993047
    outer loop
      vertex 9.87828 -9.87828 6.3
      vertex 7.33044 -6.42862 5.8
      vertex 10.5032 -9.21106 6.3
    endloop
  endfacet
  facet normal 0.103824 -0.0554899 -0.993047
    outer loop
      vertex 12.0984 -6.985 6.3
      vertex 8.44375 -4.875 5.8
      vertex 12.5293 -6.17877 6.3
    endloop
  endfacet
  facet normal 0.103823 -0.0554936 -0.993046
    outer loop
      vertex 12.5293 -6.17877 6.3
      vertex 8.44375 -4.875 5.8
      vertex 8.74451 -4.31231 5.8
    endloop
  endfacet
  facet normal 0.0414689 -0.110177 -0.993046
    outer loop
      vertex 4.49051 -13.2286 6.3
      vertex 3.13403 -9.23257 5.8
      vertex 3.73116 -9.00782 5.8
    endloop
  endfacet
  facet normal 0.0267318 -0.114647 -0.993047
    outer loop
      vertex 3.6157 -13.494 6.3
      vertex 1.90213 -9.56266 5.8
      vertex 2.52349 -9.41778 5.8
    endloop
  endfacet
  facet normal 0.0115382 -0.117155 -0.993047
    outer loop
      vertex 0.913681 -13.9401 6.3
      vertex 0.63768 -9.72912 5.8
      vertex 1.82345 -13.8505 6.3
    endloop
  endfacet
  facet normal 0.00385259 -0.117659 -0.993047
    outer loop
      vertex 0.913681 -13.9401 6.3
      vertex 0 -9.75 5.8
      vertex 0.63768 -9.72912 5.8
    endloop
  endfacet
  facet normal 0.0746794 -0.0910035 -0.993046
    outer loop
      vertex 8.5044 -11.0831 6.3
      vertex 6.42862 -7.33044 5.8
      vertex 9.21106 -10.5032 6.3
    endloop
  endfacet
  facet normal 0.0746819 -0.0910021 -0.993046
    outer loop
      vertex 8.5044 -11.0831 6.3
      vertex 5.93542 -7.73519 5.8
      vertex 6.42862 -7.33044 5.8
    endloop
  endfacet
  facet normal 0.0685724 -0.0956902 -0.993046
    outer loop
      vertex 8.5044 -11.0831 6.3
      vertex 5.41681 -8.10683 5.8
      vertex 5.93542 -7.73519 5.8
    endloop
  endfacet
  facet normal 0.0685726 -0.09569 -0.993046
    outer loop
      vertex 7.76132 -11.6156 6.3
      vertex 5.41681 -8.10683 5.8
      vertex 8.5044 -11.0831 6.3
    endloop
  endfacet
  facet normal 0.0554899 -0.103824 -0.993047
    outer loop
      vertex 6.17877 -12.5293 6.3
      vertex 4.875 -8.44375 5.8
      vertex 6.985 -12.0984 6.3
    endloop
  endfacet
  facet normal 0.0621703 -0.0999669 -0.993047
    outer loop
      vertex 6.985 -12.0984 6.3
      vertex 4.875 -8.44375 5.8
      vertex 7.76132 -11.6156 6.3
    endloop
  endfacet
  facet normal 0.0554936 -0.103823 -0.993046
    outer loop
      vertex 6.17877 -12.5293 6.3
      vertex 4.31231 -8.74451 5.8
      vertex 4.875 -8.44375 5.8
    endloop
  endfacet
  facet normal 0.0485842 -0.10723 -0.993046
    outer loop
      vertex 6.17877 -12.5293 6.3
      vertex 3.73116 -9.00782 5.8
      vertex 4.31231 -8.74451 5.8
    endloop
  endfacet
  facet normal -0.117156 -0.0115375 -0.993047
    outer loop
      vertex -9.66659 -1.27263 5.8
      vertex -13.8505 -1.82345 6.3
      vertex -9.72912 -0.63768 5.8
    endloop
  endfacet
  facet normal -0.11615 -0.0191746 -0.993047
    outer loop
      vertex -13.7016 -2.72541 6.3
      vertex -13.8505 -1.82345 6.3
      vertex -9.56266 -1.90213 5.8
    endloop
  endfacet
  facet normal -0.0485867 -0.107228 -0.993047
    outer loop
      vertex -5.34609 -12.9066 6.3
      vertex -6.17877 -12.5293 6.3
      vertex -3.73116 -9.00782 5.8
    endloop
  endfacet
  facet normal -0.0191746 -0.11615 -0.993047
    outer loop
      vertex -1.82345 -13.8505 6.3
      vertex -2.72541 -13.7016 6.3
      vertex -1.90213 -9.56266 5.8
    endloop
  endfacet
  facet normal -0.062166 -0.0999708 -0.993046
    outer loop
      vertex -4.875 -8.44375 5.8
      vertex -7.76132 -11.6156 6.3
      vertex -5.41681 -8.10683 5.8
    endloop
  endfacet
  facet normal -0.0685726 -0.09569 -0.993046
    outer loop
      vertex -7.76132 -11.6156 6.3
      vertex -8.5044 -11.0831 6.3
      vertex -5.41681 -8.10683 5.8
    endloop
  endfacet
  facet normal -0.09569 -0.0685726 -0.993046
    outer loop
      vertex -11.0831 -8.5044 6.3
      vertex -11.6156 -7.76132 6.3
      vertex -8.10683 -5.41681 5.8
    endloop
  endfacet
  facet normal -0.112653 -0.0341738 -0.993047
    outer loop
      vertex -9.23257 -3.13403 5.8
      vertex -13.494 -3.6157 6.3
      vertex -9.41778 -2.52349 5.8
    endloop
  endfacet
  facet normal -0.110178 -0.0414657 -0.993047
    outer loop
      vertex -12.9066 -5.34609 6.3
      vertex -13.2286 -4.49051 6.3
      vertex -9.00782 -3.73116 5.8
    endloop
  endfacet
  facet normal -0.0999708 -0.062166 -0.993046
    outer loop
      vertex -8.10683 -5.41681 5.8
      vertex -11.6156 -7.76132 6.3
      vertex -8.44375 -4.875 5.8
    endloop
  endfacet
  facet normal -0.0910035 -0.0746794 -0.993046
    outer loop
      vertex -10.5032 -9.21106 6.3
      vertex -11.0831 -8.5044 6.3
      vertex -7.33044 -6.42862 5.8
    endloop
  endfacet
  facet normal -0.0859215 -0.0804743 -0.993047
    outer loop
      vertex -9.87828 -9.87828 6.3
      vertex -10.5032 -9.21106 6.3
      vertex -7.33044 -6.42862 5.8
    endloop
  endfacet
  facet normal -0.0910021 -0.0746819 -0.993046
    outer loop
      vertex -7.33044 -6.42862 5.8
      vertex -11.0831 -8.5044 6.3
      vertex -7.73519 -5.93542 5.8
    endloop
  endfacet
  facet normal -0.0956902 -0.0685724 -0.993046
    outer loop
      vertex -7.73519 -5.93542 5.8
      vertex -11.0831 -8.5044 6.3
      vertex -8.10683 -5.41681 5.8
    endloop
  endfacet
  facet normal -0.0804745 -0.0859213 -0.993047
    outer loop
      vertex -6.42862 -7.33044 5.8
      vertex -9.87828 -9.87828 6.3
      vertex -6.89429 -6.89429 5.8
    endloop
  endfacet
  facet normal 0.0910021 0.0746819 -0.993046
    outer loop
      vertex 7.73519 5.93542 5.8
      vertex 7.33044 6.42862 5.8
      vertex 11.0831 8.5044 6.3
    endloop
  endfacet
  facet normal 0.0341766 0.112653 -0.993046
    outer loop
      vertex 4.49051 13.2286 6.3
      vertex 3.13403 9.23257 5.8
      vertex 3.6157 13.494 6.3
    endloop
  endfacet
  facet normal 0.0554899 0.103824 -0.993047
    outer loop
      vertex 6.985 12.0984 6.3
      vertex 4.875 8.44375 5.8
      vertex 6.17877 12.5293 6.3
    endloop
  endfacet
  facet normal 0.0746794 0.0910035 -0.993046
    outer loop
      vertex 9.21106 10.5032 6.3
      vertex 6.42862 7.33044 5.8
      vertex 8.5044 11.0831 6.3
    endloop
  endfacet
  facet normal -0.00385038 0.11766 -0.993047
    outer loop
      vertex 0 9.75 5.8
      vertex -0.913681 13.9401 6.3
      vertex 0 13.97 6.3
    endloop
  endfacet
  facet normal -0.0115375 0.117156 -0.993047
    outer loop
      vertex -1.27263 9.66659 5.8
      vertex -1.82345 13.8505 6.3
      vertex -0.63768 9.72912 5.8
    endloop
  endfacet
  facet normal -0.0191763 0.11615 -0.993047
    outer loop
      vertex -1.27263 9.66659 5.8
      vertex -1.90213 9.56266 5.8
      vertex -1.82345 13.8505 6.3
    endloop
  endfacet
  facet normal -0.0341738 0.112653 -0.993047
    outer loop
      vertex -3.13403 9.23257 5.8
      vertex -3.6157 13.494 6.3
      vertex -2.52349 9.41778 5.8
    endloop
  endfacet
  facet normal -0.0685724 0.0956902 -0.993046
    outer loop
      vertex -5.93542 7.73519 5.8
      vertex -8.5044 11.0831 6.3
      vertex -5.41681 8.10683 5.8
    endloop
  endfacet
  facet normal -0.0746819 0.0910021 -0.993046
    outer loop
      vertex -6.42862 7.33044 5.8
      vertex -8.5044 11.0831 6.3
      vertex -5.93542 7.73519 5.8
    endloop
  endfacet
  facet normal -0.0804745 0.0859213 -0.993047
    outer loop
      vertex -6.89429 6.89429 5.8
      vertex -9.87828 9.87828 6.3
      vertex -6.42862 7.33044 5.8
    endloop
  endfacet
  facet normal -0.0910035 0.0746794 -0.993046
    outer loop
      vertex -7.33044 6.42862 5.8
      vertex -11.0831 8.5044 6.3
      vertex -10.5032 9.21106 6.3
    endloop
  endfacet
  facet normal -0.0859215 0.0804743 -0.993047
    outer loop
      vertex -7.33044 6.42862 5.8
      vertex -10.5032 9.21106 6.3
      vertex -9.87828 9.87828 6.3
    endloop
  endfacet
  facet normal -0.0956902 0.0685724 -0.993046
    outer loop
      vertex -8.10683 5.41681 5.8
      vertex -11.0831 8.5044 6.3
      vertex -7.73519 5.93542 5.8
    endloop
  endfacet
  facet normal -0.103824 0.0554899 -0.993047
    outer loop
      vertex -8.44375 4.875 5.8
      vertex -12.5293 6.17877 6.3
      vertex -12.0984 6.985 6.3
    endloop
  endfacet
  facet normal -0.0999669 0.0621703 -0.993047
    outer loop
      vertex -8.44375 4.875 5.8
      vertex -12.0984 6.985 6.3
      vertex -11.6156 7.76132 6.3
    endloop
  endfacet
  facet normal -0.110177 0.0414689 -0.993046
    outer loop
      vertex -9.23257 3.13403 5.8
      vertex -13.2286 4.49051 6.3
      vertex -9.00782 3.73116 5.8
    endloop
  endfacet
  facet normal -0.110178 0.0414657 -0.993047
    outer loop
      vertex -9.00782 3.73116 5.8
      vertex -13.2286 4.49051 6.3
      vertex -12.9066 5.34609 6.3
    endloop
  endfacet
  facet normal -0.117155 0.0115382 -0.993047
    outer loop
      vertex -9.72912 0.63768 5.8
      vertex -13.9401 0.913681 6.3
      vertex -13.8505 1.82345 6.3
    endloop
  endfacet
  facet normal 0.112653 -0.0341738 -0.993047
    outer loop
      vertex 13.494 -3.6157 6.3
      vertex 9.23257 -3.13403 5.8
      vertex 9.41778 -2.52349 5.8
    endloop
  endfacet
  facet normal 0.0956902 -0.0685724 -0.993046
    outer loop
      vertex 11.0831 -8.5044 6.3
      vertex 7.73519 -5.93542 5.8
      vertex 8.10683 -5.41681 5.8
    endloop
  endfacet
  facet normal 0.0341738 -0.112653 -0.993047
    outer loop
      vertex 3.6157 -13.494 6.3
      vertex 2.52349 -9.41778 5.8
      vertex 3.13403 -9.23257 5.8
    endloop
  endfacet
  facet normal 0.0341766 -0.112653 -0.993046
    outer loop
      vertex 3.6157 -13.494 6.3
      vertex 3.13403 -9.23257 5.8
      vertex 4.49051 -13.2286 6.3
    endloop
  endfacet
  facet normal 0.0267335 -0.114646 -0.993047
    outer loop
      vertex 2.72541 -13.7016 6.3
      vertex 1.90213 -9.56266 5.8
      vertex 3.6157 -13.494 6.3
    endloop
  endfacet
  facet normal 0.0804745 -0.0859213 -0.993047
    outer loop
      vertex 9.87828 -9.87828 6.3
      vertex 6.42862 -7.33044 5.8
      vertex 6.89429 -6.89429 5.8
    endloop
  endfacet
  facet normal -0.11615 -0.0191763 -0.993047
    outer loop
      vertex -9.56266 -1.90213 5.8
      vertex -13.8505 -1.82345 6.3
      vertex -9.66659 -1.27263 5.8
    endloop
  endfacet
  facet normal -0.0746794 -0.0910035 -0.993046
    outer loop
      vertex -8.5044 -11.0831 6.3
      vertex -9.21106 -10.5032 6.3
      vertex -6.42862 -7.33044 5.8
    endloop
  endfacet
  facet normal -0.0414689 -0.110177 -0.993046
    outer loop
      vertex -3.13403 -9.23257 5.8
      vertex -4.49051 -13.2286 6.3
      vertex -3.73116 -9.00782 5.8
    endloop
  endfacet
  facet normal -0.0341766 -0.112653 -0.993046
    outer loop
      vertex -3.6157 -13.494 6.3
      vertex -4.49051 -13.2286 6.3
      vertex -3.13403 -9.23257 5.8
    endloop
  endfacet
  facet normal -0.00385259 -0.117659 -0.993047
    outer loop
      vertex 0 -9.75 5.8
      vertex -0.913681 -13.9401 6.3
      vertex -0.63768 -9.72912 5.8
    endloop
  endfacet
  facet normal -0.0115375 -0.117156 -0.993047
    outer loop
      vertex -0.63768 -9.72912 5.8
      vertex -1.82345 -13.8505 6.3
      vertex -1.27263 -9.66659 5.8
    endloop
  endfacet
  facet normal -0.0414657 -0.110178 -0.993047
    outer loop
      vertex -4.49051 -13.2286 6.3
      vertex -5.34609 -12.9066 6.3
      vertex -3.73116 -9.00782 5.8
    endloop
  endfacet
  facet normal -0.0554936 -0.103823 -0.993046
    outer loop
      vertex -4.31231 -8.74451 5.8
      vertex -6.17877 -12.5293 6.3
      vertex -4.875 -8.44375 5.8
    endloop
  endfacet
  facet normal -0.0621703 -0.0999669 -0.993047
    outer loop
      vertex -6.985 -12.0984 6.3
      vertex -7.76132 -11.6156 6.3
      vertex -4.875 -8.44375 5.8
    endloop
  endfacet
  facet normal -0.0685724 -0.0956902 -0.993046
    outer loop
      vertex -5.41681 -8.10683 5.8
      vertex -8.5044 -11.0831 6.3
      vertex -5.93542 -7.73519 5.8
    endloop
  endfacet
  facet normal -0.110177 -0.0414689 -0.993046
    outer loop
      vertex -9.00782 -3.73116 5.8
      vertex -13.2286 -4.49051 6.3
      vertex -9.23257 -3.13403 5.8
    endloop
  endfacet
  facet normal -0.107228 -0.0485867 -0.993047
    outer loop
      vertex -12.5293 -6.17877 6.3
      vertex -12.9066 -5.34609 6.3
      vertex -9.00782 -3.73116 5.8
    endloop
  endfacet
  facet normal -0.103824 -0.0554899 -0.993047
    outer loop
      vertex -12.0984 -6.985 6.3
      vertex -12.5293 -6.17877 6.3
      vertex -8.44375 -4.875 5.8
    endloop
  endfacet
  facet normal -0.0999669 -0.0621703 -0.993047
    outer loop
      vertex -11.6156 -7.76132 6.3
      vertex -12.0984 -6.985 6.3
      vertex -8.44375 -4.875 5.8
    endloop
  endfacet
  facet normal -0.10723 -0.0485842 -0.993046
    outer loop
      vertex -8.74451 -4.31231 5.8
      vertex -12.5293 -6.17877 6.3
      vertex -9.00782 -3.73116 5.8
    endloop
  endfacet
  facet normal 0.110178 0.0414657 -0.993047
    outer loop
      vertex 13.2286 4.49051 6.3
      vertex 9.00782 3.73116 5.8
      vertex 12.9066 5.34609 6.3
    endloop
  endfacet
  facet normal 0.0804743 0.0859215 -0.993047
    outer loop
      vertex 9.87828 9.87828 6.3
      vertex 6.42862 7.33044 5.8
      vertex 9.21106 10.5032 6.3
    endloop
  endfacet
  facet normal 0.0191763 0.11615 -0.993047
    outer loop
      vertex 1.90213 9.56266 5.8
      vertex 1.27263 9.66659 5.8
      vertex 1.82345 13.8505 6.3
    endloop
  endfacet
  facet normal 0.0267335 0.114646 -0.993047
    outer loop
      vertex 3.6157 13.494 6.3
      vertex 1.90213 9.56266 5.8
      vertex 2.72541 13.7016 6.3
    endloop
  endfacet
  facet normal 0.0554936 0.103823 -0.993046
    outer loop
      vertex 4.875 8.44375 5.8
      vertex 4.31231 8.74451 5.8
      vertex 6.17877 12.5293 6.3
    endloop
  endfacet
  facet normal 0.0685726 0.09569 -0.993046
    outer loop
      vertex 8.5044 11.0831 6.3
      vertex 5.41681 8.10683 5.8
      vertex 7.76132 11.6156 6.3
    endloop
  endfacet
  facet normal 0.0804745 0.0859213 -0.993047
    outer loop
      vertex 6.89429 6.89429 5.8
      vertex 6.42862 7.33044 5.8
      vertex 9.87828 9.87828 6.3
    endloop
  endfacet
  facet normal 0.00385259 0.117659 -0.993047
    outer loop
      vertex 0.63768 9.72912 5.8
      vertex 0 9.75 5.8
      vertex 0.913681 13.9401 6.3
    endloop
  endfacet
  facet normal 0.00385038 0.11766 -0.993047
    outer loop
      vertex 0.913681 13.9401 6.3
      vertex 0 9.75 5.8
      vertex 0 13.97 6.3
    endloop
  endfacet
  facet normal -0.0267318 0.114647 -0.993047
    outer loop
      vertex -2.52349 9.41778 5.8
      vertex -3.6157 13.494 6.3
      vertex -1.90213 9.56266 5.8
    endloop
  endfacet
  facet normal -0.0414657 0.110178 -0.993047
    outer loop
      vertex -3.73116 9.00782 5.8
      vertex -5.34609 12.9066 6.3
      vertex -4.49051 13.2286 6.3
    endloop
  endfacet
  facet normal -0.0414689 0.110177 -0.993046
    outer loop
      vertex -3.73116 9.00782 5.8
      vertex -4.49051 13.2286 6.3
      vertex -3.13403 9.23257 5.8
    endloop
  endfacet
  facet normal -0.0554899 0.103824 -0.993047
    outer loop
      vertex -4.875 8.44375 5.8
      vertex -6.985 12.0984 6.3
      vertex -6.17877 12.5293 6.3
    endloop
  endfacet
  facet normal -0.0554936 0.103823 -0.993046
    outer loop
      vertex -4.875 8.44375 5.8
      vertex -6.17877 12.5293 6.3
      vertex -4.31231 8.74451 5.8
    endloop
  endfacet
  facet normal -0.0746794 0.0910035 -0.993046
    outer loop
      vertex -6.42862 7.33044 5.8
      vertex -9.21106 10.5032 6.3
      vertex -8.5044 11.0831 6.3
    endloop
  endfacet
  facet normal -0.0804743 0.0859215 -0.993047
    outer loop
      vertex -6.42862 7.33044 5.8
      vertex -9.87828 9.87828 6.3
      vertex -9.21106 10.5032 6.3
    endloop
  endfacet
  facet normal -0.0999708 0.062166 -0.993046
    outer loop
      vertex -8.44375 4.875 5.8
      vertex -11.6156 7.76132 6.3
      vertex -8.10683 5.41681 5.8
    endloop
  endfacet
  facet normal -0.107228 0.0485867 -0.993047
    outer loop
      vertex -9.00782 3.73116 5.8
      vertex -12.9066 5.34609 6.3
      vertex -12.5293 6.17877 6.3
    endloop
  endfacet
  facet normal -0.112653 0.0341766 -0.993046
    outer loop
      vertex -9.23257 3.13403 5.8
      vertex -13.494 3.6157 6.3
      vertex -13.2286 4.49051 6.3
    endloop
  endfacet
  facet normal -0.114647 0.0267318 -0.993047
    outer loop
      vertex -9.56266 1.90213 5.8
      vertex -13.494 3.6157 6.3
      vertex -9.41778 2.52349 5.8
    endloop
  endfacet
  facet normal -0.114647 -0.0267318 -0.993047
    outer loop
      vertex -9.41778 -2.52349 5.8
      vertex -13.494 -3.6157 6.3
      vertex -9.56266 -1.90213 5.8
    endloop
  endfacet
  facet normal -0.114646 -0.0267335 -0.993047
    outer loop
      vertex -13.494 -3.6157 6.3
      vertex -13.7016 -2.72541 6.3
      vertex -9.56266 -1.90213 5.8
    endloop
  endfacet
  facet normal -0.0341738 -0.112653 -0.993047
    outer loop
      vertex -2.52349 -9.41778 5.8
      vertex -3.6157 -13.494 6.3
      vertex -3.13403 -9.23257 5.8
    endloop
  endfacet
  facet normal -0.0267335 -0.114646 -0.993047
    outer loop
      vertex -2.72541 -13.7016 6.3
      vertex -3.6157 -13.494 6.3
      vertex -1.90213 -9.56266 5.8
    endloop
  endfacet
  facet normal -0.00385038 -0.11766 -0.993047
    outer loop
      vertex 0 -13.97 6.3
      vertex -0.913681 -13.9401 6.3
      vertex 0 -9.75 5.8
    endloop
  endfacet
  facet normal -0.0554899 -0.103824 -0.993047
    outer loop
      vertex -6.17877 -12.5293 6.3
      vertex -6.985 -12.0984 6.3
      vertex -4.875 -8.44375 5.8
    endloop
  endfacet
  facet normal -0.0746819 -0.0910021 -0.993046
    outer loop
      vertex -5.93542 -7.73519 5.8
      vertex -8.5044 -11.0831 6.3
      vertex -6.42862 -7.33044 5.8
    endloop
  endfacet
  facet normal 0.114646 0.0267335 -0.993047
    outer loop
      vertex 13.7016 2.72541 6.3
      vertex 9.56266 1.90213 5.8
      vertex 13.494 3.6157 6.3
    endloop
  endfacet
  facet normal 0.110177 0.0414689 -0.993046
    outer loop
      vertex 9.23257 3.13403 5.8
      vertex 9.00782 3.73116 5.8
      vertex 13.2286 4.49051 6.3
    endloop
  endfacet
  facet normal 0.0859213 0.0804745 -0.993047
    outer loop
      vertex 7.33044 6.42862 5.8
      vertex 6.89429 6.89429 5.8
      vertex 9.87828 9.87828 6.3
    endloop
  endfacet
  facet normal 0.0859215 0.0804743 -0.993047
    outer loop
      vertex 10.5032 9.21106 6.3
      vertex 7.33044 6.42862 5.8
      vertex 9.87828 9.87828 6.3
    endloop
  endfacet
  facet normal 0.09569 0.0685726 -0.993046
    outer loop
      vertex 11.6156 7.76132 6.3
      vertex 8.10683 5.41681 5.8
      vertex 11.0831 8.5044 6.3
    endloop
  endfacet
  facet normal 0.0999669 0.0621703 -0.993047
    outer loop
      vertex 12.0984 6.985 6.3
      vertex 8.44375 4.875 5.8
      vertex 11.6156 7.76132 6.3
    endloop
  endfacet
  facet normal 0.10723 0.0485842 -0.993046
    outer loop
      vertex 9.00782 3.73116 5.8
      vertex 8.74451 4.31231 5.8
      vertex 12.5293 6.17877 6.3
    endloop
  endfacet
  facet normal 0.0191746 0.11615 -0.993047
    outer loop
      vertex 1.90213 9.56266 5.8
      vertex 1.82345 13.8505 6.3
      vertex 2.72541 13.7016 6.3
    endloop
  endfacet
  facet normal 0.0414689 0.110177 -0.993046
    outer loop
      vertex 3.73116 9.00782 5.8
      vertex 3.13403 9.23257 5.8
      vertex 4.49051 13.2286 6.3
    endloop
  endfacet
  facet normal 0.0267318 0.114647 -0.993047
    outer loop
      vertex 2.52349 9.41778 5.8
      vertex 1.90213 9.56266 5.8
      vertex 3.6157 13.494 6.3
    endloop
  endfacet
  facet normal 0.0341738 0.112653 -0.993047
    outer loop
      vertex 3.13403 9.23257 5.8
      vertex 2.52349 9.41778 5.8
      vertex 3.6157 13.494 6.3
    endloop
  endfacet
  facet normal 0.0485867 0.107228 -0.993047
    outer loop
      vertex 6.17877 12.5293 6.3
      vertex 3.73116 9.00782 5.8
      vertex 5.34609 12.9066 6.3
    endloop
  endfacet
  facet normal 0.0685724 0.0956902 -0.993046
    outer loop
      vertex 5.93542 7.73519 5.8
      vertex 5.41681 8.10683 5.8
      vertex 8.5044 11.0831 6.3
    endloop
  endfacet
  facet normal 0.0621703 0.0999669 -0.993047
    outer loop
      vertex 7.76132 11.6156 6.3
      vertex 4.875 8.44375 5.8
      vertex 6.985 12.0984 6.3
    endloop
  endfacet
  facet normal 0.0115382 0.117155 -0.993047
    outer loop
      vertex 1.82345 13.8505 6.3
      vertex 0.63768 9.72912 5.8
      vertex 0.913681 13.9401 6.3
    endloop
  endfacet
  facet normal 0.0115375 0.117156 -0.993047
    outer loop
      vertex 1.27263 9.66659 5.8
      vertex 0.63768 9.72912 5.8
      vertex 1.82345 13.8505 6.3
    endloop
  endfacet
  facet normal -0.0267335 0.114646 -0.993047
    outer loop
      vertex -1.90213 9.56266 5.8
      vertex -3.6157 13.494 6.3
      vertex -2.72541 13.7016 6.3
    endloop
  endfacet
  facet normal -0.0191746 0.11615 -0.993047
    outer loop
      vertex -1.90213 9.56266 5.8
      vertex -2.72541 13.7016 6.3
      vertex -1.82345 13.8505 6.3
    endloop
  endfacet
  facet normal -0.10723 0.0485842 -0.993046
    outer loop
      vertex -9.00782 3.73116 5.8
      vertex -12.5293 6.17877 6.3
      vertex -8.74451 4.31231 5.8
    endloop
  endfacet
  facet normal -0.103823 0.0554936 -0.993046
    outer loop
      vertex -8.74451 4.31231 5.8
      vertex -12.5293 6.17877 6.3
      vertex -8.44375 4.875 5.8
    endloop
  endfacet
  facet normal -0.117156 0.0115375 -0.993047
    outer loop
      vertex -9.72912 0.63768 5.8
      vertex -13.8505 1.82345 6.3
      vertex -9.66659 1.27263 5.8
    endloop
  endfacet
  facet normal -0.11615 0.0191763 -0.993047
    outer loop
      vertex -9.66659 1.27263 5.8
      vertex -13.8505 1.82345 6.3
      vertex -9.56266 1.90213 5.8
    endloop
  endfacet
  facet normal -0.112653 0.0341738 -0.993047
    outer loop
      vertex -9.41778 2.52349 5.8
      vertex -13.494 3.6157 6.3
      vertex -9.23257 3.13403 5.8
    endloop
  endfacet
  facet normal -0.0267318 -0.114647 -0.993047
    outer loop
      vertex -1.90213 -9.56266 5.8
      vertex -3.6157 -13.494 6.3
      vertex -2.52349 -9.41778 5.8
    endloop
  endfacet
  facet normal -0.0115382 -0.117155 -0.993047
    outer loop
      vertex -0.913681 -13.9401 6.3
      vertex -1.82345 -13.8505 6.3
      vertex -0.63768 -9.72912 5.8
    endloop
  endfacet
  facet normal -0.0191763 -0.11615 -0.993047
    outer loop
      vertex -1.82345 -13.8505 6.3
      vertex -1.90213 -9.56266 5.8
      vertex -1.27263 -9.66659 5.8
    endloop
  endfacet
  facet normal -0.0485842 -0.10723 -0.993046
    outer loop
      vertex -3.73116 -9.00782 5.8
      vertex -6.17877 -12.5293 6.3
      vertex -4.31231 -8.74451 5.8
    endloop
  endfacet
  facet normal 0.117155 0.0115382 -0.993047
    outer loop
      vertex 13.9401 0.913681 6.3
      vertex 9.72912 0.63768 5.8
      vertex 13.8505 1.82345 6.3
    endloop
  endfacet
  facet normal 0.11615 0.0191763 -0.993047
    outer loop
      vertex 9.66659 1.27263 5.8
      vertex 9.56266 1.90213 5.8
      vertex 13.8505 1.82345 6.3
    endloop
  endfacet
  facet normal 0.112653 0.0341766 -0.993046
    outer loop
      vertex 13.494 3.6157 6.3
      vertex 9.23257 3.13403 5.8
      vertex 13.2286 4.49051 6.3
    endloop
  endfacet
  facet normal 0.107228 0.0485867 -0.993047
    outer loop
      vertex 12.9066 5.34609 6.3
      vertex 9.00782 3.73116 5.8
      vertex 12.5293 6.17877 6.3
    endloop
  endfacet
  facet normal 0.0956902 0.0685724 -0.993046
    outer loop
      vertex 8.10683 5.41681 5.8
      vertex 7.73519 5.93542 5.8
      vertex 11.0831 8.5044 6.3
    endloop
  endfacet
  facet normal 0.0910035 0.0746794 -0.993046
    outer loop
      vertex 11.0831 8.5044 6.3
      vertex 7.33044 6.42862 5.8
      vertex 10.5032 9.21106 6.3
    endloop
  endfacet
  facet normal 0.103824 0.0554899 -0.993047
    outer loop
      vertex 12.5293 6.17877 6.3
      vertex 8.44375 4.875 5.8
      vertex 12.0984 6.985 6.3
    endloop
  endfacet
  facet normal 0.103823 0.0554936 -0.993046
    outer loop
      vertex 8.74451 4.31231 5.8
      vertex 8.44375 4.875 5.8
      vertex 12.5293 6.17877 6.3
    endloop
  endfacet
  facet normal 0.0485842 0.10723 -0.993046
    outer loop
      vertex 4.31231 8.74451 5.8
      vertex 3.73116 9.00782 5.8
      vertex 6.17877 12.5293 6.3
    endloop
  endfacet
  facet normal 0.0414657 0.110178 -0.993047
    outer loop
      vertex 5.34609 12.9066 6.3
      vertex 3.73116 9.00782 5.8
      vertex 4.49051 13.2286 6.3
    endloop
  endfacet
  facet normal 0.062166 0.0999708 -0.993046
    outer loop
      vertex 5.41681 8.10683 5.8
      vertex 4.875 8.44375 5.8
      vertex 7.76132 11.6156 6.3
    endloop
  endfacet
  facet normal -0.0485842 0.10723 -0.993046
    outer loop
      vertex -4.31231 8.74451 5.8
      vertex -6.17877 12.5293 6.3
      vertex -3.73116 9.00782 5.8
    endloop
  endfacet
  facet normal -0.0485867 0.107228 -0.993047
    outer loop
      vertex -3.73116 9.00782 5.8
      vertex -6.17877 12.5293 6.3
      vertex -5.34609 12.9066 6.3
    endloop
  endfacet
  facet normal -0.0685726 0.09569 -0.993046
    outer loop
      vertex -5.41681 8.10683 5.8
      vertex -8.5044 11.0831 6.3
      vertex -7.76132 11.6156 6.3
    endloop
  endfacet
  facet normal -0.062166 0.0999708 -0.993046
    outer loop
      vertex -5.41681 8.10683 5.8
      vertex -7.76132 11.6156 6.3
      vertex -4.875 8.44375 5.8
    endloop
  endfacet
  facet normal 0.11615 0.0191746 -0.993047
    outer loop
      vertex 13.8505 1.82345 6.3
      vertex 9.56266 1.90213 5.8
      vertex 13.7016 2.72541 6.3
    endloop
  endfacet
  facet normal 0.117156 0.0115375 -0.993047
    outer loop
      vertex 9.72912 0.63768 5.8
      vertex 9.66659 1.27263 5.8
      vertex 13.8505 1.82345 6.3
    endloop
  endfacet
  facet normal 0.112653 0.0341738 -0.993047
    outer loop
      vertex 9.41778 2.52349 5.8
      vertex 9.23257 3.13403 5.8
      vertex 13.494 3.6157 6.3
    endloop
  endfacet
  facet normal 0.114647 0.0267318 -0.993047
    outer loop
      vertex 9.56266 1.90213 5.8
      vertex 9.41778 2.52349 5.8
      vertex 13.494 3.6157 6.3
    endloop
  endfacet
  facet normal 0.0999708 0.062166 -0.993046
    outer loop
      vertex 8.44375 4.875 5.8
      vertex 8.10683 5.41681 5.8
      vertex 11.6156 7.76132 6.3
    endloop
  endfacet
  facet normal 0.999465 0.0327073 0
    outer loop
      vertex 13.97 0 7.3
      vertex 13.9401 0.913681 6.3
      vertex 13.9401 0.913681 7.3
    endloop
  endfacet
  facet normal 0.999465 0.0327073 0
    outer loop
      vertex 13.9401 0.913681 6.3
      vertex 13.97 0 7.3
      vertex 13.97 0 6.3
    endloop
  endfacet
  facet normal -0.999465 0.0327073 0
    outer loop
      vertex -13.97 0 6.3
      vertex -13.9401 0.913681 7.3
      vertex -13.9401 0.913681 6.3
    endloop
  endfacet
  facet normal -0.999465 0.0327073 0
    outer loop
      vertex -13.9401 0.913681 7.3
      vertex -13.97 0 6.3
      vertex -13.97 0 7.3
    endloop
  endfacet
  facet normal 0.0327073 0.999465 -0
    outer loop
      vertex 0.913681 13.9401 6.3
      vertex 0 13.97 7.3
      vertex 0.913681 13.9401 7.3
    endloop
  endfacet
  facet normal 0.0327073 0.999465 0
    outer loop
      vertex 0 13.97 7.3
      vertex 0.913681 13.9401 6.3
      vertex 0 13.97 6.3
    endloop
  endfacet
  facet normal -0.0327073 -0.999465 0
    outer loop
      vertex -0.913681 -13.9401 6.3
      vertex 0 -13.97 7.3
      vertex -0.913681 -13.9401 7.3
    endloop
  endfacet
  facet normal -0.0327073 -0.999465 -0
    outer loop
      vertex 0 -13.97 7.3
      vertex -0.913681 -13.9401 6.3
      vertex 0 -13.97 6.3
    endloop
  endfacet
  facet normal 0.729864 0.683592 0
    outer loop
      vertex 10.5032 9.21106 7.3
      vertex 9.87828 9.87828 6.3
      vertex 9.87828 9.87828 7.3
    endloop
  endfacet
  facet normal 0.729864 0.683592 0
    outer loop
      vertex 9.87828 9.87828 6.3
      vertex 10.5032 9.21106 7.3
      vertex 10.5032 9.21106 6.3
    endloop
  endfacet
  facet normal -0.683592 0.729864 0
    outer loop
      vertex -9.21106 10.5032 6.3
      vertex -9.87828 9.87828 7.3
      vertex -9.21106 10.5032 7.3
    endloop
  endfacet
  facet normal -0.683592 0.729864 0
    outer loop
      vertex -9.87828 9.87828 7.3
      vertex -9.21106 10.5032 6.3
      vertex -9.87828 9.87828 6.3
    endloop
  endfacet
  facet normal -0.352233 0.935912 0
    outer loop
      vertex -4.49051 13.2286 6.3
      vertex -5.34609 12.9066 7.3
      vertex -4.49051 13.2286 7.3
    endloop
  endfacet
  facet normal -0.352233 0.935912 0
    outer loop
      vertex -5.34609 12.9066 7.3
      vertex -4.49051 13.2286 6.3
      vertex -5.34609 12.9066 6.3
    endloop
  endfacet
  facet normal 0.910857 0.412723 0
    outer loop
      vertex 12.9066 5.34609 7.3
      vertex 12.5293 6.17877 6.3
      vertex 12.5293 6.17877 7.3
    endloop
  endfacet
  facet normal 0.910857 0.412723 0
    outer loop
      vertex 12.5293 6.17877 6.3
      vertex 12.9066 5.34609 7.3
      vertex 12.9066 5.34609 6.3
    endloop
  endfacet
  facet normal 0.412723 0.910857 -0
    outer loop
      vertex 6.17877 12.5293 6.3
      vertex 5.34609 12.9066 7.3
      vertex 6.17877 12.5293 7.3
    endloop
  endfacet
  facet normal 0.412723 0.910857 0
    outer loop
      vertex 5.34609 12.9066 7.3
      vertex 6.17877 12.5293 6.3
      vertex 5.34609 12.9066 6.3
    endloop
  endfacet
  facet normal 0.58249 0.812838 -0
    outer loop
      vertex 8.5044 11.0831 6.3
      vertex 7.76132 11.6156 7.3
      vertex 8.5044 11.0831 7.3
    endloop
  endfacet
  facet normal 0.58249 0.812838 0
    outer loop
      vertex 7.76132 11.6156 7.3
      vertex 8.5044 11.0831 6.3
      vertex 7.76132 11.6156 6.3
    endloop
  endfacet
  facet normal -0.910857 0.412723 0
    outer loop
      vertex -12.9066 5.34609 6.3
      vertex -12.5293 6.17877 7.3
      vertex -12.5293 6.17877 6.3
    endloop
  endfacet
  facet normal -0.910857 0.412723 0
    outer loop
      vertex -12.5293 6.17877 7.3
      vertex -12.9066 5.34609 6.3
      vertex -12.9066 5.34609 7.3
    endloop
  endfacet
  facet normal -0.16288 0.986646 0
    outer loop
      vertex -1.82345 13.8505 6.3
      vertex -2.72541 13.7016 7.3
      vertex -1.82345 13.8505 7.3
    endloop
  endfacet
  facet normal -0.16288 0.986646 0
    outer loop
      vertex -2.72541 13.7016 7.3
      vertex -1.82345 13.8505 6.3
      vertex -2.72541 13.7016 6.3
    endloop
  endfacet
  facet normal 0.973874 0.22709 0
    outer loop
      vertex 13.7016 2.72541 7.3
      vertex 13.494 3.6157 6.3
      vertex 13.494 3.6157 7.3
    endloop
  endfacet
  facet normal 0.973874 0.22709 0
    outer loop
      vertex 13.494 3.6157 6.3
      vertex 13.7016 2.72541 7.3
      vertex 13.7016 2.72541 6.3
    endloop
  endfacet
  facet normal 0.995185 0.0980123 0
    outer loop
      vertex 13.9401 0.913681 7.3
      vertex 13.8505 1.82345 6.3
      vertex 13.8505 1.82345 7.3
    endloop
  endfacet
  facet normal 0.995185 0.0980123 0
    outer loop
      vertex 13.8505 1.82345 6.3
      vertex 13.9401 0.913681 7.3
      vertex 13.9401 0.913681 6.3
    endloop
  endfacet
  facet normal 0.956931 0.290314 0
    outer loop
      vertex 13.494 3.6157 7.3
      vertex 13.2286 4.49051 6.3
      vertex 13.2286 4.49051 7.3
    endloop
  endfacet
  facet normal 0.956931 0.290314 0
    outer loop
      vertex 13.2286 4.49051 6.3
      vertex 13.494 3.6157 7.3
      vertex 13.494 3.6157 6.3
    endloop
  endfacet
  facet normal 0.812838 0.58249 0
    outer loop
      vertex 11.6156 7.76132 7.3
      vertex 11.0831 8.5044 6.3
      vertex 11.0831 8.5044 7.3
    endloop
  endfacet
  facet normal 0.812838 0.58249 0
    outer loop
      vertex 11.0831 8.5044 6.3
      vertex 11.6156 7.76132 7.3
      vertex 11.6156 7.76132 6.3
    endloop
  endfacet
  facet normal 0.773032 0.634367 0
    outer loop
      vertex 11.0831 8.5044 7.3
      vertex 10.5032 9.21106 6.3
      vertex 10.5032 9.21106 7.3
    endloop
  endfacet
  facet normal 0.773032 0.634367 0
    outer loop
      vertex 10.5032 9.21106 6.3
      vertex 11.0831 8.5044 7.3
      vertex 11.0831 8.5044 6.3
    endloop
  endfacet
  facet normal 0.849176 0.52811 0
    outer loop
      vertex 12.0984 6.985 7.3
      vertex 11.6156 7.76132 6.3
      vertex 11.6156 7.76132 7.3
    endloop
  endfacet
  facet normal 0.849176 0.52811 0
    outer loop
      vertex 11.6156 7.76132 6.3
      vertex 12.0984 6.985 7.3
      vertex 12.0984 6.985 6.3
    endloop
  endfacet
  facet normal 0.22709 0.973874 -0
    outer loop
      vertex 3.6157 13.494 6.3
      vertex 2.72541 13.7016 7.3
      vertex 3.6157 13.494 7.3
    endloop
  endfacet
  facet normal 0.22709 0.973874 0
    outer loop
      vertex 2.72541 13.7016 7.3
      vertex 3.6157 13.494 6.3
      vertex 2.72541 13.7016 6.3
    endloop
  endfacet
  facet normal 0.352233 0.935912 -0
    outer loop
      vertex 5.34609 12.9066 6.3
      vertex 4.49051 13.2286 7.3
      vertex 5.34609 12.9066 7.3
    endloop
  endfacet
  facet normal 0.352233 0.935912 0
    outer loop
      vertex 4.49051 13.2286 7.3
      vertex 5.34609 12.9066 6.3
      vertex 4.49051 13.2286 6.3
    endloop
  endfacet
  facet normal 0.16288 0.986646 -0
    outer loop
      vertex 2.72541 13.7016 6.3
      vertex 1.82345 13.8505 7.3
      vertex 2.72541 13.7016 7.3
    endloop
  endfacet
  facet normal 0.16288 0.986646 0
    outer loop
      vertex 1.82345 13.8505 7.3
      vertex 2.72541 13.7016 6.3
      vertex 1.82345 13.8505 6.3
    endloop
  endfacet
  facet normal 0.634367 0.773032 -0
    outer loop
      vertex 9.21106 10.5032 6.3
      vertex 8.5044 11.0831 7.3
      vertex 9.21106 10.5032 7.3
    endloop
  endfacet
  facet normal 0.634367 0.773032 0
    outer loop
      vertex 8.5044 11.0831 7.3
      vertex 9.21106 10.5032 6.3
      vertex 8.5044 11.0831 6.3
    endloop
  endfacet
  facet normal -0.973874 0.22709 0
    outer loop
      vertex -13.7016 2.72541 6.3
      vertex -13.494 3.6157 7.3
      vertex -13.494 3.6157 6.3
    endloop
  endfacet
  facet normal -0.973874 0.22709 0
    outer loop
      vertex -13.494 3.6157 7.3
      vertex -13.7016 2.72541 6.3
      vertex -13.7016 2.72541 7.3
    endloop
  endfacet
  facet normal -0.812838 0.58249 0
    outer loop
      vertex -11.6156 7.76132 6.3
      vertex -11.0831 8.5044 7.3
      vertex -11.0831 8.5044 6.3
    endloop
  endfacet
  facet normal -0.812838 0.58249 0
    outer loop
      vertex -11.0831 8.5044 7.3
      vertex -11.6156 7.76132 6.3
      vertex -11.6156 7.76132 7.3
    endloop
  endfacet
  facet normal -0.935912 0.352233 0
    outer loop
      vertex -13.2286 4.49051 6.3
      vertex -12.9066 5.34609 7.3
      vertex -12.9066 5.34609 6.3
    endloop
  endfacet
  facet normal -0.935912 0.352233 0
    outer loop
      vertex -12.9066 5.34609 7.3
      vertex -13.2286 4.49051 6.3
      vertex -13.2286 4.49051 7.3
    endloop
  endfacet
  facet normal -0.986646 0.16288 0
    outer loop
      vertex -13.8505 1.82345 6.3
      vertex -13.7016 2.72541 7.3
      vertex -13.7016 2.72541 6.3
    endloop
  endfacet
  facet normal -0.986646 0.16288 0
    outer loop
      vertex -13.7016 2.72541 7.3
      vertex -13.8505 1.82345 6.3
      vertex -13.8505 1.82345 7.3
    endloop
  endfacet
  facet normal -0.52811 0.849176 0
    outer loop
      vertex -6.985 12.0984 6.3
      vertex -7.76132 11.6156 7.3
      vertex -6.985 12.0984 7.3
    endloop
  endfacet
  facet normal -0.52811 0.849176 0
    outer loop
      vertex -7.76132 11.6156 7.3
      vertex -6.985 12.0984 6.3
      vertex -7.76132 11.6156 6.3
    endloop
  endfacet
  facet normal -0.412723 0.910857 0
    outer loop
      vertex -5.34609 12.9066 6.3
      vertex -6.17877 12.5293 7.3
      vertex -5.34609 12.9066 7.3
    endloop
  endfacet
  facet normal -0.412723 0.910857 0
    outer loop
      vertex -6.17877 12.5293 7.3
      vertex -5.34609 12.9066 6.3
      vertex -6.17877 12.5293 6.3
    endloop
  endfacet
  facet normal -0.58249 0.812838 0
    outer loop
      vertex -7.76132 11.6156 6.3
      vertex -8.5044 11.0831 7.3
      vertex -7.76132 11.6156 7.3
    endloop
  endfacet
  facet normal -0.58249 0.812838 0
    outer loop
      vertex -8.5044 11.0831 7.3
      vertex -7.76132 11.6156 6.3
      vertex -8.5044 11.0831 6.3
    endloop
  endfacet
  facet normal -0.0980123 0.995185 0
    outer loop
      vertex -0.913681 13.9401 6.3
      vertex -1.82345 13.8505 7.3
      vertex -0.913681 13.9401 7.3
    endloop
  endfacet
  facet normal -0.0980123 0.995185 0
    outer loop
      vertex -1.82345 13.8505 7.3
      vertex -0.913681 13.9401 6.3
      vertex -1.82345 13.8505 6.3
    endloop
  endfacet
  facet normal 0.58249 -0.812838 0
    outer loop
      vertex 7.76132 -11.6156 6.3
      vertex 8.5044 -11.0831 7.3
      vertex 7.76132 -11.6156 7.3
    endloop
  endfacet
  facet normal 0.58249 -0.812838 0
    outer loop
      vertex 8.5044 -11.0831 7.3
      vertex 7.76132 -11.6156 6.3
      vertex 8.5044 -11.0831 6.3
    endloop
  endfacet
  facet normal 0.412723 -0.910857 0
    outer loop
      vertex 5.34609 -12.9066 6.3
      vertex 6.17877 -12.5293 7.3
      vertex 5.34609 -12.9066 7.3
    endloop
  endfacet
  facet normal 0.412723 -0.910857 0
    outer loop
      vertex 6.17877 -12.5293 7.3
      vertex 5.34609 -12.9066 6.3
      vertex 6.17877 -12.5293 6.3
    endloop
  endfacet
  facet normal 0.881939 -0.471364 0
    outer loop
      vertex 12.0984 -6.985 7.3
      vertex 12.5293 -6.17877 6.3
      vertex 12.5293 -6.17877 7.3
    endloop
  endfacet
  facet normal 0.881939 -0.471364 0
    outer loop
      vertex 12.5293 -6.17877 6.3
      vertex 12.0984 -6.985 7.3
      vertex 12.0984 -6.985 6.3
    endloop
  endfacet
  facet normal 0.995185 -0.0980123 0
    outer loop
      vertex 13.8505 -1.82345 7.3
      vertex 13.9401 -0.913681 6.3
      vertex 13.9401 -0.913681 7.3
    endloop
  endfacet
  facet normal 0.995185 -0.0980123 0
    outer loop
      vertex 13.9401 -0.913681 6.3
      vertex 13.8505 -1.82345 7.3
      vertex 13.8505 -1.82345 6.3
    endloop
  endfacet
  facet normal -0.352233 -0.935912 0
    outer loop
      vertex -5.34609 -12.9066 6.3
      vertex -4.49051 -13.2286 7.3
      vertex -5.34609 -12.9066 7.3
    endloop
  endfacet
  facet normal -0.352233 -0.935912 -0
    outer loop
      vertex -4.49051 -13.2286 7.3
      vertex -5.34609 -12.9066 6.3
      vertex -4.49051 -13.2286 6.3
    endloop
  endfacet
  facet normal -0.16288 -0.986646 0
    outer loop
      vertex -2.72541 -13.7016 6.3
      vertex -1.82345 -13.8505 7.3
      vertex -2.72541 -13.7016 7.3
    endloop
  endfacet
  facet normal -0.16288 -0.986646 -0
    outer loop
      vertex -1.82345 -13.8505 7.3
      vertex -2.72541 -13.7016 6.3
      vertex -1.82345 -13.8505 6.3
    endloop
  endfacet
  facet normal -0.881939 -0.471364 0
    outer loop
      vertex -12.0984 -6.985 6.3
      vertex -12.5293 -6.17877 7.3
      vertex -12.5293 -6.17877 6.3
    endloop
  endfacet
  facet normal -0.881939 -0.471364 0
    outer loop
      vertex -12.5293 -6.17877 7.3
      vertex -12.0984 -6.985 6.3
      vertex -12.0984 -6.985 7.3
    endloop
  endfacet
  facet normal -0.910857 -0.412723 0
    outer loop
      vertex -12.5293 -6.17877 6.3
      vertex -12.9066 -5.34609 7.3
      vertex -12.9066 -5.34609 6.3
    endloop
  endfacet
  facet normal -0.910857 -0.412723 0
    outer loop
      vertex -12.9066 -5.34609 7.3
      vertex -12.5293 -6.17877 6.3
      vertex -12.5293 -6.17877 7.3
    endloop
  endfacet
  facet normal -0.812838 -0.58249 0
    outer loop
      vertex -11.0831 -8.5044 6.3
      vertex -11.6156 -7.76132 7.3
      vertex -11.6156 -7.76132 6.3
    endloop
  endfacet
  facet normal -0.812838 -0.58249 0
    outer loop
      vertex -11.6156 -7.76132 7.3
      vertex -11.0831 -8.5044 6.3
      vertex -11.0831 -8.5044 7.3
    endloop
  endfacet
  facet normal -0.729864 -0.683592 0
    outer loop
      vertex -9.87828 -9.87828 6.3
      vertex -10.5032 -9.21106 7.3
      vertex -10.5032 -9.21106 6.3
    endloop
  endfacet
  facet normal -0.729864 -0.683592 0
    outer loop
      vertex -10.5032 -9.21106 7.3
      vertex -9.87828 -9.87828 6.3
      vertex -9.87828 -9.87828 7.3
    endloop
  endfacet
  facet normal -0.999465 -0.0327073 0
    outer loop
      vertex -13.9401 -0.913681 6.3
      vertex -13.97 0 7.3
      vertex -13.97 0 6.3
    endloop
  endfacet
  facet normal -0.999465 -0.0327073 0
    outer loop
      vertex -13.97 0 7.3
      vertex -13.9401 -0.913681 6.3
      vertex -13.9401 -0.913681 7.3
    endloop
  endfacet
  facet normal 0.986646 0.16288 0
    outer loop
      vertex 13.8505 1.82345 7.3
      vertex 13.7016 2.72541 6.3
      vertex 13.7016 2.72541 7.3
    endloop
  endfacet
  facet normal 0.986646 0.16288 0
    outer loop
      vertex 13.7016 2.72541 6.3
      vertex 13.8505 1.82345 7.3
      vertex 13.8505 1.82345 6.3
    endloop
  endfacet
  facet normal 0.935912 0.352233 0
    outer loop
      vertex 13.2286 4.49051 7.3
      vertex 12.9066 5.34609 6.3
      vertex 12.9066 5.34609 7.3
    endloop
  endfacet
  facet normal 0.935912 0.352233 0
    outer loop
      vertex 12.9066 5.34609 6.3
      vertex 13.2286 4.49051 7.3
      vertex 13.2286 4.49051 6.3
    endloop
  endfacet
  facet normal 0.881939 0.471364 0
    outer loop
      vertex 12.5293 6.17877 7.3
      vertex 12.0984 6.985 6.3
      vertex 12.0984 6.985 7.3
    endloop
  endfacet
  facet normal 0.881939 0.471364 0
    outer loop
      vertex 12.0984 6.985 6.3
      vertex 12.5293 6.17877 7.3
      vertex 12.5293 6.17877 6.3
    endloop
  endfacet
  facet normal 0.290314 0.956931 -0
    outer loop
      vertex 4.49051 13.2286 6.3
      vertex 3.6157 13.494 7.3
      vertex 4.49051 13.2286 7.3
    endloop
  endfacet
  facet normal 0.290314 0.956931 0
    outer loop
      vertex 3.6157 13.494 7.3
      vertex 4.49051 13.2286 6.3
      vertex 3.6157 13.494 6.3
    endloop
  endfacet
  facet normal 0.0980123 0.995185 -0
    outer loop
      vertex 1.82345 13.8505 6.3
      vertex 0.913681 13.9401 7.3
      vertex 1.82345 13.8505 7.3
    endloop
  endfacet
  facet normal 0.0980123 0.995185 0
    outer loop
      vertex 0.913681 13.9401 7.3
      vertex 1.82345 13.8505 6.3
      vertex 0.913681 13.9401 6.3
    endloop
  endfacet
  facet normal 0.52811 0.849176 -0
    outer loop
      vertex 7.76132 11.6156 6.3
      vertex 6.985 12.0984 7.3
      vertex 7.76132 11.6156 7.3
    endloop
  endfacet
  facet normal 0.52811 0.849176 0
    outer loop
      vertex 6.985 12.0984 7.3
      vertex 7.76132 11.6156 6.3
      vertex 6.985 12.0984 6.3
    endloop
  endfacet
  facet normal 0.471364 0.881939 -0
    outer loop
      vertex 6.985 12.0984 6.3
      vertex 6.17877 12.5293 7.3
      vertex 6.985 12.0984 7.3
    endloop
  endfacet
  facet normal 0.471364 0.881939 0
    outer loop
      vertex 6.17877 12.5293 7.3
      vertex 6.985 12.0984 6.3
      vertex 6.17877 12.5293 6.3
    endloop
  endfacet
  facet normal 0.683592 0.729864 -0
    outer loop
      vertex 9.87828 9.87828 6.3
      vertex 9.21106 10.5032 7.3
      vertex 9.87828 9.87828 7.3
    endloop
  endfacet
  facet normal 0.683592 0.729864 0
    outer loop
      vertex 9.21106 10.5032 7.3
      vertex 9.87828 9.87828 6.3
      vertex 9.21106 10.5032 6.3
    endloop
  endfacet
  facet normal -0.773032 0.634367 0
    outer loop
      vertex -11.0831 8.5044 6.3
      vertex -10.5032 9.21106 7.3
      vertex -10.5032 9.21106 6.3
    endloop
  endfacet
  facet normal -0.773032 0.634367 0
    outer loop
      vertex -10.5032 9.21106 7.3
      vertex -11.0831 8.5044 6.3
      vertex -11.0831 8.5044 7.3
    endloop
  endfacet
  facet normal -0.729864 0.683592 0
    outer loop
      vertex -10.5032 9.21106 6.3
      vertex -9.87828 9.87828 7.3
      vertex -9.87828 9.87828 6.3
    endloop
  endfacet
  facet normal -0.729864 0.683592 0
    outer loop
      vertex -9.87828 9.87828 7.3
      vertex -10.5032 9.21106 6.3
      vertex -10.5032 9.21106 7.3
    endloop
  endfacet
  facet normal -0.881939 0.471364 0
    outer loop
      vertex -12.5293 6.17877 6.3
      vertex -12.0984 6.985 7.3
      vertex -12.0984 6.985 6.3
    endloop
  endfacet
  facet normal -0.881939 0.471364 0
    outer loop
      vertex -12.0984 6.985 7.3
      vertex -12.5293 6.17877 6.3
      vertex -12.5293 6.17877 7.3
    endloop
  endfacet
  facet normal -0.849176 0.52811 0
    outer loop
      vertex -12.0984 6.985 6.3
      vertex -11.6156 7.76132 7.3
      vertex -11.6156 7.76132 6.3
    endloop
  endfacet
  facet normal -0.849176 0.52811 0
    outer loop
      vertex -11.6156 7.76132 7.3
      vertex -12.0984 6.985 6.3
      vertex -12.0984 6.985 7.3
    endloop
  endfacet
  facet normal -0.956931 0.290314 0
    outer loop
      vertex -13.494 3.6157 6.3
      vertex -13.2286 4.49051 7.3
      vertex -13.2286 4.49051 6.3
    endloop
  endfacet
  facet normal -0.956931 0.290314 0
    outer loop
      vertex -13.2286 4.49051 7.3
      vertex -13.494 3.6157 6.3
      vertex -13.494 3.6157 7.3
    endloop
  endfacet
  facet normal -0.995185 0.0980123 0
    outer loop
      vertex -13.9401 0.913681 6.3
      vertex -13.8505 1.82345 7.3
      vertex -13.8505 1.82345 6.3
    endloop
  endfacet
  facet normal -0.995185 0.0980123 0
    outer loop
      vertex -13.8505 1.82345 7.3
      vertex -13.9401 0.913681 6.3
      vertex -13.9401 0.913681 7.3
    endloop
  endfacet
  facet normal -0.471364 0.881939 0
    outer loop
      vertex -6.17877 12.5293 6.3
      vertex -6.985 12.0984 7.3
      vertex -6.17877 12.5293 7.3
    endloop
  endfacet
  facet normal -0.471364 0.881939 0
    outer loop
      vertex -6.985 12.0984 7.3
      vertex -6.17877 12.5293 6.3
      vertex -6.985 12.0984 6.3
    endloop
  endfacet
  facet normal -0.634367 0.773032 0
    outer loop
      vertex -8.5044 11.0831 6.3
      vertex -9.21106 10.5032 7.3
      vertex -8.5044 11.0831 7.3
    endloop
  endfacet
  facet normal -0.634367 0.773032 0
    outer loop
      vertex -9.21106 10.5032 7.3
      vertex -8.5044 11.0831 6.3
      vertex -9.21106 10.5032 6.3
    endloop
  endfacet
  facet normal -0.22709 0.973874 0
    outer loop
      vertex -2.72541 13.7016 6.3
      vertex -3.6157 13.494 7.3
      vertex -2.72541 13.7016 7.3
    endloop
  endfacet
  facet normal -0.22709 0.973874 0
    outer loop
      vertex -3.6157 13.494 7.3
      vertex -2.72541 13.7016 6.3
      vertex -3.6157 13.494 6.3
    endloop
  endfacet
  facet normal -0.290314 0.956931 0
    outer loop
      vertex -3.6157 13.494 6.3
      vertex -4.49051 13.2286 7.3
      vertex -3.6157 13.494 7.3
    endloop
  endfacet
  facet normal -0.290314 0.956931 0
    outer loop
      vertex -4.49051 13.2286 7.3
      vertex -3.6157 13.494 6.3
      vertex -4.49051 13.2286 6.3
    endloop
  endfacet
  facet normal -0.0327073 0.999465 0
    outer loop
      vertex 0 13.97 6.3
      vertex -0.913681 13.9401 7.3
      vertex 0 13.97 7.3
    endloop
  endfacet
  facet normal -0.0327073 0.999465 0
    outer loop
      vertex -0.913681 13.9401 7.3
      vertex 0 13.97 6.3
      vertex -0.913681 13.9401 6.3
    endloop
  endfacet
  facet normal 0.999465 -0.0327073 0
    outer loop
      vertex 13.9401 -0.913681 7.3
      vertex 13.97 0 6.3
      vertex 13.97 0 7.3
    endloop
  endfacet
  facet normal 0.999465 -0.0327073 0
    outer loop
      vertex 13.97 0 6.3
      vertex 13.9401 -0.913681 7.3
      vertex 13.9401 -0.913681 6.3
    endloop
  endfacet
  facet normal 0.0327073 -0.999465 0
    outer loop
      vertex 0 -13.97 6.3
      vertex 0.913681 -13.9401 7.3
      vertex 0 -13.97 7.3
    endloop
  endfacet
  facet normal 0.0327073 -0.999465 0
    outer loop
      vertex 0.913681 -13.9401 7.3
      vertex 0 -13.97 6.3
      vertex 0.913681 -13.9401 6.3
    endloop
  endfacet
  facet normal 0.16288 -0.986646 0
    outer loop
      vertex 1.82345 -13.8505 6.3
      vertex 2.72541 -13.7016 7.3
      vertex 1.82345 -13.8505 7.3
    endloop
  endfacet
  facet normal 0.16288 -0.986646 0
    outer loop
      vertex 2.72541 -13.7016 7.3
      vertex 1.82345 -13.8505 6.3
      vertex 2.72541 -13.7016 6.3
    endloop
  endfacet
  facet normal 0.352233 -0.935912 0
    outer loop
      vertex 4.49051 -13.2286 6.3
      vertex 5.34609 -12.9066 7.3
      vertex 4.49051 -13.2286 7.3
    endloop
  endfacet
  facet normal 0.352233 -0.935912 0
    outer loop
      vertex 5.34609 -12.9066 7.3
      vertex 4.49051 -13.2286 6.3
      vertex 5.34609 -12.9066 6.3
    endloop
  endfacet
  facet normal 0.22709 -0.973874 0
    outer loop
      vertex 2.72541 -13.7016 6.3
      vertex 3.6157 -13.494 7.3
      vertex 2.72541 -13.7016 7.3
    endloop
  endfacet
  facet normal 0.22709 -0.973874 0
    outer loop
      vertex 3.6157 -13.494 7.3
      vertex 2.72541 -13.7016 6.3
      vertex 3.6157 -13.494 6.3
    endloop
  endfacet
  facet normal 0.634367 -0.773032 0
    outer loop
      vertex 8.5044 -11.0831 6.3
      vertex 9.21106 -10.5032 7.3
      vertex 8.5044 -11.0831 7.3
    endloop
  endfacet
  facet normal 0.634367 -0.773032 0
    outer loop
      vertex 9.21106 -10.5032 7.3
      vertex 8.5044 -11.0831 6.3
      vertex 9.21106 -10.5032 6.3
    endloop
  endfacet
  facet normal 0.471364 -0.881939 0
    outer loop
      vertex 6.17877 -12.5293 6.3
      vertex 6.985 -12.0984 7.3
      vertex 6.17877 -12.5293 7.3
    endloop
  endfacet
  facet normal 0.471364 -0.881939 0
    outer loop
      vertex 6.985 -12.0984 7.3
      vertex 6.17877 -12.5293 6.3
      vertex 6.985 -12.0984 6.3
    endloop
  endfacet
  facet normal 0.729864 -0.683592 0
    outer loop
      vertex 9.87828 -9.87828 7.3
      vertex 10.5032 -9.21106 6.3
      vertex 10.5032 -9.21106 7.3
    endloop
  endfacet
  facet normal 0.729864 -0.683592 0
    outer loop
      vertex 10.5032 -9.21106 6.3
      vertex 9.87828 -9.87828 7.3
      vertex 9.87828 -9.87828 6.3
    endloop
  endfacet
  facet normal 0.812838 -0.58249 0
    outer loop
      vertex 11.0831 -8.5044 7.3
      vertex 11.6156 -7.76132 6.3
      vertex 11.6156 -7.76132 7.3
    endloop
  endfacet
  facet normal 0.812838 -0.58249 0
    outer loop
      vertex 11.6156 -7.76132 6.3
      vertex 11.0831 -8.5044 7.3
      vertex 11.0831 -8.5044 6.3
    endloop
  endfacet
  facet normal 0.910857 -0.412723 0
    outer loop
      vertex 12.5293 -6.17877 7.3
      vertex 12.9066 -5.34609 6.3
      vertex 12.9066 -5.34609 7.3
    endloop
  endfacet
  facet normal 0.910857 -0.412723 0
    outer loop
      vertex 12.9066 -5.34609 6.3
      vertex 12.5293 -6.17877 7.3
      vertex 12.5293 -6.17877 6.3
    endloop
  endfacet
  facet normal 0.956931 -0.290314 0
    outer loop
      vertex 13.2286 -4.49051 7.3
      vertex 13.494 -3.6157 6.3
      vertex 13.494 -3.6157 7.3
    endloop
  endfacet
  facet normal 0.956931 -0.290314 0
    outer loop
      vertex 13.494 -3.6157 6.3
      vertex 13.2286 -4.49051 7.3
      vertex 13.2286 -4.49051 6.3
    endloop
  endfacet
  facet normal 0.986646 -0.16288 0
    outer loop
      vertex 13.7016 -2.72541 7.3
      vertex 13.8505 -1.82345 6.3
      vertex 13.8505 -1.82345 7.3
    endloop
  endfacet
  facet normal 0.986646 -0.16288 0
    outer loop
      vertex 13.8505 -1.82345 6.3
      vertex 13.7016 -2.72541 7.3
      vertex 13.7016 -2.72541 6.3
    endloop
  endfacet
  facet normal -0.683592 -0.729864 0
    outer loop
      vertex -9.87828 -9.87828 6.3
      vertex -9.21106 -10.5032 7.3
      vertex -9.87828 -9.87828 7.3
    endloop
  endfacet
  facet normal -0.683592 -0.729864 -0
    outer loop
      vertex -9.21106 -10.5032 7.3
      vertex -9.87828 -9.87828 6.3
      vertex -9.21106 -10.5032 6.3
    endloop
  endfacet
  facet normal -0.58249 -0.812838 0
    outer loop
      vertex -8.5044 -11.0831 6.3
      vertex -7.76132 -11.6156 7.3
      vertex -8.5044 -11.0831 7.3
    endloop
  endfacet
  facet normal -0.58249 -0.812838 -0
    outer loop
      vertex -7.76132 -11.6156 7.3
      vertex -8.5044 -11.0831 6.3
      vertex -7.76132 -11.6156 6.3
    endloop
  endfacet
  facet normal -0.412723 -0.910857 0
    outer loop
      vertex -6.17877 -12.5293 6.3
      vertex -5.34609 -12.9066 7.3
      vertex -6.17877 -12.5293 7.3
    endloop
  endfacet
  facet normal -0.412723 -0.910857 -0
    outer loop
      vertex -5.34609 -12.9066 7.3
      vertex -6.17877 -12.5293 6.3
      vertex -5.34609 -12.9066 6.3
    endloop
  endfacet
  facet normal -0.52811 -0.849176 0
    outer loop
      vertex -7.76132 -11.6156 6.3
      vertex -6.985 -12.0984 7.3
      vertex -7.76132 -11.6156 7.3
    endloop
  endfacet
  facet normal -0.52811 -0.849176 -0
    outer loop
      vertex -6.985 -12.0984 7.3
      vertex -7.76132 -11.6156 6.3
      vertex -6.985 -12.0984 6.3
    endloop
  endfacet
  facet normal -0.290314 -0.956931 0
    outer loop
      vertex -4.49051 -13.2286 6.3
      vertex -3.6157 -13.494 7.3
      vertex -4.49051 -13.2286 7.3
    endloop
  endfacet
  facet normal -0.290314 -0.956931 -0
    outer loop
      vertex -3.6157 -13.494 7.3
      vertex -4.49051 -13.2286 6.3
      vertex -3.6157 -13.494 6.3
    endloop
  endfacet
  facet normal -0.0980123 -0.995185 0
    outer loop
      vertex -1.82345 -13.8505 6.3
      vertex -0.913681 -13.9401 7.3
      vertex -1.82345 -13.8505 7.3
    endloop
  endfacet
  facet normal -0.0980123 -0.995185 -0
    outer loop
      vertex -0.913681 -13.9401 7.3
      vertex -1.82345 -13.8505 6.3
      vertex -0.913681 -13.9401 6.3
    endloop
  endfacet
  facet normal -0.773032 -0.634367 0
    outer loop
      vertex -10.5032 -9.21106 6.3
      vertex -11.0831 -8.5044 7.3
      vertex -11.0831 -8.5044 6.3
    endloop
  endfacet
  facet normal -0.773032 -0.634367 0
    outer loop
      vertex -11.0831 -8.5044 7.3
      vertex -10.5032 -9.21106 6.3
      vertex -10.5032 -9.21106 7.3
    endloop
  endfacet
  facet normal -0.935912 -0.352233 0
    outer loop
      vertex -12.9066 -5.34609 6.3
      vertex -13.2286 -4.49051 7.3
      vertex -13.2286 -4.49051 6.3
    endloop
  endfacet
  facet normal -0.935912 -0.352233 0
    outer loop
      vertex -13.2286 -4.49051 7.3
      vertex -12.9066 -5.34609 6.3
      vertex -12.9066 -5.34609 7.3
    endloop
  endfacet
  facet normal -0.973874 -0.22709 0
    outer loop
      vertex -13.494 -3.6157 6.3
      vertex -13.7016 -2.72541 7.3
      vertex -13.7016 -2.72541 6.3
    endloop
  endfacet
  facet normal -0.973874 -0.22709 0
    outer loop
      vertex -13.7016 -2.72541 7.3
      vertex -13.494 -3.6157 6.3
      vertex -13.494 -3.6157 7.3
    endloop
  endfacet
  facet normal -0.956931 -0.290314 0
    outer loop
      vertex -13.2286 -4.49051 6.3
      vertex -13.494 -3.6157 7.3
      vertex -13.494 -3.6157 6.3
    endloop
  endfacet
  facet normal -0.956931 -0.290314 0
    outer loop
      vertex -13.494 -3.6157 7.3
      vertex -13.2286 -4.49051 6.3
      vertex -13.2286 -4.49051 7.3
    endloop
  endfacet
  facet normal -0.986646 -0.16288 0
    outer loop
      vertex -13.7016 -2.72541 6.3
      vertex -13.8505 -1.82345 7.3
      vertex -13.8505 -1.82345 6.3
    endloop
  endfacet
  facet normal -0.986646 -0.16288 0
    outer loop
      vertex -13.8505 -1.82345 7.3
      vertex -13.7016 -2.72541 6.3
      vertex -13.7016 -2.72541 7.3
    endloop
  endfacet
  facet normal 0.0980123 -0.995185 0
    outer loop
      vertex 0.913681 -13.9401 6.3
      vertex 1.82345 -13.8505 7.3
      vertex 0.913681 -13.9401 7.3
    endloop
  endfacet
  facet normal 0.0980123 -0.995185 0
    outer loop
      vertex 1.82345 -13.8505 7.3
      vertex 0.913681 -13.9401 6.3
      vertex 1.82345 -13.8505 6.3
    endloop
  endfacet
  facet normal 0.290314 -0.956931 0
    outer loop
      vertex 3.6157 -13.494 6.3
      vertex 4.49051 -13.2286 7.3
      vertex 3.6157 -13.494 7.3
    endloop
  endfacet
  facet normal 0.290314 -0.956931 0
    outer loop
      vertex 4.49051 -13.2286 7.3
      vertex 3.6157 -13.494 6.3
      vertex 4.49051 -13.2286 6.3
    endloop
  endfacet
  facet normal 0.683592 -0.729864 0
    outer loop
      vertex 9.21106 -10.5032 6.3
      vertex 9.87828 -9.87828 7.3
      vertex 9.21106 -10.5032 7.3
    endloop
  endfacet
  facet normal 0.683592 -0.729864 0
    outer loop
      vertex 9.87828 -9.87828 7.3
      vertex 9.21106 -10.5032 6.3
      vertex 9.87828 -9.87828 6.3
    endloop
  endfacet
  facet normal 0.52811 -0.849176 0
    outer loop
      vertex 6.985 -12.0984 6.3
      vertex 7.76132 -11.6156 7.3
      vertex 6.985 -12.0984 7.3
    endloop
  endfacet
  facet normal 0.52811 -0.849176 0
    outer loop
      vertex 7.76132 -11.6156 7.3
      vertex 6.985 -12.0984 6.3
      vertex 7.76132 -11.6156 6.3
    endloop
  endfacet
  facet normal 0.773032 -0.634367 0
    outer loop
      vertex 10.5032 -9.21106 7.3
      vertex 11.0831 -8.5044 6.3
      vertex 11.0831 -8.5044 7.3
    endloop
  endfacet
  facet normal 0.773032 -0.634367 0
    outer loop
      vertex 11.0831 -8.5044 6.3
      vertex 10.5032 -9.21106 7.3
      vertex 10.5032 -9.21106 6.3
    endloop
  endfacet
  facet normal 0.849176 -0.52811 0
    outer loop
      vertex 11.6156 -7.76132 7.3
      vertex 12.0984 -6.985 6.3
      vertex 12.0984 -6.985 7.3
    endloop
  endfacet
  facet normal 0.849176 -0.52811 0
    outer loop
      vertex 12.0984 -6.985 6.3
      vertex 11.6156 -7.76132 7.3
      vertex 11.6156 -7.76132 6.3
    endloop
  endfacet
  facet normal 0.935912 -0.352233 0
    outer loop
      vertex 12.9066 -5.34609 7.3
      vertex 13.2286 -4.49051 6.3
      vertex 13.2286 -4.49051 7.3
    endloop
  endfacet
  facet normal 0.935912 -0.352233 0
    outer loop
      vertex 13.2286 -4.49051 6.3
      vertex 12.9066 -5.34609 7.3
      vertex 12.9066 -5.34609 6.3
    endloop
  endfacet
  facet normal 0.973874 -0.22709 0
    outer loop
      vertex 13.494 -3.6157 7.3
      vertex 13.7016 -2.72541 6.3
      vertex 13.7016 -2.72541 7.3
    endloop
  endfacet
  facet normal 0.973874 -0.22709 0
    outer loop
      vertex 13.7016 -2.72541 6.3
      vertex 13.494 -3.6157 7.3
      vertex 13.494 -3.6157 6.3
    endloop
  endfacet
  facet normal -0.634367 -0.773032 0
    outer loop
      vertex -9.21106 -10.5032 6.3
      vertex -8.5044 -11.0831 7.3
      vertex -9.21106 -10.5032 7.3
    endloop
  endfacet
  facet normal -0.634367 -0.773032 -0
    outer loop
      vertex -8.5044 -11.0831 7.3
      vertex -9.21106 -10.5032 6.3
      vertex -8.5044 -11.0831 6.3
    endloop
  endfacet
  facet normal -0.471364 -0.881939 0
    outer loop
      vertex -6.985 -12.0984 6.3
      vertex -6.17877 -12.5293 7.3
      vertex -6.985 -12.0984 7.3
    endloop
  endfacet
  facet normal -0.471364 -0.881939 -0
    outer loop
      vertex -6.17877 -12.5293 7.3
      vertex -6.985 -12.0984 6.3
      vertex -6.17877 -12.5293 6.3
    endloop
  endfacet
  facet normal -0.22709 -0.973874 0
    outer loop
      vertex -3.6157 -13.494 6.3
      vertex -2.72541 -13.7016 7.3
      vertex -3.6157 -13.494 7.3
    endloop
  endfacet
  facet normal -0.22709 -0.973874 -0
    outer loop
      vertex -2.72541 -13.7016 7.3
      vertex -3.6157 -13.494 6.3
      vertex -2.72541 -13.7016 6.3
    endloop
  endfacet
  facet normal -0.849176 -0.52811 0
    outer loop
      vertex -11.6156 -7.76132 6.3
      vertex -12.0984 -6.985 7.3
      vertex -12.0984 -6.985 6.3
    endloop
  endfacet
  facet normal -0.849176 -0.52811 0
    outer loop
      vertex -12.0984 -6.985 7.3
      vertex -11.6156 -7.76132 6.3
      vertex -11.6156 -7.76132 7.3
    endloop
  endfacet
  facet normal -0.995185 -0.0980123 0
    outer loop
      vertex -13.8505 -1.82345 6.3
      vertex -13.9401 -0.913681 7.3
      vertex -13.9401 -0.913681 6.3
    endloop
  endfacet
  facet normal -0.995185 -0.0980123 0
    outer loop
      vertex -13.9401 -0.913681 7.3
      vertex -13.8505 -1.82345 6.3
      vertex -13.8505 -1.82345 7.3
    endloop
  endfacet
  facet normal 0.0801271 0.00262214 0.996781
    outer loop
      vertex 13.9401 0.913681 7.3
      vertex 7.75 0 7.8
      vertex 13.97 0 7.3
    endloop
  endfacet
  facet normal 0.0797839 0.00785764 0.996781
    outer loop
      vertex 13.8505 1.82345 7.3
      vertex 7.73341 0.506874 7.8
      vertex 13.9401 0.913681 7.3
    endloop
  endfacet
  facet normal -0.0619741 0.0508573 0.996781
    outer loop
      vertex -10.5032 9.21106 7.3
      vertex -11.0831 8.5044 7.3
      vertex -5.82676 5.10993 7.8
    endloop
  endfacet
  facet normal -0.0585136 0.0548034 0.996781
    outer loop
      vertex -5.48008 5.48008 7.8
      vertex -9.87828 9.87828 7.3
      vertex -5.82676 5.10993 7.8
    endloop
  endfacet
  facet normal -0.0801271 0.00262214 0.996781
    outer loop
      vertex -13.9401 0.913681 7.3
      vertex -13.97 0 7.3
      vertex -7.75 0 7.8
    endloop
  endfacet
  facet normal -0.0750322 -0.0282386 0.996781
    outer loop
      vertex -7.16007 -2.9658 7.8
      vertex -13.2286 -4.49051 7.3
      vertex -12.9066 -5.34609 7.3
    endloop
  endfacet
  facet normal 0.0548034 -0.0585136 0.996781
    outer loop
      vertex 5.48008 -5.48008 7.8
      vertex 5.10993 -5.82676 7.8
      vertex 9.87828 -9.87828 7.3
    endloop
  endfacet
  facet normal 0.0680784 0.0423385 0.996781
    outer loop
      vertex 11.6156 7.76132 7.3
      vertex 6.7117 3.875 7.8
      vertex 12.0984 6.985 7.3
    endloop
  endfacet
  facet normal 0.0797838 -0.00785815 0.996781
    outer loop
      vertex 7.73341 -0.506874 7.8
      vertex 7.6837 -1.01158 7.8
      vertex 13.8505 -1.82345 7.3
    endloop
  endfacet
  facet normal -0.0730236 0.0330878 0.996781
    outer loop
      vertex -6.95076 3.42774 7.8
      vertex -12.9066 5.34609 7.3
      vertex -7.16007 2.9658 7.8
    endloop
  endfacet
  facet normal -0.0790992 0.0130581 0.996781
    outer loop
      vertex -13.7016 2.72541 7.3
      vertex -13.8505 1.82345 7.3
      vertex -7.60109 1.51195 7.8
    endloop
  endfacet
  facet normal -0.0508573 -0.0619741 0.996781
    outer loop
      vertex -5.10993 -5.82676 7.8
      vertex -9.21106 -10.5032 7.3
      vertex -8.5044 -11.0831 7.3
    endloop
  endfacet
  facet normal 0.0282386 0.0750322 0.996781
    outer loop
      vertex 4.49051 13.2286 7.3
      vertex 2.9658 7.16007 7.8
      vertex 5.34609 12.9066 7.3
    endloop
  endfacet
  facet normal -0.0330878 0.0730236 0.996781
    outer loop
      vertex -2.9658 7.16007 7.8
      vertex -5.34609 12.9066 7.3
      vertex -3.42774 6.95076 7.8
    endloop
  endfacet
  facet normal 0.0780752 0.0182058 0.996781
    outer loop
      vertex 13.494 3.6157 7.3
      vertex 7.60109 1.51195 7.8
      vertex 13.7016 2.72541 7.3
    endloop
  endfacet
  facet normal 0.0797838 0.00785815 0.996781
    outer loop
      vertex 13.8505 1.82345 7.3
      vertex 7.6837 1.01158 7.8
      vertex 7.73341 0.506874 7.8
    endloop
  endfacet
  facet normal 0.0750322 -0.0282386 0.996781
    outer loop
      vertex 13.2286 -4.49051 7.3
      vertex 7.16007 -2.9658 7.8
      vertex 12.9066 -5.34609 7.3
    endloop
  endfacet
  facet normal 0.0707049 -0.0377892 0.996781
    outer loop
      vertex 12.5293 -6.17877 7.3
      vertex 6.7117 -3.875 7.8
      vertex 12.0984 -6.985 7.3
    endloop
  endfacet
  facet normal 0.0730235 -0.033088 0.996781
    outer loop
      vertex 12.9066 -5.34609 7.3
      vertex 6.95076 -3.42774 7.8
      vertex 12.5293 -6.17877 7.3
    endloop
  endfacet
  facet normal 0.0797839 -0.00785764 0.996781
    outer loop
      vertex 13.9401 -0.913681 7.3
      vertex 7.73341 -0.506874 7.8
      vertex 13.8505 -1.82345 7.3
    endloop
  endfacet
  facet normal -0.0423385 0.0680784 0.996781
    outer loop
      vertex -6.985 12.0984 7.3
      vertex -7.76132 11.6156 7.3
      vertex -3.875 6.7117 7.8
    endloop
  endfacet
  facet normal -0.0466985 0.0651656 0.996781
    outer loop
      vertex -7.76132 11.6156 7.3
      vertex -8.5044 11.0831 7.3
      vertex -4.7179 6.14849 7.8
    endloop
  endfacet
  facet normal -0.0780752 0.0182058 0.996781
    outer loop
      vertex -13.494 3.6157 7.3
      vertex -13.7016 2.72541 7.3
      vertex -7.60109 1.51195 7.8
    endloop
  endfacet
  facet normal -0.0508595 -0.0619727 0.996781
    outer loop
      vertex -5.10993 -5.82676 7.8
      vertex -8.5044 -11.0831 7.3
      vertex -4.7179 -6.14849 7.8
    endloop
  endfacet
  facet normal -0.0730236 -0.0330878 0.996781
    outer loop
      vertex -7.16007 -2.9658 7.8
      vertex -12.9066 -5.34609 7.3
      vertex -6.95076 -3.42774 7.8
    endloop
  endfacet
  facet normal 0.00262256 -0.080127 0.996781
    outer loop
      vertex 0.506874 -7.73341 7.8
      vertex 0 -7.75 7.8
      vertex 0.913681 -13.9401 7.3
    endloop
  endfacet
  facet normal 0.0330878 -0.0730236 0.996781
    outer loop
      vertex 3.42774 -6.95076 7.8
      vertex 2.9658 -7.16007 7.8
      vertex 5.34609 -12.9066 7.3
    endloop
  endfacet
  facet normal 0.0282397 0.0750319 0.996781
    outer loop
      vertex 4.49051 13.2286 7.3
      vertex 2.49116 7.33871 7.8
      vertex 2.9658 7.16007 7.8
    endloop
  endfacet
  facet normal 0.0232712 0.0767185 0.996781
    outer loop
      vertex 4.49051 13.2286 7.3
      vertex 2.00585 7.48592 7.8
      vertex 2.49116 7.33871 7.8
    endloop
  endfacet
  facet normal 0.033088 0.0730235 0.996781
    outer loop
      vertex 5.34609 12.9066 7.3
      vertex 3.42774 6.95076 7.8
      vertex 6.17877 12.5293 7.3
    endloop
  endfacet
  facet normal -0.0182058 0.0780752 0.996781
    outer loop
      vertex -2.72541 13.7016 7.3
      vertex -3.6157 13.494 7.3
      vertex -1.51195 7.60109 7.8
    endloop
  endfacet
  facet normal -0.0130581 0.0790992 0.996781
    outer loop
      vertex -1.82345 13.8505 7.3
      vertex -2.72541 13.7016 7.3
      vertex -1.51195 7.60109 7.8
    endloop
  endfacet
  facet normal 0.0619741 0.0508573 0.996781
    outer loop
      vertex 10.5032 9.21106 7.3
      vertex 5.82676 5.10993 7.8
      vertex 11.0831 8.5044 7.3
    endloop
  endfacet
  facet normal 0.0651656 0.0466985 0.996781
    outer loop
      vertex 11.0831 8.5044 7.3
      vertex 6.14849 4.7179 7.8
      vertex 11.6156 7.76132 7.3
    endloop
  endfacet
  facet normal 0.0767185 0.0232712 0.996781
    outer loop
      vertex 13.2286 4.49051 7.3
      vertex 7.33871 2.49116 7.8
      vertex 7.48592 2.00585 7.8
    endloop
  endfacet
  facet normal 0.0730235 0.033088 0.996781
    outer loop
      vertex 12.5293 6.17877 7.3
      vertex 6.95076 3.42774 7.8
      vertex 12.9066 5.34609 7.3
    endloop
  endfacet
  facet normal 0.0730236 0.0330878 0.996781
    outer loop
      vertex 12.9066 5.34609 7.3
      vertex 6.95076 3.42774 7.8
      vertex 7.16007 2.9658 7.8
    endloop
  endfacet
  facet normal 0.0767171 0.0232744 0.996781
    outer loop
      vertex 13.2286 4.49051 7.3
      vertex 7.48592 2.00585 7.8
      vertex 13.494 3.6157 7.3
    endloop
  endfacet
  facet normal 0.0423356 -0.0680807 0.996781
    outer loop
      vertex 4.30567 -6.44389 7.8
      vertex 3.875 -6.7117 7.8
      vertex 7.76132 -11.6156 7.3
    endloop
  endfacet
  facet normal 0.0651656 -0.0466985 0.996781
    outer loop
      vertex 11.6156 -7.76132 7.3
      vertex 6.14849 -4.7179 7.8
      vertex 11.0831 -8.5044 7.3
    endloop
  endfacet
  facet normal 0.0651662 -0.0466974 0.996781
    outer loop
      vertex 6.44389 -4.30567 7.8
      vertex 6.14849 -4.7179 7.8
      vertex 11.6156 -7.76132 7.3
    endloop
  endfacet
  facet normal 0.0790992 -0.0130581 0.996781
    outer loop
      vertex 13.8505 -1.82345 7.3
      vertex 7.60109 -1.51195 7.8
      vertex 13.7016 -2.72541 7.3
    endloop
  endfacet
  facet normal 0.0780752 -0.0182058 0.996781
    outer loop
      vertex 13.7016 -2.72541 7.3
      vertex 7.60109 -1.51195 7.8
      vertex 13.494 -3.6157 7.3
    endloop
  endfacet
  facet normal 0.0801271 -0.00262214 0.996781
    outer loop
      vertex 13.97 0 7.3
      vertex 7.75 0 7.8
      vertex 13.9401 -0.913681 7.3
    endloop
  endfacet
  facet normal -0.0585132 0.0548037 0.996781
    outer loop
      vertex -9.87828 9.87828 7.3
      vertex -10.5032 9.21106 7.3
      vertex -5.82676 5.10993 7.8
    endloop
  endfacet
  facet normal -0.0423356 0.0680807 0.996781
    outer loop
      vertex -3.875 6.7117 7.8
      vertex -7.76132 11.6156 7.3
      vertex -4.30567 6.44389 7.8
    endloop
  endfacet
  facet normal -0.033088 0.0730235 0.996781
    outer loop
      vertex -5.34609 12.9066 7.3
      vertex -6.17877 12.5293 7.3
      vertex -3.42774 6.95076 7.8
    endloop
  endfacet
  facet normal -0.0548037 0.0585132 0.996781
    outer loop
      vertex -9.21106 10.5032 7.3
      vertex -9.87828 9.87828 7.3
      vertex -5.10993 5.82676 7.8
    endloop
  endfacet
  facet normal -0.0548034 0.0585136 0.996781
    outer loop
      vertex -5.10993 5.82676 7.8
      vertex -9.87828 9.87828 7.3
      vertex -5.48008 5.48008 7.8
    endloop
  endfacet
  facet normal -0.0651662 0.0466974 0.996781
    outer loop
      vertex -6.14849 4.7179 7.8
      vertex -11.6156 7.76132 7.3
      vertex -6.44389 4.30567 7.8
    endloop
  endfacet
  facet normal -0.0707049 0.0377892 0.996781
    outer loop
      vertex -12.0984 6.985 7.3
      vertex -12.5293 6.17877 7.3
      vertex -6.7117 3.875 7.8
    endloop
  endfacet
  facet normal -0.0730235 0.033088 0.996781
    outer loop
      vertex -12.5293 6.17877 7.3
      vertex -12.9066 5.34609 7.3
      vertex -6.95076 3.42774 7.8
    endloop
  endfacet
  facet normal -0.0790991 0.0130591 0.996781
    outer loop
      vertex -7.60109 1.51195 7.8
      vertex -13.8505 1.82345 7.3
      vertex -7.6837 1.01158 7.8
    endloop
  endfacet
  facet normal -0.0780752 0.0182059 0.996781
    outer loop
      vertex -7.48592 2.00585 7.8
      vertex -13.494 3.6157 7.3
      vertex -7.60109 1.51195 7.8
    endloop
  endfacet
  facet normal -0.0750322 0.0282386 0.996781
    outer loop
      vertex -12.9066 5.34609 7.3
      vertex -13.2286 4.49051 7.3
      vertex -7.16007 2.9658 7.8
    endloop
  endfacet
  facet normal -0.0797838 0.00785815 0.996781
    outer loop
      vertex -7.6837 1.01158 7.8
      vertex -13.8505 1.82345 7.3
      vertex -7.73341 0.506874 7.8
    endloop
  endfacet
  facet normal -0.033088 -0.0730235 0.996781
    outer loop
      vertex -3.42774 -6.95076 7.8
      vertex -6.17877 -12.5293 7.3
      vertex -5.34609 -12.9066 7.3
    endloop
  endfacet
  facet normal -0.0707049 -0.0377892 0.996781
    outer loop
      vertex -6.7117 -3.875 7.8
      vertex -12.5293 -6.17877 7.3
      vertex -12.0984 -6.985 7.3
    endloop
  endfacet
  facet normal -0.0767185 -0.0232712 0.996781
    outer loop
      vertex -7.48592 -2.00585 7.8
      vertex -13.2286 -4.49051 7.3
      vertex -7.33871 -2.49116 7.8
    endloop
  endfacet
  facet normal -0.0585132 -0.0548037 0.996781
    outer loop
      vertex -5.82676 -5.10993 7.8
      vertex -10.5032 -9.21106 7.3
      vertex -9.87828 -9.87828 7.3
    endloop
  endfacet
  facet normal 0.0282397 -0.0750319 0.996781
    outer loop
      vertex 2.9658 -7.16007 7.8
      vertex 2.49116 -7.33871 7.8
      vertex 4.49051 -13.2286 7.3
    endloop
  endfacet
  facet normal 0.00785815 -0.0797838 0.996781
    outer loop
      vertex 1.01158 -7.6837 7.8
      vertex 0.506874 -7.73341 7.8
      vertex 1.82345 -13.8505 7.3
    endloop
  endfacet
  facet normal -0.00262256 -0.080127 0.996781
    outer loop
      vertex -0.506874 -7.73341 7.8
      vertex -0.913681 -13.9401 7.3
      vertex 0 -7.75 7.8
    endloop
  endfacet
  facet normal -0.00785815 -0.0797838 0.996781
    outer loop
      vertex -1.01158 -7.6837 7.8
      vertex -1.82345 -13.8505 7.3
      vertex -0.506874 -7.73341 7.8
    endloop
  endfacet
  facet normal -0.0182059 -0.0780752 0.996781
    outer loop
      vertex -2.00585 -7.48592 7.8
      vertex -3.6157 -13.494 7.3
      vertex -1.51195 -7.60109 7.8
    endloop
  endfacet
  facet normal 0.0377892 -0.0707049 0.996781
    outer loop
      vertex 6.985 -12.0984 7.3
      vertex 3.875 -6.7117 7.8
      vertex 6.17877 -12.5293 7.3
    endloop
  endfacet
  facet normal -0.00262256 0.080127 0.996781
    outer loop
      vertex 0 7.75 7.8
      vertex -0.913681 13.9401 7.3
      vertex -0.506874 7.73341 7.8
    endloop
  endfacet
  facet normal 0.00785815 0.0797838 0.996781
    outer loop
      vertex 1.82345 13.8505 7.3
      vertex 0.506874 7.73341 7.8
      vertex 1.01158 7.6837 7.8
    endloop
  endfacet
  facet normal 0.0130581 0.0790992 0.996781
    outer loop
      vertex 1.82345 13.8505 7.3
      vertex 1.51195 7.60109 7.8
      vertex 2.72541 13.7016 7.3
    endloop
  endfacet
  facet normal 0.0466985 0.0651656 0.996781
    outer loop
      vertex 7.76132 11.6156 7.3
      vertex 4.7179 6.14849 7.8
      vertex 8.5044 11.0831 7.3
    endloop
  endfacet
  facet normal 0.0508595 0.0619727 0.996781
    outer loop
      vertex 8.5044 11.0831 7.3
      vertex 4.7179 6.14849 7.8
      vertex 5.10993 5.82676 7.8
    endloop
  endfacet
  facet normal 0.0423385 0.0680784 0.996781
    outer loop
      vertex 6.985 12.0984 7.3
      vertex 3.875 6.7117 7.8
      vertex 7.76132 11.6156 7.3
    endloop
  endfacet
  facet normal 0.0377913 0.0707041 0.996781
    outer loop
      vertex 6.17877 12.5293 7.3
      vertex 3.42774 6.95076 7.8
      vertex 3.875 6.7117 7.8
    endloop
  endfacet
  facet normal 0.0619727 0.0508595 0.996781
    outer loop
      vertex 11.0831 8.5044 7.3
      vertex 5.82676 5.10993 7.8
      vertex 6.14849 4.7179 7.8
    endloop
  endfacet
  facet normal -0.0282386 0.0750322 0.996781
    outer loop
      vertex -4.49051 13.2286 7.3
      vertex -5.34609 12.9066 7.3
      vertex -2.9658 7.16007 7.8
    endloop
  endfacet
  facet normal -0.0232744 0.0767171 0.996781
    outer loop
      vertex -3.6157 13.494 7.3
      vertex -4.49051 13.2286 7.3
      vertex -2.00585 7.48592 7.8
    endloop
  endfacet
  facet normal 0.0651662 0.0466974 0.996781
    outer loop
      vertex 11.6156 7.76132 7.3
      vertex 6.14849 4.7179 7.8
      vertex 6.44389 4.30567 7.8
    endloop
  endfacet
  facet normal 0.0680807 0.0423356 0.996781
    outer loop
      vertex 11.6156 7.76132 7.3
      vertex 6.44389 4.30567 7.8
      vertex 6.7117 3.875 7.8
    endloop
  endfacet
  facet normal 0.080127 0.00262256 0.996781
    outer loop
      vertex 13.9401 0.913681 7.3
      vertex 7.73341 0.506874 7.8
      vertex 7.75 0 7.8
    endloop
  endfacet
  facet normal 0.0790992 0.0130581 0.996781
    outer loop
      vertex 13.7016 2.72541 7.3
      vertex 7.60109 1.51195 7.8
      vertex 13.8505 1.82345 7.3
    endloop
  endfacet
  facet normal 0.0780752 0.0182059 0.996781
    outer loop
      vertex 13.494 3.6157 7.3
      vertex 7.48592 2.00585 7.8
      vertex 7.60109 1.51195 7.8
    endloop
  endfacet
  facet normal 0.0466985 -0.0651656 0.996781
    outer loop
      vertex 8.5044 -11.0831 7.3
      vertex 4.7179 -6.14849 7.8
      vertex 7.76132 -11.6156 7.3
    endloop
  endfacet
  facet normal 0.0730236 -0.0330878 0.996781
    outer loop
      vertex 7.16007 -2.9658 7.8
      vertex 6.95076 -3.42774 7.8
      vertex 12.9066 -5.34609 7.3
    endloop
  endfacet
  facet normal 0.0707041 -0.0377913 0.996781
    outer loop
      vertex 6.95076 -3.42774 7.8
      vertex 6.7117 -3.875 7.8
      vertex 12.5293 -6.17877 7.3
    endloop
  endfacet
  facet normal 0.0790991 -0.0130591 0.996781
    outer loop
      vertex 7.6837 -1.01158 7.8
      vertex 7.60109 -1.51195 7.8
      vertex 13.8505 -1.82345 7.3
    endloop
  endfacet
  facet normal -0.0377913 0.0707041 0.996781
    outer loop
      vertex -3.42774 6.95076 7.8
      vertex -6.17877 12.5293 7.3
      vertex -3.875 6.7117 7.8
    endloop
  endfacet
  facet normal -0.0377892 0.0707049 0.996781
    outer loop
      vertex -6.17877 12.5293 7.3
      vertex -6.985 12.0984 7.3
      vertex -3.875 6.7117 7.8
    endloop
  endfacet
  facet normal -0.0619727 0.0508595 0.996781
    outer loop
      vertex -5.82676 5.10993 7.8
      vertex -11.0831 8.5044 7.3
      vertex -6.14849 4.7179 7.8
    endloop
  endfacet
  facet normal -0.0651656 0.0466985 0.996781
    outer loop
      vertex -11.0831 8.5044 7.3
      vertex -11.6156 7.76132 7.3
      vertex -6.14849 4.7179 7.8
    endloop
  endfacet
  facet normal -0.0707041 0.0377913 0.996781
    outer loop
      vertex -6.7117 3.875 7.8
      vertex -12.5293 6.17877 7.3
      vertex -6.95076 3.42774 7.8
    endloop
  endfacet
  facet normal -0.0750319 0.0282397 0.996781
    outer loop
      vertex -7.16007 2.9658 7.8
      vertex -13.2286 4.49051 7.3
      vertex -7.33871 2.49116 7.8
    endloop
  endfacet
  facet normal -0.0797839 0.00785764 0.996781
    outer loop
      vertex -13.8505 1.82345 7.3
      vertex -13.9401 0.913681 7.3
      vertex -7.73341 0.506874 7.8
    endloop
  endfacet
  facet normal -0.080127 0.00262256 0.996781
    outer loop
      vertex -7.73341 0.506874 7.8
      vertex -13.9401 0.913681 7.3
      vertex -7.75 0 7.8
    endloop
  endfacet
  facet normal -0.0423356 -0.0680807 0.996781
    outer loop
      vertex -4.30567 -6.44389 7.8
      vertex -7.76132 -11.6156 7.3
      vertex -3.875 -6.7117 7.8
    endloop
  endfacet
  facet normal -0.0377892 -0.0707049 0.996781
    outer loop
      vertex -3.875 -6.7117 7.8
      vertex -6.985 -12.0984 7.3
      vertex -6.17877 -12.5293 7.3
    endloop
  endfacet
  facet normal -0.0797839 -0.00785764 0.996781
    outer loop
      vertex -7.73341 -0.506874 7.8
      vertex -13.9401 -0.913681 7.3
      vertex -13.8505 -1.82345 7.3
    endloop
  endfacet
  facet normal -0.0790992 -0.0130581 0.996781
    outer loop
      vertex -7.60109 -1.51195 7.8
      vertex -13.8505 -1.82345 7.3
      vertex -13.7016 -2.72541 7.3
    endloop
  endfacet
  facet normal -0.0750319 -0.0282397 0.996781
    outer loop
      vertex -7.33871 -2.49116 7.8
      vertex -13.2286 -4.49051 7.3
      vertex -7.16007 -2.9658 7.8
    endloop
  endfacet
  facet normal -0.0730235 -0.033088 0.996781
    outer loop
      vertex -6.95076 -3.42774 7.8
      vertex -12.9066 -5.34609 7.3
      vertex -12.5293 -6.17877 7.3
    endloop
  endfacet
  facet normal -0.0651656 -0.0466985 0.996781
    outer loop
      vertex -6.14849 -4.7179 7.8
      vertex -11.6156 -7.76132 7.3
      vertex -11.0831 -8.5044 7.3
    endloop
  endfacet
  facet normal -0.0585136 -0.0548034 0.996781
    outer loop
      vertex -5.82676 -5.10993 7.8
      vertex -9.87828 -9.87828 7.3
      vertex -5.48008 -5.48008 7.8
    endloop
  endfacet
  facet normal 0.0282386 -0.0750322 0.996781
    outer loop
      vertex 5.34609 -12.9066 7.3
      vertex 2.9658 -7.16007 7.8
      vertex 4.49051 -13.2286 7.3
    endloop
  endfacet
  facet normal 0.00785764 -0.0797839 0.996781
    outer loop
      vertex 1.82345 -13.8505 7.3
      vertex 0.506874 -7.73341 7.8
      vertex 0.913681 -13.9401 7.3
    endloop
  endfacet
  facet normal 0.0130581 -0.0790992 0.996781
    outer loop
      vertex 2.72541 -13.7016 7.3
      vertex 1.51195 -7.60109 7.8
      vertex 1.82345 -13.8505 7.3
    endloop
  endfacet
  facet normal -0.00785764 -0.0797839 0.996781
    outer loop
      vertex -0.506874 -7.73341 7.8
      vertex -1.82345 -13.8505 7.3
      vertex -0.913681 -13.9401 7.3
    endloop
  endfacet
  facet normal -0.0130581 -0.0790992 0.996781
    outer loop
      vertex -1.51195 -7.60109 7.8
      vertex -2.72541 -13.7016 7.3
      vertex -1.82345 -13.8505 7.3
    endloop
  endfacet
  facet normal -0.0182058 -0.0780752 0.996781
    outer loop
      vertex -1.51195 -7.60109 7.8
      vertex -3.6157 -13.494 7.3
      vertex -2.72541 -13.7016 7.3
    endloop
  endfacet
  facet normal -0.0330878 -0.0730236 0.996781
    outer loop
      vertex -3.42774 -6.95076 7.8
      vertex -5.34609 -12.9066 7.3
      vertex -2.9658 -7.16007 7.8
    endloop
  endfacet
  facet normal -0.00785764 0.0797839 0.996781
    outer loop
      vertex -0.913681 13.9401 7.3
      vertex -1.82345 13.8505 7.3
      vertex -0.506874 7.73341 7.8
    endloop
  endfacet
  facet normal -0.00785815 0.0797838 0.996781
    outer loop
      vertex -0.506874 7.73341 7.8
      vertex -1.82345 13.8505 7.3
      vertex -1.01158 7.6837 7.8
    endloop
  endfacet
  facet normal -0.0130591 0.0790991 0.996781
    outer loop
      vertex -1.01158 7.6837 7.8
      vertex -1.82345 13.8505 7.3
      vertex -1.51195 7.60109 7.8
    endloop
  endfacet
  facet normal 0.00262214 0.0801271 0.996781
    outer loop
      vertex 0 13.97 7.3
      vertex 0 7.75 7.8
      vertex 0.913681 13.9401 7.3
    endloop
  endfacet
  facet normal -0.00262214 0.0801271 0.996781
    outer loop
      vertex 0 13.97 7.3
      vertex -0.913681 13.9401 7.3
      vertex 0 7.75 7.8
    endloop
  endfacet
  facet normal 0.0182058 0.0780752 0.996781
    outer loop
      vertex 2.72541 13.7016 7.3
      vertex 1.51195 7.60109 7.8
      vertex 3.6157 13.494 7.3
    endloop
  endfacet
  facet normal 0.0232744 0.0767171 0.996781
    outer loop
      vertex 3.6157 13.494 7.3
      vertex 2.00585 7.48592 7.8
      vertex 4.49051 13.2286 7.3
    endloop
  endfacet
  facet normal 0.00262256 0.080127 0.996781
    outer loop
      vertex 0.913681 13.9401 7.3
      vertex 0 7.75 7.8
      vertex 0.506874 7.73341 7.8
    endloop
  endfacet
  facet normal 0.00785764 0.0797839 0.996781
    outer loop
      vertex 0.913681 13.9401 7.3
      vertex 0.506874 7.73341 7.8
      vertex 1.82345 13.8505 7.3
    endloop
  endfacet
  facet normal 0.0130591 0.0790991 0.996781
    outer loop
      vertex 1.82345 13.8505 7.3
      vertex 1.01158 7.6837 7.8
      vertex 1.51195 7.60109 7.8
    endloop
  endfacet
  facet normal 0.0548034 0.0585136 0.996781
    outer loop
      vertex 9.87828 9.87828 7.3
      vertex 5.10993 5.82676 7.8
      vertex 5.48008 5.48008 7.8
    endloop
  endfacet
  facet normal 0.0466974 0.0651662 0.996781
    outer loop
      vertex 7.76132 11.6156 7.3
      vertex 4.30567 6.44389 7.8
      vertex 4.7179 6.14849 7.8
    endloop
  endfacet
  facet normal 0.0423356 0.0680807 0.996781
    outer loop
      vertex 7.76132 11.6156 7.3
      vertex 3.875 6.7117 7.8
      vertex 4.30567 6.44389 7.8
    endloop
  endfacet
  facet normal 0.0377892 0.0707049 0.996781
    outer loop
      vertex 6.17877 12.5293 7.3
      vertex 3.875 6.7117 7.8
      vertex 6.985 12.0984 7.3
    endloop
  endfacet
  facet normal 0.0330878 0.0730236 0.996781
    outer loop
      vertex 5.34609 12.9066 7.3
      vertex 2.9658 7.16007 7.8
      vertex 3.42774 6.95076 7.8
    endloop
  endfacet
  facet normal 0.0585132 0.0548037 0.996781
    outer loop
      vertex 9.87828 9.87828 7.3
      vertex 5.82676 5.10993 7.8
      vertex 10.5032 9.21106 7.3
    endloop
  endfacet
  facet normal 0.0585136 0.0548034 0.996781
    outer loop
      vertex 9.87828 9.87828 7.3
      vertex 5.48008 5.48008 7.8
      vertex 5.82676 5.10993 7.8
    endloop
  endfacet
  facet normal -0.0232712 0.0767185 0.996781
    outer loop
      vertex -2.00585 7.48592 7.8
      vertex -4.49051 13.2286 7.3
      vertex -2.49116 7.33871 7.8
    endloop
  endfacet
  facet normal -0.0282397 0.0750319 0.996781
    outer loop
      vertex -2.49116 7.33871 7.8
      vertex -4.49051 13.2286 7.3
      vertex -2.9658 7.16007 7.8
    endloop
  endfacet
  facet normal 0.0707041 0.0377913 0.996781
    outer loop
      vertex 12.5293 6.17877 7.3
      vertex 6.7117 3.875 7.8
      vertex 6.95076 3.42774 7.8
    endloop
  endfacet
  facet normal 0.0707049 0.0377892 0.996781
    outer loop
      vertex 12.0984 6.985 7.3
      vertex 6.7117 3.875 7.8
      vertex 12.5293 6.17877 7.3
    endloop
  endfacet
  facet normal 0.0750319 0.0282397 0.996781
    outer loop
      vertex 13.2286 4.49051 7.3
      vertex 7.16007 2.9658 7.8
      vertex 7.33871 2.49116 7.8
    endloop
  endfacet
  facet normal 0.0750322 0.0282386 0.996781
    outer loop
      vertex 12.9066 5.34609 7.3
      vertex 7.16007 2.9658 7.8
      vertex 13.2286 4.49051 7.3
    endloop
  endfacet
  facet normal 0.0790991 0.0130591 0.996781
    outer loop
      vertex 13.8505 1.82345 7.3
      vertex 7.60109 1.51195 7.8
      vertex 7.6837 1.01158 7.8
    endloop
  endfacet
  facet normal 0.033088 -0.0730235 0.996781
    outer loop
      vertex 6.17877 -12.5293 7.3
      vertex 3.42774 -6.95076 7.8
      vertex 5.34609 -12.9066 7.3
    endloop
  endfacet
  facet normal 0.0377913 -0.0707041 0.996781
    outer loop
      vertex 3.875 -6.7117 7.8
      vertex 3.42774 -6.95076 7.8
      vertex 6.17877 -12.5293 7.3
    endloop
  endfacet
  facet normal 0.0423385 -0.0680784 0.996781
    outer loop
      vertex 7.76132 -11.6156 7.3
      vertex 3.875 -6.7117 7.8
      vertex 6.985 -12.0984 7.3
    endloop
  endfacet
  facet normal 0.0508595 -0.0619727 0.996781
    outer loop
      vertex 5.10993 -5.82676 7.8
      vertex 4.7179 -6.14849 7.8
      vertex 8.5044 -11.0831 7.3
    endloop
  endfacet
  facet normal 0.0548037 -0.0585132 0.996781
    outer loop
      vertex 9.87828 -9.87828 7.3
      vertex 5.10993 -5.82676 7.8
      vertex 9.21106 -10.5032 7.3
    endloop
  endfacet
  facet normal 0.0508573 -0.0619741 0.996781
    outer loop
      vertex 9.21106 -10.5032 7.3
      vertex 5.10993 -5.82676 7.8
      vertex 8.5044 -11.0831 7.3
    endloop
  endfacet
  facet normal 0.0585132 -0.0548037 0.996781
    outer loop
      vertex 10.5032 -9.21106 7.3
      vertex 5.82676 -5.10993 7.8
      vertex 9.87828 -9.87828 7.3
    endloop
  endfacet
  facet normal 0.0585136 -0.0548034 0.996781
    outer loop
      vertex 5.82676 -5.10993 7.8
      vertex 5.48008 -5.48008 7.8
      vertex 9.87828 -9.87828 7.3
    endloop
  endfacet
  facet normal 0.0680807 -0.0423356 0.996781
    outer loop
      vertex 6.7117 -3.875 7.8
      vertex 6.44389 -4.30567 7.8
      vertex 11.6156 -7.76132 7.3
    endloop
  endfacet
  facet normal 0.0680784 -0.0423385 0.996781
    outer loop
      vertex 12.0984 -6.985 7.3
      vertex 6.7117 -3.875 7.8
      vertex 11.6156 -7.76132 7.3
    endloop
  endfacet
  facet normal 0.0750319 -0.0282397 0.996781
    outer loop
      vertex 7.33871 -2.49116 7.8
      vertex 7.16007 -2.9658 7.8
      vertex 13.2286 -4.49051 7.3
    endloop
  endfacet
  facet normal 0.0780752 -0.0182059 0.996781
    outer loop
      vertex 7.60109 -1.51195 7.8
      vertex 7.48592 -2.00585 7.8
      vertex 13.494 -3.6157 7.3
    endloop
  endfacet
  facet normal 0.080127 -0.00262256 0.996781
    outer loop
      vertex 7.75 0 7.8
      vertex 7.73341 -0.506874 7.8
      vertex 13.9401 -0.913681 7.3
    endloop
  endfacet
  facet normal -0.0466974 0.0651662 0.996781
    outer loop
      vertex -4.30567 6.44389 7.8
      vertex -7.76132 11.6156 7.3
      vertex -4.7179 6.14849 7.8
    endloop
  endfacet
  facet normal -0.0508595 0.0619727 0.996781
    outer loop
      vertex -4.7179 6.14849 7.8
      vertex -8.5044 11.0831 7.3
      vertex -5.10993 5.82676 7.8
    endloop
  endfacet
  facet normal -0.0508573 0.0619741 0.996781
    outer loop
      vertex -8.5044 11.0831 7.3
      vertex -9.21106 10.5032 7.3
      vertex -5.10993 5.82676 7.8
    endloop
  endfacet
  facet normal -0.0680807 0.0423356 0.996781
    outer loop
      vertex -6.44389 4.30567 7.8
      vertex -11.6156 7.76132 7.3
      vertex -6.7117 3.875 7.8
    endloop
  endfacet
  facet normal -0.0680784 0.0423385 0.996781
    outer loop
      vertex -11.6156 7.76132 7.3
      vertex -12.0984 6.985 7.3
      vertex -6.7117 3.875 7.8
    endloop
  endfacet
  facet normal -0.0767185 0.0232712 0.996781
    outer loop
      vertex -7.33871 2.49116 7.8
      vertex -13.2286 4.49051 7.3
      vertex -7.48592 2.00585 7.8
    endloop
  endfacet
  facet normal -0.0767171 0.0232744 0.996781
    outer loop
      vertex -13.2286 4.49051 7.3
      vertex -13.494 3.6157 7.3
      vertex -7.48592 2.00585 7.8
    endloop
  endfacet
  facet normal -0.0548034 -0.0585136 0.996781
    outer loop
      vertex -5.48008 -5.48008 7.8
      vertex -9.87828 -9.87828 7.3
      vertex -5.10993 -5.82676 7.8
    endloop
  endfacet
  facet normal -0.0548037 -0.0585132 0.996781
    outer loop
      vertex -5.10993 -5.82676 7.8
      vertex -9.87828 -9.87828 7.3
      vertex -9.21106 -10.5032 7.3
    endloop
  endfacet
  facet normal -0.0377913 -0.0707041 0.996781
    outer loop
      vertex -3.875 -6.7117 7.8
      vertex -6.17877 -12.5293 7.3
      vertex -3.42774 -6.95076 7.8
    endloop
  endfacet
  facet normal -0.0780752 -0.0182058 0.996781
    outer loop
      vertex -7.60109 -1.51195 7.8
      vertex -13.7016 -2.72541 7.3
      vertex -13.494 -3.6157 7.3
    endloop
  endfacet
  facet normal -0.080127 -0.00262256 0.996781
    outer loop
      vertex -7.75 0 7.8
      vertex -13.9401 -0.913681 7.3
      vertex -7.73341 -0.506874 7.8
    endloop
  endfacet
  facet normal -0.0680784 -0.0423385 0.996781
    outer loop
      vertex -6.7117 -3.875 7.8
      vertex -12.0984 -6.985 7.3
      vertex -11.6156 -7.76132 7.3
    endloop
  endfacet
  facet normal -0.0619727 -0.0508595 0.996781
    outer loop
      vertex -6.14849 -4.7179 7.8
      vertex -11.0831 -8.5044 7.3
      vertex -5.82676 -5.10993 7.8
    endloop
  endfacet
  facet normal -0.0619741 -0.0508573 0.996781
    outer loop
      vertex -5.82676 -5.10993 7.8
      vertex -11.0831 -8.5044 7.3
      vertex -10.5032 -9.21106 7.3
    endloop
  endfacet
  facet normal -0.0707041 -0.0377913 0.996781
    outer loop
      vertex -6.95076 -3.42774 7.8
      vertex -12.5293 -6.17877 7.3
      vertex -6.7117 -3.875 7.8
    endloop
  endfacet
  facet normal 0.0130591 -0.0790991 0.996781
    outer loop
      vertex 1.51195 -7.60109 7.8
      vertex 1.01158 -7.6837 7.8
      vertex 1.82345 -13.8505 7.3
    endloop
  endfacet
  facet normal 0.0232744 -0.0767171 0.996781
    outer loop
      vertex 4.49051 -13.2286 7.3
      vertex 2.00585 -7.48592 7.8
      vertex 3.6157 -13.494 7.3
    endloop
  endfacet
  facet normal 0.00262214 -0.0801271 0.996781
    outer loop
      vertex 0 -7.75 7.8
      vertex 0 -13.97 7.3
      vertex 0.913681 -13.9401 7.3
    endloop
  endfacet
  facet normal -0.00262214 -0.0801271 0.996781
    outer loop
      vertex 0 -7.75 7.8
      vertex -0.913681 -13.9401 7.3
      vertex 0 -13.97 7.3
    endloop
  endfacet
  facet normal -0.0130591 -0.0790991 0.996781
    outer loop
      vertex -1.51195 -7.60109 7.8
      vertex -1.82345 -13.8505 7.3
      vertex -1.01158 -7.6837 7.8
    endloop
  endfacet
  facet normal -0.0232712 -0.0767185 0.996781
    outer loop
      vertex -2.49116 -7.33871 7.8
      vertex -4.49051 -13.2286 7.3
      vertex -2.00585 -7.48592 7.8
    endloop
  endfacet
  facet normal -0.0232744 -0.0767171 0.996781
    outer loop
      vertex -2.00585 -7.48592 7.8
      vertex -4.49051 -13.2286 7.3
      vertex -3.6157 -13.494 7.3
    endloop
  endfacet
  facet normal -0.0282386 -0.0750322 0.996781
    outer loop
      vertex -2.9658 -7.16007 7.8
      vertex -5.34609 -12.9066 7.3
      vertex -4.49051 -13.2286 7.3
    endloop
  endfacet
  facet normal -0.0282397 -0.0750319 0.996781
    outer loop
      vertex -2.9658 -7.16007 7.8
      vertex -4.49051 -13.2286 7.3
      vertex -2.49116 -7.33871 7.8
    endloop
  endfacet
  facet normal 0.0182059 0.0780752 0.996781
    outer loop
      vertex 3.6157 13.494 7.3
      vertex 1.51195 7.60109 7.8
      vertex 2.00585 7.48592 7.8
    endloop
  endfacet
  facet normal 0.0548037 0.0585132 0.996781
    outer loop
      vertex 9.21106 10.5032 7.3
      vertex 5.10993 5.82676 7.8
      vertex 9.87828 9.87828 7.3
    endloop
  endfacet
  facet normal 0.0508573 0.0619741 0.996781
    outer loop
      vertex 8.5044 11.0831 7.3
      vertex 5.10993 5.82676 7.8
      vertex 9.21106 10.5032 7.3
    endloop
  endfacet
  facet normal -0.0182059 0.0780752 0.996781
    outer loop
      vertex -1.51195 7.60109 7.8
      vertex -3.6157 13.494 7.3
      vertex -2.00585 7.48592 7.8
    endloop
  endfacet
  facet normal 0.0466974 -0.0651662 0.996781
    outer loop
      vertex 4.7179 -6.14849 7.8
      vertex 4.30567 -6.44389 7.8
      vertex 7.76132 -11.6156 7.3
    endloop
  endfacet
  facet normal 0.0619741 -0.0508573 0.996781
    outer loop
      vertex 11.0831 -8.5044 7.3
      vertex 5.82676 -5.10993 7.8
      vertex 10.5032 -9.21106 7.3
    endloop
  endfacet
  facet normal 0.0619727 -0.0508595 0.996781
    outer loop
      vertex 6.14849 -4.7179 7.8
      vertex 5.82676 -5.10993 7.8
      vertex 11.0831 -8.5044 7.3
    endloop
  endfacet
  facet normal 0.0767185 -0.0232712 0.996781
    outer loop
      vertex 7.48592 -2.00585 7.8
      vertex 7.33871 -2.49116 7.8
      vertex 13.2286 -4.49051 7.3
    endloop
  endfacet
  facet normal 0.0767171 -0.0232744 0.996781
    outer loop
      vertex 13.494 -3.6157 7.3
      vertex 7.48592 -2.00585 7.8
      vertex 13.2286 -4.49051 7.3
    endloop
  endfacet
  facet normal -0.0466985 -0.0651656 0.996781
    outer loop
      vertex -4.7179 -6.14849 7.8
      vertex -8.5044 -11.0831 7.3
      vertex -7.76132 -11.6156 7.3
    endloop
  endfacet
  facet normal -0.0466974 -0.0651662 0.996781
    outer loop
      vertex -4.7179 -6.14849 7.8
      vertex -7.76132 -11.6156 7.3
      vertex -4.30567 -6.44389 7.8
    endloop
  endfacet
  facet normal -0.0423385 -0.0680784 0.996781
    outer loop
      vertex -3.875 -6.7117 7.8
      vertex -7.76132 -11.6156 7.3
      vertex -6.985 -12.0984 7.3
    endloop
  endfacet
  facet normal -0.0780752 -0.0182059 0.996781
    outer loop
      vertex -7.60109 -1.51195 7.8
      vertex -13.494 -3.6157 7.3
      vertex -7.48592 -2.00585 7.8
    endloop
  endfacet
  facet normal -0.0767171 -0.0232744 0.996781
    outer loop
      vertex -7.48592 -2.00585 7.8
      vertex -13.494 -3.6157 7.3
      vertex -13.2286 -4.49051 7.3
    endloop
  endfacet
  facet normal -0.0801271 -0.00262214 0.996781
    outer loop
      vertex -7.75 0 7.8
      vertex -13.97 0 7.3
      vertex -13.9401 -0.913681 7.3
    endloop
  endfacet
  facet normal -0.0797838 -0.00785815 0.996781
    outer loop
      vertex -7.73341 -0.506874 7.8
      vertex -13.8505 -1.82345 7.3
      vertex -7.6837 -1.01158 7.8
    endloop
  endfacet
  facet normal -0.0790991 -0.0130591 0.996781
    outer loop
      vertex -7.6837 -1.01158 7.8
      vertex -13.8505 -1.82345 7.3
      vertex -7.60109 -1.51195 7.8
    endloop
  endfacet
  facet normal -0.0680807 -0.0423356 0.996781
    outer loop
      vertex -6.7117 -3.875 7.8
      vertex -11.6156 -7.76132 7.3
      vertex -6.44389 -4.30567 7.8
    endloop
  endfacet
  facet normal -0.0651662 -0.0466974 0.996781
    outer loop
      vertex -6.44389 -4.30567 7.8
      vertex -11.6156 -7.76132 7.3
      vertex -6.14849 -4.7179 7.8
    endloop
  endfacet
  facet normal 0.0232712 -0.0767185 0.996781
    outer loop
      vertex 2.49116 -7.33871 7.8
      vertex 2.00585 -7.48592 7.8
      vertex 4.49051 -13.2286 7.3
    endloop
  endfacet
  facet normal 0.0182059 -0.0780752 0.996781
    outer loop
      vertex 2.00585 -7.48592 7.8
      vertex 1.51195 -7.60109 7.8
      vertex 3.6157 -13.494 7.3
    endloop
  endfacet
  facet normal 0.0182058 -0.0780752 0.996781
    outer loop
      vertex 3.6157 -13.494 7.3
      vertex 1.51195 -7.60109 7.8
      vertex 2.72541 -13.7016 7.3
    endloop
  endfacet
  facet normal 0.999465 0.0327125 0
    outer loop
      vertex 7.75 0 9.7
      vertex 7.73341 0.506874 7.8
      vertex 7.73341 0.506874 9.7
    endloop
  endfacet
  facet normal 0.999465 0.0327125 0
    outer loop
      vertex 7.73341 0.506874 7.8
      vertex 7.75 0 9.7
      vertex 7.75 0 7.8
    endloop
  endfacet
  facet normal -0.999465 0.0327125 0
    outer loop
      vertex -7.75 0 7.8
      vertex -7.73341 0.506874 9.7
      vertex -7.73341 0.506874 7.8
    endloop
  endfacet
  facet normal -0.999465 0.0327125 0
    outer loop
      vertex -7.73341 0.506874 9.7
      vertex -7.75 0 7.8
      vertex -7.75 0 9.7
    endloop
  endfacet
  facet normal 0.0327125 0.999465 -0
    outer loop
      vertex 0.506874 7.73341 7.8
      vertex 0 7.75 9.7
      vertex 0.506874 7.73341 9.7
    endloop
  endfacet
  facet normal 0.0327125 0.999465 0
    outer loop
      vertex 0 7.75 9.7
      vertex 0.506874 7.73341 7.8
      vertex 0 7.75 7.8
    endloop
  endfacet
  facet normal -0.0327125 -0.999465 0
    outer loop
      vertex -0.506874 -7.73341 7.8
      vertex 0 -7.75 9.7
      vertex -0.506874 -7.73341 9.7
    endloop
  endfacet
  facet normal -0.0327125 -0.999465 -0
    outer loop
      vertex 0 -7.75 9.7
      vertex -0.506874 -7.73341 7.8
      vertex 0 -7.75 7.8
    endloop
  endfacet
  facet normal 0.683589 0.729867 -0
    outer loop
      vertex 5.48008 5.48008 7.8
      vertex 5.10993 5.82676 9.7
      vertex 5.48008 5.48008 9.7
    endloop
  endfacet
  facet normal 0.683589 0.729867 0
    outer loop
      vertex 5.10993 5.82676 9.7
      vertex 5.48008 5.48008 7.8
      vertex 5.10993 5.82676 7.8
    endloop
  endfacet
  facet normal -0.683589 0.729867 0
    outer loop
      vertex -5.10993 5.82676 7.8
      vertex -5.48008 5.48008 9.7
      vertex -5.10993 5.82676 9.7
    endloop
  endfacet
  facet normal -0.683589 0.729867 0
    outer loop
      vertex -5.48008 5.48008 9.7
      vertex -5.10993 5.82676 7.8
      vertex -5.48008 5.48008 7.8
    endloop
  endfacet
  facet normal -0.352247 0.935907 0
    outer loop
      vertex -2.49116 7.33871 7.8
      vertex -2.9658 7.16007 9.7
      vertex -2.49116 7.33871 9.7
    endloop
  endfacet
  facet normal -0.352247 0.935907 0
    outer loop
      vertex -2.9658 7.16007 9.7
      vertex -2.49116 7.33871 7.8
      vertex -2.9658 7.16007 7.8
    endloop
  endfacet
  facet normal 0.910858 0.41272 0
    outer loop
      vertex 7.16007 2.9658 9.7
      vertex 6.95076 3.42774 7.8
      vertex 6.95076 3.42774 9.7
    endloop
  endfacet
  facet normal 0.910858 0.41272 0
    outer loop
      vertex 6.95076 3.42774 7.8
      vertex 7.16007 2.9658 9.7
      vertex 7.16007 2.9658 7.8
    endloop
  endfacet
  facet normal 0.352247 0.935907 -0
    outer loop
      vertex 2.9658 7.16007 7.8
      vertex 2.49116 7.33871 9.7
      vertex 2.9658 7.16007 9.7
    endloop
  endfacet
  facet normal 0.352247 0.935907 0
    outer loop
      vertex 2.49116 7.33871 9.7
      vertex 2.9658 7.16007 7.8
      vertex 2.49116 7.33871 7.8
    endloop
  endfacet
  facet normal 0.528071 0.8492 -0
    outer loop
      vertex 4.30567 6.44389 7.8
      vertex 3.875 6.7117 9.7
      vertex 4.30567 6.44389 9.7
    endloop
  endfacet
  facet normal 0.528071 0.8492 0
    outer loop
      vertex 3.875 6.7117 9.7
      vertex 4.30567 6.44389 7.8
      vertex 3.875 6.7117 7.8
    endloop
  endfacet
  facet normal -0.910858 0.41272 0
    outer loop
      vertex -7.16007 2.9658 7.8
      vertex -6.95076 3.42774 9.7
      vertex -6.95076 3.42774 7.8
    endloop
  endfacet
  facet normal -0.910858 0.41272 0
    outer loop
      vertex -6.95076 3.42774 9.7
      vertex -7.16007 2.9658 7.8
      vertex -7.16007 2.9658 9.7
    endloop
  endfacet
  facet normal -0.162893 0.986644 0
    outer loop
      vertex -1.01158 7.6837 7.8
      vertex -1.51195 7.60109 9.7
      vertex -1.01158 7.6837 9.7
    endloop
  endfacet
  facet normal -0.162893 0.986644 0
    outer loop
      vertex -1.51195 7.60109 9.7
      vertex -1.01158 7.6837 7.8
      vertex -1.51195 7.60109 7.8
    endloop
  endfacet
  facet normal -0.729867 -0.683589 0
    outer loop
      vertex -5.48008 -5.48008 7.8
      vertex -5.82676 -5.10993 9.7
      vertex -5.82676 -5.10993 7.8
    endloop
  endfacet
  facet normal -0.729867 -0.683589 0
    outer loop
      vertex -5.82676 -5.10993 9.7
      vertex -5.48008 -5.48008 7.8
      vertex -5.48008 -5.48008 9.7
    endloop
  endfacet
  facet normal -0.995185 -0.0980187 0
    outer loop
      vertex -7.6837 -1.01158 7.8
      vertex -7.73341 -0.506874 9.7
      vertex -7.73341 -0.506874 7.8
    endloop
  endfacet
  facet normal -0.995185 -0.0980187 0
    outer loop
      vertex -7.73341 -0.506874 9.7
      vertex -7.6837 -1.01158 7.8
      vertex -7.6837 -1.01158 9.7
    endloop
  endfacet
  facet normal 0.973873 0.227092 0
    outer loop
      vertex 7.60109 1.51195 9.7
      vertex 7.48592 2.00585 7.8
      vertex 7.48592 2.00585 9.7
    endloop
  endfacet
  facet normal 0.973873 0.227092 0
    outer loop
      vertex 7.48592 2.00585 7.8
      vertex 7.60109 1.51195 9.7
      vertex 7.60109 1.51195 7.8
    endloop
  endfacet
  facet normal 0.956944 0.290272 0
    outer loop
      vertex 7.48592 2.00585 9.7
      vertex 7.33871 2.49116 7.8
      vertex 7.33871 2.49116 9.7
    endloop
  endfacet
  facet normal 0.956944 0.290272 0
    outer loop
      vertex 7.33871 2.49116 7.8
      vertex 7.48592 2.00585 9.7
      vertex 7.48592 2.00585 7.8
    endloop
  endfacet
  facet normal 0.812847 0.582478 0
    outer loop
      vertex 6.44389 4.30567 9.7
      vertex 6.14849 4.7179 7.8
      vertex 6.14849 4.7179 9.7
    endloop
  endfacet
  facet normal 0.812847 0.582478 0
    outer loop
      vertex 6.14849 4.7179 7.8
      vertex 6.44389 4.30567 9.7
      vertex 6.44389 4.30567 7.8
    endloop
  endfacet
  facet normal 0.773011 0.634392 0
    outer loop
      vertex 6.14849 4.7179 9.7
      vertex 5.82676 5.10993 7.8
      vertex 5.82676 5.10993 9.7
    endloop
  endfacet
  facet normal 0.773011 0.634392 0
    outer loop
      vertex 5.82676 5.10993 7.8
      vertex 6.14849 4.7179 9.7
      vertex 6.14849 4.7179 7.8
    endloop
  endfacet
  facet normal 0.881926 0.471388 0
    outer loop
      vertex 6.95076 3.42774 9.7
      vertex 6.7117 3.875 7.8
      vertex 6.7117 3.875 9.7
    endloop
  endfacet
  facet normal 0.881926 0.471388 0
    outer loop
      vertex 6.7117 3.875 7.8
      vertex 6.95076 3.42774 9.7
      vertex 6.95076 3.42774 7.8
    endloop
  endfacet
  facet normal 0.227092 0.973873 -0
    outer loop
      vertex 2.00585 7.48592 7.8
      vertex 1.51195 7.60109 9.7
      vertex 2.00585 7.48592 9.7
    endloop
  endfacet
  facet normal 0.227092 0.973873 0
    outer loop
      vertex 1.51195 7.60109 9.7
      vertex 2.00585 7.48592 7.8
      vertex 1.51195 7.60109 7.8
    endloop
  endfacet
  facet normal 0.290272 0.956944 -0
    outer loop
      vertex 2.49116 7.33871 7.8
      vertex 2.00585 7.48592 9.7
      vertex 2.49116 7.33871 9.7
    endloop
  endfacet
  facet normal 0.290272 0.956944 0
    outer loop
      vertex 2.00585 7.48592 9.7
      vertex 2.49116 7.33871 7.8
      vertex 2.00585 7.48592 7.8
    endloop
  endfacet
  facet normal 0.471388 0.881926 -0
    outer loop
      vertex 3.875 6.7117 7.8
      vertex 3.42774 6.95076 9.7
      vertex 3.875 6.7117 9.7
    endloop
  endfacet
  facet normal 0.471388 0.881926 0
    outer loop
      vertex 3.42774 6.95076 9.7
      vertex 3.875 6.7117 7.8
      vertex 3.42774 6.95076 7.8
    endloop
  endfacet
  facet normal 0.634392 0.773011 -0
    outer loop
      vertex 5.10993 5.82676 7.8
      vertex 4.7179 6.14849 9.7
      vertex 5.10993 5.82676 9.7
    endloop
  endfacet
  facet normal 0.634392 0.773011 0
    outer loop
      vertex 4.7179 6.14849 9.7
      vertex 5.10993 5.82676 7.8
      vertex 4.7179 6.14849 7.8
    endloop
  endfacet
  facet normal -0.956944 0.290272 0
    outer loop
      vertex -7.48592 2.00585 7.8
      vertex -7.33871 2.49116 9.7
      vertex -7.33871 2.49116 7.8
    endloop
  endfacet
  facet normal -0.956944 0.290272 0
    outer loop
      vertex -7.33871 2.49116 9.7
      vertex -7.48592 2.00585 7.8
      vertex -7.48592 2.00585 9.7
    endloop
  endfacet
  facet normal -0.773011 0.634392 0
    outer loop
      vertex -6.14849 4.7179 7.8
      vertex -5.82676 5.10993 9.7
      vertex -5.82676 5.10993 7.8
    endloop
  endfacet
  facet normal -0.773011 0.634392 0
    outer loop
      vertex -5.82676 5.10993 9.7
      vertex -6.14849 4.7179 7.8
      vertex -6.14849 4.7179 9.7
    endloop
  endfacet
  facet normal -0.729867 0.683589 0
    outer loop
      vertex -5.82676 5.10993 7.8
      vertex -5.48008 5.48008 9.7
      vertex -5.48008 5.48008 7.8
    endloop
  endfacet
  facet normal -0.729867 0.683589 0
    outer loop
      vertex -5.48008 5.48008 9.7
      vertex -5.82676 5.10993 7.8
      vertex -5.82676 5.10993 9.7
    endloop
  endfacet
  facet normal -0.935907 0.352247 0
    outer loop
      vertex -7.33871 2.49116 7.8
      vertex -7.16007 2.9658 9.7
      vertex -7.16007 2.9658 7.8
    endloop
  endfacet
  facet normal -0.935907 0.352247 0
    outer loop
      vertex -7.16007 2.9658 9.7
      vertex -7.33871 2.49116 7.8
      vertex -7.33871 2.49116 9.7
    endloop
  endfacet
  facet normal 0 0 -1
    outer loop
      vertex 11.8251 -6.82724 9.7
      vertex 12.8368 -5.31717 9.7
      vertex 12.9995 -6.41064 9.7
    endloop
  endfacet
  facet normal -0 0 -1
    outer loop
      vertex 12.8368 -5.31717 9.7
      vertex 11.8251 -6.82724 9.7
      vertex 12.3618 -4.19627 9.7
    endloop
  endfacet
  facet normal 0 0 -1
    outer loop
      vertex 10.655 -7.11946 9.7
      vertex 12.3618 -4.19627 9.7
      vertex 11.8251 -6.82724 9.7
    endloop
  endfacet
  facet normal -0 0 -1
    outer loop
      vertex 12.3618 -4.19627 9.7
      vertex 10.655 -7.11946 9.7
      vertex 11.7987 -3.16144 9.7
    endloop
  endfacet
  facet normal 0 0 -1
    outer loop
      vertex 9.50035 -7.28987 9.7
      vertex 11.7987 -3.16144 9.7
      vertex 10.655 -7.11946 9.7
    endloop
  endfacet
  facet normal 0 0 -1
    outer loop
      vertex 6.95076 -3.42774 9.7
      vertex 11.7987 -3.16144 9.7
      vertex 9.50035 -7.28987 9.7
    endloop
  endfacet
  facet normal 0 -0 -1
    outer loop
      vertex 7.33871 -2.49116 9.7
      vertex 11.1565 -2.21916 9.7
      vertex 7.16007 -2.9658 9.7
    endloop
  endfacet
  facet normal 0 -0 -1
    outer loop
      vertex 7.16007 -2.9658 9.7
      vertex 11.7987 -3.16144 9.7
      vertex 6.95076 -3.42774 9.7
    endloop
  endfacet
  facet normal -0 0 -1
    outer loop
      vertex 11.1565 -2.21916 9.7
      vertex 7.33871 -2.49116 9.7
      vertex 10.4452 -1.37512 9.7
    endloop
  endfacet
  facet normal 0 0 -1
    outer loop
      vertex 6.7117 -3.875 9.7
      vertex 9.50035 -7.28987 9.7
      vertex 8.37184 -7.3419 9.7
    endloop
  endfacet
  facet normal 0 0 -1
    outer loop
      vertex 11.8251 6.82724 9.7
      vertex 12.8368 5.31717 9.7
      vertex 12.3618 4.19627 9.7
    endloop
  endfacet
  facet normal 0 0 -1
    outer loop
      vertex 12.8368 5.31717 9.7
      vertex 11.8251 6.82724 9.7
      vertex 12.9995 6.41064 9.7
    endloop
  endfacet
  facet normal 0 0 -1
    outer loop
      vertex 10.655 7.11946 9.7
      vertex 12.3618 4.19627 9.7
      vertex 11.7987 3.16144 9.7
    endloop
  endfacet
  facet normal 0 0 -1
    outer loop
      vertex 7.16007 2.9658 9.7
      vertex 11.7987 3.16144 9.7
      vertex 11.1565 2.21916 9.7
    endloop
  endfacet
  facet normal 0 0 -1
    outer loop
      vertex 12.3618 4.19627 9.7
      vertex 10.655 7.11946 9.7
      vertex 11.8251 6.82724 9.7
    endloop
  endfacet
  facet normal 0 0 -1
    outer loop
      vertex 7.33871 2.49116 9.7
      vertex 11.1565 2.21916 9.7
      vertex 10.4452 1.37512 9.7
    endloop
  endfacet
  facet normal 0 0 -1
    outer loop
      vertex 7.60109 1.51195 9.7
      vertex 10.4452 1.37512 9.7
      vertex 9.67476 0.634109 9.7
    endloop
  endfacet
  facet normal 0 0 -1
    outer loop
      vertex 11.1565 2.21916 9.7
      vertex 7.33871 2.49116 9.7
      vertex 7.16007 2.9658 9.7
    endloop
  endfacet
  facet normal 0 0 -1
    outer loop
      vertex 7.6837 1.01158 9.7
      vertex 9.67476 0.634109 9.7
      vertex 8.85574 0 9.7
    endloop
  endfacet
  facet normal 0 0 -1
    outer loop
      vertex 10.4452 1.37512 9.7
      vertex 7.48592 2.00585 9.7
      vertex 7.33871 2.49116 9.7
    endloop
  endfacet
  facet normal 0 -0 -1
    outer loop
      vertex 7.60109 -1.51195 9.7
      vertex 10.4452 -1.37512 9.7
      vertex 7.48592 -2.00585 9.7
    endloop
  endfacet
  facet normal 0 0 -1
    outer loop
      vertex 7.73341 0.506874 9.7
      vertex 8.85574 0 9.7
      vertex 7.75 0 9.7
    endloop
  endfacet
  facet normal -0 0 -1
    outer loop
      vertex 8.85574 0 9.7
      vertex 7.73341 -0.506874 9.7
      vertex 7.75 0 9.7
    endloop
  endfacet
  facet normal 0 0 -1
    outer loop
      vertex 8.85574 0 9.7
      vertex 7.6837 -1.01158 9.7
      vertex 7.73341 -0.506874 9.7
    endloop
  endfacet
  facet normal -0 0 -1
    outer loop
      vertex 9.67476 -0.634109 9.7
      vertex 7.6837 -1.01158 9.7
      vertex 8.85574 0 9.7
    endloop
  endfacet
  facet normal 0 -0 -1
    outer loop
      vertex 7.6837 -1.01158 9.7
      vertex 9.67476 -0.634109 9.7
      vertex 7.60109 -1.51195 9.7
    endloop
  endfacet
  facet normal -0 0 -1
    outer loop
      vertex 10.4452 -1.37512 9.7
      vertex 7.60109 -1.51195 9.7
      vertex 9.67476 -0.634109 9.7
    endloop
  endfacet
  facet normal 0 0 -1
    outer loop
      vertex 6.44389 -4.30567 9.7
      vertex 8.37184 -7.3419 9.7
      vertex 7.27992 -7.27992 9.7
    endloop
  endfacet
  facet normal 0 -0 -1
    outer loop
      vertex 7.48592 -2.00585 9.7
      vertex 10.4452 -1.37512 9.7
      vertex 7.33871 -2.49116 9.7
    endloop
  endfacet
  facet normal 0 0 -1
    outer loop
      vertex 11.7987 -3.16144 9.7
      vertex 7.16007 -2.9658 9.7
      vertex 11.1565 -2.21916 9.7
    endloop
  endfacet
  facet normal 0 0 -1
    outer loop
      vertex 9.50035 -7.28987 9.7
      vertex 6.7117 -3.875 9.7
      vertex 6.95076 -3.42774 9.7
    endloop
  endfacet
  facet normal 0 0 -1
    outer loop
      vertex 8.37184 -7.3419 9.7
      vertex 6.44389 -4.30567 9.7
      vertex 6.7117 -3.875 9.7
    endloop
  endfacet
  facet normal 0 0 -1
    outer loop
      vertex 5.82676 -5.10993 9.7
      vertex 7.27992 -7.27992 9.7
      vertex 6.2345 -7.10909 9.7
    endloop
  endfacet
  facet normal 0 0 -1
    outer loop
      vertex 7.27992 -7.27992 9.7
      vertex 6.14849 -4.7179 9.7
      vertex 6.44389 -4.30567 9.7
    endloop
  endfacet
  facet normal 0 0 -1
    outer loop
      vertex 7.27992 -7.27992 9.7
      vertex 5.82676 -5.10993 9.7
      vertex 6.14849 -4.7179 9.7
    endloop
  endfacet
  facet normal 0 0 -1
    outer loop
      vertex 5.10993 -5.82676 9.7
      vertex 6.2345 -7.10909 9.7
      vertex 5.53709 -7.21608 9.7
    endloop
  endfacet
  facet normal 0 0 -1
    outer loop
      vertex 6.2345 -7.10909 9.7
      vertex 5.48008 -5.48008 9.7
      vertex 5.82676 -5.10993 9.7
    endloop
  endfacet
  facet normal 0 0 -1
    outer loop
      vertex 3.875 -6.7117 9.7
      vertex 5.53709 -7.21608 9.7
      vertex 5.51984 -8.26103 9.7
    endloop
  endfacet
  facet normal 0 0 -1
    outer loop
      vertex 2.9658 -7.16007 9.7
      vertex 5.51984 -8.26103 9.7
      vertex 5.38762 -9.33163 9.7
    endloop
  endfacet
  facet normal 0 0 -1
    outer loop
      vertex 2.49116 -7.33871 9.7
      vertex 5.38762 -9.33163 9.7
      vertex 5.13719 -10.4172 9.7
    endloop
  endfacet
  facet normal 0 0 -1
    outer loop
      vertex 6.2345 -7.10909 9.7
      vertex 5.10993 -5.82676 9.7
      vertex 5.48008 -5.48008 9.7
    endloop
  endfacet
  facet normal 0 0 -1
    outer loop
      vertex 2.00585 -7.48592 9.7
      vertex 5.13719 -10.4172 9.7
      vertex 4.76624 -11.5067 9.7
    endloop
  endfacet
  facet normal 0 0 -1
    outer loop
      vertex 5.53709 -7.21608 9.7
      vertex 4.7179 -6.14849 9.7
      vertex 5.10993 -5.82676 9.7
    endloop
  endfacet
  facet normal 0 0 -1
    outer loop
      vertex 5.53709 -7.21608 9.7
      vertex 4.30567 -6.44389 9.7
      vertex 4.7179 -6.14849 9.7
    endloop
  endfacet
  facet normal 0 0 -1
    outer loop
      vertex 0.822418 -12.5479 9.7
      vertex 4.76624 -11.5067 9.7
      vertex 4.27341 -12.5891 9.7
    endloop
  endfacet
  facet normal 0 0 -1
    outer loop
      vertex 5.53709 -7.21608 9.7
      vertex 3.875 -6.7117 9.7
      vertex 4.30567 -6.44389 9.7
    endloop
  endfacet
  facet normal 0 0 -1
    outer loop
      vertex 1.75095 -13.2998 9.7
      vertex 4.27341 -12.5891 9.7
      vertex 3.65823 -13.6528 9.7
    endloop
  endfacet
  facet normal 0 0 -1
    outer loop
      vertex 5.51984 -8.26103 9.7
      vertex 3.42774 -6.95076 9.7
      vertex 3.875 -6.7117 9.7
    endloop
  endfacet
  facet normal 0 0 -1
    outer loop
      vertex 5.51984 -8.26103 9.7
      vertex 2.9658 -7.16007 9.7
      vertex 3.42774 -6.95076 9.7
    endloop
  endfacet
  facet normal 0 0 -1
    outer loop
      vertex 1.75095 -13.2998 9.7
      vertex 3.65823 -13.6528 9.7
      vertex 2.78088 -13.9804 9.7
    endloop
  endfacet
  facet normal 0 0 -1
    outer loop
      vertex 0.822418 -12.5479 9.7
      vertex 4.27341 -12.5891 9.7
      vertex 1.75095 -13.2998 9.7
    endloop
  endfacet
  facet normal 0 0 -1
    outer loop
      vertex 5.38762 -9.33163 9.7
      vertex 2.49116 -7.33871 9.7
      vertex 2.9658 -7.16007 9.7
    endloop
  endfacet
  facet normal 0 -0 -1
    outer loop
      vertex 1.51195 -7.60109 9.7
      vertex 4.76624 -11.5067 9.7
      vertex 0.822418 -12.5479 9.7
    endloop
  endfacet
  facet normal 0 0 -1
    outer loop
      vertex 5.13719 -10.4172 9.7
      vertex 2.00585 -7.48592 9.7
      vertex 2.49116 -7.33871 9.7
    endloop
  endfacet
  facet normal 0 0 -1
    outer loop
      vertex 4.76624 -11.5067 9.7
      vertex 1.51195 -7.60109 9.7
      vertex 2.00585 -7.48592 9.7
    endloop
  endfacet
  facet normal 0 0 -1
    outer loop
      vertex 0 -11.735 9.7
      vertex 1.51195 -7.60109 9.7
      vertex 0.822418 -12.5479 9.7
    endloop
  endfacet
  facet normal 0 0 -1
    outer loop
      vertex 1.51195 -7.60109 9.7
      vertex 0 -11.735 9.7
      vertex 1.01158 -7.6837 9.7
    endloop
  endfacet
  facet normal 0 0 -1
    outer loop
      vertex -0.71257 -10.8719 9.7
      vertex 1.01158 -7.6837 9.7
      vertex 0 -11.735 9.7
    endloop
  endfacet
  facet normal 0 0 -1
    outer loop
      vertex 1.01158 -7.6837 9.7
      vertex -0.71257 -10.8719 9.7
      vertex 0.506874 -7.73341 9.7
    endloop
  endfacet
  facet normal 0 0 -1
    outer loop
      vertex -1.31248 -9.96941 9.7
      vertex 0.506874 -7.73341 9.7
      vertex -0.71257 -10.8719 9.7
    endloop
  endfacet
  facet normal 0 0 -1
    outer loop
      vertex 0.506874 -7.73341 9.7
      vertex -1.31248 -9.96941 9.7
      vertex 0 -7.75 9.7
    endloop
  endfacet
  facet normal -0 0 -1
    outer loop
      vertex 0 -7.75 9.7
      vertex -1.31248 -9.96941 9.7
      vertex -0.506874 -7.73341 9.7
    endloop
  endfacet
  facet normal 0 0 -1
    outer loop
      vertex -1.79788 -9.03857 9.7
      vertex -0.506874 -7.73341 9.7
      vertex -1.31248 -9.96941 9.7
    endloop
  endfacet
  facet normal -0 0 -1
    outer loop
      vertex -0.506874 -7.73341 9.7
      vertex -1.79788 -9.03857 9.7
      vertex -1.01158 -7.6837 9.7
    endloop
  endfacet
  facet normal -0 0 -1
    outer loop
      vertex -1.01158 -7.6837 9.7
      vertex -1.79788 -9.03857 9.7
      vertex -1.51195 -7.60109 9.7
    endloop
  endfacet
  facet normal 0 0 -1
    outer loop
      vertex -1.79788 -9.03857 9.7
      vertex -2.00585 -7.48592 9.7
      vertex -1.51195 -7.60109 9.7
    endloop
  endfacet
  facet normal 0 0 -1
    outer loop
      vertex -2.41623 -9.01752 9.7
      vertex -2.00585 -7.48592 9.7
      vertex -1.79788 -9.03857 9.7
    endloop
  endfacet
  facet normal 0 0 -1
    outer loop
      vertex -2.41623 -9.01752 9.7
      vertex -2.49116 -7.33871 9.7
      vertex -2.00585 -7.48592 9.7
    endloop
  endfacet
  facet normal 0 0 -1
    outer loop
      vertex -2.41623 -9.01752 9.7
      vertex -2.9658 -7.16007 9.7
      vertex -2.49116 -7.33871 9.7
    endloop
  endfacet
  facet normal 0 0 -1
    outer loop
      vertex -3.27077 -9.63539 9.7
      vertex -2.9658 -7.16007 9.7
      vertex -2.41623 -9.01752 9.7
    endloop
  endfacet
  facet normal 0 0 -1
    outer loop
      vertex -3.27077 -9.63539 9.7
      vertex -3.42774 -6.95076 9.7
      vertex -2.9658 -7.16007 9.7
    endloop
  endfacet
  facet normal 0 0 -1
    outer loop
      vertex -3.27077 -9.63539 9.7
      vertex -3.875 -6.7117 9.7
      vertex -3.42774 -6.95076 9.7
    endloop
  endfacet
  facet normal 0 0 -1
    outer loop
      vertex -4.21532 -10.1767 9.7
      vertex -3.875 -6.7117 9.7
      vertex -3.27077 -9.63539 9.7
    endloop
  endfacet
  facet normal 0 0 -1
    outer loop
      vertex -4.21532 -10.1767 9.7
      vertex -4.30567 -6.44389 9.7
      vertex -3.875 -6.7117 9.7
    endloop
  endfacet
  facet normal 0 0 -1
    outer loop
      vertex -5.24332 -10.6324 9.7
      vertex -4.30567 -6.44389 9.7
      vertex -4.21532 -10.1767 9.7
    endloop
  endfacet
  facet normal -0 0 -1
    outer loop
      vertex -4.30567 -6.44389 9.7
      vertex -5.24332 -10.6324 9.7
      vertex -4.7179 -6.14849 9.7
    endloop
  endfacet
  facet normal 0 0 -1
    outer loop
      vertex -9.27382 -8.13292 9.7
      vertex -4.7179 -6.14849 9.7
      vertex -5.24332 -10.6324 9.7
    endloop
  endfacet
  facet normal -0 0 -1
    outer loop
      vertex -4.7179 -6.14849 9.7
      vertex -9.27382 -8.13292 9.7
      vertex -5.10993 -5.82676 9.7
    endloop
  endfacet
  facet normal 0 -0 -1
    outer loop
      vertex -9.11964 -6.99774 9.7
      vertex -5.10993 -5.82676 9.7
      vertex -9.27382 -8.13292 9.7
    endloop
  endfacet
  facet normal 0 -0 -1
    outer loop
      vertex -8.85953 -5.91975 9.7
      vertex -5.48008 -5.48008 9.7
      vertex -9.11964 -6.99774 9.7
    endloop
  endfacet
  facet normal 0 0 -1
    outer loop
      vertex -9.27382 -8.13292 9.7
      vertex -5.24332 -10.6324 9.7
      vertex -6.34737 -10.994 9.7
    endloop
  endfacet
  facet normal -0 0 -1
    outer loop
      vertex -5.48008 -5.48008 9.7
      vertex -8.85953 -5.91975 9.7
      vertex -5.82676 -5.10993 9.7
    endloop
  endfacet
  facet normal -0 0 -1
    outer loop
      vertex -5.82676 -5.10993 9.7
      vertex -8.85953 -5.91975 9.7
      vertex -6.14849 -4.7179 9.7
    endloop
  endfacet
  facet normal 0 -0 -1
    outer loop
      vertex -8.50046 -4.90775 9.7
      vertex -6.14849 -4.7179 9.7
      vertex -8.85953 -5.91975 9.7
    endloop
  endfacet
  facet normal 0 -0 -1
    outer loop
      vertex -8.05006 -3.96985 9.7
      vertex -6.44389 -4.30567 9.7
      vertex -8.50046 -4.90775 9.7
    endloop
  endfacet
  facet normal -0 0 -1
    outer loop
      vertex -6.7117 -3.875 9.7
      vertex -8.05006 -3.96985 9.7
      vertex -6.95076 -3.42774 9.7
    endloop
  endfacet
  facet normal -0 0 -1
    outer loop
      vertex -7.16007 -2.9658 9.7
      vertex -8.05006 -3.96985 9.7
      vertex -7.33871 -2.49116 9.7
    endloop
  endfacet
  facet normal 0 0 -1
    outer loop
      vertex -9.31586 -9.31586 9.7
      vertex -6.34737 -10.994 9.7
      vertex -7.51938 -11.2535 9.7
    endloop
  endfacet
  facet normal 0 0 -1
    outer loop
      vertex -8.84666 -3.6644 9.7
      vertex -7.33871 -2.49116 9.7
      vertex -8.05006 -3.96985 9.7
    endloop
  endfacet
  facet normal -0 0 -1
    outer loop
      vertex -7.33871 -2.49116 9.7
      vertex -8.84666 -3.6644 9.7
      vertex -7.48592 -2.00585 9.7
    endloop
  endfacet
  facet normal 0 0 -1
    outer loop
      vertex -9.86259 -3.3479 9.7
      vertex -7.48592 -2.00585 9.7
      vertex -8.84666 -3.6644 9.7
    endloop
  endfacet
  facet normal -0 0 -1
    outer loop
      vertex -7.48592 -2.00585 9.7
      vertex -9.86259 -3.3479 9.7
      vertex -7.60109 -1.51195 9.7
    endloop
  endfacet
  facet normal -0 0 -1
    outer loop
      vertex -7.60109 -1.51195 9.7
      vertex -9.86259 -3.3479 9.7
      vertex -7.6837 -1.01158 9.7
    endloop
  endfacet
  facet normal -0 0 -1
    outer loop
      vertex -6.95076 -3.42774 9.7
      vertex -8.05006 -3.96985 9.7
      vertex -7.16007 -2.9658 9.7
    endloop
  endfacet
  facet normal 0 0 -1
    outer loop
      vertex -9.24033 -10.5366 9.7
      vertex -7.51938 -11.2535 9.7
      vertex -8.75052 -11.4039 9.7
    endloop
  endfacet
  facet normal 0 0 -1
    outer loop
      vertex -6.44389 -4.30567 9.7
      vertex -8.05006 -3.96985 9.7
      vertex -6.7117 -3.875 9.7
    endloop
  endfacet
  facet normal -0 0 -1
    outer loop
      vertex -6.14849 -4.7179 9.7
      vertex -8.50046 -4.90775 9.7
      vertex -6.44389 -4.30567 9.7
    endloop
  endfacet
  facet normal 0 0 -1
    outer loop
      vertex -7.51938 -11.2535 9.7
      vertex -9.24033 -10.5366 9.7
      vertex -9.31586 -9.31586 9.7
    endloop
  endfacet
  facet normal -0 0 -1
    outer loop
      vertex -5.10993 -5.82676 9.7
      vertex -9.11964 -6.99774 9.7
      vertex -5.48008 -5.48008 9.7
    endloop
  endfacet
  facet normal 0 0 -1
    outer loop
      vertex -6.34737 -10.994 9.7
      vertex -9.31586 -9.31586 9.7
      vertex -9.27382 -8.13292 9.7
    endloop
  endfacet
  facet normal 0 0 -1
    outer loop
      vertex -11.8625 -2.35959 9.7
      vertex -7.73341 -0.506874 9.7
      vertex -10.8716 -2.91304 9.7
    endloop
  endfacet
  facet normal 0 0 -1
    outer loop
      vertex -7.73341 0.506874 9.7
      vertex -8.84666 3.6644 9.7
      vertex -8.05006 3.96985 9.7
    endloop
  endfacet
  facet normal -0 0 -1
    outer loop
      vertex -7.73341 -0.506874 9.7
      vertex -11.8625 -2.35959 9.7
      vertex -7.75 0 9.7
    endloop
  endfacet
  facet normal 0 0 -1
    outer loop
      vertex -7.73341 0.506874 9.7
      vertex -9.86259 3.3479 9.7
      vertex -8.84666 3.6644 9.7
    endloop
  endfacet
  facet normal 0 0 -1
    outer loop
      vertex -11.8625 2.35959 9.7
      vertex -7.75 0 9.7
      vertex -11.8625 -2.35959 9.7
    endloop
  endfacet
  facet normal 0 0 -1
    outer loop
      vertex -7.73341 0.506874 9.7
      vertex -10.8716 2.91304 9.7
      vertex -9.86259 3.3479 9.7
    endloop
  endfacet
  facet normal 0 0 -1
    outer loop
      vertex -7.75 0 9.7
      vertex -11.8625 2.35959 9.7
      vertex -7.73341 0.506874 9.7
    endloop
  endfacet
  facet normal 0 0 -1
    outer loop
      vertex -7.73341 0.506874 9.7
      vertex -11.8625 2.35959 9.7
      vertex -10.8716 2.91304 9.7
    endloop
  endfacet
  facet normal 0 0 -1
    outer loop
      vertex -12.824 -1.68831 9.7
      vertex -11.8625 2.35959 9.7
      vertex -11.8625 -2.35959 9.7
    endloop
  endfacet
  facet normal 0 0 -1
    outer loop
      vertex -12.824 -1.68831 9.7
      vertex -12.824 1.68831 9.7
      vertex -11.8625 2.35959 9.7
    endloop
  endfacet
  facet normal 0 0 -1
    outer loop
      vertex -13.745 -0.900879 9.7
      vertex -12.824 1.68831 9.7
      vertex -12.824 -1.68831 9.7
    endloop
  endfacet
  facet normal 0 0 -1
    outer loop
      vertex -13.745 -0.900879 9.7
      vertex -13.745 0.900879 9.7
      vertex -12.824 1.68831 9.7
    endloop
  endfacet
  facet normal 0 -0 -1
    outer loop
      vertex -13.745 0.900879 9.7
      vertex -13.745 -0.900879 9.7
      vertex -14.6142 0 9.7
    endloop
  endfacet
  facet normal 0 0 -1
    outer loop
      vertex 7.6837 1.01158 9.7
      vertex 8.85574 0 9.7
      vertex 7.73341 0.506874 9.7
    endloop
  endfacet
  facet normal 0 0 -1
    outer loop
      vertex 9.67476 0.634109 9.7
      vertex 7.6837 1.01158 9.7
      vertex 7.60109 1.51195 9.7
    endloop
  endfacet
  facet normal 0 0 -1
    outer loop
      vertex 10.4452 1.37512 9.7
      vertex 7.60109 1.51195 9.7
      vertex 7.48592 2.00585 9.7
    endloop
  endfacet
  facet normal -0 0 -1
    outer loop
      vertex 11.7987 3.16144 9.7
      vertex 7.16007 2.9658 9.7
      vertex 6.95076 3.42774 9.7
    endloop
  endfacet
  facet normal 0 0 -1
    outer loop
      vertex 11.7987 3.16144 9.7
      vertex 9.50035 7.28987 9.7
      vertex 10.655 7.11946 9.7
    endloop
  endfacet
  facet normal 0 0 -1
    outer loop
      vertex 11.7987 3.16144 9.7
      vertex 6.95076 3.42774 9.7
      vertex 9.50035 7.28987 9.7
    endloop
  endfacet
  facet normal 0 0 -1
    outer loop
      vertex 6.7117 3.875 9.7
      vertex 9.50035 7.28987 9.7
      vertex 6.95076 3.42774 9.7
    endloop
  endfacet
  facet normal -0 0 -1
    outer loop
      vertex 9.50035 7.28987 9.7
      vertex 6.7117 3.875 9.7
      vertex 8.37184 7.3419 9.7
    endloop
  endfacet
  facet normal 0 0 -1
    outer loop
      vertex 6.44389 4.30567 9.7
      vertex 8.37184 7.3419 9.7
      vertex 6.7117 3.875 9.7
    endloop
  endfacet
  facet normal 0 0 -1
    outer loop
      vertex 8.37184 7.3419 9.7
      vertex 6.44389 4.30567 9.7
      vertex 7.27992 7.27992 9.7
    endloop
  endfacet
  facet normal 0 0 -1
    outer loop
      vertex 6.14849 4.7179 9.7
      vertex 7.27992 7.27992 9.7
      vertex 6.44389 4.30567 9.7
    endloop
  endfacet
  facet normal 0 0 -1
    outer loop
      vertex 5.82676 5.10993 9.7
      vertex 7.27992 7.27992 9.7
      vertex 6.14849 4.7179 9.7
    endloop
  endfacet
  facet normal 0 0 -1
    outer loop
      vertex 7.27992 7.27992 9.7
      vertex 5.82676 5.10993 9.7
      vertex 6.2345 7.10909 9.7
    endloop
  endfacet
  facet normal 0 0 -1
    outer loop
      vertex 5.48008 5.48008 9.7
      vertex 6.2345 7.10909 9.7
      vertex 5.82676 5.10993 9.7
    endloop
  endfacet
  facet normal 0 0 -1
    outer loop
      vertex 5.10993 5.82676 9.7
      vertex 6.2345 7.10909 9.7
      vertex 5.48008 5.48008 9.7
    endloop
  endfacet
  facet normal -0 0 -1
    outer loop
      vertex 6.2345 7.10909 9.7
      vertex 5.10993 5.82676 9.7
      vertex 5.53709 7.21608 9.7
    endloop
  endfacet
  facet normal 0 0 -1
    outer loop
      vertex 4.7179 6.14849 9.7
      vertex 5.53709 7.21608 9.7
      vertex 5.10993 5.82676 9.7
    endloop
  endfacet
  facet normal 0 0 -1
    outer loop
      vertex 4.30567 6.44389 9.7
      vertex 5.53709 7.21608 9.7
      vertex 4.7179 6.14849 9.7
    endloop
  endfacet
  facet normal 0 0 -1
    outer loop
      vertex 3.875 6.7117 9.7
      vertex 5.53709 7.21608 9.7
      vertex 4.30567 6.44389 9.7
    endloop
  endfacet
  facet normal -0 0 -1
    outer loop
      vertex 5.53709 7.21608 9.7
      vertex 3.875 6.7117 9.7
      vertex 5.51984 8.26103 9.7
    endloop
  endfacet
  facet normal 0 0 -1
    outer loop
      vertex 3.42774 6.95076 9.7
      vertex 5.51984 8.26103 9.7
      vertex 3.875 6.7117 9.7
    endloop
  endfacet
  facet normal 0 0 -1
    outer loop
      vertex 2.9658 7.16007 9.7
      vertex 5.51984 8.26103 9.7
      vertex 3.42774 6.95076 9.7
    endloop
  endfacet
  facet normal -0 0 -1
    outer loop
      vertex 5.51984 8.26103 9.7
      vertex 2.9658 7.16007 9.7
      vertex 5.38762 9.33163 9.7
    endloop
  endfacet
  facet normal 0 0 -1
    outer loop
      vertex 2.49116 7.33871 9.7
      vertex 5.38762 9.33163 9.7
      vertex 2.9658 7.16007 9.7
    endloop
  endfacet
  facet normal -0 0 -1
    outer loop
      vertex 5.38762 9.33163 9.7
      vertex 2.49116 7.33871 9.7
      vertex 5.13719 10.4172 9.7
    endloop
  endfacet
  facet normal 0 0 -1
    outer loop
      vertex 2.00585 7.48592 9.7
      vertex 5.13719 10.4172 9.7
      vertex 2.49116 7.33871 9.7
    endloop
  endfacet
  facet normal -0 0 -1
    outer loop
      vertex 5.13719 10.4172 9.7
      vertex 2.00585 7.48592 9.7
      vertex 4.76624 11.5067 9.7
    endloop
  endfacet
  facet normal 0 0 -1
    outer loop
      vertex 1.51195 7.60109 9.7
      vertex 4.76624 11.5067 9.7
      vertex 2.00585 7.48592 9.7
    endloop
  endfacet
  facet normal 0 0 -1
    outer loop
      vertex 4.27341 12.5891 9.7
      vertex 1.75095 13.2998 9.7
      vertex 3.65823 13.6528 9.7
    endloop
  endfacet
  facet normal 0 0 -1
    outer loop
      vertex 4.76624 11.5067 9.7
      vertex 0.822418 12.5479 9.7
      vertex 4.27341 12.5891 9.7
    endloop
  endfacet
  facet normal -0 0 -1
    outer loop
      vertex 3.65823 13.6528 9.7
      vertex 1.75095 13.2998 9.7
      vertex 2.78088 13.9804 9.7
    endloop
  endfacet
  facet normal -0 0 -1
    outer loop
      vertex 4.76624 11.5067 9.7
      vertex 1.51195 7.60109 9.7
      vertex 0.822418 12.5479 9.7
    endloop
  endfacet
  facet normal 0 0 -1
    outer loop
      vertex 0 11.735 9.7
      vertex 1.51195 7.60109 9.7
      vertex 1.01158 7.6837 9.7
    endloop
  endfacet
  facet normal -0 0 -1
    outer loop
      vertex 4.27341 12.5891 9.7
      vertex 0.822418 12.5479 9.7
      vertex 1.75095 13.2998 9.7
    endloop
  endfacet
  facet normal 0 0 -1
    outer loop
      vertex -0.71257 10.8719 9.7
      vertex 1.01158 7.6837 9.7
      vertex 0.506874 7.73341 9.7
    endloop
  endfacet
  facet normal 0 0 -1
    outer loop
      vertex -1.31248 9.96941 9.7
      vertex 0.506874 7.73341 9.7
      vertex 0 7.75 9.7
    endloop
  endfacet
  facet normal 0 0 -1
    outer loop
      vertex 1.51195 7.60109 9.7
      vertex 0 11.735 9.7
      vertex 0.822418 12.5479 9.7
    endloop
  endfacet
  facet normal 0 0 -1
    outer loop
      vertex -1.31248 9.96941 9.7
      vertex 0 7.75 9.7
      vertex -0.506874 7.73341 9.7
    endloop
  endfacet
  facet normal 0 0 -1
    outer loop
      vertex 1.01158 7.6837 9.7
      vertex -0.71257 10.8719 9.7
      vertex 0 11.735 9.7
    endloop
  endfacet
  facet normal 0 0 -1
    outer loop
      vertex -1.79788 9.03857 9.7
      vertex -0.506874 7.73341 9.7
      vertex -1.01158 7.6837 9.7
    endloop
  endfacet
  facet normal 0 0 -1
    outer loop
      vertex 0.506874 7.73341 9.7
      vertex -1.31248 9.96941 9.7
      vertex -0.71257 10.8719 9.7
    endloop
  endfacet
  facet normal 0 0 -1
    outer loop
      vertex -1.79788 9.03857 9.7
      vertex -1.01158 7.6837 9.7
      vertex -1.51195 7.60109 9.7
    endloop
  endfacet
  facet normal 0 0 -1
    outer loop
      vertex -0.506874 7.73341 9.7
      vertex -1.79788 9.03857 9.7
      vertex -1.31248 9.96941 9.7
    endloop
  endfacet
  facet normal 0 0 -1
    outer loop
      vertex -2.00585 7.48592 9.7
      vertex -1.79788 9.03857 9.7
      vertex -1.51195 7.60109 9.7
    endloop
  endfacet
  facet normal 0 0 -1
    outer loop
      vertex -2.00585 7.48592 9.7
      vertex -2.41623 9.01752 9.7
      vertex -1.79788 9.03857 9.7
    endloop
  endfacet
  facet normal 0 0 -1
    outer loop
      vertex -2.49116 7.33871 9.7
      vertex -2.41623 9.01752 9.7
      vertex -2.00585 7.48592 9.7
    endloop
  endfacet
  facet normal 0 0 -1
    outer loop
      vertex -2.9658 7.16007 9.7
      vertex -2.41623 9.01752 9.7
      vertex -2.49116 7.33871 9.7
    endloop
  endfacet
  facet normal 0 0 -1
    outer loop
      vertex -2.9658 7.16007 9.7
      vertex -3.27077 9.63539 9.7
      vertex -2.41623 9.01752 9.7
    endloop
  endfacet
  facet normal 0 0 -1
    outer loop
      vertex -3.42774 6.95076 9.7
      vertex -3.27077 9.63539 9.7
      vertex -2.9658 7.16007 9.7
    endloop
  endfacet
  facet normal 0 0 -1
    outer loop
      vertex -3.875 6.7117 9.7
      vertex -3.27077 9.63539 9.7
      vertex -3.42774 6.95076 9.7
    endloop
  endfacet
  facet normal 0 0 -1
    outer loop
      vertex -3.875 6.7117 9.7
      vertex -4.21532 10.1767 9.7
      vertex -3.27077 9.63539 9.7
    endloop
  endfacet
  facet normal 0 0 -1
    outer loop
      vertex -4.30567 6.44389 9.7
      vertex -4.21532 10.1767 9.7
      vertex -3.875 6.7117 9.7
    endloop
  endfacet
  facet normal 0 0 -1
    outer loop
      vertex -5.24332 10.6324 9.7
      vertex -4.30567 6.44389 9.7
      vertex -4.7179 6.14849 9.7
    endloop
  endfacet
  facet normal 0 0 -1
    outer loop
      vertex -9.27382 8.13292 9.7
      vertex -4.7179 6.14849 9.7
      vertex -5.10993 5.82676 9.7
    endloop
  endfacet
  facet normal 0 0 -1
    outer loop
      vertex -4.30567 6.44389 9.7
      vertex -5.24332 10.6324 9.7
      vertex -4.21532 10.1767 9.7
    endloop
  endfacet
  facet normal 0 0 -1
    outer loop
      vertex -9.11964 6.99774 9.7
      vertex -5.10993 5.82676 9.7
      vertex -5.48008 5.48008 9.7
    endloop
  endfacet
  facet normal 0 0 -1
    outer loop
      vertex -8.85953 5.91975 9.7
      vertex -5.48008 5.48008 9.7
      vertex -5.82676 5.10993 9.7
    endloop
  endfacet
  facet normal 0 0 -1
    outer loop
      vertex -8.85953 5.91975 9.7
      vertex -5.82676 5.10993 9.7
      vertex -6.14849 4.7179 9.7
    endloop
  endfacet
  facet normal 0 0 -1
    outer loop
      vertex -5.10993 5.82676 9.7
      vertex -9.11964 6.99774 9.7
      vertex -9.27382 8.13292 9.7
    endloop
  endfacet
  facet normal 0 0 -1
    outer loop
      vertex -8.50046 4.90775 9.7
      vertex -6.14849 4.7179 9.7
      vertex -6.44389 4.30567 9.7
    endloop
  endfacet
  facet normal 0 0 -1
    outer loop
      vertex -8.05006 3.96985 9.7
      vertex -6.44389 4.30567 9.7
      vertex -6.7117 3.875 9.7
    endloop
  endfacet
  facet normal 0 0 -1
    outer loop
      vertex -8.05006 3.96985 9.7
      vertex -6.7117 3.875 9.7
      vertex -6.95076 3.42774 9.7
    endloop
  endfacet
  facet normal 0 0 -1
    outer loop
      vertex -8.05006 3.96985 9.7
      vertex -6.95076 3.42774 9.7
      vertex -7.16007 2.9658 9.7
    endloop
  endfacet
  facet normal 0 0 -1
    outer loop
      vertex -8.05006 3.96985 9.7
      vertex -7.16007 2.9658 9.7
      vertex -7.33871 2.49116 9.7
    endloop
  endfacet
  facet normal 0 0 -1
    outer loop
      vertex -8.05006 3.96985 9.7
      vertex -7.33871 2.49116 9.7
      vertex -7.48592 2.00585 9.7
    endloop
  endfacet
  facet normal -0 0 -1
    outer loop
      vertex -6.44389 4.30567 9.7
      vertex -8.05006 3.96985 9.7
      vertex -8.50046 4.90775 9.7
    endloop
  endfacet
  facet normal 0 0 -1
    outer loop
      vertex -8.05006 3.96985 9.7
      vertex -7.48592 2.00585 9.7
      vertex -7.60109 1.51195 9.7
    endloop
  endfacet
  facet normal 0 0 -1
    outer loop
      vertex -8.05006 3.96985 9.7
      vertex -7.60109 1.51195 9.7
      vertex -7.6837 1.01158 9.7
    endloop
  endfacet
  facet normal 0 0 -1
    outer loop
      vertex -8.05006 3.96985 9.7
      vertex -7.6837 1.01158 9.7
      vertex -7.73341 0.506874 9.7
    endloop
  endfacet
  facet normal -0 0 -1
    outer loop
      vertex -7.6837 -1.01158 9.7
      vertex -10.8716 -2.91304 9.7
      vertex -7.73341 -0.506874 9.7
    endloop
  endfacet
  facet normal 0 0 -1
    outer loop
      vertex -10.8716 -2.91304 9.7
      vertex -7.6837 -1.01158 9.7
      vertex -9.86259 -3.3479 9.7
    endloop
  endfacet
  facet normal 0 0 -1
    outer loop
      vertex -6.14849 4.7179 9.7
      vertex -8.50046 4.90775 9.7
      vertex -8.85953 5.91975 9.7
    endloop
  endfacet
  facet normal 0 0 -1
    outer loop
      vertex -5.48008 5.48008 9.7
      vertex -8.85953 5.91975 9.7
      vertex -9.11964 6.99774 9.7
    endloop
  endfacet
  facet normal 0 0 -1
    outer loop
      vertex -4.7179 6.14849 9.7
      vertex -9.27382 8.13292 9.7
      vertex -5.24332 10.6324 9.7
    endloop
  endfacet
  facet normal -0 0 -1
    outer loop
      vertex -5.24332 10.6324 9.7
      vertex -9.27382 8.13292 9.7
      vertex -6.34737 10.994 9.7
    endloop
  endfacet
  facet normal 0 0 -1
    outer loop
      vertex -9.31586 9.31586 9.7
      vertex -6.34737 10.994 9.7
      vertex -9.27382 8.13292 9.7
    endloop
  endfacet
  facet normal -0 0 -1
    outer loop
      vertex -6.34737 10.994 9.7
      vertex -9.31586 9.31586 9.7
      vertex -7.51938 11.2535 9.7
    endloop
  endfacet
  facet normal 0 -0 -1
    outer loop
      vertex -9.24033 10.5366 9.7
      vertex -7.51938 11.2535 9.7
      vertex -9.31586 9.31586 9.7
    endloop
  endfacet
  facet normal -0 0 -1
    outer loop
      vertex -7.51938 11.2535 9.7
      vertex -9.24033 10.5366 9.7
      vertex -8.75052 11.4039 9.7
    endloop
  endfacet
  facet normal -0.471388 0.881926 0
    outer loop
      vertex -3.42774 6.95076 7.8
      vertex -3.875 6.7117 9.7
      vertex -3.42774 6.95076 9.7
    endloop
  endfacet
  facet normal -0.471388 0.881926 0
    outer loop
      vertex -3.875 6.7117 9.7
      vertex -3.42774 6.95076 7.8
      vertex -3.875 6.7117 7.8
    endloop
  endfacet
  facet normal -0.41272 0.910858 0
    outer loop
      vertex -2.9658 7.16007 7.8
      vertex -3.42774 6.95076 9.7
      vertex -2.9658 7.16007 9.7
    endloop
  endfacet
  facet normal -0.41272 0.910858 0
    outer loop
      vertex -3.42774 6.95076 9.7
      vertex -2.9658 7.16007 7.8
      vertex -3.42774 6.95076 7.8
    endloop
  endfacet
  facet normal -0.634392 0.773011 0
    outer loop
      vertex -4.7179 6.14849 7.8
      vertex -5.10993 5.82676 9.7
      vertex -4.7179 6.14849 9.7
    endloop
  endfacet
  facet normal -0.634392 0.773011 0
    outer loop
      vertex -5.10993 5.82676 9.7
      vertex -4.7179 6.14849 7.8
      vertex -5.10993 5.82676 7.8
    endloop
  endfacet
  facet normal -0.290272 0.956944 0
    outer loop
      vertex -2.00585 7.48592 7.8
      vertex -2.49116 7.33871 9.7
      vertex -2.00585 7.48592 9.7
    endloop
  endfacet
  facet normal -0.290272 0.956944 0
    outer loop
      vertex -2.49116 7.33871 9.7
      vertex -2.00585 7.48592 7.8
      vertex -2.49116 7.33871 7.8
    endloop
  endfacet
  facet normal -0.0327125 0.999465 0
    outer loop
      vertex 0 7.75 7.8
      vertex -0.506874 7.73341 9.7
      vertex 0 7.75 9.7
    endloop
  endfacet
  facet normal -0.0327125 0.999465 0
    outer loop
      vertex -0.506874 7.73341 9.7
      vertex 0 7.75 7.8
      vertex -0.506874 7.73341 7.8
    endloop
  endfacet
  facet normal 0.986644 -0.162893 0
    outer loop
      vertex 7.60109 -1.51195 9.7
      vertex 7.6837 -1.01158 7.8
      vertex 7.6837 -1.01158 9.7
    endloop
  endfacet
  facet normal 0.986644 -0.162893 0
    outer loop
      vertex 7.6837 -1.01158 7.8
      vertex 7.60109 -1.51195 9.7
      vertex 7.60109 -1.51195 7.8
    endloop
  endfacet
  facet normal 0.0980187 -0.995185 0
    outer loop
      vertex 0.506874 -7.73341 7.8
      vertex 1.01158 -7.6837 9.7
      vertex 0.506874 -7.73341 9.7
    endloop
  endfacet
  facet normal 0.0980187 -0.995185 0
    outer loop
      vertex 1.01158 -7.6837 9.7
      vertex 0.506874 -7.73341 7.8
      vertex 1.01158 -7.6837 7.8
    endloop
  endfacet
  facet normal 0.0327125 -0.999465 0
    outer loop
      vertex 0 -7.75 7.8
      vertex 0.506874 -7.73341 9.7
      vertex 0 -7.75 9.7
    endloop
  endfacet
  facet normal 0.0327125 -0.999465 0
    outer loop
      vertex 0.506874 -7.73341 9.7
      vertex 0 -7.75 7.8
      vertex 0.506874 -7.73341 7.8
    endloop
  endfacet
  facet normal 0.41272 -0.910858 0
    outer loop
      vertex 2.9658 -7.16007 7.8
      vertex 3.42774 -6.95076 9.7
      vertex 2.9658 -7.16007 9.7
    endloop
  endfacet
  facet normal 0.41272 -0.910858 0
    outer loop
      vertex 3.42774 -6.95076 9.7
      vertex 2.9658 -7.16007 7.8
      vertex 3.42774 -6.95076 7.8
    endloop
  endfacet
  facet normal 0.634392 -0.773011 0
    outer loop
      vertex 4.7179 -6.14849 7.8
      vertex 5.10993 -5.82676 9.7
      vertex 4.7179 -6.14849 9.7
    endloop
  endfacet
  facet normal 0.634392 -0.773011 0
    outer loop
      vertex 5.10993 -5.82676 9.7
      vertex 4.7179 -6.14849 7.8
      vertex 5.10993 -5.82676 7.8
    endloop
  endfacet
  facet normal 0.729867 -0.683589 0
    outer loop
      vertex 5.48008 -5.48008 9.7
      vertex 5.82676 -5.10993 7.8
      vertex 5.82676 -5.10993 9.7
    endloop
  endfacet
  facet normal 0.729867 -0.683589 0
    outer loop
      vertex 5.82676 -5.10993 7.8
      vertex 5.48008 -5.48008 9.7
      vertex 5.48008 -5.48008 7.8
    endloop
  endfacet
  facet normal 0.582478 -0.812847 0
    outer loop
      vertex 4.30567 -6.44389 7.8
      vertex 4.7179 -6.14849 9.7
      vertex 4.30567 -6.44389 9.7
    endloop
  endfacet
  facet normal 0.582478 -0.812847 0
    outer loop
      vertex 4.7179 -6.14849 9.7
      vertex 4.30567 -6.44389 7.8
      vertex 4.7179 -6.14849 7.8
    endloop
  endfacet
  facet normal 0.471388 -0.881926 0
    outer loop
      vertex 3.42774 -6.95076 7.8
      vertex 3.875 -6.7117 9.7
      vertex 3.42774 -6.95076 9.7
    endloop
  endfacet
  facet normal 0.471388 -0.881926 0
    outer loop
      vertex 3.875 -6.7117 9.7
      vertex 3.42774 -6.95076 7.8
      vertex 3.875 -6.7117 7.8
    endloop
  endfacet
  facet normal 0.812847 -0.582478 0
    outer loop
      vertex 6.14849 -4.7179 9.7
      vertex 6.44389 -4.30567 7.8
      vertex 6.44389 -4.30567 9.7
    endloop
  endfacet
  facet normal 0.812847 -0.582478 0
    outer loop
      vertex 6.44389 -4.30567 7.8
      vertex 6.14849 -4.7179 9.7
      vertex 6.14849 -4.7179 7.8
    endloop
  endfacet
  facet normal 0.773011 -0.634392 0
    outer loop
      vertex 5.82676 -5.10993 9.7
      vertex 6.14849 -4.7179 7.8
      vertex 6.14849 -4.7179 9.7
    endloop
  endfacet
  facet normal 0.773011 -0.634392 0
    outer loop
      vertex 6.14849 -4.7179 7.8
      vertex 5.82676 -5.10993 9.7
      vertex 5.82676 -5.10993 7.8
    endloop
  endfacet
  facet normal 0.935907 -0.352247 0
    outer loop
      vertex 7.16007 -2.9658 9.7
      vertex 7.33871 -2.49116 7.8
      vertex 7.33871 -2.49116 9.7
    endloop
  endfacet
  facet normal 0.935907 -0.352247 0
    outer loop
      vertex 7.33871 -2.49116 7.8
      vertex 7.16007 -2.9658 9.7
      vertex 7.16007 -2.9658 7.8
    endloop
  endfacet
  facet normal 0.881926 -0.471388 0
    outer loop
      vertex 6.7117 -3.875 9.7
      vertex 6.95076 -3.42774 7.8
      vertex 6.95076 -3.42774 9.7
    endloop
  endfacet
  facet normal 0.881926 -0.471388 0
    outer loop
      vertex 6.95076 -3.42774 7.8
      vertex 6.7117 -3.875 9.7
      vertex 6.7117 -3.875 7.8
    endloop
  endfacet
  facet normal 0.956944 -0.290272 0
    outer loop
      vertex 7.33871 -2.49116 9.7
      vertex 7.48592 -2.00585 7.8
      vertex 7.48592 -2.00585 9.7
    endloop
  endfacet
  facet normal 0.956944 -0.290272 0
    outer loop
      vertex 7.48592 -2.00585 7.8
      vertex 7.33871 -2.49116 9.7
      vertex 7.33871 -2.49116 7.8
    endloop
  endfacet
  facet normal -0.290272 -0.956944 0
    outer loop
      vertex -2.49116 -7.33871 7.8
      vertex -2.00585 -7.48592 9.7
      vertex -2.49116 -7.33871 9.7
    endloop
  endfacet
  facet normal -0.290272 -0.956944 -0
    outer loop
      vertex -2.00585 -7.48592 9.7
      vertex -2.49116 -7.33871 7.8
      vertex -2.00585 -7.48592 7.8
    endloop
  endfacet
  facet normal -0.634392 -0.773011 0
    outer loop
      vertex -5.10993 -5.82676 7.8
      vertex -4.7179 -6.14849 9.7
      vertex -5.10993 -5.82676 9.7
    endloop
  endfacet
  facet normal -0.634392 -0.773011 -0
    outer loop
      vertex -4.7179 -6.14849 9.7
      vertex -5.10993 -5.82676 7.8
      vertex -4.7179 -6.14849 7.8
    endloop
  endfacet
  facet normal -0.683589 -0.729867 0
    outer loop
      vertex -5.48008 -5.48008 7.8
      vertex -5.10993 -5.82676 9.7
      vertex -5.48008 -5.48008 9.7
    endloop
  endfacet
  facet normal -0.683589 -0.729867 -0
    outer loop
      vertex -5.10993 -5.82676 9.7
      vertex -5.48008 -5.48008 7.8
      vertex -5.10993 -5.82676 7.8
    endloop
  endfacet
  facet normal -0.352247 -0.935907 0
    outer loop
      vertex -2.9658 -7.16007 7.8
      vertex -2.49116 -7.33871 9.7
      vertex -2.9658 -7.16007 9.7
    endloop
  endfacet
  facet normal -0.352247 -0.935907 -0
    outer loop
      vertex -2.49116 -7.33871 9.7
      vertex -2.9658 -7.16007 7.8
      vertex -2.49116 -7.33871 7.8
    endloop
  endfacet
  facet normal -0.910858 -0.41272 0
    outer loop
      vertex -6.95076 -3.42774 7.8
      vertex -7.16007 -2.9658 9.7
      vertex -7.16007 -2.9658 7.8
    endloop
  endfacet
  facet normal -0.910858 -0.41272 0
    outer loop
      vertex -7.16007 -2.9658 9.7
      vertex -6.95076 -3.42774 7.8
      vertex -6.95076 -3.42774 9.7
    endloop
  endfacet
  facet normal -0.935907 -0.352247 0
    outer loop
      vertex -7.16007 -2.9658 7.8
      vertex -7.33871 -2.49116 9.7
      vertex -7.33871 -2.49116 7.8
    endloop
  endfacet
  facet normal -0.935907 -0.352247 0
    outer loop
      vertex -7.33871 -2.49116 9.7
      vertex -7.16007 -2.9658 7.8
      vertex -7.16007 -2.9658 9.7
    endloop
  endfacet
  facet normal -0.999465 -0.0327125 0
    outer loop
      vertex -7.73341 -0.506874 7.8
      vertex -7.75 0 9.7
      vertex -7.75 0 7.8
    endloop
  endfacet
  facet normal -0.999465 -0.0327125 0
    outer loop
      vertex -7.75 0 9.7
      vertex -7.73341 -0.506874 7.8
      vertex -7.73341 -0.506874 9.7
    endloop
  endfacet
  facet normal 0.986644 0.162893 0
    outer loop
      vertex 7.6837 1.01158 9.7
      vertex 7.60109 1.51195 7.8
      vertex 7.60109 1.51195 9.7
    endloop
  endfacet
  facet normal 0.986644 0.162893 0
    outer loop
      vertex 7.60109 1.51195 7.8
      vertex 7.6837 1.01158 9.7
      vertex 7.6837 1.01158 7.8
    endloop
  endfacet
  facet normal 0.995185 0.0980187 0
    outer loop
      vertex 7.73341 0.506874 9.7
      vertex 7.6837 1.01158 7.8
      vertex 7.6837 1.01158 9.7
    endloop
  endfacet
  facet normal 0.995185 0.0980187 0
    outer loop
      vertex 7.6837 1.01158 7.8
      vertex 7.73341 0.506874 9.7
      vertex 7.73341 0.506874 7.8
    endloop
  endfacet
  facet normal 0.935907 0.352247 0
    outer loop
      vertex 7.33871 2.49116 9.7
      vertex 7.16007 2.9658 7.8
      vertex 7.16007 2.9658 9.7
    endloop
  endfacet
  facet normal 0.935907 0.352247 0
    outer loop
      vertex 7.16007 2.9658 7.8
      vertex 7.33871 2.49116 9.7
      vertex 7.33871 2.49116 7.8
    endloop
  endfacet
  facet normal 0.729867 0.683589 0
    outer loop
      vertex 5.82676 5.10993 9.7
      vertex 5.48008 5.48008 7.8
      vertex 5.48008 5.48008 9.7
    endloop
  endfacet
  facet normal 0.729867 0.683589 0
    outer loop
      vertex 5.48008 5.48008 7.8
      vertex 5.82676 5.10993 9.7
      vertex 5.82676 5.10993 7.8
    endloop
  endfacet
  facet normal 0.8492 0.528071 0
    outer loop
      vertex 6.7117 3.875 9.7
      vertex 6.44389 4.30567 7.8
      vertex 6.44389 4.30567 9.7
    endloop
  endfacet
  facet normal 0.8492 0.528071 0
    outer loop
      vertex 6.44389 4.30567 7.8
      vertex 6.7117 3.875 9.7
      vertex 6.7117 3.875 7.8
    endloop
  endfacet
  facet normal 0.0980187 0.995185 -0
    outer loop
      vertex 1.01158 7.6837 7.8
      vertex 0.506874 7.73341 9.7
      vertex 1.01158 7.6837 9.7
    endloop
  endfacet
  facet normal 0.0980187 0.995185 0
    outer loop
      vertex 0.506874 7.73341 9.7
      vertex 1.01158 7.6837 7.8
      vertex 0.506874 7.73341 7.8
    endloop
  endfacet
  facet normal -0.812847 0.582478 0
    outer loop
      vertex -6.44389 4.30567 7.8
      vertex -6.14849 4.7179 9.7
      vertex -6.14849 4.7179 7.8
    endloop
  endfacet
  facet normal -0.812847 0.582478 0
    outer loop
      vertex -6.14849 4.7179 9.7
      vertex -6.44389 4.30567 7.8
      vertex -6.44389 4.30567 9.7
    endloop
  endfacet
  facet normal -0.8492 0.528071 0
    outer loop
      vertex -6.7117 3.875 7.8
      vertex -6.44389 4.30567 9.7
      vertex -6.44389 4.30567 7.8
    endloop
  endfacet
  facet normal -0.8492 0.528071 0
    outer loop
      vertex -6.44389 4.30567 9.7
      vertex -6.7117 3.875 7.8
      vertex -6.7117 3.875 9.7
    endloop
  endfacet
  facet normal -0.881926 0.471388 0
    outer loop
      vertex -6.95076 3.42774 7.8
      vertex -6.7117 3.875 9.7
      vertex -6.7117 3.875 7.8
    endloop
  endfacet
  facet normal -0.881926 0.471388 0
    outer loop
      vertex -6.7117 3.875 9.7
      vertex -6.95076 3.42774 7.8
      vertex -6.95076 3.42774 9.7
    endloop
  endfacet
  facet normal -0.973873 0.227092 0
    outer loop
      vertex -7.60109 1.51195 7.8
      vertex -7.48592 2.00585 9.7
      vertex -7.48592 2.00585 7.8
    endloop
  endfacet
  facet normal -0.973873 0.227092 0
    outer loop
      vertex -7.48592 2.00585 9.7
      vertex -7.60109 1.51195 7.8
      vertex -7.60109 1.51195 9.7
    endloop
  endfacet
  facet normal -0.995185 0.0980187 0
    outer loop
      vertex -7.73341 0.506874 7.8
      vertex -7.6837 1.01158 9.7
      vertex -7.6837 1.01158 7.8
    endloop
  endfacet
  facet normal -0.995185 0.0980187 0
    outer loop
      vertex -7.6837 1.01158 9.7
      vertex -7.73341 0.506874 7.8
      vertex -7.73341 0.506874 9.7
    endloop
  endfacet
  facet normal -0.528071 0.8492 0
    outer loop
      vertex -3.875 6.7117 7.8
      vertex -4.30567 6.44389 9.7
      vertex -3.875 6.7117 9.7
    endloop
  endfacet
  facet normal -0.528071 0.8492 0
    outer loop
      vertex -4.30567 6.44389 9.7
      vertex -3.875 6.7117 7.8
      vertex -4.30567 6.44389 7.8
    endloop
  endfacet
  facet normal 0.999465 -0.0327125 0
    outer loop
      vertex 7.73341 -0.506874 9.7
      vertex 7.75 0 7.8
      vertex 7.75 0 9.7
    endloop
  endfacet
  facet normal 0.999465 -0.0327125 0
    outer loop
      vertex 7.75 0 7.8
      vertex 7.73341 -0.506874 9.7
      vertex 7.73341 -0.506874 7.8
    endloop
  endfacet
  facet normal 0.227092 -0.973873 0
    outer loop
      vertex 1.51195 -7.60109 7.8
      vertex 2.00585 -7.48592 9.7
      vertex 1.51195 -7.60109 9.7
    endloop
  endfacet
  facet normal 0.227092 -0.973873 0
    outer loop
      vertex 2.00585 -7.48592 9.7
      vertex 1.51195 -7.60109 7.8
      vertex 2.00585 -7.48592 7.8
    endloop
  endfacet
  facet normal 0.352247 -0.935907 0
    outer loop
      vertex 2.49116 -7.33871 7.8
      vertex 2.9658 -7.16007 9.7
      vertex 2.49116 -7.33871 9.7
    endloop
  endfacet
  facet normal 0.352247 -0.935907 0
    outer loop
      vertex 2.9658 -7.16007 9.7
      vertex 2.49116 -7.33871 7.8
      vertex 2.9658 -7.16007 7.8
    endloop
  endfacet
  facet normal 0.290272 -0.956944 0
    outer loop
      vertex 2.00585 -7.48592 7.8
      vertex 2.49116 -7.33871 9.7
      vertex 2.00585 -7.48592 9.7
    endloop
  endfacet
  facet normal 0.290272 -0.956944 0
    outer loop
      vertex 2.49116 -7.33871 9.7
      vertex 2.00585 -7.48592 7.8
      vertex 2.49116 -7.33871 7.8
    endloop
  endfacet
  facet normal 0.683589 -0.729867 0
    outer loop
      vertex 5.10993 -5.82676 7.8
      vertex 5.48008 -5.48008 9.7
      vertex 5.10993 -5.82676 9.7
    endloop
  endfacet
  facet normal 0.683589 -0.729867 0
    outer loop
      vertex 5.48008 -5.48008 9.7
      vertex 5.10993 -5.82676 7.8
      vertex 5.48008 -5.48008 7.8
    endloop
  endfacet
  facet normal 0.528071 -0.8492 0
    outer loop
      vertex 3.875 -6.7117 7.8
      vertex 4.30567 -6.44389 9.7
      vertex 3.875 -6.7117 9.7
    endloop
  endfacet
  facet normal 0.528071 -0.8492 0
    outer loop
      vertex 4.30567 -6.44389 9.7
      vertex 3.875 -6.7117 7.8
      vertex 4.30567 -6.44389 7.8
    endloop
  endfacet
  facet normal 0.910858 -0.41272 0
    outer loop
      vertex 6.95076 -3.42774 9.7
      vertex 7.16007 -2.9658 7.8
      vertex 7.16007 -2.9658 9.7
    endloop
  endfacet
  facet normal 0.910858 -0.41272 0
    outer loop
      vertex 7.16007 -2.9658 7.8
      vertex 6.95076 -3.42774 9.7
      vertex 6.95076 -3.42774 7.8
    endloop
  endfacet
  facet normal 0.973873 -0.227092 0
    outer loop
      vertex 7.48592 -2.00585 9.7
      vertex 7.60109 -1.51195 7.8
      vertex 7.60109 -1.51195 9.7
    endloop
  endfacet
  facet normal 0.973873 -0.227092 0
    outer loop
      vertex 7.60109 -1.51195 7.8
      vertex 7.48592 -2.00585 9.7
      vertex 7.48592 -2.00585 7.8
    endloop
  endfacet
  facet normal -0.528071 -0.8492 0
    outer loop
      vertex -4.30567 -6.44389 7.8
      vertex -3.875 -6.7117 9.7
      vertex -4.30567 -6.44389 9.7
    endloop
  endfacet
  facet normal -0.528071 -0.8492 -0
    outer loop
      vertex -3.875 -6.7117 9.7
      vertex -4.30567 -6.44389 7.8
      vertex -3.875 -6.7117 7.8
    endloop
  endfacet
  facet normal -0.41272 -0.910858 0
    outer loop
      vertex -3.42774 -6.95076 7.8
      vertex -2.9658 -7.16007 9.7
      vertex -3.42774 -6.95076 9.7
    endloop
  endfacet
  facet normal -0.41272 -0.910858 -0
    outer loop
      vertex -2.9658 -7.16007 9.7
      vertex -3.42774 -6.95076 7.8
      vertex -2.9658 -7.16007 7.8
    endloop
  endfacet
  facet normal -0.471388 -0.881926 0
    outer loop
      vertex -3.875 -6.7117 7.8
      vertex -3.42774 -6.95076 9.7
      vertex -3.875 -6.7117 9.7
    endloop
  endfacet
  facet normal -0.471388 -0.881926 -0
    outer loop
      vertex -3.42774 -6.95076 9.7
      vertex -3.875 -6.7117 7.8
      vertex -3.42774 -6.95076 7.8
    endloop
  endfacet
  facet normal -0.0980187 -0.995185 0
    outer loop
      vertex -1.01158 -7.6837 7.8
      vertex -0.506874 -7.73341 9.7
      vertex -1.01158 -7.6837 9.7
    endloop
  endfacet
  facet normal -0.0980187 -0.995185 -0
    outer loop
      vertex -0.506874 -7.73341 9.7
      vertex -1.01158 -7.6837 7.8
      vertex -0.506874 -7.73341 7.8
    endloop
  endfacet
  facet normal -0.162893 -0.986644 0
    outer loop
      vertex -1.51195 -7.60109 7.8
      vertex -1.01158 -7.6837 9.7
      vertex -1.51195 -7.60109 9.7
    endloop
  endfacet
  facet normal -0.162893 -0.986644 -0
    outer loop
      vertex -1.01158 -7.6837 9.7
      vertex -1.51195 -7.60109 7.8
      vertex -1.01158 -7.6837 7.8
    endloop
  endfacet
  facet normal -0.881926 -0.471388 0
    outer loop
      vertex -6.7117 -3.875 7.8
      vertex -6.95076 -3.42774 9.7
      vertex -6.95076 -3.42774 7.8
    endloop
  endfacet
  facet normal -0.881926 -0.471388 0
    outer loop
      vertex -6.95076 -3.42774 9.7
      vertex -6.7117 -3.875 7.8
      vertex -6.7117 -3.875 9.7
    endloop
  endfacet
  facet normal -0.812847 -0.582478 0
    outer loop
      vertex -6.14849 -4.7179 7.8
      vertex -6.44389 -4.30567 9.7
      vertex -6.44389 -4.30567 7.8
    endloop
  endfacet
  facet normal -0.812847 -0.582478 0
    outer loop
      vertex -6.44389 -4.30567 9.7
      vertex -6.14849 -4.7179 7.8
      vertex -6.14849 -4.7179 9.7
    endloop
  endfacet
  facet normal -0.973873 -0.227092 0
    outer loop
      vertex -7.48592 -2.00585 7.8
      vertex -7.60109 -1.51195 9.7
      vertex -7.60109 -1.51195 7.8
    endloop
  endfacet
  facet normal -0.973873 -0.227092 0
    outer loop
      vertex -7.60109 -1.51195 9.7
      vertex -7.48592 -2.00585 7.8
      vertex -7.48592 -2.00585 9.7
    endloop
  endfacet
  facet normal -0.986644 -0.162893 0
    outer loop
      vertex -7.60109 -1.51195 7.8
      vertex -7.6837 -1.01158 9.7
      vertex -7.6837 -1.01158 7.8
    endloop
  endfacet
  facet normal -0.986644 -0.162893 0
    outer loop
      vertex -7.6837 -1.01158 9.7
      vertex -7.60109 -1.51195 7.8
      vertex -7.60109 -1.51195 9.7
    endloop
  endfacet
  facet normal 0.162893 0.986644 -0
    outer loop
      vertex 1.51195 7.60109 7.8
      vertex 1.01158 7.6837 9.7
      vertex 1.51195 7.60109 9.7
    endloop
  endfacet
  facet normal 0.162893 0.986644 0
    outer loop
      vertex 1.01158 7.6837 9.7
      vertex 1.51195 7.60109 7.8
      vertex 1.01158 7.6837 7.8
    endloop
  endfacet
  facet normal 0.41272 0.910858 -0
    outer loop
      vertex 3.42774 6.95076 7.8
      vertex 2.9658 7.16007 9.7
      vertex 3.42774 6.95076 9.7
    endloop
  endfacet
  facet normal 0.41272 0.910858 0
    outer loop
      vertex 2.9658 7.16007 9.7
      vertex 3.42774 6.95076 7.8
      vertex 2.9658 7.16007 7.8
    endloop
  endfacet
  facet normal 0.582478 0.812847 -0
    outer loop
      vertex 4.7179 6.14849 7.8
      vertex 4.30567 6.44389 9.7
      vertex 4.7179 6.14849 9.7
    endloop
  endfacet
  facet normal 0.582478 0.812847 0
    outer loop
      vertex 4.30567 6.44389 9.7
      vertex 4.7179 6.14849 7.8
      vertex 4.30567 6.44389 7.8
    endloop
  endfacet
  facet normal -0.986644 0.162893 0
    outer loop
      vertex -7.6837 1.01158 7.8
      vertex -7.60109 1.51195 9.7
      vertex -7.60109 1.51195 7.8
    endloop
  endfacet
  facet normal -0.986644 0.162893 0
    outer loop
      vertex -7.60109 1.51195 9.7
      vertex -7.6837 1.01158 7.8
      vertex -7.6837 1.01158 9.7
    endloop
  endfacet
  facet normal -0.582478 0.812847 0
    outer loop
      vertex -4.30567 6.44389 7.8
      vertex -4.7179 6.14849 9.7
      vertex -4.30567 6.44389 9.7
    endloop
  endfacet
  facet normal -0.582478 0.812847 0
    outer loop
      vertex -4.7179 6.14849 9.7
      vertex -4.30567 6.44389 7.8
      vertex -4.7179 6.14849 7.8
    endloop
  endfacet
  facet normal -0.227092 0.973873 0
    outer loop
      vertex -1.51195 7.60109 7.8
      vertex -2.00585 7.48592 9.7
      vertex -1.51195 7.60109 9.7
    endloop
  endfacet
  facet normal -0.227092 0.973873 0
    outer loop
      vertex -2.00585 7.48592 9.7
      vertex -1.51195 7.60109 7.8
      vertex -2.00585 7.48592 7.8
    endloop
  endfacet
  facet normal -0.0980187 0.995185 0
    outer loop
      vertex -0.506874 7.73341 7.8
      vertex -1.01158 7.6837 9.7
      vertex -0.506874 7.73341 9.7
    endloop
  endfacet
  facet normal -0.0980187 0.995185 0
    outer loop
      vertex -1.01158 7.6837 9.7
      vertex -0.506874 7.73341 7.8
      vertex -1.01158 7.6837 7.8
    endloop
  endfacet
  facet normal 0.162893 -0.986644 0
    outer loop
      vertex 1.01158 -7.6837 7.8
      vertex 1.51195 -7.60109 9.7
      vertex 1.01158 -7.6837 9.7
    endloop
  endfacet
  facet normal 0.162893 -0.986644 0
    outer loop
      vertex 1.51195 -7.60109 9.7
      vertex 1.01158 -7.6837 7.8
      vertex 1.51195 -7.60109 7.8
    endloop
  endfacet
  facet normal 0.8492 -0.528071 0
    outer loop
      vertex 6.44389 -4.30567 9.7
      vertex 6.7117 -3.875 7.8
      vertex 6.7117 -3.875 9.7
    endloop
  endfacet
  facet normal 0.8492 -0.528071 0
    outer loop
      vertex 6.7117 -3.875 7.8
      vertex 6.44389 -4.30567 9.7
      vertex 6.44389 -4.30567 7.8
    endloop
  endfacet
  facet normal 0.995185 -0.0980187 0
    outer loop
      vertex 7.6837 -1.01158 9.7
      vertex 7.73341 -0.506874 7.8
      vertex 7.73341 -0.506874 9.7
    endloop
  endfacet
  facet normal 0.995185 -0.0980187 0
    outer loop
      vertex 7.73341 -0.506874 7.8
      vertex 7.6837 -1.01158 9.7
      vertex 7.6837 -1.01158 7.8
    endloop
  endfacet
  facet normal -0.582478 -0.812847 0
    outer loop
      vertex -4.7179 -6.14849 7.8
      vertex -4.30567 -6.44389 9.7
      vertex -4.7179 -6.14849 9.7
    endloop
  endfacet
  facet normal -0.582478 -0.812847 -0
    outer loop
      vertex -4.30567 -6.44389 9.7
      vertex -4.7179 -6.14849 7.8
      vertex -4.30567 -6.44389 7.8
    endloop
  endfacet
  facet normal -0.227092 -0.973873 0
    outer loop
      vertex -2.00585 -7.48592 7.8
      vertex -1.51195 -7.60109 9.7
      vertex -2.00585 -7.48592 9.7
    endloop
  endfacet
  facet normal -0.227092 -0.973873 -0
    outer loop
      vertex -1.51195 -7.60109 9.7
      vertex -2.00585 -7.48592 7.8
      vertex -1.51195 -7.60109 7.8
    endloop
  endfacet
  facet normal -0.8492 -0.528071 0
    outer loop
      vertex -6.44389 -4.30567 7.8
      vertex -6.7117 -3.875 9.7
      vertex -6.7117 -3.875 7.8
    endloop
  endfacet
  facet normal -0.8492 -0.528071 0
    outer loop
      vertex -6.7117 -3.875 9.7
      vertex -6.44389 -4.30567 7.8
      vertex -6.44389 -4.30567 9.7
    endloop
  endfacet
  facet normal -0.773011 -0.634392 0
    outer loop
      vertex -5.82676 -5.10993 7.8
      vertex -6.14849 -4.7179 9.7
      vertex -6.14849 -4.7179 7.8
    endloop
  endfacet
  facet normal -0.773011 -0.634392 0
    outer loop
      vertex -6.14849 -4.7179 9.7
      vertex -5.82676 -5.10993 7.8
      vertex -5.82676 -5.10993 9.7
    endloop
  endfacet
  facet normal -0.956944 -0.290272 0
    outer loop
      vertex -7.33871 -2.49116 7.8
      vertex -7.48592 -2.00585 9.7
      vertex -7.48592 -2.00585 7.8
    endloop
  endfacet
  facet normal -0.956944 -0.290272 0
    outer loop
      vertex -7.48592 -2.00585 9.7
      vertex -7.33871 -2.49116 7.8
      vertex -7.33871 -2.49116 9.7
    endloop
  endfacet
  facet normal 0 0 1
    outer loop
      vertex -8.84666 -3.6644 12.61
      vertex -7.59116 -2.57684 12.61
      vertex -8.30116 -2.22429 12.61
    endloop
  endfacet
  facet normal 0 0 1
    outer loop
      vertex -7.59116 -2.57684 12.61
      vertex -8.84666 -3.6644 12.61
      vertex -8.05006 -3.96985 12.61
    endloop
  endfacet
  facet normal 0 0 1
    outer loop
      vertex -8.99516 -1.78925 12.61
      vertex -8.84666 -3.6644 12.61
      vertex -8.30116 -2.22429 12.61
    endloop
  endfacet
  facet normal 0 0 1
    outer loop
      vertex -9.86259 -3.3479 12.61
      vertex -8.99516 -1.78925 12.61
      vertex -9.66537 -1.27246 12.61
    endloop
  endfacet
  facet normal 0 0 1
    outer loop
      vertex -8.99516 -1.78925 12.61
      vertex -9.86259 -3.3479 12.61
      vertex -8.84666 -3.6644 12.61
    endloop
  endfacet
  facet normal 0 0 1
    outer loop
      vertex -10.8716 -2.91304 12.61
      vertex -9.66537 -1.27246 12.61
      vertex -10.304 -0.675354 12.61
    endloop
  endfacet
  facet normal 0 0 1
    outer loop
      vertex -9.66537 -1.27246 12.61
      vertex -10.8716 -2.91304 12.61
      vertex -9.86259 -3.3479 12.61
    endloop
  endfacet
  facet normal 0 0 1
    outer loop
      vertex -11.8625 -2.35959 12.61
      vertex -10.304 -0.675354 12.61
      vertex -10.9035 0 12.61
    endloop
  endfacet
  facet normal 0 0 1
    outer loop
      vertex -12.824 -1.68831 12.61
      vertex -10.9035 0 12.61
      vertex -11.4564 0.750885 12.61
    endloop
  endfacet
  facet normal 0 0 1
    outer loop
      vertex -10.304 -0.675354 12.61
      vertex -11.8625 -2.35959 12.61
      vertex -10.8716 -2.91304 12.61
    endloop
  endfacet
  facet normal 0 0 1
    outer loop
      vertex -12.824 1.68831 12.61
      vertex -11.4564 0.750885 12.61
      vertex -11.9552 1.57393 12.61
    endloop
  endfacet
  facet normal -0 0 1
    outer loop
      vertex -12.824 1.68831 12.61
      vertex -11.9552 1.57393 12.61
      vertex -12.2189 2.11078 12.61
    endloop
  endfacet
  facet normal 0 0 1
    outer loop
      vertex -11.4564 0.750885 12.61
      vertex -12.824 1.68831 12.61
      vertex -13.745 0.900879 12.61
    endloop
  endfacet
  facet normal 0 0 1
    outer loop
      vertex -10.9035 0 12.61
      vertex -12.824 -1.68831 12.61
      vertex -11.8625 -2.35959 12.61
    endloop
  endfacet
  facet normal 0 0 1
    outer loop
      vertex -11.4564 0.750885 12.61
      vertex -13.745 0.900879 12.61
      vertex -13.745 -0.900879 12.61
    endloop
  endfacet
  facet normal 0 0 1
    outer loop
      vertex -11.4564 0.750885 12.61
      vertex -13.745 -0.900879 12.61
      vertex -12.824 -1.68831 12.61
    endloop
  endfacet
  facet normal 0 -0 1
    outer loop
      vertex -13.745 -0.900879 12.61
      vertex -13.745 0.900879 12.61
      vertex -14.6142 0 12.61
    endloop
  endfacet
  facet normal 0 0 1
    outer loop
      vertex -7.59116 -2.57684 12.61
      vertex -7.12082 -3.5116 12.61
      vertex -6.87294 -2.84686 12.61
    endloop
  endfacet
  facet normal 0 0 1
    outer loop
      vertex -8.05006 -3.96985 12.61
      vertex -7.12082 -3.5116 12.61
      vertex -7.59116 -2.57684 12.61
    endloop
  endfacet
  facet normal 0 0 1
    outer loop
      vertex -7.12082 -3.5116 12.61
      vertex -8.05006 -3.96985 12.61
      vertex -8.28054 -4.44979 12.61
    endloop
  endfacet
  facet normal 0 0 -1
    outer loop
      vertex -1.92441 -9.67471 12.61
      vertex -1.79788 -9.03857 12.61
      vertex -1.58297 -9.4507 12.61
    endloop
  endfacet
  facet normal 0 0 -1
    outer loop
      vertex -1.92441 -9.67471 12.61
      vertex -2.41623 -9.01752 12.61
      vertex -1.79788 -9.03857 12.61
    endloop
  endfacet
  facet normal 0 0 -1
    outer loop
      vertex -2.70248 -10.0858 12.61
      vertex -2.41623 -9.01752 12.61
      vertex -1.92441 -9.67471 12.61
    endloop
  endfacet
  facet normal 0 0 -1
    outer loop
      vertex -2.70248 -10.0858 12.61
      vertex -3.27077 -9.63539 12.61
      vertex -2.41623 -9.01752 12.61
    endloop
  endfacet
  facet normal 0 0 -1
    outer loop
      vertex -3.54195 -10.4342 12.61
      vertex -3.27077 -9.63539 12.61
      vertex -2.70248 -10.0858 12.61
    endloop
  endfacet
  facet normal 0 0 -1
    outer loop
      vertex -3.54195 -10.4342 12.61
      vertex -4.21532 -10.1767 12.61
      vertex -3.27077 -9.63539 12.61
    endloop
  endfacet
  facet normal 0 0 -1
    outer loop
      vertex -4.43776 -10.7137 12.61
      vertex -4.21532 -10.1767 12.61
      vertex -3.54195 -10.4342 12.61
    endloop
  endfacet
  facet normal 0 0 -1
    outer loop
      vertex -4.43776 -10.7137 12.61
      vertex -5.24332 -10.6324 12.61
      vertex -4.21532 -10.1767 12.61
    endloop
  endfacet
  facet normal 0 0 -1
    outer loop
      vertex -5.38434 -10.9184 12.61
      vertex -5.24332 -10.6324 12.61
      vertex -4.43776 -10.7137 12.61
    endloop
  endfacet
  facet normal -0 0 -1
    outer loop
      vertex -5.38434 -10.9184 12.61
      vertex -6.34737 -10.994 12.61
      vertex -5.24332 -10.6324 12.61
    endloop
  endfacet
  facet normal 0 0 -1
    outer loop
      vertex -6.3756 -11.0429 12.61
      vertex -6.34737 -10.994 12.61
      vertex -5.38434 -10.9184 12.61
    endloop
  endfacet
  facet normal 0 0 -1
    outer loop
      vertex -6.34737 -10.994 12.61
      vertex -6.3756 -11.0429 12.61
      vertex -6.60841 -11.0518 12.61
    endloop
  endfacet
  facet normal 0 0 1
    outer loop
      vertex 3.57921 -13.3578 12.61
      vertex 3.65823 -13.6528 12.61
      vertex 3.72354 -13.5398 12.61
    endloop
  endfacet
  facet normal 0 0 1
    outer loop
      vertex 3.57921 -13.3578 12.61
      vertex 2.78088 -13.9804 12.61
      vertex 3.65823 -13.6528 12.61
    endloop
  endfacet
  facet normal -0 0 1
    outer loop
      vertex 1.75095 -13.2998 12.61
      vertex 3.57921 -13.3578 12.61
      vertex 2.05959 -10.3543 12.61
    endloop
  endfacet
  facet normal 0 0 1
    outer loop
      vertex 3.57921 -13.3578 12.61
      vertex 1.75095 -13.2998 12.61
      vertex 2.78088 -13.9804 12.61
    endloop
  endfacet
  facet normal -0 0 1
    outer loop
      vertex 0.494095 -7.53851 12.61
      vertex 2.05959 -10.3543 12.61
      vertex 0.950912 -7.22292 12.61
    endloop
  endfacet
  facet normal 0 0 1
    outer loop
      vertex 2.05959 -10.3543 12.61
      vertex 0.822418 -12.5479 12.61
      vertex 1.75095 -13.2998 12.61
    endloop
  endfacet
  facet normal 0 0 1
    outer loop
      vertex 2.05959 -10.3543 12.61
      vertex 0.494095 -7.53851 12.61
      vertex 0 -8.13208 12.61
    endloop
  endfacet
  facet normal -0 0 1
    outer loop
      vertex -0.569626 -8.69083 12.61
      vertex 2.05959 -10.3543 12.61
      vertex 0 -8.13208 12.61
    endloop
  endfacet
  facet normal 0 0 1
    outer loop
      vertex 2.05959 -10.3543 12.61
      vertex 0 -11.735 12.61
      vertex 0.822418 -12.5479 12.61
    endloop
  endfacet
  facet normal 0 0 1
    outer loop
      vertex 2.05959 -10.3543 12.61
      vertex -0.569626 -8.69083 12.61
      vertex -0.71257 -10.8719 12.61
    endloop
  endfacet
  facet normal 0 0 1
    outer loop
      vertex 2.05959 -10.3543 12.61
      vertex -0.71257 -10.8719 12.61
      vertex 0 -11.735 12.61
    endloop
  endfacet
  facet normal 0 0 1
    outer loop
      vertex -1.31248 -9.96941 12.61
      vertex -0.569626 -8.69083 12.61
      vertex -1.21217 -9.20741 12.61
    endloop
  endfacet
  facet normal 0 0 1
    outer loop
      vertex -0.569626 -8.69083 12.61
      vertex -1.31248 -9.96941 12.61
      vertex -0.71257 -10.8719 12.61
    endloop
  endfacet
  facet normal 0 -0 1
    outer loop
      vertex -1.31248 -9.96941 12.61
      vertex -1.21217 -9.20741 12.61
      vertex -1.58297 -9.4507 12.61
    endloop
  endfacet
  facet normal 0 0 -1
    outer loop
      vertex -10.6496 -10.6496 12.61
      vertex -9.24033 -10.5366 12.61
      vertex -9.54955 -10.8892 12.61
    endloop
  endfacet
  facet normal 0 0 -1
    outer loop
      vertex -9.54955 -10.8892 12.61
      vertex -9.24033 -10.5366 12.61
      vertex -9.00023 -10.9617 12.61
    endloop
  endfacet
  facet normal -0 0 -1
    outer loop
      vertex -9.24033 -10.5366 12.61
      vertex -10.6496 -10.6496 12.61
      vertex -9.31586 -9.31586 12.61
    endloop
  endfacet
  facet normal -0 0 -1
    outer loop
      vertex -8.50046 -4.90775 12.61
      vertex -9.70944 -5.60574 12.61
      vertex -8.28054 -4.44979 12.61
    endloop
  endfacet
  facet normal 0 0 -1
    outer loop
      vertex -8.85953 -5.91975 12.61
      vertex -9.70944 -5.60574 12.61
      vertex -8.50046 -4.90775 12.61
    endloop
  endfacet
  facet normal 0 0 -1
    outer loop
      vertex -9.11964 -6.99774 12.61
      vertex -9.70944 -5.60574 12.61
      vertex -8.85953 -5.91975 12.61
    endloop
  endfacet
  facet normal 0 0 -1
    outer loop
      vertex -12.0425 -8.04652 12.61
      vertex -9.11964 -6.99774 12.61
      vertex -9.27382 -8.13292 12.61
    endloop
  endfacet
  facet normal 0 0 -1
    outer loop
      vertex -11.7574 -10.3109 12.61
      vertex -9.31586 -9.31586 12.61
      vertex -10.6496 -10.6496 12.61
    endloop
  endfacet
  facet normal 0 0 -1
    outer loop
      vertex -9.31586 -9.31586 12.61
      vertex -12.0425 -8.04652 12.61
      vertex -9.27382 -8.13292 12.61
    endloop
  endfacet
  facet normal -0 0 -1
    outer loop
      vertex -9.31586 -9.31586 12.61
      vertex -11.7574 -10.3109 12.61
      vertex -12.0425 -8.04652 12.61
    endloop
  endfacet
  facet normal -0 0 -1
    outer loop
      vertex -9.11964 -6.99774 12.61
      vertex -12.0425 -8.04652 12.61
      vertex -9.70944 -5.60574 12.61
    endloop
  endfacet
  facet normal 0 -0 -1
    outer loop
      vertex -12.0425 -8.04652 12.61
      vertex -11.7574 -10.3109 12.61
      vertex -12.8647 -9.87138 12.61
    endloop
  endfacet
  facet normal 0 0 1
    outer loop
      vertex -4.21532 10.1767 12.61
      vertex -3.90746 9.43344 12.61
      vertex -3.66642 9.86213 12.61
    endloop
  endfacet
  facet normal 0 0 1
    outer loop
      vertex -4.21532 10.1767 12.61
      vertex -4.2607 8.63983 12.61
      vertex -3.90746 9.43344 12.61
    endloop
  endfacet
  facet normal 0 0 1
    outer loop
      vertex -5.24332 10.6324 12.61
      vertex -4.2607 8.63983 12.61
      vertex -4.21532 10.1767 12.61
    endloop
  endfacet
  facet normal 0 0 1
    outer loop
      vertex -4.2607 8.63983 12.61
      vertex -5.24332 10.6324 12.61
      vertex -4.52795 7.84264 12.61
    endloop
  endfacet
  facet normal 0 0 1
    outer loop
      vertex -6.34737 10.994 12.61
      vertex -4.52795 7.84264 12.61
      vertex -5.24332 10.6324 12.61
    endloop
  endfacet
  facet normal 0 0 1
    outer loop
      vertex -8.92123 7.8237 12.61
      vertex -4.52795 7.84264 12.61
      vertex -6.34737 10.994 12.61
    endloop
  endfacet
  facet normal 0 0 1
    outer loop
      vertex -4.7104 7.04962 12.61
      vertex -6.07687 6.07687 12.61
      vertex -4.80989 6.26839 12.61
    endloop
  endfacet
  facet normal 0 0 1
    outer loop
      vertex -4.80989 6.26839 12.61
      vertex -6.07687 6.07687 12.61
      vertex -4.82887 5.50627 12.61
    endloop
  endfacet
  facet normal 0 -0 1
    outer loop
      vertex -6.07687 6.07687 12.61
      vertex -4.52795 7.84264 12.61
      vertex -8.92123 7.8237 12.61
    endloop
  endfacet
  facet normal 0 0 1
    outer loop
      vertex -9.31586 9.31586 12.61
      vertex -6.34737 10.994 12.61
      vertex -7.51938 11.2535 12.61
    endloop
  endfacet
  facet normal 0 0 1
    outer loop
      vertex -9.24033 10.5366 12.61
      vertex -7.51938 11.2535 12.61
      vertex -8.75052 11.4039 12.61
    endloop
  endfacet
  facet normal 0 0 1
    outer loop
      vertex -6.34737 10.994 12.61
      vertex -9.31586 9.31586 12.61
      vertex -8.92123 7.8237 12.61
    endloop
  endfacet
  facet normal 0 0 1
    outer loop
      vertex -7.51938 11.2535 12.61
      vertex -9.24033 10.5366 12.61
      vertex -9.31586 9.31586 12.61
    endloop
  endfacet
  facet normal 0 0 1
    outer loop
      vertex -4.52795 7.84264 12.61
      vertex -6.07687 6.07687 12.61
      vertex -4.7104 7.04962 12.61
    endloop
  endfacet
  facet normal -0 -0 1
    outer loop
      vertex -9.27382 8.13292 12.61
      vertex -8.92123 7.8237 12.61
      vertex -9.31586 9.31586 12.61
    endloop
  endfacet
  facet normal 0 0 1
    outer loop
      vertex -8.92123 7.8237 12.61
      vertex -9.27382 8.13292 12.61
      vertex -9.25207 7.97277 12.61
    endloop
  endfacet
  facet normal 0 0 1
    outer loop
      vertex 11.8251 6.82724 12.61
      vertex 12.8368 5.31717 12.61
      vertex 12.9995 6.41064 12.61
    endloop
  endfacet
  facet normal 0 0 1
    outer loop
      vertex 12.8368 5.31717 12.61
      vertex 11.9939 4.96805 12.61
      vertex 12.5263 4.58449 12.61
    endloop
  endfacet
  facet normal 0 0 1
    outer loop
      vertex 12.8368 5.31717 12.61
      vertex 11.8251 6.82724 12.61
      vertex 11.9939 4.96805 12.61
    endloop
  endfacet
  facet normal 0 0 1
    outer loop
      vertex 11.8251 6.82724 12.61
      vertex 11.1255 5.48648 12.61
      vertex 11.9939 4.96805 12.61
    endloop
  endfacet
  facet normal 0 0 1
    outer loop
      vertex 10.655 7.11946 12.61
      vertex 11.1255 5.48648 12.61
      vertex 11.8251 6.82724 12.61
    endloop
  endfacet
  facet normal 0 0 1
    outer loop
      vertex 10.655 7.11946 12.61
      vertex 10.2428 5.91368 12.61
      vertex 11.1255 5.48648 12.61
    endloop
  endfacet
  facet normal 0 0 1
    outer loop
      vertex 9.35402 6.25015 12.61
      vertex 10.655 7.11946 12.61
      vertex 9.50035 7.28987 12.61
    endloop
  endfacet
  facet normal 0 0 1
    outer loop
      vertex 10.655 7.11946 12.61
      vertex 9.35402 6.25015 12.61
      vertex 10.2428 5.91368 12.61
    endloop
  endfacet
  facet normal 0 0 1
    outer loop
      vertex 9.50035 7.28987 12.61
      vertex 8.46713 6.49706 12.61
      vertex 9.35402 6.25015 12.61
    endloop
  endfacet
  facet normal 0 0 1
    outer loop
      vertex 8.37184 7.3419 12.61
      vertex 8.46713 6.49706 12.61
      vertex 9.50035 7.28987 12.61
    endloop
  endfacet
  facet normal 0 0 1
    outer loop
      vertex 8.37184 7.3419 12.61
      vertex 7.58998 6.65623 12.61
      vertex 8.46713 6.49706 12.61
    endloop
  endfacet
  facet normal -0 0 1
    outer loop
      vertex 7.27992 7.27992 12.61
      vertex 7.58998 6.65623 12.61
      vertex 8.37184 7.3419 12.61
    endloop
  endfacet
  facet normal 0 0 1
    outer loop
      vertex 7.27992 7.27992 12.61
      vertex 6.7301 6.7301 12.61
      vertex 7.58998 6.65623 12.61
    endloop
  endfacet
  facet normal -0 0 1
    outer loop
      vertex 6.2345 7.10909 12.61
      vertex 6.7301 6.7301 12.61
      vertex 7.27992 7.27992 12.61
    endloop
  endfacet
  facet normal 0 0 1
    outer loop
      vertex 6.2345 7.10909 12.61
      vertex 5.89484 6.72177 12.61
      vertex 6.7301 6.7301 12.61
    endloop
  endfacet
  facet normal 0 0 1
    outer loop
      vertex 5.53709 7.21608 12.61
      vertex 5.89484 6.72177 12.61
      vertex 6.2345 7.10909 12.61
    endloop
  endfacet
  facet normal -0 0 1
    outer loop
      vertex 4.09044 8.2946 12.61
      vertex 5.51984 8.26103 12.61
      vertex 5.38762 9.33163 12.61
    endloop
  endfacet
  facet normal 0 0 1
    outer loop
      vertex 4.09044 8.2946 12.61
      vertex 5.38762 9.33163 12.61
      vertex 5.13719 10.4172 12.61
    endloop
  endfacet
  facet normal 0 0 1
    outer loop
      vertex 5.53709 7.21608 12.61
      vertex 5.09109 6.63484 12.61
      vertex 5.89484 6.72177 12.61
    endloop
  endfacet
  facet normal 0 0 1
    outer loop
      vertex 5.51984 8.26103 12.61
      vertex 4.09044 8.2946 12.61
      vertex 5.53709 7.21608 12.61
    endloop
  endfacet
  facet normal 0 0 1
    outer loop
      vertex 4.09044 8.2946 12.61
      vertex 5.13719 10.4172 12.61
      vertex 4.77367 11.4849 12.61
    endloop
  endfacet
  facet normal 0 0 1
    outer loop
      vertex 5.53709 7.21608 12.61
      vertex 4.09044 8.2946 12.61
      vertex 5.09109 6.63484 12.61
    endloop
  endfacet
  facet normal 0 0 1
    outer loop
      vertex 5.09109 6.63484 12.61
      vertex 4.09044 8.2946 12.61
      vertex 4.32547 6.47353 12.61
    endloop
  endfacet
  facet normal 0 0 1
    outer loop
      vertex 4.32547 6.47353 12.61
      vertex 4.09044 8.2946 12.61
      vertex 3.60413 6.24254 12.61
    endloop
  endfacet
  facet normal 0 0 1
    outer loop
      vertex 11.8251 -6.82724 12.61
      vertex 12.8368 -5.31717 12.61
      vertex 12.3618 -4.19627 12.61
    endloop
  endfacet
  facet normal 0 0 1
    outer loop
      vertex 12.8368 -5.31717 12.61
      vertex 11.8251 -6.82724 12.61
      vertex 12.9995 -6.41064 12.61
    endloop
  endfacet
  facet normal 0 0 1
    outer loop
      vertex 8.6427 -4.98985 12.61
      vertex 12.3618 -4.19627 12.61
      vertex 11.7987 -3.16144 12.61
    endloop
  endfacet
  facet normal 0 0 1
    outer loop
      vertex 8.43269 -4.15854 12.61
      vertex 11.7987 -3.16144 12.61
      vertex 11.1565 -2.21916 12.61
    endloop
  endfacet
  facet normal 0 -0 1
    outer loop
      vertex 10.655 -7.11946 12.61
      vertex 12.3618 -4.19627 12.61
      vertex 8.6427 -4.98985 12.61
    endloop
  endfacet
  facet normal 0 0 1
    outer loop
      vertex 9.81802 -1.29256 12.61
      vertex 11.1565 -2.21916 12.61
      vertex 10.4452 -1.37512 12.61
    endloop
  endfacet
  facet normal -0 0 1
    outer loop
      vertex 9.81802 -1.29256 12.61
      vertex 10.4452 -1.37512 12.61
      vertex 10.2951 -1.23079 12.61
    endloop
  endfacet
  facet normal 0 0 1
    outer loop
      vertex 11.1565 -2.21916 12.61
      vertex 9.81802 -1.29256 12.61
      vertex 8.15318 -3.37715 12.61
    endloop
  endfacet
  facet normal 0 0 1
    outer loop
      vertex 12.3618 -4.19627 12.61
      vertex 10.655 -7.11946 12.61
      vertex 11.8251 -6.82724 12.61
    endloop
  endfacet
  facet normal -0 -0 1
    outer loop
      vertex 8.77792 -5.86522 12.61
      vertex 10.655 -7.11946 12.61
      vertex 8.6427 -4.98985 12.61
    endloop
  endfacet
  facet normal 0 0 1
    outer loop
      vertex 9.50035 -7.28987 12.61
      vertex 8.77792 -5.86522 12.61
      vertex 8.8336 -6.77826 12.61
    endloop
  endfacet
  facet normal 0 0 1
    outer loop
      vertex 10.655 -7.11946 12.61
      vertex 8.77792 -5.86522 12.61
      vertex 9.50035 -7.28987 12.61
    endloop
  endfacet
  facet normal 0 0 1
    outer loop
      vertex 11.7987 -3.16144 12.61
      vertex 8.43269 -4.15854 12.61
      vertex 8.6427 -4.98985 12.61
    endloop
  endfacet
  facet normal 0 0 1
    outer loop
      vertex 11.1565 -2.21916 12.61
      vertex 8.15318 -3.37715 12.61
      vertex 8.43269 -4.15854 12.61
    endloop
  endfacet
  facet normal 0 0 1
    outer loop
      vertex 9.81802 -1.29256 12.61
      vertex 7.80986 -2.65109 12.61
      vertex 8.15318 -3.37715 12.61
    endloop
  endfacet
  facet normal 0 0 1
    outer loop
      vertex 9.81802 -1.29256 12.61
      vertex 7.40881 -1.98518 12.61
      vertex 7.80986 -2.65109 12.61
    endloop
  endfacet
  facet normal 0 -0 1
    outer loop
      vertex 7.40881 -1.98518 12.61
      vertex 9.81802 -1.29256 12.61
      vertex 6.9565 -1.38373 12.61
    endloop
  endfacet
  facet normal 0 0 1
    outer loop
      vertex 9.50035 -7.28987 12.61
      vertex 8.8336 -6.77826 12.61
      vertex 8.81741 -7.32136 12.61
    endloop
  endfacet
  facet normal 0 0 -1
    outer loop
      vertex 13.1464 -0.861649 12.61
      vertex 15.8351 1.03789 12.61
      vertex 16.4465 0 12.61
    endloop
  endfacet
  facet normal -0 0 -1
    outer loop
      vertex 15.8351 1.03789 12.61
      vertex 13.1464 -0.861649 12.61
      vertex 15.1609 1.99596 12.61
    endloop
  endfacet
  facet normal -0 0 -1
    outer loop
      vertex 15.1609 1.99596 12.61
      vertex 13.1464 -0.861649 12.61
      vertex 14.4316 2.87062 12.61
    endloop
  endfacet
  facet normal 0 0 -1
    outer loop
      vertex 11.1565 2.21916 12.61
      vertex 14.4316 2.87062 12.61
      vertex 13.1464 -0.861649 12.61
    endloop
  endfacet
  facet normal 0 -0 -1
    outer loop
      vertex 11.7987 3.16144 12.61
      vertex 14.4316 2.87062 12.61
      vertex 11.1565 2.21916 12.61
    endloop
  endfacet
  facet normal 0 -0 -1
    outer loop
      vertex 12.3618 4.19627 12.61
      vertex 13.6552 3.65891 12.61
      vertex 11.7987 3.16144 12.61
    endloop
  endfacet
  facet normal -0 0 -1
    outer loop
      vertex 12.8399 4.35857 12.61
      vertex 12.3618 4.19627 12.61
      vertex 12.5263 4.58449 12.61
    endloop
  endfacet
  facet normal 0 0 -1
    outer loop
      vertex 13.6552 3.65891 12.61
      vertex 12.3618 4.19627 12.61
      vertex 12.8399 4.35857 12.61
    endloop
  endfacet
  facet normal 0 0 -1
    outer loop
      vertex 14.4316 2.87062 12.61
      vertex 11.7987 3.16144 12.61
      vertex 13.6552 3.65891 12.61
    endloop
  endfacet
  facet normal 0 0 -1
    outer loop
      vertex 13.1464 -0.861649 12.61
      vertex 10.4452 1.37512 12.61
      vertex 11.1565 2.21916 12.61
    endloop
  endfacet
  facet normal 0 0 -1
    outer loop
      vertex 10.2951 -1.23079 12.61
      vertex 10.4452 1.37512 12.61
      vertex 13.1464 -0.861649 12.61
    endloop
  endfacet
  facet normal 0 0 -1
    outer loop
      vertex 9.67476 0.634109 12.61
      vertex 10.2951 -1.23079 12.61
      vertex 9.67476 -0.634109 12.61
    endloop
  endfacet
  facet normal 0 0 -1
    outer loop
      vertex 10.2951 -1.23079 12.61
      vertex 9.67476 0.634109 12.61
      vertex 10.4452 1.37512 12.61
    endloop
  endfacet
  facet normal 0 -0 -1
    outer loop
      vertex 9.67476 0.634109 12.61
      vertex 9.67476 -0.634109 12.61
      vertex 8.85574 0 12.61
    endloop
  endfacet
  facet normal 0 0 -1
    outer loop
      vertex 4.76624 11.5067 12.61
      vertex 4.79129 11.5672 12.61
      vertex 4.77367 11.4849 12.61
    endloop
  endfacet
  facet normal 0 0 -1
    outer loop
      vertex 4.27341 12.5891 12.61
      vertex 4.79129 11.5672 12.61
      vertex 4.76624 11.5067 12.61
    endloop
  endfacet
  facet normal 0 0 -1
    outer loop
      vertex 4.79129 11.5672 12.61
      vertex 4.27341 12.5891 12.61
      vertex 5.0762 14.954 12.61
    endloop
  endfacet
  facet normal 0 0 -1
    outer loop
      vertex 3.65823 13.6528 12.61
      vertex 5.0762 14.954 12.61
      vertex 4.27341 12.5891 12.61
    endloop
  endfacet
  facet normal -0 0 -1
    outer loop
      vertex 5.0762 14.954 12.61
      vertex 3.65823 13.6528 12.61
      vertex 4.13712 15.4399 12.61
    endloop
  endfacet
  facet normal 0 0 -1
    outer loop
      vertex 3.65823 13.6528 12.61
      vertex 3.00578 15.1111 12.61
      vertex 4.13712 15.4399 12.61
    endloop
  endfacet
  facet normal 0 0 -1
    outer loop
      vertex 2.78088 13.9804 12.61
      vertex 3.00578 15.1111 12.61
      vertex 3.65823 13.6528 12.61
    endloop
  endfacet
  facet normal 0 0 -1
    outer loop
      vertex 2.78088 13.9804 12.61
      vertex 1.93567 14.7029 12.61
      vertex 3.00578 15.1111 12.61
    endloop
  endfacet
  facet normal 0 0 -1
    outer loop
      vertex 1.75095 13.2998 12.61
      vertex 1.93567 14.7029 12.61
      vertex 2.78088 13.9804 12.61
    endloop
  endfacet
  facet normal 0 0 -1
    outer loop
      vertex 1.75095 13.2998 12.61
      vertex 0.932144 14.2219 12.61
      vertex 1.93567 14.7029 12.61
    endloop
  endfacet
  facet normal 0 0 -1
    outer loop
      vertex 0.822418 12.5479 12.61
      vertex 0.932144 14.2219 12.61
      vertex 1.75095 13.2998 12.61
    endloop
  endfacet
  facet normal 0 0 -1
    outer loop
      vertex -0.856613 13.0696 12.61
      vertex 0.822418 12.5479 12.61
      vertex 0 11.735 12.61
    endloop
  endfacet
  facet normal 0 0 -1
    outer loop
      vertex 0.822418 12.5479 12.61
      vertex 0 13.675 12.61
      vertex 0.932144 14.2219 12.61
    endloop
  endfacet
  facet normal 0 0 -1
    outer loop
      vertex -1.63422 12.4131 12.61
      vertex 0 11.735 12.61
      vertex -0.71257 10.8719 12.61
    endloop
  endfacet
  facet normal 0 0 -1
    outer loop
      vertex 0.822418 12.5479 12.61
      vertex -0.856613 13.0696 12.61
      vertex 0 13.675 12.61
    endloop
  endfacet
  facet normal 0 0 -1
    outer loop
      vertex -2.32993 11.7134 12.61
      vertex -0.71257 10.8719 12.61
      vertex -1.31248 9.96941 12.61
    endloop
  endfacet
  facet normal 0 0 -1
    outer loop
      vertex 0 11.735 12.61
      vertex -1.63422 12.4131 12.61
      vertex -0.856613 13.0696 12.61
    endloop
  endfacet
  facet normal 0 0 -1
    outer loop
      vertex -2.41623 9.01752 12.61
      vertex -1.31248 9.96941 12.61
      vertex -1.79788 9.03857 12.61
    endloop
  endfacet
  facet normal 0 0 -1
    outer loop
      vertex -0.71257 10.8719 12.61
      vertex -2.32993 11.7134 12.61
      vertex -1.63422 12.4131 12.61
    endloop
  endfacet
  facet normal 0 0 -1
    outer loop
      vertex -3.27077 9.63539 12.61
      vertex -1.31248 9.96941 12.61
      vertex -2.41623 9.01752 12.61
    endloop
  endfacet
  facet normal 0 0 -1
    outer loop
      vertex -1.31248 9.96941 12.61
      vertex -2.94159 10.9782 12.61
      vertex -2.32993 11.7134 12.61
    endloop
  endfacet
  facet normal -0 0 -1
    outer loop
      vertex -1.31248 9.96941 12.61
      vertex -3.27077 9.63539 12.61
      vertex -2.94159 10.9782 12.61
    endloop
  endfacet
  facet normal 0 0 -1
    outer loop
      vertex -3.27077 9.63539 12.61
      vertex -3.46771 10.2155 12.61
      vertex -2.94159 10.9782 12.61
    endloop
  endfacet
  facet normal 0 -0 -1
    outer loop
      vertex -3.46771 10.2155 12.61
      vertex -3.27077 9.63539 12.61
      vertex -3.66642 9.86213 12.61
    endloop
  endfacet
  facet normal 0 0 -1
    outer loop
      vertex -8.84666 3.6644 12.61
      vertex -8.50046 4.90775 12.61
      vertex -8.05006 3.96985 12.61
    endloop
  endfacet
  facet normal 0 0 -1
    outer loop
      vertex -9.86259 3.3479 12.61
      vertex -8.50046 4.90775 12.61
      vertex -8.84666 3.6644 12.61
    endloop
  endfacet
  facet normal -0 0 -1
    outer loop
      vertex -8.50046 4.90775 12.61
      vertex -9.86259 3.3479 12.61
      vertex -8.85953 5.91975 12.61
    endloop
  endfacet
  facet normal 0 0 -1
    outer loop
      vertex -13.0586 4.4328 12.61
      vertex -8.85953 5.91975 12.61
      vertex -9.86259 3.3479 12.61
    endloop
  endfacet
  facet normal -0 0 -1
    outer loop
      vertex -8.85953 5.91975 12.61
      vertex -13.2742 5.49835 12.61
      vertex -9.11964 6.99774 12.61
    endloop
  endfacet
  facet normal 0 0 -1
    outer loop
      vertex -13.0586 4.4328 12.61
      vertex -9.86259 3.3479 12.61
      vertex -10.8716 2.91304 12.61
    endloop
  endfacet
  facet normal 0 0 -1
    outer loop
      vertex -12.7629 3.4198 12.61
      vertex -10.8716 2.91304 12.61
      vertex -11.8625 2.35959 12.61
    endloop
  endfacet
  facet normal 0 0 -1
    outer loop
      vertex -8.85953 5.91975 12.61
      vertex -13.0586 4.4328 12.61
      vertex -13.2742 5.49835 12.61
    endloop
  endfacet
  facet normal 0 0 -1
    outer loop
      vertex -12.3929 2.4651 12.61
      vertex -11.8625 2.35959 12.61
      vertex -12.2189 2.11078 12.61
    endloop
  endfacet
  facet normal 0 0 -1
    outer loop
      vertex -12.7629 3.4198 12.61
      vertex -11.8625 2.35959 12.61
      vertex -12.3929 2.4651 12.61
    endloop
  endfacet
  facet normal 0 0 -1
    outer loop
      vertex -10.8716 2.91304 12.61
      vertex -12.7629 3.4198 12.61
      vertex -13.0586 4.4328 12.61
    endloop
  endfacet
  facet normal 0 0 -1
    outer loop
      vertex -13.404 6.61012 12.61
      vertex -9.11964 6.99774 12.61
      vertex -13.2742 5.49835 12.61
    endloop
  endfacet
  facet normal 0 -0 -1
    outer loop
      vertex -12.0096 9.21527 12.61
      vertex -9.11964 6.99774 12.61
      vertex -13.404 6.61012 12.61
    endloop
  endfacet
  facet normal 0 0 -1
    outer loop
      vertex -9.11964 6.99774 12.61
      vertex -12.0096 9.21527 12.61
      vertex -9.25207 7.97277 12.61
    endloop
  endfacet
  facet normal 0 0 -1
    outer loop
      vertex -13.443 7.76134 12.61
      vertex -12.0096 9.21527 12.61
      vertex -13.404 6.61012 12.61
    endloop
  endfacet
  facet normal 0 0 -1
    outer loop
      vertex -12.0096 9.21527 12.61
      vertex -13.443 7.76134 12.61
      vertex -13.3867 8.94472 12.61
    endloop
  endfacet
  facet normal 0 0 -1
    outer loop
      vertex 8.37184 -7.3419 12.61
      vertex 8.80547 -7.72218 12.61
      vertex 8.68983 -8.68983 12.61
    endloop
  endfacet
  facet normal 0 0 -1
    outer loop
      vertex 7.27992 -7.27992 12.61
      vertex 8.68983 -8.68983 12.61
      vertex 8.48358 -9.67368 12.61
    endloop
  endfacet
  facet normal 0 0 -1
    outer loop
      vertex 8.80547 -7.72218 12.61
      vertex 8.37184 -7.3419 12.61
      vertex 8.81741 -7.32136 12.61
    endloop
  endfacet
  facet normal 0 0 -1
    outer loop
      vertex 5.38762 -9.33163 12.61
      vertex 8.48358 -9.67368 12.61
      vertex 8.18422 -10.6659 12.61
    endloop
  endfacet
  facet normal 0 0 -1
    outer loop
      vertex 5.13719 -10.4172 12.61
      vertex 8.18422 -10.6659 12.61
      vertex 7.7899 -11.6584 12.61
    endloop
  endfacet
  facet normal 0 0 -1
    outer loop
      vertex 4.76624 -11.5067 12.61
      vertex 7.7899 -11.6584 12.61
      vertex 7.29942 -12.643 12.61
    endloop
  endfacet
  facet normal 0 -0 -1
    outer loop
      vertex 5.51984 -8.26103 12.61
      vertex 8.48358 -9.67368 12.61
      vertex 5.38762 -9.33163 12.61
    endloop
  endfacet
  facet normal 0 0 -1
    outer loop
      vertex 4.76624 -11.5067 12.61
      vertex 7.29942 -12.643 12.61
      vertex 6.71228 -13.6111 12.61
    endloop
  endfacet
  facet normal 0 0 -1
    outer loop
      vertex 8.68983 -8.68983 12.61
      vertex 7.27992 -7.27992 12.61
      vertex 8.37184 -7.3419 12.61
    endloop
  endfacet
  facet normal 0 0 -1
    outer loop
      vertex 4.27341 -12.5891 12.61
      vertex 6.71228 -13.6111 12.61
      vertex 6.02864 -14.5544 12.61
    endloop
  endfacet
  facet normal 0 0 -1
    outer loop
      vertex 8.48358 -9.67368 12.61
      vertex 5.51984 -8.26103 12.61
      vertex 7.27992 -7.27992 12.61
    endloop
  endfacet
  facet normal 0 0 -1
    outer loop
      vertex 6.2345 -7.10909 12.61
      vertex 5.51984 -8.26103 12.61
      vertex 5.53709 -7.21608 12.61
    endloop
  endfacet
  facet normal -0 0 -1
    outer loop
      vertex 7.27992 -7.27992 12.61
      vertex 5.51984 -8.26103 12.61
      vertex 6.2345 -7.10909 12.61
    endloop
  endfacet
  facet normal 0 0 -1
    outer loop
      vertex 3.72354 -13.5398 12.61
      vertex 6.02864 -14.5544 12.61
      vertex 5.24942 -15.4643 12.61
    endloop
  endfacet
  facet normal 0 0 -1
    outer loop
      vertex 8.18422 -10.6659 12.61
      vertex 5.13719 -10.4172 12.61
      vertex 5.38762 -9.33163 12.61
    endloop
  endfacet
  facet normal 0 0 -1
    outer loop
      vertex 7.7899 -11.6584 12.61
      vertex 4.76624 -11.5067 12.61
      vertex 5.13719 -10.4172 12.61
    endloop
  endfacet
  facet normal 0 0 -1
    outer loop
      vertex 6.71228 -13.6111 12.61
      vertex 4.27341 -12.5891 12.61
      vertex 4.76624 -11.5067 12.61
    endloop
  endfacet
  facet normal 0 0 -1
    outer loop
      vertex 6.02864 -14.5544 12.61
      vertex 3.72354 -13.5398 12.61
      vertex 4.27341 -12.5891 12.61
    endloop
  endfacet
  facet normal -0 0 1
    outer loop
      vertex -7.40497 -11.0823 12.61
      vertex -7.51938 -11.2535 12.61
      vertex -6.60841 -11.0518 12.61
    endloop
  endfacet
  facet normal 0 0 1
    outer loop
      vertex -8.46542 -11.0323 12.61
      vertex -7.51938 -11.2535 12.61
      vertex -7.40497 -11.0823 12.61
    endloop
  endfacet
  facet normal 0 0 1
    outer loop
      vertex -8.46542 -11.0323 12.61
      vertex -8.75052 -11.4039 12.61
      vertex -7.51938 -11.2535 12.61
    endloop
  endfacet
  facet normal 0 -0 1
    outer loop
      vertex -8.75052 -11.4039 12.61
      vertex -8.46542 -11.0323 12.61
      vertex -9.00023 -10.9617 12.61
    endloop
  endfacet
  facet normal 0.865638 -0.500671 0
    outer loop
      vertex 3.72354 -13.5398 12.61
      vertex 4.27341 -12.5891 9.7
      vertex 4.27341 -12.5891 12.61
    endloop
  endfacet
  facet normal 0.865795 -0.500399 0
    outer loop
      vertex 3.65823 -13.6528 9.7
      vertex 3.72354 -13.5398 12.61
      vertex 3.65823 -13.6528 12.61
    endloop
  endfacet
  facet normal 0.865654 -0.500642 1.26108e-05
    outer loop
      vertex 3.72354 -13.5398 12.61
      vertex 3.65823 -13.6528 9.7
      vertex 4.27341 -12.5891 9.7
    endloop
  endfacet
  facet normal 0.910103 -0.414381 0
    outer loop
      vertex 4.27341 -12.5891 12.61
      vertex 4.76624 -11.5067 9.7
      vertex 4.76624 -11.5067 12.61
    endloop
  endfacet
  facet normal 0.910103 -0.414381 0
    outer loop
      vertex 4.76624 -11.5067 9.7
      vertex 4.27341 -12.5891 12.61
      vertex 4.27341 -12.5891 9.7
    endloop
  endfacet
  facet normal 0.946635 -0.322308 0
    outer loop
      vertex 4.76624 -11.5067 12.61
      vertex 5.13719 -10.4172 9.7
      vertex 5.13719 -10.4172 12.61
    endloop
  endfacet
  facet normal 0.946635 -0.322308 0
    outer loop
      vertex 5.13719 -10.4172 9.7
      vertex 4.76624 -11.5067 12.61
      vertex 4.76624 -11.5067 9.7
    endloop
  endfacet
  facet normal 0.974408 -0.224786 0
    outer loop
      vertex 5.13719 -10.4172 12.61
      vertex 5.38762 -9.33163 9.7
      vertex 5.38762 -9.33163 12.61
    endloop
  endfacet
  facet normal 0.974408 -0.224786 0
    outer loop
      vertex 5.38762 -9.33163 9.7
      vertex 5.13719 -10.4172 12.61
      vertex 5.13719 -10.4172 9.7
    endloop
  endfacet
  facet normal 0.99246 -0.12257 0
    outer loop
      vertex 5.38762 -9.33163 12.61
      vertex 5.51984 -8.26103 9.7
      vertex 5.51984 -8.26103 12.61
    endloop
  endfacet
  facet normal 0.99246 -0.12257 0
    outer loop
      vertex 5.51984 -8.26103 9.7
      vertex 5.38762 -9.33163 12.61
      vertex 5.38762 -9.33163 9.7
    endloop
  endfacet
  facet normal 0.999864 -0.0165057 0
    outer loop
      vertex 5.51984 -8.26103 12.61
      vertex 5.53709 -7.21608 9.7
      vertex 5.53709 -7.21608 12.61
    endloop
  endfacet
  facet normal 0.999864 -0.0165057 0
    outer loop
      vertex 5.53709 -7.21608 9.7
      vertex 5.51984 -8.26103 12.61
      vertex 5.51984 -8.26103 9.7
    endloop
  endfacet
  facet normal 0.151636 -0.988436 0
    outer loop
      vertex 5.53709 -7.21608 9.7
      vertex 6.2345 -7.10909 12.61
      vertex 5.53709 -7.21608 12.61
    endloop
  endfacet
  facet normal 0.151636 -0.988436 0
    outer loop
      vertex 6.2345 -7.10909 12.61
      vertex 5.53709 -7.21608 9.7
      vertex 6.2345 -7.10909 9.7
    endloop
  endfacet
  facet normal -0.161269 -0.98691 0
    outer loop
      vertex 6.2345 -7.10909 9.7
      vertex 7.27992 -7.27992 12.61
      vertex 6.2345 -7.10909 12.61
    endloop
  endfacet
  facet normal -0.161269 -0.98691 -0
    outer loop
      vertex 7.27992 -7.27992 12.61
      vertex 6.2345 -7.10909 9.7
      vertex 7.27992 -7.27992 9.7
    endloop
  endfacet
  facet normal -0.0566712 -0.998393 0
    outer loop
      vertex 7.27992 -7.27992 9.7
      vertex 8.37184 -7.3419 12.61
      vertex 7.27992 -7.27992 12.61
    endloop
  endfacet
  facet normal -0.0566712 -0.998393 -0
    outer loop
      vertex 8.37184 -7.3419 12.61
      vertex 7.27992 -7.27992 9.7
      vertex 8.37184 -7.3419 9.7
    endloop
  endfacet
  facet normal 0.0460494 -0.998939 0
    outer loop
      vertex 8.37184 -7.3419 9.7
      vertex 8.81741 -7.32136 12.61
      vertex 8.37184 -7.3419 12.61
    endloop
  endfacet
  facet normal 0.0460561 -0.998939 -1.03779e-06
    outer loop
      vertex 9.50035 -7.28987 9.7
      vertex 8.81741 -7.32136 12.61
      vertex 8.37184 -7.3419 9.7
    endloop
  endfacet
  facet normal 0.0460605 -0.998939 0
    outer loop
      vertex 8.81741 -7.32136 12.61
      vertex 9.50035 -7.28987 9.7
      vertex 9.50035 -7.28987 12.61
    endloop
  endfacet
  facet normal 0.146004 -0.989284 0
    outer loop
      vertex 9.50035 -7.28987 9.7
      vertex 10.655 -7.11946 12.61
      vertex 9.50035 -7.28987 12.61
    endloop
  endfacet
  facet normal 0.146004 -0.989284 0
    outer loop
      vertex 10.655 -7.11946 12.61
      vertex 9.50035 -7.28987 9.7
      vertex 10.655 -7.11946 9.7
    endloop
  endfacet
  facet normal 0.242298 -0.970202 0
    outer loop
      vertex 10.655 -7.11946 9.7
      vertex 11.8251 -6.82724 12.61
      vertex 10.655 -7.11946 12.61
    endloop
  endfacet
  facet normal 0.242298 -0.970202 0
    outer loop
      vertex 11.8251 -6.82724 12.61
      vertex 10.655 -7.11946 9.7
      vertex 11.8251 -6.82724 9.7
    endloop
  endfacet
  facet normal 0.334322 -0.942459 0
    outer loop
      vertex 11.8251 -6.82724 9.7
      vertex 12.9995 -6.41064 12.61
      vertex 11.8251 -6.82724 12.61
    endloop
  endfacet
  facet normal 0.334322 -0.942459 0
    outer loop
      vertex 12.9995 -6.41064 12.61
      vertex 11.8251 -6.82724 9.7
      vertex 12.9995 -6.41064 9.7
    endloop
  endfacet
  facet normal 0.989111 0.147172 0
    outer loop
      vertex 12.9995 -6.41064 12.61
      vertex 12.8368 -5.31717 9.7
      vertex 12.8368 -5.31717 12.61
    endloop
  endfacet
  facet normal 0.989111 0.147172 0
    outer loop
      vertex 12.8368 -5.31717 9.7
      vertex 12.9995 -6.41064 12.61
      vertex 12.9995 -6.41064 9.7
    endloop
  endfacet
  facet normal 0.920739 0.390179 0
    outer loop
      vertex 12.8368 -5.31717 12.61
      vertex 12.3618 -4.19627 9.7
      vertex 12.3618 -4.19627 12.61
    endloop
  endfacet
  facet normal 0.920739 0.390179 0
    outer loop
      vertex 12.3618 -4.19627 9.7
      vertex 12.8368 -5.31717 12.61
      vertex 12.8368 -5.31717 9.7
    endloop
  endfacet
  facet normal 0.878378 0.477967 0
    outer loop
      vertex 12.3618 -4.19627 12.61
      vertex 11.7987 -3.16144 9.7
      vertex 11.7987 -3.16144 12.61
    endloop
  endfacet
  facet normal 0.878378 0.477967 0
    outer loop
      vertex 11.7987 -3.16144 9.7
      vertex 12.3618 -4.19627 12.61
      vertex 12.3618 -4.19627 9.7
    endloop
  endfacet
  facet normal 0.826335 0.563179 0
    outer loop
      vertex 11.7987 -3.16144 12.61
      vertex 11.1565 -2.21916 9.7
      vertex 11.1565 -2.21916 12.61
    endloop
  endfacet
  facet normal 0.826335 0.563179 0
    outer loop
      vertex 11.1565 -2.21916 9.7
      vertex 11.7987 -3.16144 12.61
      vertex 11.7987 -3.16144 9.7
    endloop
  endfacet
  facet normal 0.764675 0.644416 0
    outer loop
      vertex 11.1565 -2.21916 12.61
      vertex 10.4452 -1.37512 9.7
      vertex 10.4452 -1.37512 12.61
    endloop
  endfacet
  facet normal 0.764675 0.644416 0
    outer loop
      vertex 10.4452 -1.37512 9.7
      vertex 11.1565 -2.21916 12.61
      vertex 11.1565 -2.21916 9.7
    endloop
  endfacet
  facet normal 0.693116 0.720826 -0
    outer loop
      vertex 10.4452 -1.37512 9.7
      vertex 10.2951 -1.23079 12.61
      vertex 10.4452 -1.37512 12.61
    endloop
  endfacet
  facet normal 0.693208 0.720738 9.04817e-06
    outer loop
      vertex 9.67476 -0.634109 9.7
      vertex 10.2951 -1.23079 12.61
      vertex 10.4452 -1.37512 9.7
    endloop
  endfacet
  facet normal 0.69323 0.720717 0
    outer loop
      vertex 10.2951 -1.23079 12.61
      vertex 9.67476 -0.634109 9.7
      vertex 9.67476 -0.634109 12.61
    endloop
  endfacet
  facet normal 0.612191 0.79071 -0
    outer loop
      vertex 9.67476 -0.634109 9.7
      vertex 8.85574 0 12.61
      vertex 9.67476 -0.634109 12.61
    endloop
  endfacet
  facet normal 0.612191 0.79071 0
    outer loop
      vertex 8.85574 0 12.61
      vertex 9.67476 -0.634109 9.7
      vertex 8.85574 0 9.7
    endloop
  endfacet
  facet normal 0.612191 -0.79071 0
    outer loop
      vertex 8.85574 0 9.7
      vertex 9.67476 0.634109 12.61
      vertex 8.85574 0 12.61
    endloop
  endfacet
  facet normal 0.612191 -0.79071 0
    outer loop
      vertex 9.67476 0.634109 12.61
      vertex 8.85574 0 9.7
      vertex 9.67476 0.634109 9.7
    endloop
  endfacet
  facet normal 0.693208 -0.720738 0
    outer loop
      vertex 9.67476 0.634109 9.7
      vertex 10.4452 1.37512 12.61
      vertex 9.67476 0.634109 12.61
    endloop
  endfacet
  facet normal 0.693208 -0.720738 0
    outer loop
      vertex 10.4452 1.37512 12.61
      vertex 9.67476 0.634109 9.7
      vertex 10.4452 1.37512 9.7
    endloop
  endfacet
  facet normal 0.764675 -0.644416 0
    outer loop
      vertex 10.4452 1.37512 12.61
      vertex 11.1565 2.21916 9.7
      vertex 11.1565 2.21916 12.61
    endloop
  endfacet
  facet normal 0.764675 -0.644416 0
    outer loop
      vertex 11.1565 2.21916 9.7
      vertex 10.4452 1.37512 12.61
      vertex 10.4452 1.37512 9.7
    endloop
  endfacet
  facet normal 0.826335 -0.563179 0
    outer loop
      vertex 11.1565 2.21916 12.61
      vertex 11.7987 3.16144 9.7
      vertex 11.7987 3.16144 12.61
    endloop
  endfacet
  facet normal 0.826335 -0.563179 0
    outer loop
      vertex 11.7987 3.16144 9.7
      vertex 11.1565 2.21916 12.61
      vertex 11.1565 2.21916 9.7
    endloop
  endfacet
  facet normal 0.878378 -0.477967 0
    outer loop
      vertex 11.7987 3.16144 12.61
      vertex 12.3618 4.19627 9.7
      vertex 12.3618 4.19627 12.61
    endloop
  endfacet
  facet normal 0.878378 -0.477967 0
    outer loop
      vertex 12.3618 4.19627 9.7
      vertex 11.7987 3.16144 12.61
      vertex 11.7987 3.16144 9.7
    endloop
  endfacet
  facet normal 0.920733 -0.390194 0
    outer loop
      vertex 12.5263 4.58449 12.61
      vertex 12.8368 5.31717 9.7
      vertex 12.8368 5.31717 12.61
    endloop
  endfacet
  facet normal 0.920752 -0.390149 0
    outer loop
      vertex 12.3618 4.19627 9.7
      vertex 12.5263 4.58449 12.61
      vertex 12.3618 4.19627 12.61
    endloop
  endfacet
  facet normal 0.920739 -0.390179 4.64347e-06
    outer loop
      vertex 12.5263 4.58449 12.61
      vertex 12.3618 4.19627 9.7
      vertex 12.8368 5.31717 9.7
    endloop
  endfacet
  facet normal 0.989111 -0.147172 0
    outer loop
      vertex 12.8368 5.31717 12.61
      vertex 12.9995 6.41064 9.7
      vertex 12.9995 6.41064 12.61
    endloop
  endfacet
  facet normal 0.989111 -0.147172 0
    outer loop
      vertex 12.9995 6.41064 9.7
      vertex 12.8368 5.31717 12.61
      vertex 12.8368 5.31717 9.7
    endloop
  endfacet
  facet normal 0.334322 0.942459 -0
    outer loop
      vertex 12.9995 6.41064 9.7
      vertex 11.8251 6.82724 12.61
      vertex 12.9995 6.41064 12.61
    endloop
  endfacet
  facet normal 0.334322 0.942459 0
    outer loop
      vertex 11.8251 6.82724 12.61
      vertex 12.9995 6.41064 9.7
      vertex 11.8251 6.82724 9.7
    endloop
  endfacet
  facet normal 0.242298 0.970202 -0
    outer loop
      vertex 11.8251 6.82724 9.7
      vertex 10.655 7.11946 12.61
      vertex 11.8251 6.82724 12.61
    endloop
  endfacet
  facet normal 0.242298 0.970202 0
    outer loop
      vertex 10.655 7.11946 12.61
      vertex 11.8251 6.82724 9.7
      vertex 10.655 7.11946 9.7
    endloop
  endfacet
  facet normal 0.146004 0.989284 -0
    outer loop
      vertex 10.655 7.11946 9.7
      vertex 9.50035 7.28987 12.61
      vertex 10.655 7.11946 12.61
    endloop
  endfacet
  facet normal 0.146004 0.989284 0
    outer loop
      vertex 9.50035 7.28987 12.61
      vertex 10.655 7.11946 9.7
      vertex 9.50035 7.28987 9.7
    endloop
  endfacet
  facet normal 0.0460561 0.998939 -0
    outer loop
      vertex 9.50035 7.28987 9.7
      vertex 8.37184 7.3419 12.61
      vertex 9.50035 7.28987 12.61
    endloop
  endfacet
  facet normal 0.0460561 0.998939 0
    outer loop
      vertex 8.37184 7.3419 12.61
      vertex 9.50035 7.28987 9.7
      vertex 8.37184 7.3419 9.7
    endloop
  endfacet
  facet normal -0.0566712 0.998393 0
    outer loop
      vertex 8.37184 7.3419 9.7
      vertex 7.27992 7.27992 12.61
      vertex 8.37184 7.3419 12.61
    endloop
  endfacet
  facet normal -0.0566712 0.998393 0
    outer loop
      vertex 7.27992 7.27992 12.61
      vertex 8.37184 7.3419 9.7
      vertex 7.27992 7.27992 9.7
    endloop
  endfacet
  facet normal -0.161269 0.98691 0
    outer loop
      vertex 7.27992 7.27992 9.7
      vertex 6.2345 7.10909 12.61
      vertex 7.27992 7.27992 12.61
    endloop
  endfacet
  facet normal -0.161269 0.98691 0
    outer loop
      vertex 6.2345 7.10909 12.61
      vertex 7.27992 7.27992 9.7
      vertex 6.2345 7.10909 9.7
    endloop
  endfacet
  facet normal 0.151636 0.988436 -0
    outer loop
      vertex 6.2345 7.10909 9.7
      vertex 5.53709 7.21608 12.61
      vertex 6.2345 7.10909 12.61
    endloop
  endfacet
  facet normal 0.151636 0.988436 0
    outer loop
      vertex 5.53709 7.21608 12.61
      vertex 6.2345 7.10909 9.7
      vertex 5.53709 7.21608 9.7
    endloop
  endfacet
  facet normal 0.999864 0.0165057 0
    outer loop
      vertex 5.53709 7.21608 12.61
      vertex 5.51984 8.26103 9.7
      vertex 5.51984 8.26103 12.61
    endloop
  endfacet
  facet normal 0.999864 0.0165057 0
    outer loop
      vertex 5.51984 8.26103 9.7
      vertex 5.53709 7.21608 12.61
      vertex 5.53709 7.21608 9.7
    endloop
  endfacet
  facet normal 0.99246 0.12257 0
    outer loop
      vertex 5.51984 8.26103 12.61
      vertex 5.38762 9.33163 9.7
      vertex 5.38762 9.33163 12.61
    endloop
  endfacet
  facet normal 0.99246 0.12257 0
    outer loop
      vertex 5.38762 9.33163 9.7
      vertex 5.51984 8.26103 12.61
      vertex 5.51984 8.26103 9.7
    endloop
  endfacet
  facet normal 0.974408 0.224786 0
    outer loop
      vertex 5.38762 9.33163 12.61
      vertex 5.13719 10.4172 9.7
      vertex 5.13719 10.4172 12.61
    endloop
  endfacet
  facet normal 0.974408 0.224786 0
    outer loop
      vertex 5.13719 10.4172 9.7
      vertex 5.38762 9.33163 12.61
      vertex 5.38762 9.33163 9.7
    endloop
  endfacet
  facet normal 0.946534 0.322603 0
    outer loop
      vertex 4.77367 11.4849 12.61
      vertex 4.76624 11.5067 9.7
      vertex 4.76624 11.5067 12.61
    endloop
  endfacet
  facet normal 0.946637 0.322302 -2.52121e-06
    outer loop
      vertex 5.13719 10.4172 12.61
      vertex 4.76624 11.5067 9.7
      vertex 4.77367 11.4849 12.61
    endloop
  endfacet
  facet normal 0.946635 0.322308 0
    outer loop
      vertex 4.76624 11.5067 9.7
      vertex 5.13719 10.4172 12.61
      vertex 5.13719 10.4172 9.7
    endloop
  endfacet
  facet normal 0.910103 0.414381 0
    outer loop
      vertex 4.76624 11.5067 12.61
      vertex 4.27341 12.5891 9.7
      vertex 4.27341 12.5891 12.61
    endloop
  endfacet
  facet normal 0.910103 0.414381 0
    outer loop
      vertex 4.27341 12.5891 9.7
      vertex 4.76624 11.5067 12.61
      vertex 4.76624 11.5067 9.7
    endloop
  endfacet
  facet normal 0.865654 0.500642 0
    outer loop
      vertex 4.27341 12.5891 12.61
      vertex 3.65823 13.6528 9.7
      vertex 3.65823 13.6528 12.61
    endloop
  endfacet
  facet normal 0.865654 0.500642 0
    outer loop
      vertex 3.65823 13.6528 9.7
      vertex 4.27341 12.5891 12.61
      vertex 4.27341 12.5891 9.7
    endloop
  endfacet
  facet normal 0.349807 0.936822 -0
    outer loop
      vertex 3.65823 13.6528 9.7
      vertex 2.78088 13.9804 12.61
      vertex 3.65823 13.6528 12.61
    endloop
  endfacet
  facet normal 0.349807 0.936822 0
    outer loop
      vertex 2.78088 13.9804 12.61
      vertex 3.65823 13.6528 9.7
      vertex 2.78088 13.9804 9.7
    endloop
  endfacet
  facet normal -0.55132 0.834294 0
    outer loop
      vertex 2.78088 13.9804 9.7
      vertex 1.75095 13.2998 12.61
      vertex 2.78088 13.9804 12.61
    endloop
  endfacet
  facet normal -0.55132 0.834294 0
    outer loop
      vertex 1.75095 13.2998 12.61
      vertex 2.78088 13.9804 9.7
      vertex 1.75095 13.2998 9.7
    endloop
  endfacet
  facet normal -0.629315 0.77715 0
    outer loop
      vertex 1.75095 13.2998 9.7
      vertex 0.822418 12.5479 12.61
      vertex 1.75095 13.2998 12.61
    endloop
  endfacet
  facet normal -0.629315 0.77715 0
    outer loop
      vertex 0.822418 12.5479 12.61
      vertex 1.75095 13.2998 9.7
      vertex 0.822418 12.5479 9.7
    endloop
  endfacet
  facet normal -0.702979 0.71121 0
    outer loop
      vertex 0.822418 12.5479 9.7
      vertex 0 11.735 12.61
      vertex 0.822418 12.5479 12.61
    endloop
  endfacet
  facet normal -0.702979 0.71121 0
    outer loop
      vertex 0 11.735 12.61
      vertex 0.822418 12.5479 9.7
      vertex 0 11.735 9.7
    endloop
  endfacet
  facet normal -0.771148 0.636655 0
    outer loop
      vertex -0.71257 10.8719 9.7
      vertex 0 11.735 12.61
      vertex 0 11.735 9.7
    endloop
  endfacet
  facet normal -0.771148 0.636655 0
    outer loop
      vertex 0 11.735 12.61
      vertex -0.71257 10.8719 9.7
      vertex -0.71257 10.8719 12.61
    endloop
  endfacet
  facet normal -0.832795 0.553582 0
    outer loop
      vertex -1.31248 9.96941 9.7
      vertex -0.71257 10.8719 12.61
      vertex -0.71257 10.8719 9.7
    endloop
  endfacet
  facet normal -0.832795 0.553582 0
    outer loop
      vertex -0.71257 10.8719 12.61
      vertex -1.31248 9.96941 9.7
      vertex -1.31248 9.96941 12.61
    endloop
  endfacet
  facet normal -0.886685 0.462375 0
    outer loop
      vertex -1.79788 9.03857 9.7
      vertex -1.31248 9.96941 12.61
      vertex -1.31248 9.96941 9.7
    endloop
  endfacet
  facet normal -0.886685 0.462375 0
    outer loop
      vertex -1.31248 9.96941 12.61
      vertex -1.79788 9.03857 9.7
      vertex -1.79788 9.03857 12.61
    endloop
  endfacet
  facet normal -0.0340225 0.999421 0
    outer loop
      vertex -1.79788 9.03857 9.7
      vertex -2.41623 9.01752 12.61
      vertex -1.79788 9.03857 12.61
    endloop
  endfacet
  facet normal -0.0340225 0.999421 0
    outer loop
      vertex -2.41623 9.01752 12.61
      vertex -1.79788 9.03857 9.7
      vertex -2.41623 9.01752 9.7
    endloop
  endfacet
  facet normal 0.585928 0.810363 -0
    outer loop
      vertex -2.41623 9.01752 9.7
      vertex -3.27077 9.63539 12.61
      vertex -2.41623 9.01752 12.61
    endloop
  endfacet
  facet normal 0.585928 0.810363 0
    outer loop
      vertex -3.27077 9.63539 12.61
      vertex -2.41623 9.01752 9.7
      vertex -3.27077 9.63539 9.7
    endloop
  endfacet
  facet normal 0.49722 0.867624 -0
    outer loop
      vertex -3.27077 9.63539 9.7
      vertex -3.66642 9.86213 12.61
      vertex -3.27077 9.63539 12.61
    endloop
  endfacet
  facet normal 0.497224 0.867622 6.422e-07
    outer loop
      vertex -4.21532 10.1767 9.7
      vertex -3.66642 9.86213 12.61
      vertex -3.27077 9.63539 9.7
    endloop
  endfacet
  facet normal 0.497226 0.867621 0
    outer loop
      vertex -3.66642 9.86213 12.61
      vertex -4.21532 10.1767 9.7
      vertex -4.21532 10.1767 12.61
    endloop
  endfacet
  facet normal 0.405255 0.914204 -0
    outer loop
      vertex -4.21532 10.1767 9.7
      vertex -5.24332 10.6324 12.61
      vertex -4.21532 10.1767 12.61
    endloop
  endfacet
  facet normal 0.405255 0.914204 0
    outer loop
      vertex -5.24332 10.6324 12.61
      vertex -4.21532 10.1767 9.7
      vertex -5.24332 10.6324 9.7
    endloop
  endfacet
  facet normal 0.311253 0.950327 -0
    outer loop
      vertex -5.24332 10.6324 9.7
      vertex -6.34737 10.994 12.61
      vertex -5.24332 10.6324 12.61
    endloop
  endfacet
  facet normal 0.311253 0.950327 0
    outer loop
      vertex -6.34737 10.994 12.61
      vertex -5.24332 10.6324 9.7
      vertex -6.34737 10.994 9.7
    endloop
  endfacet
  facet normal 0.216179 0.976354 -0
    outer loop
      vertex -6.34737 10.994 9.7
      vertex -7.51938 11.2535 12.61
      vertex -6.34737 10.994 12.61
    endloop
  endfacet
  facet normal 0.216179 0.976354 0
    outer loop
      vertex -7.51938 11.2535 12.61
      vertex -6.34737 10.994 9.7
      vertex -7.51938 11.2535 9.7
    endloop
  endfacet
  facet normal 0.121262 0.992621 -0
    outer loop
      vertex -7.51938 11.2535 9.7
      vertex -8.75052 11.4039 12.61
      vertex -7.51938 11.2535 12.61
    endloop
  endfacet
  facet normal 0.121262 0.992621 0
    outer loop
      vertex -8.75052 11.4039 12.61
      vertex -7.51938 11.2535 9.7
      vertex -8.75052 11.4039 9.7
    endloop
  endfacet
  facet normal -0.870736 0.491751 0
    outer loop
      vertex -9.24033 10.5366 9.7
      vertex -8.75052 11.4039 12.61
      vertex -8.75052 11.4039 9.7
    endloop
  endfacet
  facet normal -0.870736 0.491751 0
    outer loop
      vertex -8.75052 11.4039 12.61
      vertex -9.24033 10.5366 9.7
      vertex -9.24033 10.5366 12.61
    endloop
  endfacet
  facet normal -0.998091 0.0617542 0
    outer loop
      vertex -9.31586 9.31586 9.7
      vertex -9.24033 10.5366 12.61
      vertex -9.24033 10.5366 9.7
    endloop
  endfacet
  facet normal -0.998091 0.0617542 0
    outer loop
      vertex -9.24033 10.5366 12.61
      vertex -9.31586 9.31586 9.7
      vertex -9.31586 9.31586 12.61
    endloop
  endfacet
  facet normal -0.999369 -0.0355162 0
    outer loop
      vertex -9.27382 8.13292 9.7
      vertex -9.31586 9.31586 12.61
      vertex -9.31586 9.31586 9.7
    endloop
  endfacet
  facet normal -0.999369 -0.0355162 0
    outer loop
      vertex -9.31586 9.31586 12.61
      vertex -9.27382 8.13292 9.7
      vertex -9.27382 8.13292 12.61
    endloop
  endfacet
  facet normal -0.990903 -0.134575 0
    outer loop
      vertex -9.27382 8.13292 9.7
      vertex -9.25207 7.97277 12.61
      vertex -9.27382 8.13292 12.61
    endloop
  endfacet
  facet normal -0.990902 -0.134584 -5.28541e-07
    outer loop
      vertex -9.11964 6.99774 9.7
      vertex -9.25207 7.97277 12.61
      vertex -9.27382 8.13292 9.7
    endloop
  endfacet
  facet normal -0.990902 -0.134586 0
    outer loop
      vertex -9.25207 7.97277 12.61
      vertex -9.11964 6.99774 9.7
      vertex -9.11964 6.99774 12.61
    endloop
  endfacet
  facet normal -0.972102 -0.23456 0
    outer loop
      vertex -8.85953 5.91975 9.7
      vertex -9.11964 6.99774 12.61
      vertex -9.11964 6.99774 9.7
    endloop
  endfacet
  facet normal -0.972102 -0.23456 0
    outer loop
      vertex -9.11964 6.99774 12.61
      vertex -8.85953 5.91975 9.7
      vertex -8.85953 5.91975 12.61
    endloop
  endfacet
  facet normal -0.942436 -0.334388 0
    outer loop
      vertex -8.50046 4.90775 9.7
      vertex -8.85953 5.91975 12.61
      vertex -8.85953 5.91975 9.7
    endloop
  endfacet
  facet normal -0.942436 -0.334388 0
    outer loop
      vertex -8.85953 5.91975 12.61
      vertex -8.50046 4.90775 9.7
      vertex -8.50046 4.90775 12.61
    endloop
  endfacet
  facet normal -0.901445 -0.432894 0
    outer loop
      vertex -8.05006 3.96985 9.7
      vertex -8.50046 4.90775 12.61
      vertex -8.50046 4.90775 9.7
    endloop
  endfacet
  facet normal -0.901445 -0.432894 0
    outer loop
      vertex -8.50046 4.90775 12.61
      vertex -8.05006 3.96985 9.7
      vertex -8.05006 3.96985 12.61
    endloop
  endfacet
  facet normal -0.358025 0.933712 0
    outer loop
      vertex -8.05006 3.96985 9.7
      vertex -8.84666 3.6644 12.61
      vertex -8.05006 3.96985 12.61
    endloop
  endfacet
  facet normal -0.358025 0.933712 0
    outer loop
      vertex -8.84666 3.6644 12.61
      vertex -8.05006 3.96985 9.7
      vertex -8.84666 3.6644 9.7
    endloop
  endfacet
  facet normal -0.297437 0.954741 0
    outer loop
      vertex -8.84666 3.6644 9.7
      vertex -9.86259 3.3479 12.61
      vertex -8.84666 3.6644 12.61
    endloop
  endfacet
  facet normal -0.297437 0.954741 0
    outer loop
      vertex -9.86259 3.3479 12.61
      vertex -8.84666 3.6644 9.7
      vertex -9.86259 3.3479 9.7
    endloop
  endfacet
  facet normal -0.395785 0.918343 0
    outer loop
      vertex -9.86259 3.3479 9.7
      vertex -10.8716 2.91304 12.61
      vertex -9.86259 3.3479 12.61
    endloop
  endfacet
  facet normal -0.395785 0.918343 0
    outer loop
      vertex -10.8716 2.91304 12.61
      vertex -9.86259 3.3479 9.7
      vertex -10.8716 2.91304 9.7
    endloop
  endfacet
  facet normal -0.487628 0.873052 0
    outer loop
      vertex -10.8716 2.91304 9.7
      vertex -11.8625 2.35959 12.61
      vertex -10.8716 2.91304 12.61
    endloop
  endfacet
  facet normal -0.487628 0.873052 0
    outer loop
      vertex -11.8625 2.35959 12.61
      vertex -10.8716 2.91304 9.7
      vertex -11.8625 2.35959 9.7
    endloop
  endfacet
  facet normal -0.572427 0.819955 0
    outer loop
      vertex -11.8625 2.35959 9.7
      vertex -12.2189 2.11078 12.61
      vertex -11.8625 2.35959 12.61
    endloop
  endfacet
  facet normal -0.572449 0.81994 -3.92011e-06
    outer loop
      vertex -12.824 1.68831 9.7
      vertex -12.2189 2.11078 12.61
      vertex -11.8625 2.35959 9.7
    endloop
  endfacet
  facet normal -0.572462 0.819932 0
    outer loop
      vertex -12.2189 2.11078 12.61
      vertex -12.824 1.68831 9.7
      vertex -12.824 1.68831 12.61
    endloop
  endfacet
  facet normal -0.649841 0.760071 0
    outer loop
      vertex -12.824 1.68831 9.7
      vertex -13.745 0.900879 12.61
      vertex -12.824 1.68831 12.61
    endloop
  endfacet
  facet normal -0.649841 0.760071 0
    outer loop
      vertex -13.745 0.900879 12.61
      vertex -12.824 1.68831 9.7
      vertex -13.745 0.900879 9.7
    endloop
  endfacet
  facet normal -0.719647 0.694341 0
    outer loop
      vertex -14.6142 0 9.7
      vertex -13.745 0.900879 12.61
      vertex -13.745 0.900879 9.7
    endloop
  endfacet
  facet normal -0.719647 0.694341 0
    outer loop
      vertex -13.745 0.900879 12.61
      vertex -14.6142 0 9.7
      vertex -14.6142 0 12.61
    endloop
  endfacet
  facet normal -0.719647 -0.694341 0
    outer loop
      vertex -13.745 -0.900879 9.7
      vertex -14.6142 0 12.61
      vertex -14.6142 0 9.7
    endloop
  endfacet
  facet normal -0.719647 -0.694341 0
    outer loop
      vertex -14.6142 0 12.61
      vertex -13.745 -0.900879 9.7
      vertex -13.745 -0.900879 12.61
    endloop
  endfacet
  facet normal -0.649841 -0.760071 0
    outer loop
      vertex -13.745 -0.900879 9.7
      vertex -12.824 -1.68831 12.61
      vertex -13.745 -0.900879 12.61
    endloop
  endfacet
  facet normal -0.649841 -0.760071 -0
    outer loop
      vertex -12.824 -1.68831 12.61
      vertex -13.745 -0.900879 9.7
      vertex -12.824 -1.68831 9.7
    endloop
  endfacet
  facet normal -0.572449 -0.81994 0
    outer loop
      vertex -12.824 -1.68831 9.7
      vertex -11.8625 -2.35959 12.61
      vertex -12.824 -1.68831 12.61
    endloop
  endfacet
  facet normal -0.572449 -0.81994 -0
    outer loop
      vertex -11.8625 -2.35959 12.61
      vertex -12.824 -1.68831 9.7
      vertex -11.8625 -2.35959 9.7
    endloop
  endfacet
  facet normal -0.487628 -0.873052 0
    outer loop
      vertex -11.8625 -2.35959 9.7
      vertex -10.8716 -2.91304 12.61
      vertex -11.8625 -2.35959 12.61
    endloop
  endfacet
  facet normal -0.487628 -0.873052 -0
    outer loop
      vertex -10.8716 -2.91304 12.61
      vertex -11.8625 -2.35959 9.7
      vertex -10.8716 -2.91304 9.7
    endloop
  endfacet
  facet normal -0.395785 -0.918343 0
    outer loop
      vertex -10.8716 -2.91304 9.7
      vertex -9.86259 -3.3479 12.61
      vertex -10.8716 -2.91304 12.61
    endloop
  endfacet
  facet normal -0.395785 -0.918343 -0
    outer loop
      vertex -9.86259 -3.3479 12.61
      vertex -10.8716 -2.91304 9.7
      vertex -9.86259 -3.3479 9.7
    endloop
  endfacet
  facet normal -0.297437 -0.954741 0
    outer loop
      vertex -9.86259 -3.3479 9.7
      vertex -8.84666 -3.6644 12.61
      vertex -9.86259 -3.3479 12.61
    endloop
  endfacet
  facet normal -0.297437 -0.954741 -0
    outer loop
      vertex -8.84666 -3.6644 12.61
      vertex -9.86259 -3.3479 9.7
      vertex -8.84666 -3.6644 9.7
    endloop
  endfacet
  facet normal -0.358025 -0.933712 0
    outer loop
      vertex -8.84666 -3.6644 9.7
      vertex -8.05006 -3.96985 12.61
      vertex -8.84666 -3.6644 12.61
    endloop
  endfacet
  facet normal -0.358025 -0.933712 -0
    outer loop
      vertex -8.05006 -3.96985 12.61
      vertex -8.84666 -3.6644 9.7
      vertex -8.05006 -3.96985 9.7
    endloop
  endfacet
  facet normal -0.901443 0.432897 0
    outer loop
      vertex -8.05006 -3.96985 9.7
      vertex -8.28054 -4.44979 12.61
      vertex -8.05006 -3.96985 12.61
    endloop
  endfacet
  facet normal -0.901445 0.432894 -7.31913e-07
    outer loop
      vertex -8.50046 -4.90775 9.7
      vertex -8.28054 -4.44979 12.61
      vertex -8.05006 -3.96985 9.7
    endloop
  endfacet
  facet normal -0.901447 0.43289 0
    outer loop
      vertex -8.28054 -4.44979 12.61
      vertex -8.50046 -4.90775 9.7
      vertex -8.50046 -4.90775 12.61
    endloop
  endfacet
  facet normal -0.942436 0.334388 0
    outer loop
      vertex -8.85953 -5.91975 9.7
      vertex -8.50046 -4.90775 12.61
      vertex -8.50046 -4.90775 9.7
    endloop
  endfacet
  facet normal -0.942436 0.334388 0
    outer loop
      vertex -8.50046 -4.90775 12.61
      vertex -8.85953 -5.91975 9.7
      vertex -8.85953 -5.91975 12.61
    endloop
  endfacet
  facet normal -0.972102 0.23456 0
    outer loop
      vertex -9.11964 -6.99774 9.7
      vertex -8.85953 -5.91975 12.61
      vertex -8.85953 -5.91975 9.7
    endloop
  endfacet
  facet normal -0.972102 0.23456 0
    outer loop
      vertex -8.85953 -5.91975 12.61
      vertex -9.11964 -6.99774 9.7
      vertex -9.11964 -6.99774 12.61
    endloop
  endfacet
  facet normal -0.990902 0.134584 0
    outer loop
      vertex -9.27382 -8.13292 9.7
      vertex -9.11964 -6.99774 12.61
      vertex -9.11964 -6.99774 9.7
    endloop
  endfacet
  facet normal -0.990902 0.134584 0
    outer loop
      vertex -9.11964 -6.99774 12.61
      vertex -9.27382 -8.13292 9.7
      vertex -9.27382 -8.13292 12.61
    endloop
  endfacet
  facet normal -0.999369 0.0355162 0
    outer loop
      vertex -9.31586 -9.31586 9.7
      vertex -9.27382 -8.13292 12.61
      vertex -9.27382 -8.13292 9.7
    endloop
  endfacet
  facet normal -0.999369 0.0355162 0
    outer loop
      vertex -9.27382 -8.13292 12.61
      vertex -9.31586 -9.31586 9.7
      vertex -9.31586 -9.31586 12.61
    endloop
  endfacet
  facet normal -0.998091 -0.0617542 0
    outer loop
      vertex -9.24033 -10.5366 9.7
      vertex -9.31586 -9.31586 12.61
      vertex -9.31586 -9.31586 9.7
    endloop
  endfacet
  facet normal -0.998091 -0.0617542 0
    outer loop
      vertex -9.31586 -9.31586 12.61
      vertex -9.24033 -10.5366 9.7
      vertex -9.24033 -10.5366 12.61
    endloop
  endfacet
  facet normal -0.870715 -0.491787 0
    outer loop
      vertex -9.24033 -10.5366 9.7
      vertex -9.00023 -10.9617 12.61
      vertex -9.24033 -10.5366 12.61
    endloop
  endfacet
  facet normal -0.870736 -0.491751 7.07224e-06
    outer loop
      vertex -8.75052 -11.4039 9.7
      vertex -9.00023 -10.9617 12.61
      vertex -9.24033 -10.5366 9.7
    endloop
  endfacet
  facet normal -0.870756 -0.491715 0
    outer loop
      vertex -9.00023 -10.9617 12.61
      vertex -8.75052 -11.4039 9.7
      vertex -8.75052 -11.4039 12.61
    endloop
  endfacet
  facet normal 0.121262 -0.992621 0
    outer loop
      vertex -8.75052 -11.4039 9.7
      vertex -7.51938 -11.2535 12.61
      vertex -8.75052 -11.4039 12.61
    endloop
  endfacet
  facet normal 0.121262 -0.992621 0
    outer loop
      vertex -7.51938 -11.2535 12.61
      vertex -8.75052 -11.4039 9.7
      vertex -7.51938 -11.2535 9.7
    endloop
  endfacet
  facet normal 0.216177 -0.976354 0
    outer loop
      vertex -7.51938 -11.2535 9.7
      vertex -6.60841 -11.0518 12.61
      vertex -7.51938 -11.2535 12.61
    endloop
  endfacet
  facet normal 0.216179 -0.976354 -6.57859e-07
    outer loop
      vertex -6.34737 -10.994 9.7
      vertex -6.60841 -11.0518 12.61
      vertex -7.51938 -11.2535 9.7
    endloop
  endfacet
  facet normal 0.216186 -0.976352 0
    outer loop
      vertex -6.60841 -11.0518 12.61
      vertex -6.34737 -10.994 9.7
      vertex -6.34737 -10.994 12.61
    endloop
  endfacet
  facet normal 0.311253 -0.950327 0
    outer loop
      vertex -6.34737 -10.994 9.7
      vertex -5.24332 -10.6324 12.61
      vertex -6.34737 -10.994 12.61
    endloop
  endfacet
  facet normal 0.311253 -0.950327 0
    outer loop
      vertex -5.24332 -10.6324 12.61
      vertex -6.34737 -10.994 9.7
      vertex -5.24332 -10.6324 9.7
    endloop
  endfacet
  facet normal 0.405255 -0.914204 0
    outer loop
      vertex -5.24332 -10.6324 9.7
      vertex -4.21532 -10.1767 12.61
      vertex -5.24332 -10.6324 12.61
    endloop
  endfacet
  facet normal 0.405255 -0.914204 0
    outer loop
      vertex -4.21532 -10.1767 12.61
      vertex -5.24332 -10.6324 9.7
      vertex -4.21532 -10.1767 9.7
    endloop
  endfacet
  facet normal 0.497224 -0.867622 0
    outer loop
      vertex -4.21532 -10.1767 9.7
      vertex -3.27077 -9.63539 12.61
      vertex -4.21532 -10.1767 12.61
    endloop
  endfacet
  facet normal 0.497224 -0.867622 0
    outer loop
      vertex -3.27077 -9.63539 12.61
      vertex -4.21532 -10.1767 9.7
      vertex -3.27077 -9.63539 9.7
    endloop
  endfacet
  facet normal 0.585928 -0.810363 0
    outer loop
      vertex -3.27077 -9.63539 9.7
      vertex -2.41623 -9.01752 12.61
      vertex -3.27077 -9.63539 12.61
    endloop
  endfacet
  facet normal 0.585928 -0.810363 0
    outer loop
      vertex -2.41623 -9.01752 12.61
      vertex -3.27077 -9.63539 9.7
      vertex -2.41623 -9.01752 9.7
    endloop
  endfacet
  facet normal -0.0340225 -0.999421 0
    outer loop
      vertex -2.41623 -9.01752 9.7
      vertex -1.79788 -9.03857 12.61
      vertex -2.41623 -9.01752 12.61
    endloop
  endfacet
  facet normal -0.0340225 -0.999421 -0
    outer loop
      vertex -1.79788 -9.03857 12.61
      vertex -2.41623 -9.01752 9.7
      vertex -1.79788 -9.03857 9.7
    endloop
  endfacet
  facet normal -0.886686 -0.462373 0
    outer loop
      vertex -1.79788 -9.03857 9.7
      vertex -1.58297 -9.4507 12.61
      vertex -1.79788 -9.03857 12.61
    endloop
  endfacet
  facet normal -0.886685 -0.462375 -3.52743e-07
    outer loop
      vertex -1.31248 -9.96941 9.7
      vertex -1.58297 -9.4507 12.61
      vertex -1.79788 -9.03857 9.7
    endloop
  endfacet
  facet normal -0.886684 -0.462376 0
    outer loop
      vertex -1.58297 -9.4507 12.61
      vertex -1.31248 -9.96941 9.7
      vertex -1.31248 -9.96941 12.61
    endloop
  endfacet
  facet normal -0.832795 -0.553582 0
    outer loop
      vertex -0.71257 -10.8719 9.7
      vertex -1.31248 -9.96941 12.61
      vertex -1.31248 -9.96941 9.7
    endloop
  endfacet
  facet normal -0.832795 -0.553582 0
    outer loop
      vertex -1.31248 -9.96941 12.61
      vertex -0.71257 -10.8719 9.7
      vertex -0.71257 -10.8719 12.61
    endloop
  endfacet
  facet normal -0.771148 -0.636655 0
    outer loop
      vertex 0 -11.735 9.7
      vertex -0.71257 -10.8719 12.61
      vertex -0.71257 -10.8719 9.7
    endloop
  endfacet
  facet normal -0.771148 -0.636655 0
    outer loop
      vertex -0.71257 -10.8719 12.61
      vertex 0 -11.735 9.7
      vertex 0 -11.735 12.61
    endloop
  endfacet
  facet normal -0.702979 -0.71121 0
    outer loop
      vertex 0 -11.735 9.7
      vertex 0.822418 -12.5479 12.61
      vertex 0 -11.735 12.61
    endloop
  endfacet
  facet normal -0.702979 -0.71121 -0
    outer loop
      vertex 0.822418 -12.5479 12.61
      vertex 0 -11.735 9.7
      vertex 0.822418 -12.5479 9.7
    endloop
  endfacet
  facet normal -0.629315 -0.77715 0
    outer loop
      vertex 0.822418 -12.5479 9.7
      vertex 1.75095 -13.2998 12.61
      vertex 0.822418 -12.5479 12.61
    endloop
  endfacet
  facet normal -0.629315 -0.77715 -0
    outer loop
      vertex 1.75095 -13.2998 12.61
      vertex 0.822418 -12.5479 9.7
      vertex 1.75095 -13.2998 9.7
    endloop
  endfacet
  facet normal -0.55132 -0.834294 0
    outer loop
      vertex 1.75095 -13.2998 9.7
      vertex 2.78088 -13.9804 12.61
      vertex 1.75095 -13.2998 12.61
    endloop
  endfacet
  facet normal -0.55132 -0.834294 -0
    outer loop
      vertex 2.78088 -13.9804 12.61
      vertex 1.75095 -13.2998 9.7
      vertex 2.78088 -13.9804 9.7
    endloop
  endfacet
  facet normal 0.349807 -0.936822 0
    outer loop
      vertex 2.78088 -13.9804 9.7
      vertex 3.65823 -13.6528 12.61
      vertex 2.78088 -13.9804 12.61
    endloop
  endfacet
  facet normal 0.349807 -0.936822 0
    outer loop
      vertex 3.65823 -13.6528 12.61
      vertex 2.78088 -13.9804 9.7
      vertex 3.65823 -13.6528 9.7
    endloop
  endfacet
  facet normal 0 0 1
    outer loop
      vertex -1.14519 -8.69856 15.52
      vertex -1.21217 -9.20741 15.52
      vertex -1.02322 -9.0555 15.52
    endloop
  endfacet
  facet normal 0 0 1
    outer loop
      vertex -1.92441 -9.67471 15.52
      vertex -1.14519 -8.69856 15.52
      vertex -1.53453 -7.71465 15.52
    endloop
  endfacet
  facet normal 0 0 1
    outer loop
      vertex -1.14519 -8.69856 15.52
      vertex -1.92441 -9.67471 15.52
      vertex -1.21217 -9.20741 15.52
    endloop
  endfacet
  facet normal -0 0 1
    outer loop
      vertex -2.52837 -7.44835 15.52
      vertex -1.53453 -7.71465 15.52
      vertex -1.95329 -7.28984 15.52
    endloop
  endfacet
  facet normal 0 0 1
    outer loop
      vertex -1.53453 -7.71465 15.52
      vertex -2.52837 -7.44835 15.52
      vertex -1.92441 -9.67471 15.52
    endloop
  endfacet
  facet normal -0 0 1
    outer loop
      vertex -3.35751 -8.10577 15.52
      vertex -1.92441 -9.67471 15.52
      vertex -2.52837 -7.44835 15.52
    endloop
  endfacet
  facet normal 0 0 1
    outer loop
      vertex -1.92441 -9.67471 15.52
      vertex -3.35751 -8.10577 15.52
      vertex -2.70248 -10.0858 15.52
    endloop
  endfacet
  facet normal -0 0 1
    outer loop
      vertex -4.4814 -9.0874 15.52
      vertex -2.70248 -10.0858 15.52
      vertex -3.35751 -8.10577 15.52
    endloop
  endfacet
  facet normal 0 0 1
    outer loop
      vertex -2.70248 -10.0858 15.52
      vertex -4.4814 -9.0874 15.52
      vertex -3.54195 -10.4342 15.52
    endloop
  endfacet
  facet normal 0 0 1
    outer loop
      vertex -3.54195 -10.4342 15.52
      vertex -4.4814 -9.0874 15.52
      vertex -4.43776 -10.7137 15.52
    endloop
  endfacet
  facet normal -0 0 1
    outer loop
      vertex -5.86749 -10.1628 15.52
      vertex -4.43776 -10.7137 15.52
      vertex -4.4814 -9.0874 15.52
    endloop
  endfacet
  facet normal 0 0 1
    outer loop
      vertex -4.43776 -10.7137 15.52
      vertex -5.86749 -10.1628 15.52
      vertex -5.38434 -10.9184 15.52
    endloop
  endfacet
  facet normal 0 0 1
    outer loop
      vertex -5.86749 -10.1628 15.52
      vertex -6.3756 -11.0429 15.52
      vertex -5.38434 -10.9184 15.52
    endloop
  endfacet
  facet normal 0 -0 1
    outer loop
      vertex -6.3756 -11.0429 15.52
      vertex -5.86749 -10.1628 15.52
      vertex -7.39695 -11.082 15.52
    endloop
  endfacet
  facet normal 0 0 -1
    outer loop
      vertex -7.12082 -3.5116 15.52
      vertex -7.51075 -2.60707 15.52
      vertex -6.87294 -2.84686 15.52
    endloop
  endfacet
  facet normal 0 0 -1
    outer loop
      vertex -7.12082 -3.5116 15.52
      vertex -8.10577 -3.35751 15.52
      vertex -7.51075 -2.60707 15.52
    endloop
  endfacet
  facet normal -0 0 -1
    outer loop
      vertex -7.12082 -3.5116 15.52
      vertex -9.0874 -4.4814 15.52
      vertex -8.10577 -3.35751 15.52
    endloop
  endfacet
  facet normal 0 0 -1
    outer loop
      vertex -9.70944 -5.60574 15.52
      vertex -9.0874 -4.4814 15.52
      vertex -7.12082 -3.5116 15.52
    endloop
  endfacet
  facet normal -0 0 -1
    outer loop
      vertex -9.70944 -5.60574 15.52
      vertex -10.1628 -5.86749 15.52
      vertex -9.0874 -4.4814 15.52
    endloop
  endfacet
  facet normal 0 -0 -1
    outer loop
      vertex -10.1628 -5.86749 15.52
      vertex -9.70944 -5.60574 15.52
      vertex -10.5069 -6.44002 15.52
    endloop
  endfacet
  facet normal 0 0 -1
    outer loop
      vertex -0.856613 13.0696 15.52
      vertex -0.872314 13.3091 15.52
      vertex -0.77252 13.129 15.52
    endloop
  endfacet
  facet normal 0 0 -1
    outer loop
      vertex -1.63422 12.4131 15.52
      vertex -0.872314 13.3091 15.52
      vertex -0.856613 13.0696 15.52
    endloop
  endfacet
  facet normal 0 0 -1
    outer loop
      vertex -1.63422 12.4131 15.52
      vertex -1.91826 14.5706 15.52
      vertex -0.872314 13.3091 15.52
    endloop
  endfacet
  facet normal 0 0 -1
    outer loop
      vertex -2.32993 11.7134 15.52
      vertex -1.91826 14.5706 15.52
      vertex -1.63422 12.4131 15.52
    endloop
  endfacet
  facet normal 0 0 -1
    outer loop
      vertex -5.62405 13.5777 15.52
      vertex -2.32993 11.7134 15.52
      vertex -2.94159 10.9782 15.52
    endloop
  endfacet
  facet normal 0 -0 -1
    outer loop
      vertex -5.01581 14.7761 15.52
      vertex -2.32993 11.7134 15.52
      vertex -5.62405 13.5777 15.52
    endloop
  endfacet
  facet normal 0 0 -1
    outer loop
      vertex -5.89909 11.9622 15.52
      vertex -2.94159 10.9782 15.52
      vertex -3.46771 10.2155 15.52
    endloop
  endfacet
  facet normal 0 0 -1
    outer loop
      vertex -5.86749 10.1628 15.52
      vertex -3.46771 10.2155 15.52
      vertex -3.90746 9.43344 15.52
    endloop
  endfacet
  facet normal 0 0 -1
    outer loop
      vertex -2.32993 11.7134 15.52
      vertex -3.04422 15.3044 15.52
      vertex -1.91826 14.5706 15.52
    endloop
  endfacet
  facet normal 0 0 -1
    outer loop
      vertex -5.86749 10.1628 15.52
      vertex -3.90746 9.43344 15.52
      vertex -4.2607 8.63983 15.52
    endloop
  endfacet
  facet normal 0 0 -1
    outer loop
      vertex -5.62921 8.42471 15.52
      vertex -4.2607 8.63983 15.52
      vertex -4.52795 7.84264 15.52
    endloop
  endfacet
  facet normal 0 0 -1
    outer loop
      vertex -5.34105 6.96059 15.52
      vertex -4.52795 7.84264 15.52
      vertex -4.7104 7.04962 15.52
    endloop
  endfacet
  facet normal 0 0 -1
    outer loop
      vertex -5.34105 6.96059 15.52
      vertex -4.7104 7.04962 15.52
      vertex -4.80989 6.26839 15.52
    endloop
  endfacet
  facet normal -0 0 -1
    outer loop
      vertex -4.2607 8.63983 15.52
      vertex -5.62921 8.42471 15.52
      vertex -5.86749 10.1628 15.52
    endloop
  endfacet
  facet normal 0 0 -1
    outer loop
      vertex -5.18626 5.9138 15.52
      vertex -4.80989 6.26839 15.52
      vertex -4.82887 5.50627 15.52
    endloop
  endfacet
  facet normal -0 0 -1
    outer loop
      vertex -4.80989 6.26839 15.52
      vertex -5.18626 5.9138 15.52
      vertex -5.34105 6.96059 15.52
    endloop
  endfacet
  facet normal 0 -0 -1
    outer loop
      vertex -5.18626 5.9138 15.52
      vertex -4.82887 5.50627 15.52
      vertex -5.24305 5.69564 15.52
    endloop
  endfacet
  facet normal -0 0 -1
    outer loop
      vertex -4.52795 7.84264 15.52
      vertex -5.34105 6.96059 15.52
      vertex -5.62921 8.42471 15.52
    endloop
  endfacet
  facet normal -0 0 -1
    outer loop
      vertex -3.46771 10.2155 15.52
      vertex -5.86749 10.1628 15.52
      vertex -5.89909 11.9622 15.52
    endloop
  endfacet
  facet normal 0 0 -1
    outer loop
      vertex -2.94159 10.9782 15.52
      vertex -5.89909 11.9622 15.52
      vertex -5.62405 13.5777 15.52
    endloop
  endfacet
  facet normal 0 0 -1
    outer loop
      vertex -2.32993 11.7134 15.52
      vertex -5.01581 14.7761 15.52
      vertex -3.04422 15.3044 15.52
    endloop
  endfacet
  facet normal -0 0 -1
    outer loop
      vertex -3.04422 15.3044 15.52
      vertex -5.01581 14.7761 15.52
      vertex -4.12117 15.3804 15.52
    endloop
  endfacet
  facet normal 0 0 -1
    outer loop
      vertex 4.12117 -15.3804 15.52
      vertex 3.57921 -13.3578 15.52
      vertex 4.81259 -14.9134 15.52
    endloop
  endfacet
  facet normal 0 0 -1
    outer loop
      vertex 3.04422 -15.3044 15.52
      vertex 3.57921 -13.3578 15.52
      vertex 4.12117 -15.3804 15.52
    endloop
  endfacet
  facet normal 0 0 -1
    outer loop
      vertex 1.91826 -14.5706 15.52
      vertex 3.57921 -13.3578 15.52
      vertex 3.04422 -15.3044 15.52
    endloop
  endfacet
  facet normal 0 0 -1
    outer loop
      vertex 0.872314 -13.3091 15.52
      vertex 3.57921 -13.3578 15.52
      vertex 1.91826 -14.5706 15.52
    endloop
  endfacet
  facet normal 0 0 -1
    outer loop
      vertex 3.57921 -13.3578 15.52
      vertex 0.872314 -13.3091 15.52
      vertex 2.05959 -10.3543 15.52
    endloop
  endfacet
  facet normal 0 0 -1
    outer loop
      vertex 0 -11.735 15.52
      vertex 2.05959 -10.3543 15.52
      vertex 0.872314 -13.3091 15.52
    endloop
  endfacet
  facet normal 0 0 -1
    outer loop
      vertex -0.662674 -10.1106 15.52
      vertex 2.05959 -10.3543 15.52
      vertex 0 -11.735 15.52
    endloop
  endfacet
  facet normal 0 -0 -1
    outer loop
      vertex 0.494095 -7.53851 15.52
      vertex 2.05959 -10.3543 15.52
      vertex 0 -8.13208 15.52
    endloop
  endfacet
  facet normal 0 0 -1
    outer loop
      vertex 2.05959 -10.3543 15.52
      vertex 0.494095 -7.53851 15.52
      vertex 0.950912 -7.22292 15.52
    endloop
  endfacet
  facet normal 0 0 -1
    outer loop
      vertex 2.05959 -10.3543 15.52
      vertex -0.662674 -10.1106 15.52
      vertex 0 -8.13208 15.52
    endloop
  endfacet
  facet normal 0 0 -1
    outer loop
      vertex 0 -8.13208 15.52
      vertex -0.662674 -10.1106 15.52
      vertex -0.569626 -8.69083 15.52
    endloop
  endfacet
  facet normal 0 0 -1
    outer loop
      vertex -0.569626 -8.69083 15.52
      vertex -0.662674 -10.1106 15.52
      vertex -1.02322 -9.0555 15.52
    endloop
  endfacet
  facet normal 0 0 1
    outer loop
      vertex -7.59116 -2.57684 15.52
      vertex -7.44835 -2.52837 15.52
      vertex -7.28984 -1.95329 15.52
    endloop
  endfacet
  facet normal 0 0 1
    outer loop
      vertex -7.44835 -2.52837 15.52
      vertex -7.59116 -2.57684 15.52
      vertex -7.51075 -2.60707 15.52
    endloop
  endfacet
  facet normal 0 0 1
    outer loop
      vertex -8.30116 -2.22429 15.52
      vertex -7.28984 -1.95329 15.52
      vertex -7.71465 -1.53453 15.52
    endloop
  endfacet
  facet normal 0 0 1
    outer loop
      vertex -7.28984 -1.95329 15.52
      vertex -8.30116 -2.22429 15.52
      vertex -7.59116 -2.57684 15.52
    endloop
  endfacet
  facet normal 0 0 1
    outer loop
      vertex -8.69856 -1.14519 15.52
      vertex -8.30116 -2.22429 15.52
      vertex -7.71465 -1.53453 15.52
    endloop
  endfacet
  facet normal 0 0 1
    outer loop
      vertex -8.69856 -1.14519 15.52
      vertex -8.99516 -1.78925 15.52
      vertex -8.30116 -2.22429 15.52
    endloop
  endfacet
  facet normal 0 0 1
    outer loop
      vertex -8.69856 -1.14519 15.52
      vertex -9.66537 -1.27246 15.52
      vertex -8.99516 -1.78925 15.52
    endloop
  endfacet
  facet normal 0 0 1
    outer loop
      vertex -10.1106 -0.662674 15.52
      vertex -9.66537 -1.27246 15.52
      vertex -8.69856 -1.14519 15.52
    endloop
  endfacet
  facet normal 0 0 1
    outer loop
      vertex -10.1106 -0.662674 15.52
      vertex -10.304 -0.675354 15.52
      vertex -9.66537 -1.27246 15.52
    endloop
  endfacet
  facet normal 0 -0 1
    outer loop
      vertex -10.304 -0.675354 15.52
      vertex -10.1106 -0.662674 15.52
      vertex -10.4315 -0.531768 15.52
    endloop
  endfacet
  facet normal 0 0 1
    outer loop
      vertex -5.24305 5.69564 15.52
      vertex -5.9138 5.18626 15.52
      vertex -5.33653 5.33653 15.52
    endloop
  endfacet
  facet normal 0 0 1
    outer loop
      vertex -6.07687 6.07687 15.52
      vertex -5.9138 5.18626 15.52
      vertex -5.24305 5.69564 15.52
    endloop
  endfacet
  facet normal 0 0 1
    outer loop
      vertex -6.07687 6.07687 15.52
      vertex -6.96059 5.34105 15.52
      vertex -5.9138 5.18626 15.52
    endloop
  endfacet
  facet normal 0 0 1
    outer loop
      vertex -6.07687 6.07687 15.52
      vertex -8.42471 5.62921 15.52
      vertex -6.96059 5.34105 15.52
    endloop
  endfacet
  facet normal 0 0 1
    outer loop
      vertex -8.92123 7.8237 15.52
      vertex -8.42471 5.62921 15.52
      vertex -6.07687 6.07687 15.52
    endloop
  endfacet
  facet normal 0 0 1
    outer loop
      vertex -8.92123 7.8237 15.52
      vertex -10.1628 5.86749 15.52
      vertex -8.42471 5.62921 15.52
    endloop
  endfacet
  facet normal 0 0 1
    outer loop
      vertex -12.0096 9.21527 15.52
      vertex -10.1628 5.86749 15.52
      vertex -8.92123 7.8237 15.52
    endloop
  endfacet
  facet normal 0 0 1
    outer loop
      vertex -10.1628 5.86749 15.52
      vertex -12.0096 9.21527 15.52
      vertex -11.9622 5.89909 15.52
    endloop
  endfacet
  facet normal -0 0 1
    outer loop
      vertex -13.443 7.76134 15.52
      vertex -11.9622 5.89909 15.52
      vertex -12.0096 9.21527 15.52
    endloop
  endfacet
  facet normal 0 0 1
    outer loop
      vertex -13.443 7.76134 15.52
      vertex -12.0096 9.21527 15.52
      vertex -13.3867 8.94472 15.52
    endloop
  endfacet
  facet normal 0 0 1
    outer loop
      vertex -11.9622 5.89909 15.52
      vertex -13.404 6.61012 15.52
      vertex -13.2945 5.67226 15.52
    endloop
  endfacet
  facet normal 0 0 1
    outer loop
      vertex -11.9622 5.89909 15.52
      vertex -13.443 7.76134 15.52
      vertex -13.404 6.61012 15.52
    endloop
  endfacet
  facet normal 0 0 -1
    outer loop
      vertex 14.7761 -5.01581 15.52
      vertex 15.3044 -3.04422 15.52
      vertex 15.3804 -4.12117 15.52
    endloop
  endfacet
  facet normal 0 0 -1
    outer loop
      vertex 14.7761 -5.01581 15.52
      vertex 14.5706 -1.91826 15.52
      vertex 15.3044 -3.04422 15.52
    endloop
  endfacet
  facet normal 0 0 -1
    outer loop
      vertex 13.5777 -5.62405 15.52
      vertex 14.5706 -1.91826 15.52
      vertex 14.7761 -5.01581 15.52
    endloop
  endfacet
  facet normal 0 0 -1
    outer loop
      vertex 13.1464 -0.861649 15.52
      vertex 14.5706 -1.91826 15.52
      vertex 13.5777 -5.62405 15.52
    endloop
  endfacet
  facet normal 0 0 -1
    outer loop
      vertex 14.5706 -1.91826 15.52
      vertex 13.1464 -0.861649 15.52
      vertex 13.3091 -0.872314 15.52
    endloop
  endfacet
  facet normal 0 0 -1
    outer loop
      vertex 13.3091 -0.872314 15.52
      vertex 13.1464 -0.861649 15.52
      vertex 13.2439 -0.836188 15.52
    endloop
  endfacet
  facet normal 0 0 -1
    outer loop
      vertex 11.9622 -5.89909 15.52
      vertex 13.1464 -0.861649 15.52
      vertex 13.5777 -5.62405 15.52
    endloop
  endfacet
  facet normal 0 0 -1
    outer loop
      vertex 9.81802 -1.29256 15.52
      vertex 11.9622 -5.89909 15.52
      vertex 10.1628 -5.86749 15.52
    endloop
  endfacet
  facet normal 0 0 -1
    outer loop
      vertex 11.9622 -5.89909 15.52
      vertex 9.81802 -1.29256 15.52
      vertex 13.1464 -0.861649 15.52
    endloop
  endfacet
  facet normal 0 0 -1
    outer loop
      vertex 8.6427 -4.98985 15.52
      vertex 10.1628 -5.86749 15.52
      vertex 8.74832 -5.67358 15.52
    endloop
  endfacet
  facet normal 0 0 -1
    outer loop
      vertex 8.43269 -4.15854 15.52
      vertex 10.1628 -5.86749 15.52
      vertex 8.6427 -4.98985 15.52
    endloop
  endfacet
  facet normal 0 0 -1
    outer loop
      vertex 10.1628 -5.86749 15.52
      vertex 8.43269 -4.15854 15.52
      vertex 9.81802 -1.29256 15.52
    endloop
  endfacet
  facet normal 0 0 -1
    outer loop
      vertex 8.15318 -3.37715 15.52
      vertex 9.81802 -1.29256 15.52
      vertex 8.43269 -4.15854 15.52
    endloop
  endfacet
  facet normal 0 0 -1
    outer loop
      vertex 7.80986 -2.65109 15.52
      vertex 9.81802 -1.29256 15.52
      vertex 8.15318 -3.37715 15.52
    endloop
  endfacet
  facet normal 0 0 -1
    outer loop
      vertex 7.40881 -1.98518 15.52
      vertex 9.81802 -1.29256 15.52
      vertex 7.80986 -2.65109 15.52
    endloop
  endfacet
  facet normal 0 0 -1
    outer loop
      vertex 9.81802 -1.29256 15.52
      vertex 7.40881 -1.98518 15.52
      vertex 6.9565 -1.38373 15.52
    endloop
  endfacet
  facet normal 0 0 -1
    outer loop
      vertex 10.2886 11.7319 15.52
      vertex 11.7319 10.2886 15.52
      vertex 11.6594 8.94658 15.52
    endloop
  endfacet
  facet normal 0 0 -1
    outer loop
      vertex 8.94658 11.6594 15.52
      vertex 11.6594 8.94658 15.52
      vertex 11.0899 7.41 15.52
    endloop
  endfacet
  facet normal 0 0 -1
    outer loop
      vertex 11.7319 10.2886 15.52
      vertex 10.2886 11.7319 15.52
      vertex 11.2592 11.2592 15.52
    endloop
  endfacet
  facet normal 0 0 -1
    outer loop
      vertex 9.35402 6.25015 15.52
      vertex 11.0899 7.41 15.52
      vertex 10.2002 5.9298 15.52
    endloop
  endfacet
  facet normal 0 0 -1
    outer loop
      vertex 8.46713 6.49706 15.52
      vertex 11.0899 7.41 15.52
      vertex 9.35402 6.25015 15.52
    endloop
  endfacet
  facet normal 0 0 -1
    outer loop
      vertex 11.6594 8.94658 15.52
      vertex 8.94658 11.6594 15.52
      vertex 10.2886 11.7319 15.52
    endloop
  endfacet
  facet normal -0 0 -1
    outer loop
      vertex 11.0899 7.41 15.52
      vertex 8.46713 6.49706 15.52
      vertex 8.94658 11.6594 15.52
    endloop
  endfacet
  facet normal 0 0 -1
    outer loop
      vertex 7.41 11.0899 15.52
      vertex 8.46713 6.49706 15.52
      vertex 7.58998 6.65623 15.52
    endloop
  endfacet
  facet normal 0 0 -1
    outer loop
      vertex 8.46713 6.49706 15.52
      vertex 7.41 11.0899 15.52
      vertex 8.94658 11.6594 15.52
    endloop
  endfacet
  facet normal 0 0 -1
    outer loop
      vertex 5.86749 10.1628 15.52
      vertex 7.58998 6.65623 15.52
      vertex 6.7301 6.7301 15.52
    endloop
  endfacet
  facet normal 0 0 -1
    outer loop
      vertex 5.86749 10.1628 15.52
      vertex 6.7301 6.7301 15.52
      vertex 5.89484 6.72177 15.52
    endloop
  endfacet
  facet normal 0 0 -1
    outer loop
      vertex 7.58998 6.65623 15.52
      vertex 5.86749 10.1628 15.52
      vertex 7.41 11.0899 15.52
    endloop
  endfacet
  facet normal 0 0 -1
    outer loop
      vertex 4.09044 8.2946 15.52
      vertex 5.89484 6.72177 15.52
      vertex 5.09109 6.63484 15.52
    endloop
  endfacet
  facet normal 0 0 -1
    outer loop
      vertex 5.89484 6.72177 15.52
      vertex 4.4814 9.0874 15.52
      vertex 5.86749 10.1628 15.52
    endloop
  endfacet
  facet normal 0 0 -1
    outer loop
      vertex 4.09044 8.2946 15.52
      vertex 5.09109 6.63484 15.52
      vertex 4.32547 6.47353 15.52
    endloop
  endfacet
  facet normal 0 0 -1
    outer loop
      vertex 5.89484 6.72177 15.52
      vertex 4.09044 8.2946 15.52
      vertex 4.4814 9.0874 15.52
    endloop
  endfacet
  facet normal 0 0 -1
    outer loop
      vertex 4.4814 9.0874 15.52
      vertex 4.09044 8.2946 15.52
      vertex 4.20933 8.84977 15.52
    endloop
  endfacet
  facet normal 0 -0 -1
    outer loop
      vertex 4.09044 8.2946 15.52
      vertex 4.32547 6.47353 15.52
      vertex 3.60413 6.24254 15.52
    endloop
  endfacet
  facet normal 0 0 1
    outer loop
      vertex 13.2439 -0.836188 15.52
      vertex 15.8351 1.03789 15.52
      vertex 15.1609 1.99596 15.52
    endloop
  endfacet
  facet normal 0 0 1
    outer loop
      vertex 11.735 0 15.52
      vertex 15.1609 1.99596 15.52
      vertex 14.4316 2.87062 15.52
    endloop
  endfacet
  facet normal 0 0 1
    outer loop
      vertex 11.735 0 15.52
      vertex 14.4316 2.87062 15.52
      vertex 13.6552 3.65891 15.52
    endloop
  endfacet
  facet normal 0 0 1
    outer loop
      vertex 15.8351 1.03789 15.52
      vertex 13.2439 -0.836188 15.52
      vertex 16.4465 0 15.52
    endloop
  endfacet
  facet normal 0 0 1
    outer loop
      vertex 11.735 0 15.52
      vertex 13.6552 3.65891 15.52
      vertex 12.8399 4.35857 15.52
    endloop
  endfacet
  facet normal 0 0 1
    outer loop
      vertex 10.1106 0.662674 15.52
      vertex 12.8399 4.35857 15.52
      vertex 11.9939 4.96805 15.52
    endloop
  endfacet
  facet normal 0 0 1
    outer loop
      vertex 15.1609 1.99596 15.52
      vertex 11.735 0 15.52
      vertex 13.2439 -0.836188 15.52
    endloop
  endfacet
  facet normal 0 0 1
    outer loop
      vertex 9.0874 4.4814 15.52
      vertex 11.9939 4.96805 15.52
      vertex 11.1255 5.48648 15.52
    endloop
  endfacet
  facet normal -0 0 1
    outer loop
      vertex 10.1628 5.86749 15.52
      vertex 11.1255 5.48648 15.52
      vertex 10.2428 5.91368 15.52
    endloop
  endfacet
  facet normal 0 0 1
    outer loop
      vertex 10.1628 5.86749 15.52
      vertex 10.2428 5.91368 15.52
      vertex 10.2002 5.9298 15.52
    endloop
  endfacet
  facet normal 0 0 1
    outer loop
      vertex 11.1255 5.48648 15.52
      vertex 10.1628 5.86749 15.52
      vertex 9.0874 4.4814 15.52
    endloop
  endfacet
  facet normal 0 0 1
    outer loop
      vertex 12.8399 4.35857 15.52
      vertex 10.1106 0.662674 15.52
      vertex 11.735 0 15.52
    endloop
  endfacet
  facet normal 0 0 1
    outer loop
      vertex 11.9939 4.96805 15.52
      vertex 9.0874 4.4814 15.52
      vertex 10.1106 0.662674 15.52
    endloop
  endfacet
  facet normal 0 0 1
    outer loop
      vertex 9.0874 4.4814 15.52
      vertex 8.69856 1.14519 15.52
      vertex 10.1106 0.662674 15.52
    endloop
  endfacet
  facet normal -0 0 1
    outer loop
      vertex 8.10577 3.35751 15.52
      vertex 8.69856 1.14519 15.52
      vertex 9.0874 4.4814 15.52
    endloop
  endfacet
  facet normal 0 0 1
    outer loop
      vertex 8.10577 3.35751 15.52
      vertex 7.71465 1.53453 15.52
      vertex 8.69856 1.14519 15.52
    endloop
  endfacet
  facet normal -0 0 1
    outer loop
      vertex 7.44835 2.52837 15.52
      vertex 7.71465 1.53453 15.52
      vertex 8.10577 3.35751 15.52
    endloop
  endfacet
  facet normal 0 0 1
    outer loop
      vertex 7.71465 1.53453 15.52
      vertex 7.44835 2.52837 15.52
      vertex 7.28984 1.95329 15.52
    endloop
  endfacet
  facet normal 0 0 1
    outer loop
      vertex 3.00578 15.1111 15.52
      vertex 4.79129 11.5672 15.52
      vertex 5.0762 14.954 15.52
    endloop
  endfacet
  facet normal -0 0 1
    outer loop
      vertex 3.00578 15.1111 15.52
      vertex 5.0762 14.954 15.52
      vertex 4.13712 15.4399 15.52
    endloop
  endfacet
  facet normal -0 0 1
    outer loop
      vertex 1.93567 14.7029 15.52
      vertex 4.79129 11.5672 15.52
      vertex 3.00578 15.1111 15.52
    endloop
  endfacet
  facet normal -0 0 1
    outer loop
      vertex 0.932144 14.2219 15.52
      vertex 4.79129 11.5672 15.52
      vertex 1.93567 14.7029 15.52
    endloop
  endfacet
  facet normal 0 -0 1
    outer loop
      vertex 1.14519 8.69856 15.52
      vertex 4.20933 8.84977 15.52
      vertex 0.662674 10.1106 15.52
    endloop
  endfacet
  facet normal 0 0 1
    outer loop
      vertex 4.20933 8.84977 15.52
      vertex 1.14519 8.69856 15.52
      vertex 3.35751 8.10577 15.52
    endloop
  endfacet
  facet normal 0 0 1
    outer loop
      vertex 4.79129 11.5672 15.52
      vertex 0.662674 10.1106 15.52
      vertex 4.20933 8.84977 15.52
    endloop
  endfacet
  facet normal -0 -0 1
    outer loop
      vertex 1.53453 7.71465 15.52
      vertex 2.52837 7.44835 15.52
      vertex 1.14519 8.69856 15.52
    endloop
  endfacet
  facet normal 0 0 1
    outer loop
      vertex 2.52837 7.44835 15.52
      vertex 1.53453 7.71465 15.52
      vertex 1.95329 7.28984 15.52
    endloop
  endfacet
  facet normal 0 0 1
    outer loop
      vertex 4.79129 11.5672 15.52
      vertex 0.932144 14.2219 15.52
      vertex 0 11.735 15.52
    endloop
  endfacet
  facet normal 0 0 1
    outer loop
      vertex 3.35751 8.10577 15.52
      vertex 1.14519 8.69856 15.52
      vertex 2.52837 7.44835 15.52
    endloop
  endfacet
  facet normal 0 0 1
    outer loop
      vertex 0 11.735 15.52
      vertex 0.932144 14.2219 15.52
      vertex 0 13.675 15.52
    endloop
  endfacet
  facet normal 0 0 1
    outer loop
      vertex 4.79129 11.5672 15.52
      vertex 0 11.735 15.52
      vertex 0.662674 10.1106 15.52
    endloop
  endfacet
  facet normal 0 -0 1
    outer loop
      vertex 0 11.735 15.52
      vertex 0 13.675 15.52
      vertex -0.77252 13.129 15.52
    endloop
  endfacet
  facet normal 0 0 -1
    outer loop
      vertex -11.735 0 15.52
      vertex -10.9035 0 15.52
      vertex -10.4315 -0.531768 15.52
    endloop
  endfacet
  facet normal 0 0 -1
    outer loop
      vertex -11.735 0 15.52
      vertex -11.4564 0.750885 15.52
      vertex -10.9035 0 15.52
    endloop
  endfacet
  facet normal 0 0 -1
    outer loop
      vertex -13.3091 0.872314 15.52
      vertex -11.4564 0.750885 15.52
      vertex -11.735 0 15.52
    endloop
  endfacet
  facet normal 0 0 -1
    outer loop
      vertex -11.4564 0.750885 15.52
      vertex -13.3091 0.872314 15.52
      vertex -11.9552 1.57393 15.52
    endloop
  endfacet
  facet normal -0 0 -1
    outer loop
      vertex -11.9552 1.57393 15.52
      vertex -13.3091 0.872314 15.52
      vertex -12.3929 2.4651 15.52
    endloop
  endfacet
  facet normal 0 0 -1
    outer loop
      vertex -14.5706 1.91826 15.52
      vertex -12.3929 2.4651 15.52
      vertex -13.3091 0.872314 15.52
    endloop
  endfacet
  facet normal -0 0 -1
    outer loop
      vertex -12.3929 2.4651 15.52
      vertex -14.5706 1.91826 15.52
      vertex -12.7629 3.4198 15.52
    endloop
  endfacet
  facet normal 0 0 -1
    outer loop
      vertex -15.3044 3.04422 15.52
      vertex -12.7629 3.4198 15.52
      vertex -14.5706 1.91826 15.52
    endloop
  endfacet
  facet normal -0 0 -1
    outer loop
      vertex -12.7629 3.4198 15.52
      vertex -15.3044 3.04422 15.52
      vertex -13.0586 4.4328 15.52
    endloop
  endfacet
  facet normal 0 0 -1
    outer loop
      vertex -15.3804 4.12117 15.52
      vertex -13.0586 4.4328 15.52
      vertex -15.3044 3.04422 15.52
    endloop
  endfacet
  facet normal 0 0 -1
    outer loop
      vertex -13.2742 5.49835 15.52
      vertex -13.5777 5.62405 15.52
      vertex -13.2945 5.67226 15.52
    endloop
  endfacet
  facet normal 0 0 -1
    outer loop
      vertex -13.0586 4.4328 15.52
      vertex -13.5777 5.62405 15.52
      vertex -13.2742 5.49835 15.52
    endloop
  endfacet
  facet normal 0 -0 -1
    outer loop
      vertex -13.5777 5.62405 15.52
      vertex -13.0586 4.4328 15.52
      vertex -14.7761 5.01581 15.52
    endloop
  endfacet
  facet normal -0 0 -1
    outer loop
      vertex -13.0586 4.4328 15.52
      vertex -15.3804 4.12117 15.52
      vertex -14.7761 5.01581 15.52
    endloop
  endfacet
  facet normal 0 0 1
    outer loop
      vertex 7.7899 -11.6584 15.52
      vertex 5.86749 -10.1628 15.52
      vertex 5.89909 -11.9622 15.52
    endloop
  endfacet
  facet normal 0 0 1
    outer loop
      vertex 6.96059 -5.34105 15.52
      vertex 5.62921 -8.42471 15.52
      vertex 5.86749 -10.1628 15.52
    endloop
  endfacet
  facet normal 0 0 1
    outer loop
      vertex 6.96059 -5.34105 15.52
      vertex 5.34105 -6.96059 15.52
      vertex 5.62921 -8.42471 15.52
    endloop
  endfacet
  facet normal 0 0 1
    outer loop
      vertex 5.18626 -5.9138 15.52
      vertex 5.9138 -5.18626 15.52
      vertex 5.33653 -5.33653 15.52
    endloop
  endfacet
  facet normal 0 0 1
    outer loop
      vertex 5.9138 -5.18626 15.52
      vertex 5.18626 -5.9138 15.52
      vertex 5.34105 -6.96059 15.52
    endloop
  endfacet
  facet normal 0 0 1
    outer loop
      vertex 8.42471 -5.62921 15.52
      vertex 8.8336 -6.77826 15.52
      vertex 8.77792 -5.86522 15.52
    endloop
  endfacet
  facet normal 0 0 1
    outer loop
      vertex 8.42471 -5.62921 15.52
      vertex 8.77792 -5.86522 15.52
      vertex 8.74832 -5.67358 15.52
    endloop
  endfacet
  facet normal 0 0 1
    outer loop
      vertex 6.96059 -5.34105 15.52
      vertex 8.8336 -6.77826 15.52
      vertex 8.42471 -5.62921 15.52
    endloop
  endfacet
  facet normal 0 0 1
    outer loop
      vertex 8.8336 -6.77826 15.52
      vertex 6.96059 -5.34105 15.52
      vertex 8.80547 -7.72218 15.52
    endloop
  endfacet
  facet normal 0 0 1
    outer loop
      vertex 5.86749 -10.1628 15.52
      vertex 8.80547 -7.72218 15.52
      vertex 6.96059 -5.34105 15.52
    endloop
  endfacet
  facet normal 0 0 1
    outer loop
      vertex 5.34105 -6.96059 15.52
      vertex 6.96059 -5.34105 15.52
      vertex 5.9138 -5.18626 15.52
    endloop
  endfacet
  facet normal 0 0 1
    outer loop
      vertex 8.80547 -7.72218 15.52
      vertex 5.86749 -10.1628 15.52
      vertex 8.68983 -8.68983 15.52
    endloop
  endfacet
  facet normal 0 0 1
    outer loop
      vertex 8.68983 -8.68983 15.52
      vertex 5.86749 -10.1628 15.52
      vertex 8.48358 -9.67368 15.52
    endloop
  endfacet
  facet normal 0 0 1
    outer loop
      vertex 5.86749 -10.1628 15.52
      vertex 7.7899 -11.6584 15.52
      vertex 8.18422 -10.6659 15.52
    endloop
  endfacet
  facet normal 0 0 1
    outer loop
      vertex 7.7899 -11.6584 15.52
      vertex 5.89909 -11.9622 15.52
      vertex 7.29942 -12.643 15.52
    endloop
  endfacet
  facet normal 0 0 1
    outer loop
      vertex 7.29942 -12.643 15.52
      vertex 5.89909 -11.9622 15.52
      vertex 6.71228 -13.6111 15.52
    endloop
  endfacet
  facet normal -0 0 1
    outer loop
      vertex 5.86749 -10.1628 15.52
      vertex 8.18422 -10.6659 15.52
      vertex 8.48358 -9.67368 15.52
    endloop
  endfacet
  facet normal -0 0 1
    outer loop
      vertex 5.62405 -13.5777 15.52
      vertex 6.71228 -13.6111 15.52
      vertex 5.89909 -11.9622 15.52
    endloop
  endfacet
  facet normal 0 0 1
    outer loop
      vertex 6.71228 -13.6111 15.52
      vertex 5.62405 -13.5777 15.52
      vertex 6.02864 -14.5544 15.52
    endloop
  endfacet
  facet normal 0 0 1
    outer loop
      vertex 5.01581 -14.7761 15.52
      vertex 6.02864 -14.5544 15.52
      vertex 5.62405 -13.5777 15.52
    endloop
  endfacet
  facet normal 0 0 1
    outer loop
      vertex 6.02864 -14.5544 15.52
      vertex 5.01581 -14.7761 15.52
      vertex 5.24942 -15.4643 15.52
    endloop
  endfacet
  facet normal 0 0 1
    outer loop
      vertex 5.24942 -15.4643 15.52
      vertex 5.01581 -14.7761 15.52
      vertex 4.81259 -14.9134 15.52
    endloop
  endfacet
  facet normal 0 0 -1
    outer loop
      vertex -7.41 -11.0899 15.52
      vertex -7.40497 -11.0823 15.52
      vertex -7.39695 -11.082 15.52
    endloop
  endfacet
  facet normal 0 0 -1
    outer loop
      vertex -7.41 -11.0899 15.52
      vertex -8.46542 -11.0323 15.52
      vertex -7.40497 -11.0823 15.52
    endloop
  endfacet
  facet normal 0 0 -1
    outer loop
      vertex -8.94658 -11.6594 15.52
      vertex -8.46542 -11.0323 15.52
      vertex -7.41 -11.0899 15.52
    endloop
  endfacet
  facet normal 0 0 -1
    outer loop
      vertex -8.94658 -11.6594 15.52
      vertex -9.54955 -10.8892 15.52
      vertex -8.46542 -11.0323 15.52
    endloop
  endfacet
  facet normal 0 0 -1
    outer loop
      vertex -10.2886 -11.7319 15.52
      vertex -9.54955 -10.8892 15.52
      vertex -8.94658 -11.6594 15.52
    endloop
  endfacet
  facet normal 0 0 -1
    outer loop
      vertex -10.2886 -11.7319 15.52
      vertex -10.6496 -10.6496 15.52
      vertex -9.54955 -10.8892 15.52
    endloop
  endfacet
  facet normal 0 0 -1
    outer loop
      vertex -11.2592 -11.2592 15.52
      vertex -10.6496 -10.6496 15.52
      vertex -10.2886 -11.7319 15.52
    endloop
  endfacet
  facet normal -0 0 -1
    outer loop
      vertex -10.6496 -10.6496 15.52
      vertex -11.2592 -11.2592 15.52
      vertex -11.7146 -10.324 15.52
    endloop
  endfacet
  facet normal -0 0 1
    outer loop
      vertex -12.8647 -9.87138 15.52
      vertex -11.7319 -10.2886 15.52
      vertex -11.6594 -8.94658 15.52
    endloop
  endfacet
  facet normal 0 0 1
    outer loop
      vertex -12.0425 -8.04652 15.52
      vertex -11.0899 -7.41 15.52
      vertex -10.5069 -6.44002 15.52
    endloop
  endfacet
  facet normal -0 0 1
    outer loop
      vertex -12.0425 -8.04652 15.52
      vertex -11.6594 -8.94658 15.52
      vertex -11.0899 -7.41 15.52
    endloop
  endfacet
  facet normal 0 0 1
    outer loop
      vertex -12.8647 -9.87138 15.52
      vertex -11.6594 -8.94658 15.52
      vertex -12.0425 -8.04652 15.52
    endloop
  endfacet
  facet normal 0 0 1
    outer loop
      vertex -11.7319 -10.2886 15.52
      vertex -12.8647 -9.87138 15.52
      vertex -11.7574 -10.3109 15.52
    endloop
  endfacet
  facet normal 0 0 1
    outer loop
      vertex -11.7146 -10.324 15.52
      vertex -11.7319 -10.2886 15.52
      vertex -11.7574 -10.3109 15.52
    endloop
  endfacet
  facet normal 0.809713 -0.586825 0
    outer loop
      vertex 6.02864 -14.5544 15.52
      vertex 6.71228 -13.6111 12.61
      vertex 6.71228 -13.6111 15.52
    endloop
  endfacet
  facet normal 0.809713 -0.586825 0
    outer loop
      vertex 6.71228 -13.6111 12.61
      vertex 6.02864 -14.5544 15.52
      vertex 6.02864 -14.5544 12.61
    endloop
  endfacet
  facet normal 0.855036 -0.518568 0
    outer loop
      vertex 6.71228 -13.6111 15.52
      vertex 7.29942 -12.643 12.61
      vertex 7.29942 -12.643 15.52
    endloop
  endfacet
  facet normal 0.855036 -0.518568 0
    outer loop
      vertex 7.29942 -12.643 12.61
      vertex 6.71228 -13.6111 15.52
      vertex 6.71228 -13.6111 12.61
    endloop
  endfacet
  facet normal 0.895088 -0.445889 0
    outer loop
      vertex 7.29942 -12.643 15.52
      vertex 7.7899 -11.6584 12.61
      vertex 7.7899 -11.6584 15.52
    endloop
  endfacet
  facet normal 0.895088 -0.445889 0
    outer loop
      vertex 7.7899 -11.6584 12.61
      vertex 7.29942 -12.643 15.52
      vertex 7.29942 -12.643 12.61
    endloop
  endfacet
  facet normal 0.929339 -0.369226 0
    outer loop
      vertex 7.7899 -11.6584 15.52
      vertex 8.18422 -10.6659 12.61
      vertex 8.18422 -10.6659 15.52
    endloop
  endfacet
  facet normal 0.929339 -0.369226 0
    outer loop
      vertex 8.18422 -10.6659 12.61
      vertex 7.7899 -11.6584 15.52
      vertex 7.7899 -11.6584 12.61
    endloop
  endfacet
  facet normal 0.957375 -0.288847 0
    outer loop
      vertex 8.18422 -10.6659 15.52
      vertex 8.48358 -9.67368 12.61
      vertex 8.48358 -9.67368 15.52
    endloop
  endfacet
  facet normal 0.957375 -0.288847 0
    outer loop
      vertex 8.48358 -9.67368 12.61
      vertex 8.18422 -10.6659 15.52
      vertex 8.18422 -10.6659 12.61
    endloop
  endfacet
  facet normal 0.978725 -0.205176 0
    outer loop
      vertex 8.48358 -9.67368 15.52
      vertex 8.68983 -8.68983 12.61
      vertex 8.68983 -8.68983 15.52
    endloop
  endfacet
  facet normal 0.978725 -0.205176 0
    outer loop
      vertex 8.68983 -8.68983 12.61
      vertex 8.48358 -9.67368 15.52
      vertex 8.48358 -9.67368 12.61
    endloop
  endfacet
  facet normal 0.992935 -0.118662 0
    outer loop
      vertex 8.68983 -8.68983 15.52
      vertex 8.80547 -7.72218 12.61
      vertex 8.80547 -7.72218 15.52
    endloop
  endfacet
  facet normal 0.992935 -0.118662 0
    outer loop
      vertex 8.80547 -7.72218 12.61
      vertex 8.68983 -8.68983 15.52
      vertex 8.68983 -8.68983 12.61
    endloop
  endfacet
  facet normal 0.999556 -0.0297971 0
    outer loop
      vertex 8.8336 -6.77826 15.52
      vertex 8.81741 -7.32136 12.61
      vertex 8.8336 -6.77826 12.61
    endloop
  endfacet
  facet normal 0.999556 -0.029788 -1.69642e-06
    outer loop
      vertex 8.80547 -7.72218 15.52
      vertex 8.81741 -7.32136 12.61
      vertex 8.8336 -6.77826 15.52
    endloop
  endfacet
  facet normal 0.999557 -0.0297757 0
    outer loop
      vertex 8.81741 -7.32136 12.61
      vertex 8.80547 -7.72218 15.52
      vertex 8.80547 -7.72218 12.61
    endloop
  endfacet
  facet normal 0.998146 0.06087 0
    outer loop
      vertex 8.8336 -6.77826 15.52
      vertex 8.77792 -5.86522 12.61
      vertex 8.77792 -5.86522 15.52
    endloop
  endfacet
  facet normal 0.998146 0.06087 0
    outer loop
      vertex 8.77792 -5.86522 12.61
      vertex 8.8336 -6.77826 15.52
      vertex 8.8336 -6.77826 12.61
    endloop
  endfacet
  facet normal 0.988278 0.152665 0
    outer loop
      vertex 8.74832 -5.67358 15.52
      vertex 8.6427 -4.98985 12.61
      vertex 8.6427 -4.98985 15.52
    endloop
  endfacet
  facet normal 0.988281 0.152646 -0
    outer loop
      vertex 8.77792 -5.86522 12.61
      vertex 8.74832 -5.67358 15.52
      vertex 8.77792 -5.86522 15.52
    endloop
  endfacet
  facet normal 0.988279 0.152661 -1.01213e-06
    outer loop
      vertex 8.74832 -5.67358 15.52
      vertex 8.77792 -5.86522 12.61
      vertex 8.6427 -4.98985 12.61
    endloop
  endfacet
  facet normal 0.969541 0.244931 0
    outer loop
      vertex 8.6427 -4.98985 15.52
      vertex 8.43269 -4.15854 12.61
      vertex 8.43269 -4.15854 15.52
    endloop
  endfacet
  facet normal 0.969541 0.244931 0
    outer loop
      vertex 8.43269 -4.15854 12.61
      vertex 8.6427 -4.98985 15.52
      vertex 8.6427 -4.98985 12.61
    endloop
  endfacet
  facet normal 0.941573 0.336809 0
    outer loop
      vertex 8.43269 -4.15854 15.52
      vertex 8.15318 -3.37715 12.61
      vertex 8.15318 -3.37715 15.52
    endloop
  endfacet
  facet normal 0.941573 0.336809 0
    outer loop
      vertex 8.15318 -3.37715 12.61
      vertex 8.43269 -4.15854 15.52
      vertex 8.43269 -4.15854 12.61
    endloop
  endfacet
  facet normal 0.904028 0.427473 0
    outer loop
      vertex 8.15318 -3.37715 15.52
      vertex 7.80986 -2.65109 12.61
      vertex 7.80986 -2.65109 15.52
    endloop
  endfacet
  facet normal 0.904028 0.427473 0
    outer loop
      vertex 7.80986 -2.65109 12.61
      vertex 8.15318 -3.37715 15.52
      vertex 8.15318 -3.37715 12.61
    endloop
  endfacet
  facet normal 0.856638 0.515918 0
    outer loop
      vertex 7.80986 -2.65109 15.52
      vertex 7.40881 -1.98518 12.61
      vertex 7.40881 -1.98518 15.52
    endloop
  endfacet
  facet normal 0.856638 0.515918 0
    outer loop
      vertex 7.40881 -1.98518 12.61
      vertex 7.80986 -2.65109 15.52
      vertex 7.80986 -2.65109 12.61
    endloop
  endfacet
  facet normal 0.79922 0.601039 0
    outer loop
      vertex 7.40881 -1.98518 15.52
      vertex 6.9565 -1.38373 12.61
      vertex 6.9565 -1.38373 15.52
    endloop
  endfacet
  facet normal 0.79922 0.601039 0
    outer loop
      vertex 6.9565 -1.38373 12.61
      vertex 7.40881 -1.98518 15.52
      vertex 7.40881 -1.98518 12.61
    endloop
  endfacet
  facet normal 0.0318445 -0.999493 0
    outer loop
      vertex 6.9565 -1.38373 12.61
      vertex 9.81802 -1.29256 15.52
      vertex 6.9565 -1.38373 15.52
    endloop
  endfacet
  facet normal 0.0318445 -0.999493 0
    outer loop
      vertex 9.81802 -1.29256 15.52
      vertex 6.9565 -1.38373 12.61
      vertex 9.81802 -1.29256 12.61
    endloop
  endfacet
  facet normal 0.128403 -0.991722 0
    outer loop
      vertex 10.2951 -1.23079 12.61
      vertex 9.81802 -1.29256 15.52
      vertex 9.81802 -1.29256 12.61
    endloop
  endfacet
  facet normal 0.128394 -0.991723 -1.53718e-06
    outer loop
      vertex 9.81802 -1.29256 15.52
      vertex 10.2951 -1.23079 12.61
      vertex 13.1464 -0.861649 15.52
    endloop
  endfacet
  facet normal 0.128393 -0.991723 0
    outer loop
      vertex 13.1464 -0.861649 15.52
      vertex 10.2951 -1.23079 12.61
      vertex 13.1464 -0.861649 12.61
    endloop
  endfacet
  facet normal 0.252665 -0.967554 0
    outer loop
      vertex 13.1464 -0.861649 12.61
      vertex 13.2439 -0.836188 15.52
      vertex 13.1464 -0.861649 15.52
    endloop
  endfacet
  facet normal 0.252629 -0.967563 1.3167e-06
    outer loop
      vertex 16.4465 0 12.61
      vertex 13.2439 -0.836188 15.52
      vertex 13.1464 -0.861649 12.61
    endloop
  endfacet
  facet normal 0.252628 -0.967564 0
    outer loop
      vertex 13.2439 -0.836188 15.52
      vertex 16.4465 0 12.61
      vertex 16.4465 0 15.52
    endloop
  endfacet
  facet normal 0.861616 0.507561 0
    outer loop
      vertex 16.4465 0 15.52
      vertex 15.8351 1.03789 12.61
      vertex 15.8351 1.03789 15.52
    endloop
  endfacet
  facet normal 0.861616 0.507561 0
    outer loop
      vertex 15.8351 1.03789 12.61
      vertex 16.4465 0 15.52
      vertex 16.4465 0 12.61
    endloop
  endfacet
  facet normal 0.817805 0.575495 0
    outer loop
      vertex 15.8351 1.03789 15.52
      vertex 15.1609 1.99596 12.61
      vertex 15.1609 1.99596 15.52
    endloop
  endfacet
  facet normal 0.817805 0.575495 0
    outer loop
      vertex 15.1609 1.99596 12.61
      vertex 15.8351 1.03789 15.52
      vertex 15.8351 1.03789 12.61
    endloop
  endfacet
  facet normal 0.768041 0.6404 0
    outer loop
      vertex 15.1609 1.99596 15.52
      vertex 14.4316 2.87062 12.61
      vertex 14.4316 2.87062 15.52
    endloop
  endfacet
  facet normal 0.768041 0.6404 0
    outer loop
      vertex 14.4316 2.87062 12.61
      vertex 15.1609 1.99596 15.52
      vertex 15.1609 1.99596 12.61
    endloop
  endfacet
  facet normal 0.712459 0.701713 0
    outer loop
      vertex 14.4316 2.87062 15.52
      vertex 13.6552 3.65891 12.61
      vertex 13.6552 3.65891 15.52
    endloop
  endfacet
  facet normal 0.712459 0.701713 0
    outer loop
      vertex 13.6552 3.65891 12.61
      vertex 14.4316 2.87062 15.52
      vertex 14.4316 2.87062 12.61
    endloop
  endfacet
  facet normal 0.651237 0.758874 -0
    outer loop
      vertex 13.6552 3.65891 12.61
      vertex 12.8399 4.35857 15.52
      vertex 13.6552 3.65891 15.52
    endloop
  endfacet
  facet normal 0.651237 0.758874 0
    outer loop
      vertex 12.8399 4.35857 15.52
      vertex 13.6552 3.65891 12.61
      vertex 12.8399 4.35857 12.61
    endloop
  endfacet
  facet normal 0.584523 0.811377 0
    outer loop
      vertex 12.5263 4.58449 12.61
      vertex 12.8399 4.35857 15.52
      vertex 12.8399 4.35857 12.61
    endloop
  endfacet
  facet normal 0.584532 0.811371 -1.51869e-06
    outer loop
      vertex 12.8399 4.35857 15.52
      vertex 12.5263 4.58449 12.61
      vertex 11.9939 4.96805 15.52
    endloop
  endfacet
  facet normal 0.584538 0.811367 0
    outer loop
      vertex 11.9939 4.96805 15.52
      vertex 12.5263 4.58449 12.61
      vertex 11.9939 4.96805 12.61
    endloop
  endfacet
  facet normal 0.512597 0.858629 -0
    outer loop
      vertex 11.9939 4.96805 12.61
      vertex 11.1255 5.48648 15.52
      vertex 11.9939 4.96805 15.52
    endloop
  endfacet
  facet normal 0.512597 0.858629 0
    outer loop
      vertex 11.1255 5.48648 15.52
      vertex 11.9939 4.96805 12.61
      vertex 11.1255 5.48648 12.61
    endloop
  endfacet
  facet normal 0.435633 0.900124 -0
    outer loop
      vertex 11.1255 5.48648 12.61
      vertex 10.2428 5.91368 15.52
      vertex 11.1255 5.48648 15.52
    endloop
  endfacet
  facet normal 0.435633 0.900124 0
    outer loop
      vertex 10.2428 5.91368 15.52
      vertex 11.1255 5.48648 12.61
      vertex 10.2428 5.91368 12.61
    endloop
  endfacet
  facet normal 0.353913 0.935278 -0
    outer loop
      vertex 10.2428 5.91368 12.61
      vertex 10.2002 5.9298 15.52
      vertex 10.2428 5.91368 15.52
    endloop
  endfacet
  facet normal 0.354053 0.935225 2.34621e-06
    outer loop
      vertex 9.35402 6.25015 12.61
      vertex 10.2002 5.9298 15.52
      vertex 10.2428 5.91368 12.61
    endloop
  endfacet
  facet normal 0.35406 0.935223 0
    outer loop
      vertex 10.2002 5.9298 15.52
      vertex 9.35402 6.25015 12.61
      vertex 9.35402 6.25015 15.52
    endloop
  endfacet
  facet normal 0.2682 0.963363 -0
    outer loop
      vertex 9.35402 6.25015 12.61
      vertex 8.46713 6.49706 15.52
      vertex 9.35402 6.25015 15.52
    endloop
  endfacet
  facet normal 0.2682 0.963363 0
    outer loop
      vertex 8.46713 6.49706 15.52
      vertex 9.35402 6.25015 12.61
      vertex 8.46713 6.49706 12.61
    endloop
  endfacet
  facet normal 0.178547 0.983931 -0
    outer loop
      vertex 8.46713 6.49706 12.61
      vertex 7.58998 6.65623 15.52
      vertex 8.46713 6.49706 15.52
    endloop
  endfacet
  facet normal 0.178547 0.983931 0
    outer loop
      vertex 7.58998 6.65623 15.52
      vertex 8.46713 6.49706 12.61
      vertex 7.58998 6.65623 12.61
    endloop
  endfacet
  facet normal 0.0855921 0.99633 -0
    outer loop
      vertex 7.58998 6.65623 12.61
      vertex 6.7301 6.7301 15.52
      vertex 7.58998 6.65623 15.52
    endloop
  endfacet
  facet normal 0.0855921 0.99633 0
    outer loop
      vertex 6.7301 6.7301 15.52
      vertex 7.58998 6.65623 12.61
      vertex 6.7301 6.7301 12.61
    endloop
  endfacet
  facet normal -0.00997245 0.99995 0
    outer loop
      vertex 6.7301 6.7301 12.61
      vertex 5.89484 6.72177 15.52
      vertex 6.7301 6.7301 15.52
    endloop
  endfacet
  facet normal -0.00997245 0.99995 0
    outer loop
      vertex 5.89484 6.72177 15.52
      vertex 6.7301 6.7301 12.61
      vertex 5.89484 6.72177 12.61
    endloop
  endfacet
  facet normal -0.107528 0.994202 0
    outer loop
      vertex 5.89484 6.72177 12.61
      vertex 5.09109 6.63484 15.52
      vertex 5.89484 6.72177 15.52
    endloop
  endfacet
  facet normal -0.107528 0.994202 0
    outer loop
      vertex 5.09109 6.63484 15.52
      vertex 5.89484 6.72177 12.61
      vertex 5.09109 6.63484 12.61
    endloop
  endfacet
  facet normal -0.206166 0.978517 0
    outer loop
      vertex 5.09109 6.63484 12.61
      vertex 4.32547 6.47353 15.52
      vertex 5.09109 6.63484 15.52
    endloop
  endfacet
  facet normal -0.206166 0.978517 0
    outer loop
      vertex 4.32547 6.47353 15.52
      vertex 5.09109 6.63484 12.61
      vertex 4.32547 6.47353 12.61
    endloop
  endfacet
  facet normal -0.304969 0.952362 0
    outer loop
      vertex 4.32547 6.47353 12.61
      vertex 3.60413 6.24254 15.52
      vertex 4.32547 6.47353 15.52
    endloop
  endfacet
  facet normal -0.304969 0.952362 0
    outer loop
      vertex 3.60413 6.24254 15.52
      vertex 4.32547 6.47353 12.61
      vertex 3.60413 6.24254 12.61
    endloop
  endfacet
  facet normal 0.973049 -0.230599 0
    outer loop
      vertex 3.60413 6.24254 15.52
      vertex 4.09044 8.2946 12.61
      vertex 4.09044 8.2946 15.52
    endloop
  endfacet
  facet normal 0.973049 -0.230599 0
    outer loop
      vertex 4.09044 8.2946 12.61
      vertex 3.60413 6.24254 15.52
      vertex 3.60413 6.24254 12.61
    endloop
  endfacet
  facet normal 0.977841 -0.209351 0
    outer loop
      vertex 4.79129 11.5672 15.52
      vertex 4.77367 11.4849 12.61
      vertex 4.79129 11.5672 12.61
    endloop
  endfacet
  facet normal 0.977828 -0.20941 1.75484e-06
    outer loop
      vertex 4.20933 8.84977 15.52
      vertex 4.77367 11.4849 12.61
      vertex 4.79129 11.5672 15.52
    endloop
  endfacet
  facet normal 0.977829 -0.209403 0
    outer loop
      vertex 4.09044 8.2946 12.61
      vertex 4.20933 8.84977 15.52
      vertex 4.09044 8.2946 15.52
    endloop
  endfacet
  facet normal 0.977828 -0.20941 1.47795e-06
    outer loop
      vertex 4.20933 8.84977 15.52
      vertex 4.09044 8.2946 12.61
      vertex 4.77367 11.4849 12.61
    endloop
  endfacet
  facet normal 0.99648 -0.0838276 0
    outer loop
      vertex 4.79129 11.5672 15.52
      vertex 5.0762 14.954 12.61
      vertex 5.0762 14.954 15.52
    endloop
  endfacet
  facet normal 0.99648 -0.0838276 0
    outer loop
      vertex 5.0762 14.954 12.61
      vertex 4.79129 11.5672 15.52
      vertex 4.79129 11.5672 12.61
    endloop
  endfacet
  facet normal 0.459549 0.888152 -0
    outer loop
      vertex 5.0762 14.954 12.61
      vertex 4.13712 15.4399 15.52
      vertex 5.0762 14.954 15.52
    endloop
  endfacet
  facet normal 0.459549 0.888152 0
    outer loop
      vertex 4.13712 15.4399 15.52
      vertex 5.0762 14.954 12.61
      vertex 4.13712 15.4399 12.61
    endloop
  endfacet
  facet normal -0.279081 0.960267 0
    outer loop
      vertex 4.13712 15.4399 12.61
      vertex 3.00578 15.1111 15.52
      vertex 4.13712 15.4399 15.52
    endloop
  endfacet
  facet normal -0.279081 0.960267 0
    outer loop
      vertex 3.00578 15.1111 15.52
      vertex 4.13712 15.4399 12.61
      vertex 3.00578 15.1111 12.61
    endloop
  endfacet
  facet normal -0.356406 0.934331 0
    outer loop
      vertex 3.00578 15.1111 12.61
      vertex 1.93567 14.7029 15.52
      vertex 3.00578 15.1111 15.52
    endloop
  endfacet
  facet normal -0.356406 0.934331 0
    outer loop
      vertex 1.93567 14.7029 15.52
      vertex 3.00578 15.1111 12.61
      vertex 1.93567 14.7029 12.61
    endloop
  endfacet
  facet normal -0.432225 0.901766 0
    outer loop
      vertex 1.93567 14.7029 12.61
      vertex 0.932144 14.2219 15.52
      vertex 1.93567 14.7029 15.52
    endloop
  endfacet
  facet normal -0.432225 0.901766 0
    outer loop
      vertex 0.932144 14.2219 15.52
      vertex 1.93567 14.7029 12.61
      vertex 0.932144 14.2219 12.61
    endloop
  endfacet
  facet normal -0.506044 0.862508 0
    outer loop
      vertex 0.932144 14.2219 12.61
      vertex 0 13.675 15.52
      vertex 0.932144 14.2219 15.52
    endloop
  endfacet
  facet normal -0.506044 0.862508 0
    outer loop
      vertex 0 13.675 15.52
      vertex 0.932144 14.2219 12.61
      vertex 0 13.675 12.61
    endloop
  endfacet
  facet normal -0.577171 0.816623 0
    outer loop
      vertex 0 13.675 12.61
      vertex -0.77252 13.129 15.52
      vertex 0 13.675 15.52
    endloop
  endfacet
  facet normal -0.577149 0.816639 8.87486e-06
    outer loop
      vertex -0.856613 13.0696 12.61
      vertex -0.77252 13.129 15.52
      vertex 0 13.675 12.61
    endloop
  endfacet
  facet normal -0.576944 0.816784 0
    outer loop
      vertex -0.77252 13.129 15.52
      vertex -0.856613 13.0696 12.61
      vertex -0.856613 13.0696 15.52
    endloop
  endfacet
  facet normal -0.645097 0.764101 0
    outer loop
      vertex -0.856613 13.0696 12.61
      vertex -1.63422 12.4131 15.52
      vertex -0.856613 13.0696 15.52
    endloop
  endfacet
  facet normal -0.645097 0.764101 0
    outer loop
      vertex -1.63422 12.4131 15.52
      vertex -0.856613 13.0696 12.61
      vertex -1.63422 12.4131 12.61
    endloop
  endfacet
  facet normal -0.709126 0.705082 0
    outer loop
      vertex -2.32993 11.7134 12.61
      vertex -1.63422 12.4131 15.52
      vertex -1.63422 12.4131 12.61
    endloop
  endfacet
  facet normal -0.709126 0.705082 0
    outer loop
      vertex -1.63422 12.4131 15.52
      vertex -2.32993 11.7134 12.61
      vertex -2.32993 11.7134 15.52
    endloop
  endfacet
  facet normal -0.768739 0.639563 0
    outer loop
      vertex -2.94159 10.9782 12.61
      vertex -2.32993 11.7134 15.52
      vertex -2.32993 11.7134 12.61
    endloop
  endfacet
  facet normal -0.768739 0.639563 0
    outer loop
      vertex -2.32993 11.7134 15.52
      vertex -2.94159 10.9782 12.61
      vertex -2.94159 10.9782 15.52
    endloop
  endfacet
  facet normal -0.823152 0.567821 0
    outer loop
      vertex -3.46771 10.2155 12.61
      vertex -2.94159 10.9782 15.52
      vertex -2.94159 10.9782 12.61
    endloop
  endfacet
  facet normal -0.823152 0.567821 0
    outer loop
      vertex -2.94159 10.9782 15.52
      vertex -3.46771 10.2155 12.61
      vertex -3.46771 10.2155 15.52
    endloop
  endfacet
  facet normal -0.871639 0.490148 0
    outer loop
      vertex -3.66642 9.86213 12.61
      vertex -3.46771 10.2155 15.52
      vertex -3.46771 10.2155 12.61
    endloop
  endfacet
  facet normal -0.871661 0.49011 0
    outer loop
      vertex -3.90746 9.43344 15.52
      vertex -3.66642 9.86213 12.61
      vertex -3.90746 9.43344 12.61
    endloop
  endfacet
  facet normal -0.871651 0.490127 3.32648e-06
    outer loop
      vertex -3.66642 9.86213 12.61
      vertex -3.90746 9.43344 15.52
      vertex -3.46771 10.2155 15.52
    endloop
  endfacet
  facet normal -0.913587 0.406643 0
    outer loop
      vertex -4.2607 8.63983 12.61
      vertex -3.90746 9.43344 15.52
      vertex -3.90746 9.43344 12.61
    endloop
  endfacet
  facet normal -0.913587 0.406643 0
    outer loop
      vertex -3.90746 9.43344 15.52
      vertex -4.2607 8.63983 12.61
      vertex -4.2607 8.63983 15.52
    endloop
  endfacet
  facet normal -0.94814 0.317854 0
    outer loop
      vertex -4.52795 7.84264 12.61
      vertex -4.2607 8.63983 15.52
      vertex -4.2607 8.63983 12.61
    endloop
  endfacet
  facet normal -0.94814 0.317854 0
    outer loop
      vertex -4.2607 8.63983 15.52
      vertex -4.52795 7.84264 12.61
      vertex -4.52795 7.84264 15.52
    endloop
  endfacet
  facet normal -0.97454 0.224212 0
    outer loop
      vertex -4.7104 7.04962 12.61
      vertex -4.52795 7.84264 15.52
      vertex -4.52795 7.84264 12.61
    endloop
  endfacet
  facet normal -0.97454 0.224212 0
    outer loop
      vertex -4.52795 7.84264 15.52
      vertex -4.7104 7.04962 12.61
      vertex -4.7104 7.04962 15.52
    endloop
  endfacet
  facet normal -0.991988 0.12633 0
    outer loop
      vertex -4.80989 6.26839 12.61
      vertex -4.7104 7.04962 15.52
      vertex -4.7104 7.04962 12.61
    endloop
  endfacet
  facet normal -0.991988 0.12633 0
    outer loop
      vertex -4.7104 7.04962 15.52
      vertex -4.80989 6.26839 12.61
      vertex -4.80989 6.26839 15.52
    endloop
  endfacet
  facet normal -0.99969 0.0248965 0
    outer loop
      vertex -4.82887 5.50627 12.61
      vertex -4.80989 6.26839 15.52
      vertex -4.80989 6.26839 12.61
    endloop
  endfacet
  facet normal -0.99969 0.0248965 0
    outer loop
      vertex -4.80989 6.26839 15.52
      vertex -4.82887 5.50627 12.61
      vertex -4.82887 5.50627 15.52
    endloop
  endfacet
  facet normal 0.415815 0.909449 -0
    outer loop
      vertex -4.82887 5.50627 12.61
      vertex -5.24305 5.69564 15.52
      vertex -4.82887 5.50627 15.52
    endloop
  endfacet
  facet normal 0.415811 0.909451 -6.64118e-07
    outer loop
      vertex -6.07687 6.07687 12.61
      vertex -5.24305 5.69564 15.52
      vertex -4.82887 5.50627 12.61
    endloop
  endfacet
  facet normal 0.41581 0.909452 0
    outer loop
      vertex -5.24305 5.69564 15.52
      vertex -6.07687 6.07687 12.61
      vertex -6.07687 6.07687 15.52
    endloop
  endfacet
  facet normal 0.523327 0.852132 -0
    outer loop
      vertex -6.07687 6.07687 12.61
      vertex -8.92123 7.8237 15.52
      vertex -6.07687 6.07687 15.52
    endloop
  endfacet
  facet normal 0.523327 0.852132 0
    outer loop
      vertex -8.92123 7.8237 15.52
      vertex -6.07687 6.07687 12.61
      vertex -8.92123 7.8237 12.61
    endloop
  endfacet
  facet normal 0.410805 0.911723 0
    outer loop
      vertex -9.25207 7.97277 12.61
      vertex -8.92123 7.8237 15.52
      vertex -8.92123 7.8237 12.61
    endloop
  endfacet
  facet normal 0.410807 0.911722 -3.75649e-07
    outer loop
      vertex -8.92123 7.8237 15.52
      vertex -9.25207 7.97277 12.61
      vertex -12.0096 9.21527 15.52
    endloop
  endfacet
  facet normal 0.410808 0.911722 0
    outer loop
      vertex -12.0096 9.21527 15.52
      vertex -9.25207 7.97277 12.61
      vertex -12.0096 9.21527 12.61
    endloop
  endfacet
  facet normal -0.192778 0.981242 0
    outer loop
      vertex -12.0096 9.21527 12.61
      vertex -13.3867 8.94472 15.52
      vertex -12.0096 9.21527 15.52
    endloop
  endfacet
  facet normal -0.192778 0.981242 0
    outer loop
      vertex -13.3867 8.94472 15.52
      vertex -12.0096 9.21527 12.61
      vertex -13.3867 8.94472 12.61
    endloop
  endfacet
  facet normal -0.99887 0.0475218 0
    outer loop
      vertex -13.443 7.76134 12.61
      vertex -13.3867 8.94472 15.52
      vertex -13.3867 8.94472 12.61
    endloop
  endfacet
  facet normal -0.99887 0.0475218 0
    outer loop
      vertex -13.3867 8.94472 15.52
      vertex -13.443 7.76134 12.61
      vertex -13.443 7.76134 15.52
    endloop
  endfacet
  facet normal -0.999427 -0.0338577 0
    outer loop
      vertex -13.404 6.61012 12.61
      vertex -13.443 7.76134 15.52
      vertex -13.443 7.76134 12.61
    endloop
  endfacet
  facet normal -0.999427 -0.0338577 0
    outer loop
      vertex -13.443 7.76134 15.52
      vertex -13.404 6.61012 12.61
      vertex -13.404 6.61012 15.52
    endloop
  endfacet
  facet normal -0.993253 -0.115967 0
    outer loop
      vertex -13.404 6.61012 12.61
      vertex -13.2945 5.67226 15.52
      vertex -13.404 6.61012 15.52
    endloop
  endfacet
  facet normal -0.993254 -0.115963 1.40825e-06
    outer loop
      vertex -13.2742 5.49835 12.61
      vertex -13.2945 5.67226 15.52
      vertex -13.404 6.61012 12.61
    endloop
  endfacet
  facet normal -0.993256 -0.11594 0
    outer loop
      vertex -13.2945 5.67226 15.52
      vertex -13.2742 5.49835 12.61
      vertex -13.2742 5.49835 15.52
    endloop
  endfacet
  facet normal -0.980138 -0.198318 0
    outer loop
      vertex -13.0586 4.4328 12.61
      vertex -13.2742 5.49835 15.52
      vertex -13.2742 5.49835 12.61
    endloop
  endfacet
  facet normal -0.980138 -0.198318 0
    outer loop
      vertex -13.2742 5.49835 15.52
      vertex -13.0586 4.4328 12.61
      vertex -13.0586 4.4328 15.52
    endloop
  endfacet
  facet normal -0.959938 -0.280211 0
    outer loop
      vertex -12.7629 3.4198 12.61
      vertex -13.0586 4.4328 15.52
      vertex -13.0586 4.4328 12.61
    endloop
  endfacet
  facet normal -0.959938 -0.280211 0
    outer loop
      vertex -13.0586 4.4328 15.52
      vertex -12.7629 3.4198 12.61
      vertex -12.7629 3.4198 15.52
    endloop
  endfacet
  facet normal -0.932424 -0.361367 0
    outer loop
      vertex -12.3929 2.4651 12.61
      vertex -12.7629 3.4198 15.52
      vertex -12.7629 3.4198 12.61
    endloop
  endfacet
  facet normal -0.932424 -0.361367 0
    outer loop
      vertex -12.7629 3.4198 15.52
      vertex -12.3929 2.4651 12.61
      vertex -12.3929 2.4651 15.52
    endloop
  endfacet
  facet normal -0.897606 -0.440798 0
    outer loop
      vertex -12.2189 2.11078 12.61
      vertex -12.3929 2.4651 15.52
      vertex -12.3929 2.4651 12.61
    endloop
  endfacet
  facet normal -0.897565 -0.440883 -0
    outer loop
      vertex -11.9552 1.57393 15.52
      vertex -12.2189 2.11078 12.61
      vertex -11.9552 1.57393 12.61
    endloop
  endfacet
  facet normal -0.897581 -0.440849 7.71282e-06
    outer loop
      vertex -12.2189 2.11078 12.61
      vertex -11.9552 1.57393 15.52
      vertex -12.3929 2.4651 15.52
    endloop
  endfacet
  facet normal -0.855205 -0.51829 0
    outer loop
      vertex -11.4564 0.750885 12.61
      vertex -11.9552 1.57393 15.52
      vertex -11.9552 1.57393 12.61
    endloop
  endfacet
  facet normal -0.855205 -0.51829 0
    outer loop
      vertex -11.9552 1.57393 15.52
      vertex -11.4564 0.750885 12.61
      vertex -11.4564 0.750885 15.52
    endloop
  endfacet
  facet normal -0.805252 -0.592932 0
    outer loop
      vertex -10.9035 0 12.61
      vertex -11.4564 0.750885 15.52
      vertex -11.4564 0.750885 12.61
    endloop
  endfacet
  facet normal -0.805252 -0.592932 0
    outer loop
      vertex -11.4564 0.750885 15.52
      vertex -10.9035 0 12.61
      vertex -10.9035 0 15.52
    endloop
  endfacet
  facet normal -0.747886 -0.663827 0
    outer loop
      vertex -10.9035 0 12.61
      vertex -10.4315 -0.531768 15.52
      vertex -10.9035 0 15.52
    endloop
  endfacet
  facet normal -0.747857 -0.66386 -1.05895e-05
    outer loop
      vertex -10.304 -0.675354 12.61
      vertex -10.4315 -0.531768 15.52
      vertex -10.9035 0 12.61
    endloop
  endfacet
  facet normal -0.747751 -0.66398 0
    outer loop
      vertex -10.4315 -0.531768 15.52
      vertex -10.304 -0.675354 12.61
      vertex -10.304 -0.675354 15.52
    endloop
  endfacet
  facet normal -0.682961 -0.730455 0
    outer loop
      vertex -10.304 -0.675354 12.61
      vertex -9.66537 -1.27246 15.52
      vertex -10.304 -0.675354 15.52
    endloop
  endfacet
  facet normal -0.682961 -0.730455 -0
    outer loop
      vertex -9.66537 -1.27246 15.52
      vertex -10.304 -0.675354 12.61
      vertex -9.66537 -1.27246 12.61
    endloop
  endfacet
  facet normal -0.610634 -0.791913 0
    outer loop
      vertex -9.66537 -1.27246 12.61
      vertex -8.99516 -1.78925 15.52
      vertex -9.66537 -1.27246 15.52
    endloop
  endfacet
  facet normal -0.610634 -0.791913 -0
    outer loop
      vertex -8.99516 -1.78925 15.52
      vertex -9.66537 -1.27246 12.61
      vertex -8.99516 -1.78925 12.61
    endloop
  endfacet
  facet normal -0.531131 -0.84729 0
    outer loop
      vertex -8.99516 -1.78925 12.61
      vertex -8.30116 -2.22429 15.52
      vertex -8.99516 -1.78925 15.52
    endloop
  endfacet
  facet normal -0.531131 -0.84729 -0
    outer loop
      vertex -8.30116 -2.22429 15.52
      vertex -8.99516 -1.78925 12.61
      vertex -8.30116 -2.22429 12.61
    endloop
  endfacet
  facet normal -0.444739 -0.89566 0
    outer loop
      vertex -8.30116 -2.22429 12.61
      vertex -7.59116 -2.57684 15.52
      vertex -8.30116 -2.22429 15.52
    endloop
  endfacet
  facet normal -0.444739 -0.89566 -0
    outer loop
      vertex -7.59116 -2.57684 15.52
      vertex -8.30116 -2.22429 12.61
      vertex -7.59116 -2.57684 12.61
    endloop
  endfacet
  facet normal -0.351902 -0.936037 0
    outer loop
      vertex -7.59116 -2.57684 12.61
      vertex -7.51075 -2.60707 15.52
      vertex -7.59116 -2.57684 15.52
    endloop
  endfacet
  facet normal -0.351909 -0.936034 2.31812e-07
    outer loop
      vertex -6.87294 -2.84686 12.61
      vertex -7.51075 -2.60707 15.52
      vertex -7.59116 -2.57684 12.61
    endloop
  endfacet
  facet normal -0.35191 -0.936034 0
    outer loop
      vertex -7.51075 -2.60707 15.52
      vertex -6.87294 -2.84686 12.61
      vertex -6.87294 -2.84686 15.52
    endloop
  endfacet
  facet normal -0.936975 0.349396 0
    outer loop
      vertex -7.12082 -3.5116 12.61
      vertex -6.87294 -2.84686 15.52
      vertex -6.87294 -2.84686 12.61
    endloop
  endfacet
  facet normal -0.936975 0.349396 0
    outer loop
      vertex -6.87294 -2.84686 15.52
      vertex -7.12082 -3.5116 12.61
      vertex -7.12082 -3.5116 15.52
    endloop
  endfacet
  facet normal -0.628943 0.777452 0
    outer loop
      vertex -8.28054 -4.44979 12.61
      vertex -7.12082 -3.5116 15.52
      vertex -7.12082 -3.5116 12.61
    endloop
  endfacet
  facet normal -0.628942 0.777452 -1.40053e-07
    outer loop
      vertex -7.12082 -3.5116 15.52
      vertex -8.28054 -4.44979 12.61
      vertex -9.70944 -5.60574 15.52
    endloop
  endfacet
  facet normal -0.628942 0.777452 0
    outer loop
      vertex -9.70944 -5.60574 15.52
      vertex -8.28054 -4.44979 12.61
      vertex -9.70944 -5.60574 12.61
    endloop
  endfacet
  facet normal -0.722879 0.690975 0
    outer loop
      vertex -9.70944 -5.60574 12.61
      vertex -10.5069 -6.44002 15.52
      vertex -9.70944 -5.60574 15.52
    endloop
  endfacet
  facet normal -0.722878 0.690975 8.9359e-08
    outer loop
      vertex -12.0425 -8.04652 12.61
      vertex -10.5069 -6.44002 15.52
      vertex -9.70944 -5.60574 12.61
    endloop
  endfacet
  facet normal -0.722878 0.690975 0
    outer loop
      vertex -10.5069 -6.44002 15.52
      vertex -12.0425 -8.04652 12.61
      vertex -12.0425 -8.04652 15.52
    endloop
  endfacet
  facet normal -0.911732 0.410786 0
    outer loop
      vertex -12.8647 -9.87138 12.61
      vertex -12.0425 -8.04652 15.52
      vertex -12.0425 -8.04652 12.61
    endloop
  endfacet
  facet normal -0.911732 0.410786 0
    outer loop
      vertex -12.0425 -8.04652 15.52
      vertex -12.8647 -9.87138 12.61
      vertex -12.8647 -9.87138 15.52
    endloop
  endfacet
  facet normal -0.368929 -0.929458 0
    outer loop
      vertex -12.8647 -9.87138 12.61
      vertex -11.7574 -10.3109 15.52
      vertex -12.8647 -9.87138 15.52
    endloop
  endfacet
  facet normal -0.368929 -0.929458 -0
    outer loop
      vertex -11.7574 -10.3109 15.52
      vertex -12.8647 -9.87138 12.61
      vertex -11.7574 -10.3109 12.61
    endloop
  endfacet
  facet normal -0.292673 -0.956213 0
    outer loop
      vertex -11.7574 -10.3109 12.61
      vertex -11.7146 -10.324 15.52
      vertex -11.7574 -10.3109 15.52
    endloop
  endfacet
  facet normal -0.292381 -0.956302 -4.69296e-06
    outer loop
      vertex -10.6496 -10.6496 12.61
      vertex -11.7146 -10.324 15.52
      vertex -11.7574 -10.3109 12.61
    endloop
  endfacet
  facet normal -0.292369 -0.956306 0
    outer loop
      vertex -11.7146 -10.324 15.52
      vertex -10.6496 -10.6496 12.61
      vertex -10.6496 -10.6496 15.52
    endloop
  endfacet
  facet normal -0.212819 -0.977092 0
    outer loop
      vertex -10.6496 -10.6496 12.61
      vertex -9.54955 -10.8892 15.52
      vertex -10.6496 -10.6496 15.52
    endloop
  endfacet
  facet normal -0.212819 -0.977092 -0
    outer loop
      vertex -9.54955 -10.8892 15.52
      vertex -10.6496 -10.6496 12.61
      vertex -9.54955 -10.8892 12.61
    endloop
  endfacet
  facet normal -0.130847 -0.991403 0
    outer loop
      vertex -9.00023 -10.9617 12.61
      vertex -9.54955 -10.8892 15.52
      vertex -9.54955 -10.8892 12.61
    endloop
  endfacet
  facet normal -0.13086 -0.991401 -2.5979e-06
    outer loop
      vertex -9.54955 -10.8892 15.52
      vertex -9.00023 -10.9617 12.61
      vertex -8.46542 -11.0323 15.52
    endloop
  endfacet
  facet normal -0.130874 -0.991399 -0
    outer loop
      vertex -8.46542 -11.0323 15.52
      vertex -9.00023 -10.9617 12.61
      vertex -8.46542 -11.0323 12.61
    endloop
  endfacet
  facet normal -0.0470975 -0.99889 0
    outer loop
      vertex -8.46542 -11.0323 12.61
      vertex -7.40497 -11.0823 15.52
      vertex -8.46542 -11.0323 15.52
    endloop
  endfacet
  facet normal -0.0470975 -0.99889 -0
    outer loop
      vertex -7.40497 -11.0823 15.52
      vertex -8.46542 -11.0323 12.61
      vertex -7.40497 -11.0823 12.61
    endloop
  endfacet
  facet normal 0.0373803 -0.999301 0
    outer loop
      vertex -7.40497 -11.0823 12.61
      vertex -7.39695 -11.082 15.52
      vertex -7.40497 -11.0823 15.52
    endloop
  endfacet
  facet normal 0.0382616 -0.999268 -2.43222e-06
    outer loop
      vertex -7.39695 -11.082 15.52
      vertex -7.40497 -11.0823 12.61
      vertex -6.60841 -11.0518 12.61
    endloop
  endfacet
  facet normal 0.0382546 -0.999268 -4.32235e-06
    outer loop
      vertex -7.39695 -11.082 15.52
      vertex -6.60841 -11.0518 12.61
      vertex -6.3756 -11.0429 15.52
    endloop
  endfacet
  facet normal 0.0382007 -0.99927 0
    outer loop
      vertex -6.3756 -11.0429 15.52
      vertex -6.60841 -11.0518 12.61
      vertex -6.3756 -11.0429 12.61
    endloop
  endfacet
  facet normal 0.124619 -0.992205 0
    outer loop
      vertex -6.3756 -11.0429 12.61
      vertex -5.38434 -10.9184 15.52
      vertex -6.3756 -11.0429 15.52
    endloop
  endfacet
  facet normal 0.124619 -0.992205 0
    outer loop
      vertex -5.38434 -10.9184 15.52
      vertex -6.3756 -11.0429 12.61
      vertex -5.38434 -10.9184 12.61
    endloop
  endfacet
  facet normal 0.211366 -0.977407 0
    outer loop
      vertex -5.38434 -10.9184 12.61
      vertex -4.43776 -10.7137 15.52
      vertex -5.38434 -10.9184 15.52
    endloop
  endfacet
  facet normal 0.211366 -0.977407 0
    outer loop
      vertex -4.43776 -10.7137 15.52
      vertex -5.38434 -10.9184 12.61
      vertex -4.43776 -10.7137 12.61
    endloop
  endfacet
  facet normal 0.297847 -0.954614 0
    outer loop
      vertex -4.43776 -10.7137 12.61
      vertex -3.54195 -10.4342 15.52
      vertex -4.43776 -10.7137 15.52
    endloop
  endfacet
  facet normal 0.297847 -0.954614 0
    outer loop
      vertex -3.54195 -10.4342 15.52
      vertex -4.43776 -10.7137 12.61
      vertex -3.54195 -10.4342 12.61
    endloop
  endfacet
  facet normal 0.383322 -0.923615 0
    outer loop
      vertex -3.54195 -10.4342 12.61
      vertex -2.70248 -10.0858 15.52
      vertex -3.54195 -10.4342 15.52
    endloop
  endfacet
  facet normal 0.383322 -0.923615 0
    outer loop
      vertex -2.70248 -10.0858 15.52
      vertex -3.54195 -10.4342 12.61
      vertex -2.70248 -10.0858 12.61
    endloop
  endfacet
  facet normal 0.467151 -0.884177 0
    outer loop
      vertex -2.70248 -10.0858 12.61
      vertex -1.92441 -9.67471 15.52
      vertex -2.70248 -10.0858 15.52
    endloop
  endfacet
  facet normal 0.467151 -0.884177 0
    outer loop
      vertex -1.92441 -9.67471 15.52
      vertex -2.70248 -10.0858 12.61
      vertex -1.92441 -9.67471 12.61
    endloop
  endfacet
  facet normal 0.548554 -0.836115 0
    outer loop
      vertex -1.58297 -9.4507 12.61
      vertex -1.92441 -9.67471 15.52
      vertex -1.92441 -9.67471 12.61
    endloop
  endfacet
  facet normal 0.548568 -0.836106 2.43237e-06
    outer loop
      vertex -1.92441 -9.67471 15.52
      vertex -1.58297 -9.4507 12.61
      vertex -1.21217 -9.20741 15.52
    endloop
  endfacet
  facet normal 0.548582 -0.836097 0
    outer loop
      vertex -1.21217 -9.20741 15.52
      vertex -1.58297 -9.4507 12.61
      vertex -1.21217 -9.20741 12.61
    endloop
  endfacet
  facet normal 0.62658 -0.779358 0
    outer loop
      vertex -1.21217 -9.20741 12.61
      vertex -1.02322 -9.0555 15.52
      vertex -1.21217 -9.20741 15.52
    endloop
  endfacet
  facet normal 0.626575 -0.779361 4.45174e-07
    outer loop
      vertex -0.569626 -8.69083 12.61
      vertex -1.02322 -9.0555 15.52
      vertex -1.21217 -9.20741 12.61
    endloop
  endfacet
  facet normal 0.626574 -0.779362 0
    outer loop
      vertex -1.02322 -9.0555 15.52
      vertex -0.569626 -8.69083 12.61
      vertex -0.569626 -8.69083 15.52
    endloop
  endfacet
  facet normal 0.700259 -0.713889 0
    outer loop
      vertex -0.569626 -8.69083 12.61
      vertex 0 -8.13208 15.52
      vertex -0.569626 -8.69083 15.52
    endloop
  endfacet
  facet normal 0.700259 -0.713889 0
    outer loop
      vertex 0 -8.13208 15.52
      vertex -0.569626 -8.69083 12.61
      vertex 0 -8.13208 12.61
    endloop
  endfacet
  facet normal 0.768569 -0.639767 0
    outer loop
      vertex 0 -8.13208 15.52
      vertex 0.494095 -7.53851 12.61
      vertex 0.494095 -7.53851 15.52
    endloop
  endfacet
  facet normal 0.768569 -0.639767 0
    outer loop
      vertex 0.494095 -7.53851 12.61
      vertex 0 -8.13208 15.52
      vertex 0 -8.13208 12.61
    endloop
  endfacet
  facet normal 0.568396 -0.822755 0
    outer loop
      vertex 0.494095 -7.53851 12.61
      vertex 0.950912 -7.22292 15.52
      vertex 0.494095 -7.53851 15.52
    endloop
  endfacet
  facet normal 0.568396 -0.822755 0
    outer loop
      vertex 0.950912 -7.22292 15.52
      vertex 0.494095 -7.53851 12.61
      vertex 0.950912 -7.22292 12.61
    endloop
  endfacet
  facet normal -0.942661 -0.333753 0
    outer loop
      vertex 2.05959 -10.3543 12.61
      vertex 0.950912 -7.22292 15.52
      vertex 0.950912 -7.22292 12.61
    endloop
  endfacet
  facet normal -0.942661 -0.333753 0
    outer loop
      vertex 0.950912 -7.22292 15.52
      vertex 2.05959 -10.3543 12.61
      vertex 2.05959 -10.3543 15.52
    endloop
  endfacet
  facet normal -0.892294 -0.451456 0
    outer loop
      vertex 3.57921 -13.3578 12.61
      vertex 2.05959 -10.3543 15.52
      vertex 2.05959 -10.3543 12.61
    endloop
  endfacet
  facet normal -0.892294 -0.451456 0
    outer loop
      vertex 2.05959 -10.3543 15.52
      vertex 3.57921 -13.3578 12.61
      vertex 3.57921 -13.3578 15.52
    endloop
  endfacet
  facet normal -0.783529 -0.621356 0
    outer loop
      vertex 3.72354 -13.5398 12.61
      vertex 3.57921 -13.3578 15.52
      vertex 3.57921 -13.3578 12.61
    endloop
  endfacet
  facet normal -0.783589 -0.62128 -7.71819e-06
    outer loop
      vertex 3.72354 -13.5398 12.61
      vertex 4.81259 -14.9134 15.52
      vertex 3.57921 -13.3578 15.52
    endloop
  endfacet
  facet normal -0.783586 -0.621283 -1.00802e-05
    outer loop
      vertex 5.24942 -15.4643 12.61
      vertex 4.81259 -14.9134 15.52
      vertex 3.72354 -13.5398 12.61
    endloop
  endfacet
  facet normal -0.78356 -0.621316 0
    outer loop
      vertex 4.81259 -14.9134 15.52
      vertex 5.24942 -15.4643 12.61
      vertex 5.24942 -15.4643 15.52
    endloop
  endfacet
  facet normal 0.759543 -0.650457 0
    outer loop
      vertex 5.24942 -15.4643 15.52
      vertex 6.02864 -14.5544 12.61
      vertex 6.02864 -14.5544 15.52
    endloop
  endfacet
  facet normal 0.759543 -0.650457 0
    outer loop
      vertex 6.02864 -14.5544 12.61
      vertex 5.24942 -15.4643 15.52
      vertex 5.24942 -15.4643 12.61
    endloop
  endfacet
  facet normal -0 0 1
    outer loop
      vertex 15.1813 -4.06781 18.43
      vertex 15.3804 -4.12117 18.43
      vertex 15.3377 -3.51588 18.43
    endloop
  endfacet
  facet normal 0 0 1
    outer loop
      vertex 15.1813 -4.06781 18.43
      vertex 14.7761 -5.01581 18.43
      vertex 15.3804 -4.12117 18.43
    endloop
  endfacet
  facet normal -0 0 1
    outer loop
      vertex 14.259 -4.84026 18.43
      vertex 14.7761 -5.01581 18.43
      vertex 15.1813 -4.06781 18.43
    endloop
  endfacet
  facet normal 0 0 1
    outer loop
      vertex 14.259 -4.84026 18.43
      vertex 13.5777 -5.62405 18.43
      vertex 14.7761 -5.01581 18.43
    endloop
  endfacet
  facet normal -0 0 1
    outer loop
      vertex 13.0226 -5.39415 18.43
      vertex 13.5777 -5.62405 18.43
      vertex 14.259 -4.84026 18.43
    endloop
  endfacet
  facet normal 0 0 1
    outer loop
      vertex 13.0226 -5.39415 18.43
      vertex 11.9622 -5.89909 18.43
      vertex 13.5777 -5.62405 18.43
    endloop
  endfacet
  facet normal -0 0 1
    outer loop
      vertex 11.792 -5.81514 18.43
      vertex 11.9622 -5.89909 18.43
      vertex 13.0226 -5.39415 18.43
    endloop
  endfacet
  facet normal 0 0 1
    outer loop
      vertex 11.9622 -5.89909 18.43
      vertex 11.792 -5.81514 18.43
      vertex 11.5898 -5.89255 18.43
    endloop
  endfacet
  facet normal 0 0 -1
    outer loop
      vertex 15.3044 -3.04422 18.43
      vertex 15.4624 -3.07565 18.43
      vertex 15.3377 -3.51588 18.43
    endloop
  endfacet
  facet normal 0 0 -1
    outer loop
      vertex 15.3044 -3.04422 18.43
      vertex 14.9108 -1.96303 18.43
      vertex 15.4624 -3.07565 18.43
    endloop
  endfacet
  facet normal 0 0 -1
    outer loop
      vertex 14.5706 -1.91826 18.43
      vertex 14.9108 -1.96303 18.43
      vertex 15.3044 -3.04422 18.43
    endloop
  endfacet
  facet normal 0 0 -1
    outer loop
      vertex 14.5706 -1.91826 18.43
      vertex 13.5713 -0.889496 18.43
      vertex 14.9108 -1.96303 18.43
    endloop
  endfacet
  facet normal 0 0 -1
    outer loop
      vertex 13.3091 -0.872314 18.43
      vertex 13.5713 -0.889496 18.43
      vertex 14.5706 -1.91826 18.43
    endloop
  endfacet
  facet normal 0 0 -1
    outer loop
      vertex 13.5713 -0.889496 18.43
      vertex 13.3091 -0.872314 18.43
      vertex 11.735 0 18.43
    endloop
  endfacet
  facet normal 0 0 -1
    outer loop
      vertex 2.04712 -15.5495 18.43
      vertex 1.91826 -14.5706 18.43
      vertex 2.52348 -14.965 18.43
    endloop
  endfacet
  facet normal 0 0 -1
    outer loop
      vertex 1.03227 -15.7496 18.43
      vertex 1.91826 -14.5706 18.43
      vertex 2.04712 -15.5495 18.43
    endloop
  endfacet
  facet normal 0 0 -1
    outer loop
      vertex 0 -15.225 18.43
      vertex 1.91826 -14.5706 18.43
      vertex 1.03227 -15.7496 18.43
    endloop
  endfacet
  facet normal -0 0 -1
    outer loop
      vertex 1.91826 -14.5706 18.43
      vertex 0 -15.225 18.43
      vertex 0.872314 -13.3091 18.43
    endloop
  endfacet
  facet normal 0 0 -1
    outer loop
      vertex -0.935013 -14.2656 18.43
      vertex 0.872314 -13.3091 18.43
      vertex 0 -15.225 18.43
    endloop
  endfacet
  facet normal 0 0 -1
    outer loop
      vertex -1.73912 -13.2099 18.43
      vertex 0.872314 -13.3091 18.43
      vertex -0.935013 -14.2656 18.43
    endloop
  endfacet
  facet normal 0 0 -1
    outer loop
      vertex 0.872314 -13.3091 18.43
      vertex -1.73912 -13.2099 18.43
      vertex 0 -11.735 18.43
    endloop
  endfacet
  facet normal 0 0 -1
    outer loop
      vertex -2.44748 -12.3044 18.43
      vertex 0 -11.735 18.43
      vertex -1.73912 -13.2099 18.43
    endloop
  endfacet
  facet normal -0 0 -1
    outer loop
      vertex 0 -11.735 18.43
      vertex -2.44748 -12.3044 18.43
      vertex -0.662674 -10.1106 18.43
    endloop
  endfacet
  facet normal 0 0 -1
    outer loop
      vertex -3.11295 -11.6177 18.43
      vertex -0.662674 -10.1106 18.43
      vertex -2.44748 -12.3044 18.43
    endloop
  endfacet
  facet normal 0 0 -1
    outer loop
      vertex -3.74997 -11.0471 18.43
      vertex -0.662674 -10.1106 18.43
      vertex -3.11295 -11.6177 18.43
    endloop
  endfacet
  facet normal -0 0 -1
    outer loop
      vertex -0.662674 -10.1106 18.43
      vertex -3.74997 -11.0471 18.43
      vertex -1.14519 -8.69856 18.43
    endloop
  endfacet
  facet normal 0 0 -1
    outer loop
      vertex -1.14519 -8.69856 18.43
      vertex -3.35751 -8.10577 18.43
      vertex -1.53453 -7.71465 18.43
    endloop
  endfacet
  facet normal 0 -0 -1
    outer loop
      vertex -2.52837 -7.44835 18.43
      vertex -1.53453 -7.71465 18.43
      vertex -3.35751 -8.10577 18.43
    endloop
  endfacet
  facet normal 0 0 -1
    outer loop
      vertex -1.53453 -7.71465 18.43
      vertex -2.52837 -7.44835 18.43
      vertex -1.95329 -7.28984 18.43
    endloop
  endfacet
  facet normal -0 0 -1
    outer loop
      vertex -1.14519 -8.69856 18.43
      vertex -3.74997 -11.0471 18.43
      vertex -3.35751 -8.10577 18.43
    endloop
  endfacet
  facet normal 0 0 -1
    outer loop
      vertex -4.31023 -10.4058 18.43
      vertex -3.35751 -8.10577 18.43
      vertex -3.74997 -11.0471 18.43
    endloop
  endfacet
  facet normal 0 0 -1
    outer loop
      vertex -4.31023 -10.4058 18.43
      vertex -4.4814 -9.0874 18.43
      vertex -3.35751 -8.10577 18.43
    endloop
  endfacet
  facet normal 0 0 -1
    outer loop
      vertex -4.70813 -9.54715 18.43
      vertex -4.4814 -9.0874 18.43
      vertex -4.31023 -10.4058 18.43
    endloop
  endfacet
  facet normal 0 0 -1
    outer loop
      vertex -4.4814 -9.0874 18.43
      vertex -4.70813 -9.54715 18.43
      vertex -4.74922 -9.29519 18.43
    endloop
  endfacet
  facet normal 0 0 1
    outer loop
      vertex 5.62921 -8.42471 18.43
      vertex 3.63686 -7.37483 18.43
      vertex 3.64915 -8.80983 18.43
    endloop
  endfacet
  facet normal -0 0 1
    outer loop
      vertex 3.64915 -8.80983 18.43
      vertex 5.86749 -10.1628 18.43
      vertex 5.62921 -8.42471 18.43
    endloop
  endfacet
  facet normal 0 0 1
    outer loop
      vertex 5.86749 -10.1628 18.43
      vertex 3.64746 -10.7451 18.43
      vertex 5.89909 -11.9622 18.43
    endloop
  endfacet
  facet normal -0 0 1
    outer loop
      vertex 3.63686 -7.37483 18.43
      vertex 5.62921 -8.42471 18.43
      vertex 5.34105 -6.96059 18.43
    endloop
  endfacet
  facet normal 0 0 1
    outer loop
      vertex 5.22986 -6.81569 18.43
      vertex 5.34105 -6.96059 18.43
      vertex 5.32457 -6.84914 18.43
    endloop
  endfacet
  facet normal 0 0 1
    outer loop
      vertex 3.63686 -7.37483 18.43
      vertex 5.22986 -6.81569 18.43
      vertex 4.35823 -6.52255 18.43
    endloop
  endfacet
  facet normal 0 0 1
    outer loop
      vertex 3.42909 -12.7976 18.43
      vertex 5.89909 -11.9622 18.43
      vertex 3.64746 -10.7451 18.43
    endloop
  endfacet
  facet normal 0 0 1
    outer loop
      vertex 5.22986 -6.81569 18.43
      vertex 3.63686 -7.37483 18.43
      vertex 5.34105 -6.96059 18.43
    endloop
  endfacet
  facet normal 0 0 1
    outer loop
      vertex 5.89909 -11.9622 18.43
      vertex 3.42909 -12.7976 18.43
      vertex 5.62405 -13.5777 18.43
    endloop
  endfacet
  facet normal 0 0 1
    outer loop
      vertex 3.63686 -7.37483 18.43
      vertex 4.35823 -6.52255 18.43
      vertex 3.82735 -6.62918 18.43
    endloop
  endfacet
  facet normal 0 0 1
    outer loop
      vertex 5.86749 -10.1628 18.43
      vertex 3.64915 -8.80983 18.43
      vertex 3.64746 -10.7451 18.43
    endloop
  endfacet
  facet normal 0 0 1
    outer loop
      vertex 5.62405 -13.5777 18.43
      vertex 3.42909 -12.7976 18.43
      vertex 5.01581 -14.7761 18.43
    endloop
  endfacet
  facet normal -0 0 1
    outer loop
      vertex 2.8878 -14.518 18.43
      vertex 5.01581 -14.7761 18.43
      vertex 3.42909 -12.7976 18.43
    endloop
  endfacet
  facet normal 0 0 1
    outer loop
      vertex 5.01581 -14.7761 18.43
      vertex 2.8878 -14.518 18.43
      vertex 4.12117 -15.3804 18.43
    endloop
  endfacet
  facet normal 0 0 1
    outer loop
      vertex 4.12117 -15.3804 18.43
      vertex 2.8878 -14.518 18.43
      vertex 3.04422 -15.3044 18.43
    endloop
  endfacet
  facet normal 0 0 1
    outer loop
      vertex 3.04422 -15.3044 18.43
      vertex 2.8878 -14.518 18.43
      vertex 2.52348 -14.965 18.43
    endloop
  endfacet
  facet normal 0 0 1
    outer loop
      vertex -4.84496 -6.31406 18.43
      vertex -5.68916 -5.68916 18.43
      vertex -4.87762 -7.29988 18.43
    endloop
  endfacet
  facet normal 0 0 1
    outer loop
      vertex -5.68916 -5.68916 18.43
      vertex -4.84496 -6.31406 18.43
      vertex -5.03465 -5.74092 18.43
    endloop
  endfacet
  facet normal -0 0 1
    outer loop
      vertex -6.93372 -6.0807 18.43
      vertex -4.87762 -7.29988 18.43
      vertex -5.68916 -5.68916 18.43
    endloop
  endfacet
  facet normal 0 0 1
    outer loop
      vertex -4.87762 -7.29988 18.43
      vertex -6.93372 -6.0807 18.43
      vertex -4.88521 -8.46143 18.43
    endloop
  endfacet
  facet normal 0 -0 1
    outer loop
      vertex -5.86749 -10.1628 18.43
      vertex -4.88521 -8.46143 18.43
      vertex -6.93372 -6.0807 18.43
    endloop
  endfacet
  facet normal 0 0 1
    outer loop
      vertex -4.88521 -8.46143 18.43
      vertex -5.86749 -10.1628 18.43
      vertex -4.74922 -9.29519 18.43
    endloop
  endfacet
  facet normal -0 0 1
    outer loop
      vertex -8.69777 -6.67404 18.43
      vertex -5.86749 -10.1628 18.43
      vertex -6.93372 -6.0807 18.43
    endloop
  endfacet
  facet normal 0 0 1
    outer loop
      vertex -5.86749 -10.1628 18.43
      vertex -8.69777 -6.67404 18.43
      vertex -7.41 -11.0899 18.43
    endloop
  endfacet
  facet normal 0 0 1
    outer loop
      vertex -8.69777 -6.67404 18.43
      vertex -8.94658 -11.6594 18.43
      vertex -7.41 -11.0899 18.43
    endloop
  endfacet
  facet normal -0 0 1
    outer loop
      vertex -11.6594 -8.94658 18.43
      vertex -8.94658 -11.6594 18.43
      vertex -8.69777 -6.67404 18.43
    endloop
  endfacet
  facet normal 0 0 1
    outer loop
      vertex -11.6594 -8.94658 18.43
      vertex -8.69777 -6.67404 18.43
      vertex -10.7121 -7.15758 18.43
    endloop
  endfacet
  facet normal 0 0 1
    outer loop
      vertex -11.0899 -7.41 18.43
      vertex -10.7121 -7.15758 18.43
      vertex -10.9465 -7.17148 18.43
    endloop
  endfacet
  facet normal 0 0 1
    outer loop
      vertex -11.6594 -8.94658 18.43
      vertex -10.7121 -7.15758 18.43
      vertex -11.0899 -7.41 18.43
    endloop
  endfacet
  facet normal 0 0 1
    outer loop
      vertex -8.94658 -11.6594 18.43
      vertex -11.6594 -8.94658 18.43
      vertex -10.2886 -11.7319 18.43
    endloop
  endfacet
  facet normal -0 0 1
    outer loop
      vertex -11.7319 -10.2886 18.43
      vertex -10.2886 -11.7319 18.43
      vertex -11.6594 -8.94658 18.43
    endloop
  endfacet
  facet normal 0 0 1
    outer loop
      vertex -10.2886 -11.7319 18.43
      vertex -11.7319 -10.2886 18.43
      vertex -11.2592 -11.2592 18.43
    endloop
  endfacet
  facet normal 0 0 1
    outer loop
      vertex -7.08531 3.49408 18.43
      vertex -7.66353 2.60141 18.43
      vertex -7.06483 2.92635 18.43
    endloop
  endfacet
  facet normal 0 0 1
    outer loop
      vertex -7.73546 4.46606 18.43
      vertex -7.66353 2.60141 18.43
      vertex -7.08531 3.49408 18.43
    endloop
  endfacet
  facet normal 0 0 1
    outer loop
      vertex -8.66885 2.32281 18.43
      vertex -7.73546 4.46606 18.43
      vertex -8.63384 5.65788 18.43
    endloop
  endfacet
  facet normal 0 0 1
    outer loop
      vertex -7.73546 4.46606 18.43
      vertex -8.66885 2.32281 18.43
      vertex -7.66353 2.60141 18.43
    endloop
  endfacet
  facet normal 0 0 1
    outer loop
      vertex -10.1628 5.86749 18.43
      vertex -8.66885 2.32281 18.43
      vertex -8.63384 5.65788 18.43
    endloop
  endfacet
  facet normal 0 0 1
    outer loop
      vertex -8.66885 2.32281 18.43
      vertex -10.1628 5.86749 18.43
      vertex -9.77026 1.94342 18.43
    endloop
  endfacet
  facet normal 0 0 1
    outer loop
      vertex -11.9622 5.89909 18.43
      vertex -9.77026 1.94342 18.43
      vertex -10.1628 5.86749 18.43
    endloop
  endfacet
  facet normal 0 0 1
    outer loop
      vertex -9.77026 1.94342 18.43
      vertex -11.9622 5.89909 18.43
      vertex -10.698 1.40842 18.43
    endloop
  endfacet
  facet normal -0 0 1
    outer loop
      vertex -13.5777 5.62405 18.43
      vertex -10.698 1.40842 18.43
      vertex -11.9622 5.89909 18.43
    endloop
  endfacet
  facet normal 0 0 1
    outer loop
      vertex -10.698 1.40842 18.43
      vertex -13.3091 0.872314 18.43
      vertex -11.3325 0.742767 18.43
    endloop
  endfacet
  facet normal 0 0 1
    outer loop
      vertex -11.3325 0.742767 18.43
      vertex -13.3091 0.872314 18.43
      vertex -11.735 0 18.43
    endloop
  endfacet
  facet normal -0 0 1
    outer loop
      vertex -14.5706 1.91826 18.43
      vertex -10.698 1.40842 18.43
      vertex -13.5777 5.62405 18.43
    endloop
  endfacet
  facet normal 0 0 1
    outer loop
      vertex -10.698 1.40842 18.43
      vertex -14.5706 1.91826 18.43
      vertex -13.3091 0.872314 18.43
    endloop
  endfacet
  facet normal -0 0 1
    outer loop
      vertex -14.7761 5.01581 18.43
      vertex -14.5706 1.91826 18.43
      vertex -13.5777 5.62405 18.43
    endloop
  endfacet
  facet normal 0 0 1
    outer loop
      vertex -14.7761 5.01581 18.43
      vertex -15.3044 3.04422 18.43
      vertex -14.5706 1.91826 18.43
    endloop
  endfacet
  facet normal 0 -0 1
    outer loop
      vertex -15.3044 3.04422 18.43
      vertex -14.7761 5.01581 18.43
      vertex -15.3804 4.12117 18.43
    endloop
  endfacet
  facet normal -0 0 -1
    outer loop
      vertex 7.48898 2.00665 18.43
      vertex 7.28984 1.95329 18.43
      vertex 7.44835 2.52837 18.43
    endloop
  endfacet
  facet normal 0 0 -1
    outer loop
      vertex 7.28984 1.95329 18.43
      vertex 7.48898 2.00665 18.43
      vertex 7.52762 1.7189 18.43
    endloop
  endfacet
  facet normal -0 0 -1
    outer loop
      vertex 9.25763 4.56535 18.43
      vertex 9.0874 4.4814 18.43
      vertex 9.33279 4.79768 18.43
    endloop
  endfacet
  facet normal 0 0 -1
    outer loop
      vertex 8.6608 3.58742 18.43
      vertex 9.0874 4.4814 18.43
      vertex 9.25763 4.56535 18.43
    endloop
  endfacet
  facet normal -0 0 -1
    outer loop
      vertex 8.6608 3.58742 18.43
      vertex 8.10577 3.35751 18.43
      vertex 9.0874 4.4814 18.43
    endloop
  endfacet
  facet normal 0 0 -1
    outer loop
      vertex 7.96548 2.70392 18.43
      vertex 8.10577 3.35751 18.43
      vertex 8.6608 3.58742 18.43
    endloop
  endfacet
  facet normal 0 0 -1
    outer loop
      vertex 7.44835 2.52837 18.43
      vertex 7.96548 2.70392 18.43
      vertex 7.48898 2.00665 18.43
    endloop
  endfacet
  facet normal -0 0 -1
    outer loop
      vertex 7.96548 2.70392 18.43
      vertex 7.44835 2.52837 18.43
      vertex 8.10577 3.35751 18.43
    endloop
  endfacet
  facet normal 0 0 -1
    outer loop
      vertex 8.94658 11.6594 18.43
      vertex 9.05775 11.8043 18.43
      vertex 9.06841 11.666 18.43
    endloop
  endfacet
  facet normal 0 0 -1
    outer loop
      vertex 8.94658 11.6594 18.43
      vertex 8.681 12.992 18.43
      vertex 9.05775 11.8043 18.43
    endloop
  endfacet
  facet normal 0 0 -1
    outer loop
      vertex 7.41 11.0899 18.43
      vertex 8.681 12.992 18.43
      vertex 8.94658 11.6594 18.43
    endloop
  endfacet
  facet normal -0 0 -1
    outer loop
      vertex 8.681 12.992 18.43
      vertex 7.41 11.0899 18.43
      vertex 7.90764 13.6964 18.43
    endloop
  endfacet
  facet normal 0 0 -1
    outer loop
      vertex 7.41 11.0899 18.43
      vertex 6.74364 13.6748 18.43
      vertex 7.90764 13.6964 18.43
    endloop
  endfacet
  facet normal 0 0 -1
    outer loop
      vertex 5.33241 12.8736 18.43
      vertex 7.41 11.0899 18.43
      vertex 5.86749 10.1628 18.43
    endloop
  endfacet
  facet normal 0 0 -1
    outer loop
      vertex 7.41 11.0899 18.43
      vertex 5.33241 12.8736 18.43
      vertex 6.74364 13.6748 18.43
    endloop
  endfacet
  facet normal 0 0 -1
    outer loop
      vertex 3.8967 11.4793 18.43
      vertex 5.86749 10.1628 18.43
      vertex 4.4814 9.0874 18.43
    endloop
  endfacet
  facet normal 0 0 -1
    outer loop
      vertex 5.86749 10.1628 18.43
      vertex 3.8967 11.4793 18.43
      vertex 5.33241 12.8736 18.43
    endloop
  endfacet
  facet normal 0 0 -1
    outer loop
      vertex 2.64537 9.8727 18.43
      vertex 4.4814 9.0874 18.43
      vertex 3.35751 8.10577 18.43
    endloop
  endfacet
  facet normal 0 0 -1
    outer loop
      vertex 4.4814 9.0874 18.43
      vertex 2.64537 9.8727 18.43
      vertex 3.8967 11.4793 18.43
    endloop
  endfacet
  facet normal 0 0 -1
    outer loop
      vertex 1.69095 8.50099 18.43
      vertex 3.35751 8.10577 18.43
      vertex 2.52837 7.44835 18.43
    endloop
  endfacet
  facet normal 0 0 -1
    outer loop
      vertex 1.53453 7.71465 18.43
      vertex 2.52837 7.44835 18.43
      vertex 1.95329 7.28984 18.43
    endloop
  endfacet
  facet normal 0 0 -1
    outer loop
      vertex 3.35751 8.10577 18.43
      vertex 1.69095 8.50099 18.43
      vertex 2.64537 9.8727 18.43
    endloop
  endfacet
  facet normal 0 0 -1
    outer loop
      vertex 2.52837 7.44835 18.43
      vertex 1.53453 7.71465 18.43
      vertex 1.69095 8.50099 18.43
    endloop
  endfacet
  facet normal 0 0 -1
    outer loop
      vertex 1.69095 8.50099 18.43
      vertex 1.53453 7.71465 18.43
      vertex 1.37031 8.12966 18.43
    endloop
  endfacet
  facet normal -0 0 1
    outer loop
      vertex 9.16226 10.4476 18.43
      vertex 11.7319 10.2886 18.43
      vertex 11.2592 11.2592 18.43
    endloop
  endfacet
  facet normal 0 -0 1
    outer loop
      vertex 9.17915 9.17915 18.43
      vertex 11.7319 10.2886 18.43
      vertex 9.16226 10.4476 18.43
    endloop
  endfacet
  facet normal 0 0 1
    outer loop
      vertex 9.16226 10.4476 18.43
      vertex 11.2592 11.2592 18.43
      vertex 10.2886 11.7319 18.43
    endloop
  endfacet
  facet normal 0 -0 1
    outer loop
      vertex 9.25478 8.11621 18.43
      vertex 11.6594 8.94658 18.43
      vertex 9.17915 9.17915 18.43
    endloop
  endfacet
  facet normal 0 -0 1
    outer loop
      vertex 9.42058 7.22867 18.43
      vertex 11.0899 7.41 18.43
      vertex 9.25478 8.11621 18.43
    endloop
  endfacet
  facet normal 0 0 1
    outer loop
      vertex 11.0899 7.41 18.43
      vertex 9.57983 6.40105 18.43
      vertex 10.1628 5.86749 18.43
    endloop
  endfacet
  facet normal 0 -0 1
    outer loop
      vertex 9.57983 6.40105 18.43
      vertex 11.0899 7.41 18.43
      vertex 9.42058 7.22867 18.43
    endloop
  endfacet
  facet normal 0 0 1
    outer loop
      vertex 11.6594 8.94658 18.43
      vertex 9.25478 8.11621 18.43
      vertex 11.0899 7.41 18.43
    endloop
  endfacet
  facet normal 0 0 1
    outer loop
      vertex 11.7319 10.2886 18.43
      vertex 9.17915 9.17915 18.43
      vertex 11.6594 8.94658 18.43
    endloop
  endfacet
  facet normal 0 -0 1
    outer loop
      vertex 9.16226 10.4476 18.43
      vertex 10.2886 11.7319 18.43
      vertex 9.06841 11.666 18.43
    endloop
  endfacet
  facet normal 0 0 1
    outer loop
      vertex 9.56772 5.52391 18.43
      vertex 10.1628 5.86749 18.43
      vertex 9.57983 6.40105 18.43
    endloop
  endfacet
  facet normal 0 0 1
    outer loop
      vertex 10.1628 5.86749 18.43
      vertex 9.56772 5.52391 18.43
      vertex 9.33279 4.79768 18.43
    endloop
  endfacet
  facet normal 0 0 -1
    outer loop
      vertex 10.7579 -6.21107 18.43
      vertex 10.1628 -5.86749 18.43
      vertex 11.5898 -5.89255 18.43
    endloop
  endfacet
  facet normal 0 0 -1
    outer loop
      vertex 9.93474 -6.63818 18.43
      vertex 10.1628 -5.86749 18.43
      vertex 10.7579 -6.21107 18.43
    endloop
  endfacet
  facet normal 0 0 -1
    outer loop
      vertex 8.42471 -5.62921 18.43
      vertex 9.93474 -6.63818 18.43
      vertex 9.1994 -7.05896 18.43
    endloop
  endfacet
  facet normal 0 0 -1
    outer loop
      vertex 9.93474 -6.63818 18.43
      vertex 8.42471 -5.62921 18.43
      vertex 10.1628 -5.86749 18.43
    endloop
  endfacet
  facet normal 0 0 -1
    outer loop
      vertex 8.3909 -7.35861 18.43
      vertex 8.42471 -5.62921 18.43
      vertex 9.1994 -7.05896 18.43
    endloop
  endfacet
  facet normal 0 0 -1
    outer loop
      vertex 7.41663 -7.41663 18.43
      vertex 8.42471 -5.62921 18.43
      vertex 8.3909 -7.35861 18.43
    endloop
  endfacet
  facet normal 0 0 -1
    outer loop
      vertex 7.41663 -7.41663 18.43
      vertex 6.96059 -5.34105 18.43
      vertex 8.42471 -5.62921 18.43
    endloop
  endfacet
  facet normal 0 0 -1
    outer loop
      vertex 6.31256 -7.1981 18.43
      vertex 6.96059 -5.34105 18.43
      vertex 7.41663 -7.41663 18.43
    endloop
  endfacet
  facet normal 0 0 -1
    outer loop
      vertex 6.31256 -7.1981 18.43
      vertex 5.9138 -5.18626 18.43
      vertex 6.96059 -5.34105 18.43
    endloop
  endfacet
  facet normal 0 0 -1
    outer loop
      vertex 5.18626 -5.9138 18.43
      vertex 5.9138 -5.18626 18.43
      vertex 6.31256 -7.1981 18.43
    endloop
  endfacet
  facet normal 0 0 -1
    outer loop
      vertex 5.18626 -5.9138 18.43
      vertex 6.31256 -7.1981 18.43
      vertex 5.32457 -6.84914 18.43
    endloop
  endfacet
  facet normal 0 0 -1
    outer loop
      vertex 5.9138 -5.18626 18.43
      vertex 5.18626 -5.9138 18.43
      vertex 5.33653 -5.33653 18.43
    endloop
  endfacet
  facet normal 0 0 1
    outer loop
      vertex 10.1106 0.662674 18.43
      vertex 9.84843 0.645493 18.43
      vertex 11.735 0 18.43
    endloop
  endfacet
  facet normal 0 0 1
    outer loop
      vertex 8.69856 1.14519 18.43
      vertex 9.84843 0.645493 18.43
      vertex 10.1106 0.662674 18.43
    endloop
  endfacet
  facet normal 0 0 1
    outer loop
      vertex 8.69856 1.14519 18.43
      vertex 8.35841 1.1004 18.43
      vertex 9.84843 0.645493 18.43
    endloop
  endfacet
  facet normal 0 0 1
    outer loop
      vertex 7.71465 1.53453 18.43
      vertex 8.35841 1.1004 18.43
      vertex 8.69856 1.14519 18.43
    endloop
  endfacet
  facet normal 0 0 1
    outer loop
      vertex 7.71465 1.53453 18.43
      vertex 7.55659 1.5031 18.43
      vertex 8.35841 1.1004 18.43
    endloop
  endfacet
  facet normal 0 -0 1
    outer loop
      vertex 7.55659 1.5031 18.43
      vertex 7.71465 1.53453 18.43
      vertex 7.52762 1.7189 18.43
    endloop
  endfacet
  facet normal 0 0 1
    outer loop
      vertex 1.14519 8.69856 18.43
      vertex 1.01631 7.7197 18.43
      vertex 1.37031 8.12966 18.43
    endloop
  endfacet
  facet normal -0 0 1
    outer loop
      vertex -0.599991 9.15416 18.43
      vertex 1.14519 8.69856 18.43
      vertex 0.662674 10.1106 18.43
    endloop
  endfacet
  facet normal 0 -0 1
    outer loop
      vertex 0.502716 7.67015 18.43
      vertex 1.14519 8.69856 18.43
      vertex 0 8.245 18.43
    endloop
  endfacet
  facet normal 0 0 1
    outer loop
      vertex -1.32433 10.0593 18.43
      vertex 0.662674 10.1106 18.43
      vertex 0 11.735 18.43
    endloop
  endfacet
  facet normal 0 0 1
    outer loop
      vertex 1.14519 8.69856 18.43
      vertex 0.502716 7.67015 18.43
      vertex 1.01631 7.7197 18.43
    endloop
  endfacet
  facet normal 0 0 1
    outer loop
      vertex 1.14519 8.69856 18.43
      vertex -0.599991 9.15416 18.43
      vertex 0 8.245 18.43
    endloop
  endfacet
  facet normal 0 0 1
    outer loop
      vertex -2.13127 10.7147 18.43
      vertex 0 11.735 18.43
      vertex -0.872314 13.3091 18.43
    endloop
  endfacet
  facet normal 0 0 1
    outer loop
      vertex 0.662674 10.1106 18.43
      vertex -1.32433 10.0593 18.43
      vertex -0.599991 9.15416 18.43
    endloop
  endfacet
  facet normal 0 0 1
    outer loop
      vertex -2.96152 11.0526 18.43
      vertex -0.872314 13.3091 18.43
      vertex -1.91826 14.5706 18.43
    endloop
  endfacet
  facet normal 0 0 1
    outer loop
      vertex 0 11.735 18.43
      vertex -2.13127 10.7147 18.43
      vertex -1.32433 10.0593 18.43
    endloop
  endfacet
  facet normal 0 0 1
    outer loop
      vertex -0.872314 13.3091 18.43
      vertex -2.96152 11.0526 18.43
      vertex -2.13127 10.7147 18.43
    endloop
  endfacet
  facet normal 0 0 1
    outer loop
      vertex -3.7942 11.1774 18.43
      vertex -1.91826 14.5706 18.43
      vertex -3.04422 15.3044 18.43
    endloop
  endfacet
  facet normal 0 0 1
    outer loop
      vertex -1.91826 14.5706 18.43
      vertex -3.7942 11.1774 18.43
      vertex -2.96152 11.0526 18.43
    endloop
  endfacet
  facet normal 0 0 1
    outer loop
      vertex -5.01581 14.7761 18.43
      vertex -3.04422 15.3044 18.43
      vertex -4.12117 15.3804 18.43
    endloop
  endfacet
  facet normal 0 0 1
    outer loop
      vertex -3.04422 15.3044 18.43
      vertex -5.01581 14.7761 18.43
      vertex -3.7942 11.1774 18.43
    endloop
  endfacet
  facet normal -0 0 1
    outer loop
      vertex -5.62405 13.5777 18.43
      vertex -3.7942 11.1774 18.43
      vertex -5.01581 14.7761 18.43
    endloop
  endfacet
  facet normal 0 0 1
    outer loop
      vertex -3.7942 11.1774 18.43
      vertex -5.62405 13.5777 18.43
      vertex -4.67134 11.2776 18.43
    endloop
  endfacet
  facet normal -0 0 1
    outer loop
      vertex -5.89909 11.9622 18.43
      vertex -4.67134 11.2776 18.43
      vertex -5.62405 13.5777 18.43
    endloop
  endfacet
  facet normal 0 0 1
    outer loop
      vertex -4.67134 11.2776 18.43
      vertex -5.89909 11.9622 18.43
      vertex -5.67238 11.5024 18.43
    endloop
  endfacet
  facet normal 0 0 1
    outer loop
      vertex -5.67238 11.5024 18.43
      vertex -5.89909 11.9622 18.43
      vertex -5.89221 11.57 18.43
    endloop
  endfacet
  facet normal 0 0 -1
    outer loop
      vertex -5.9138 5.18626 18.43
      vertex -5.18626 5.9138 18.43
      vertex -5.33653 5.33653 18.43
    endloop
  endfacet
  facet normal -0 0 -1
    outer loop
      vertex -5.18626 5.9138 18.43
      vertex -5.9138 5.18626 18.43
      vertex -5.34105 6.96059 18.43
    endloop
  endfacet
  facet normal 0 0 -1
    outer loop
      vertex -6.96059 5.34105 18.43
      vertex -5.34105 6.96059 18.43
      vertex -5.9138 5.18626 18.43
    endloop
  endfacet
  facet normal -0 0 -1
    outer loop
      vertex -5.34105 6.96059 18.43
      vertex -6.96059 5.34105 18.43
      vertex -5.62921 8.42471 18.43
    endloop
  endfacet
  facet normal 0 0 -1
    outer loop
      vertex -8.42471 5.62921 18.43
      vertex -5.62921 8.42471 18.43
      vertex -6.96059 5.34105 18.43
    endloop
  endfacet
  facet normal 0 0 -1
    outer loop
      vertex -9.92221 7.61359 18.43
      vertex -5.62921 8.42471 18.43
      vertex -8.80251 5.88164 18.43
    endloop
  endfacet
  facet normal 0 0 -1
    outer loop
      vertex -10.712 9.39413 18.43
      vertex -5.86749 10.1628 18.43
      vertex -9.92221 7.61359 18.43
    endloop
  endfacet
  facet normal 0 0 -1
    outer loop
      vertex -5.86749 10.1628 18.43
      vertex -6.84978 11.8642 18.43
      vertex -5.89221 11.57 18.43
    endloop
  endfacet
  facet normal 0 0 -1
    outer loop
      vertex -5.62921 8.42471 18.43
      vertex -8.42471 5.62921 18.43
      vertex -8.80251 5.88164 18.43
    endloop
  endfacet
  facet normal 0 0 -1
    outer loop
      vertex -8.80251 5.88164 18.43
      vertex -8.42471 5.62921 18.43
      vertex -8.63384 5.65788 18.43
    endloop
  endfacet
  facet normal -0 0 -1
    outer loop
      vertex -5.62921 8.42471 18.43
      vertex -9.92221 7.61359 18.43
      vertex -5.86749 10.1628 18.43
    endloop
  endfacet
  facet normal 0 -0 -1
    outer loop
      vertex -8.16159 12.2147 18.43
      vertex -5.86749 10.1628 18.43
      vertex -10.712 9.39413 18.43
    endloop
  endfacet
  facet normal 0 0 -1
    outer loop
      vertex -5.86749 10.1628 18.43
      vertex -8.16159 12.2147 18.43
      vertex -6.84978 11.8642 18.43
    endloop
  endfacet
  facet normal -0 0 -1
    outer loop
      vertex -8.16159 12.2147 18.43
      vertex -10.712 9.39413 18.43
      vertex -9.44267 12.3059 18.43
    endloop
  endfacet
  facet normal 0 0 -1
    outer loop
      vertex -10.9066 10.9066 18.43
      vertex -9.44267 12.3059 18.43
      vertex -10.712 9.39413 18.43
    endloop
  endfacet
  facet normal 0 0 -1
    outer loop
      vertex -9.44267 12.3059 18.43
      vertex -10.9066 10.9066 18.43
      vertex -10.4402 11.9048 18.43
    endloop
  endfacet
  facet normal 0 0 -1
    outer loop
      vertex -7.44835 -2.52837 18.43
      vertex -7.71465 -1.53453 18.43
      vertex -7.28984 -1.95329 18.43
    endloop
  endfacet
  facet normal 0 0 -1
    outer loop
      vertex -8.10577 -3.35751 18.43
      vertex -7.71465 -1.53453 18.43
      vertex -7.44835 -2.52837 18.43
    endloop
  endfacet
  facet normal 0 0 -1
    outer loop
      vertex -8.10577 -3.35751 18.43
      vertex -8.69856 -1.14519 18.43
      vertex -7.71465 -1.53453 18.43
    endloop
  endfacet
  facet normal 0 0 -1
    outer loop
      vertex -9.0874 -4.4814 18.43
      vertex -8.69856 -1.14519 18.43
      vertex -8.10577 -3.35751 18.43
    endloop
  endfacet
  facet normal 0 0 -1
    outer loop
      vertex -9.0874 -4.4814 18.43
      vertex -10.1106 -0.662674 18.43
      vertex -8.69856 -1.14519 18.43
    endloop
  endfacet
  facet normal 0 0 -1
    outer loop
      vertex -13.2487 -2.63533 18.43
      vertex -9.0874 -4.4814 18.43
      vertex -10.1628 -5.86749 18.43
    endloop
  endfacet
  facet normal 0 0 -1
    outer loop
      vertex -12.5901 -7.26892 18.43
      vertex -10.1628 -5.86749 18.43
      vertex -10.9465 -7.17148 18.43
    endloop
  endfacet
  facet normal 0 0 -1
    outer loop
      vertex -9.0874 -4.4814 18.43
      vertex -12.5712 -1.65503 18.43
      vertex -10.1106 -0.662674 18.43
    endloop
  endfacet
  facet normal -0 0 -1
    outer loop
      vertex -10.1106 -0.662674 18.43
      vertex -12.0873 -0.792236 18.43
      vertex -11.735 0 18.43
    endloop
  endfacet
  facet normal 0 0 -1
    outer loop
      vertex -10.1106 -0.662674 18.43
      vertex -12.5712 -1.65503 18.43
      vertex -12.0873 -0.792236 18.43
    endloop
  endfacet
  facet normal -0 0 -1
    outer loop
      vertex -10.1628 -5.86749 18.43
      vertex -12.5901 -7.26892 18.43
      vertex -14.0014 -3.75166 18.43
    endloop
  endfacet
  facet normal 0 0 -1
    outer loop
      vertex -9.0874 -4.4814 18.43
      vertex -13.2487 -2.63533 18.43
      vertex -12.5712 -1.65503 18.43
    endloop
  endfacet
  facet normal 0 0 -1
    outer loop
      vertex -14.5609 -4.94275 18.43
      vertex -12.5901 -7.26892 18.43
      vertex -13.9643 -6.88641 18.43
    endloop
  endfacet
  facet normal 0 0 -1
    outer loop
      vertex -10.1628 -5.86749 18.43
      vertex -14.0014 -3.75166 18.43
      vertex -13.2487 -2.63533 18.43
    endloop
  endfacet
  facet normal 0 0 -1
    outer loop
      vertex -12.5901 -7.26892 18.43
      vertex -14.5609 -4.94275 18.43
      vertex -14.0014 -3.75166 18.43
    endloop
  endfacet
  facet normal 0 -0 -1
    outer loop
      vertex -14.5609 -4.94275 18.43
      vertex -13.9643 -6.88641 18.43
      vertex -14.6186 -6.05522 18.43
    endloop
  endfacet
  facet normal 0.89172 -0.452587 0
    outer loop
      vertex 5.01581 -14.7761 18.43
      vertex 5.62405 -13.5777 15.52
      vertex 5.62405 -13.5777 18.43
    endloop
  endfacet
  facet normal 0.89172 -0.452587 0
    outer loop
      vertex 5.62405 -13.5777 15.52
      vertex 5.01581 -14.7761 18.43
      vertex 5.01581 -14.7761 15.52
    endloop
  endfacet
  facet normal 0.985815 -0.167836 0
    outer loop
      vertex 5.62405 -13.5777 18.43
      vertex 5.89909 -11.9622 15.52
      vertex 5.89909 -11.9622 18.43
    endloop
  endfacet
  facet normal 0.985815 -0.167836 0
    outer loop
      vertex 5.89909 -11.9622 15.52
      vertex 5.62405 -13.5777 18.43
      vertex 5.62405 -13.5777 15.52
    endloop
  endfacet
  facet normal 0.999846 0.0175587 0
    outer loop
      vertex 5.89909 -11.9622 18.43
      vertex 5.86749 -10.1628 15.52
      vertex 5.86749 -10.1628 18.43
    endloop
  endfacet
  facet normal 0.999846 0.0175587 0
    outer loop
      vertex 5.86749 -10.1628 15.52
      vertex 5.89909 -11.9622 18.43
      vertex 5.89909 -11.9622 15.52
    endloop
  endfacet
  facet normal 0.990733 0.135823 0
    outer loop
      vertex 5.86749 -10.1628 18.43
      vertex 5.62921 -8.42471 15.52
      vertex 5.62921 -8.42471 18.43
    endloop
  endfacet
  facet normal 0.990733 0.135823 0
    outer loop
      vertex 5.62921 -8.42471 15.52
      vertex 5.86749 -10.1628 18.43
      vertex 5.86749 -10.1628 15.52
    endloop
  endfacet
  facet normal 0.981177 0.19311 0
    outer loop
      vertex 5.62921 -8.42471 18.43
      vertex 5.34105 -6.96059 15.52
      vertex 5.34105 -6.96059 18.43
    endloop
  endfacet
  facet normal 0.981177 0.19311 0
    outer loop
      vertex 5.34105 -6.96059 15.52
      vertex 5.62921 -8.42471 18.43
      vertex 5.62921 -8.42471 15.52
    endloop
  endfacet
  facet normal 0.989243 0.146281 0
    outer loop
      vertex 5.32457 -6.84914 18.43
      vertex 5.18626 -5.9138 15.52
      vertex 5.18626 -5.9138 18.43
    endloop
  endfacet
  facet normal 0.989243 0.146278 -0
    outer loop
      vertex 5.34105 -6.96059 15.52
      vertex 5.32457 -6.84914 18.43
      vertex 5.34105 -6.96059 18.43
    endloop
  endfacet
  facet normal 0.989243 0.14628 -7.99862e-08
    outer loop
      vertex 5.32457 -6.84914 18.43
      vertex 5.34105 -6.96059 15.52
      vertex 5.18626 -5.9138 15.52
    endloop
  endfacet
  facet normal 0.967749 -0.251916 0
    outer loop
      vertex 5.18626 -5.9138 18.43
      vertex 5.33653 -5.33653 15.52
      vertex 5.33653 -5.33653 18.43
    endloop
  endfacet
  facet normal 0.967749 -0.251916 0
    outer loop
      vertex 5.33653 -5.33653 15.52
      vertex 5.18626 -5.9138 18.43
      vertex 5.18626 -5.9138 15.52
    endloop
  endfacet
  facet normal 0.251916 -0.967749 0
    outer loop
      vertex 5.33653 -5.33653 15.52
      vertex 5.9138 -5.18626 18.43
      vertex 5.33653 -5.33653 18.43
    endloop
  endfacet
  facet normal 0.251916 -0.967749 0
    outer loop
      vertex 5.9138 -5.18626 18.43
      vertex 5.33653 -5.33653 15.52
      vertex 5.9138 -5.18626 15.52
    endloop
  endfacet
  facet normal -0.14628 -0.989243 0
    outer loop
      vertex 5.9138 -5.18626 15.52
      vertex 6.96059 -5.34105 18.43
      vertex 5.9138 -5.18626 18.43
    endloop
  endfacet
  facet normal -0.14628 -0.989243 -0
    outer loop
      vertex 6.96059 -5.34105 18.43
      vertex 5.9138 -5.18626 15.52
      vertex 6.96059 -5.34105 15.52
    endloop
  endfacet
  facet normal -0.19311 -0.981177 0
    outer loop
      vertex 6.96059 -5.34105 15.52
      vertex 8.42471 -5.62921 18.43
      vertex 6.96059 -5.34105 18.43
    endloop
  endfacet
  facet normal -0.19311 -0.981177 -0
    outer loop
      vertex 8.42471 -5.62921 18.43
      vertex 6.96059 -5.34105 15.52
      vertex 8.42471 -5.62921 15.52
    endloop
  endfacet
  facet normal -0.135839 -0.990731 0
    outer loop
      vertex 8.74832 -5.67358 15.52
      vertex 8.42471 -5.62921 18.43
      vertex 8.42471 -5.62921 15.52
    endloop
  endfacet
  facet normal -0.135823 -0.990733 1.81434e-06
    outer loop
      vertex 8.42471 -5.62921 18.43
      vertex 8.74832 -5.67358 15.52
      vertex 10.1628 -5.86749 18.43
    endloop
  endfacet
  facet normal -0.135819 -0.990734 -0
    outer loop
      vertex 10.1628 -5.86749 18.43
      vertex 8.74832 -5.67358 15.52
      vertex 10.1628 -5.86749 15.52
    endloop
  endfacet
  facet normal -0.0175586 -0.999846 0
    outer loop
      vertex 10.1628 -5.86749 15.52
      vertex 11.5898 -5.89255 18.43
      vertex 10.1628 -5.86749 18.43
    endloop
  endfacet
  facet normal -0.0175587 -0.999846 4.50634e-08
    outer loop
      vertex 11.9622 -5.89909 15.52
      vertex 11.5898 -5.89255 18.43
      vertex 10.1628 -5.86749 15.52
    endloop
  endfacet
  facet normal -0.0175591 -0.999846 0
    outer loop
      vertex 11.5898 -5.89255 18.43
      vertex 11.9622 -5.89909 15.52
      vertex 11.9622 -5.89909 18.43
    endloop
  endfacet
  facet normal 0.167836 -0.985815 0
    outer loop
      vertex 11.9622 -5.89909 15.52
      vertex 13.5777 -5.62405 18.43
      vertex 11.9622 -5.89909 18.43
    endloop
  endfacet
  facet normal 0.167836 -0.985815 0
    outer loop
      vertex 13.5777 -5.62405 18.43
      vertex 11.9622 -5.89909 15.52
      vertex 13.5777 -5.62405 15.52
    endloop
  endfacet
  facet normal 0.452587 -0.89172 0
    outer loop
      vertex 13.5777 -5.62405 15.52
      vertex 14.7761 -5.01581 18.43
      vertex 13.5777 -5.62405 18.43
    endloop
  endfacet
  facet normal 0.452587 -0.89172 0
    outer loop
      vertex 14.7761 -5.01581 18.43
      vertex 13.5777 -5.62405 15.52
      vertex 14.7761 -5.01581 15.52
    endloop
  endfacet
  facet normal 0.828669 -0.559739 0
    outer loop
      vertex 14.7761 -5.01581 18.43
      vertex 15.3804 -4.12117 15.52
      vertex 15.3804 -4.12117 18.43
    endloop
  endfacet
  facet normal 0.828669 -0.559739 0
    outer loop
      vertex 15.3804 -4.12117 15.52
      vertex 14.7761 -5.01581 18.43
      vertex 14.7761 -5.01581 15.52
    endloop
  endfacet
  facet normal 0.997517 0.0704264 0
    outer loop
      vertex 15.3377 -3.51588 18.43
      vertex 15.3044 -3.04422 15.52
      vertex 15.3044 -3.04422 18.43
    endloop
  endfacet
  facet normal 0.997521 0.0703698 -0
    outer loop
      vertex 15.3804 -4.12117 15.52
      vertex 15.3377 -3.51588 18.43
      vertex 15.3804 -4.12117 18.43
    endloop
  endfacet
  facet normal 0.997519 0.0703946 -5.18029e-06
    outer loop
      vertex 15.3377 -3.51588 18.43
      vertex 15.3804 -4.12117 15.52
      vertex 15.3044 -3.04422 15.52
    endloop
  endfacet
  facet normal 0.837788 0.545995 0
    outer loop
      vertex 15.3044 -3.04422 18.43
      vertex 14.5706 -1.91826 15.52
      vertex 14.5706 -1.91826 18.43
    endloop
  endfacet
  facet normal 0.837788 0.545995 0
    outer loop
      vertex 14.5706 -1.91826 15.52
      vertex 15.3044 -3.04422 18.43
      vertex 15.3044 -3.04422 15.52
    endloop
  endfacet
  facet normal 0.638272 0.769811 -0
    outer loop
      vertex 14.5706 -1.91826 15.52
      vertex 13.3091 -0.872314 18.43
      vertex 14.5706 -1.91826 18.43
    endloop
  endfacet
  facet normal 0.638272 0.769811 0
    outer loop
      vertex 13.3091 -0.872314 18.43
      vertex 14.5706 -1.91826 15.52
      vertex 13.3091 -0.872314 15.52
    endloop
  endfacet
  facet normal 0.484656 0.874705 0
    outer loop
      vertex 13.2439 -0.836188 15.52
      vertex 13.3091 -0.872314 18.43
      vertex 13.3091 -0.872314 15.52
    endloop
  endfacet
  facet normal 0.484714 0.874672 -1.70637e-06
    outer loop
      vertex 13.3091 -0.872314 18.43
      vertex 13.2439 -0.836188 15.52
      vertex 11.735 0 18.43
    endloop
  endfacet
  facet normal 0.484717 0.874671 0
    outer loop
      vertex 11.735 0 18.43
      vertex 13.2439 -0.836188 15.52
      vertex 11.735 0 15.52
    endloop
  endfacet
  facet normal 0.377728 0.925917 -0
    outer loop
      vertex 11.735 0 15.52
      vertex 10.1106 0.662674 18.43
      vertex 11.735 0 18.43
    endloop
  endfacet
  facet normal 0.377728 0.925917 0
    outer loop
      vertex 10.1106 0.662674 18.43
      vertex 11.735 0 15.52
      vertex 10.1106 0.662674 15.52
    endloop
  endfacet
  facet normal 0.323358 0.946277 -0
    outer loop
      vertex 10.1106 0.662674 15.52
      vertex 8.69856 1.14519 18.43
      vertex 10.1106 0.662674 18.43
    endloop
  endfacet
  facet normal 0.323358 0.946277 0
    outer loop
      vertex 8.69856 1.14519 18.43
      vertex 10.1106 0.662674 15.52
      vertex 8.69856 1.14519 15.52
    endloop
  endfacet
  facet normal 0.367947 0.929847 -0
    outer loop
      vertex 8.69856 1.14519 15.52
      vertex 7.71465 1.53453 18.43
      vertex 8.69856 1.14519 18.43
    endloop
  endfacet
  facet normal 0.367947 0.929847 0
    outer loop
      vertex 7.71465 1.53453 18.43
      vertex 8.69856 1.14519 15.52
      vertex 7.71465 1.53453 15.52
    endloop
  endfacet
  facet normal 0.702024 0.712153 -0
    outer loop
      vertex 7.71465 1.53453 15.52
      vertex 7.52762 1.7189 18.43
      vertex 7.71465 1.53453 18.43
    endloop
  endfacet
  facet normal 0.702017 0.71216 -8.85391e-07
    outer loop
      vertex 7.28984 1.95329 15.52
      vertex 7.52762 1.7189 18.43
      vertex 7.71465 1.53453 15.52
    endloop
  endfacet
  facet normal 0.702012 0.712165 0
    outer loop
      vertex 7.52762 1.7189 18.43
      vertex 7.28984 1.95329 15.52
      vertex 7.28984 1.95329 18.43
    endloop
  endfacet
  facet normal 0.96405 -0.265722 0
    outer loop
      vertex 7.28984 1.95329 18.43
      vertex 7.44835 2.52837 15.52
      vertex 7.44835 2.52837 18.43
    endloop
  endfacet
  facet normal 0.96405 -0.265722 0
    outer loop
      vertex 7.44835 2.52837 15.52
      vertex 7.28984 1.95329 18.43
      vertex 7.28984 1.95329 15.52
    endloop
  endfacet
  facet normal 0.783578 -0.621294 0
    outer loop
      vertex 7.44835 2.52837 18.43
      vertex 8.10577 3.35751 15.52
      vertex 8.10577 3.35751 18.43
    endloop
  endfacet
  facet normal 0.783578 -0.621294 0
    outer loop
      vertex 8.10577 3.35751 15.52
      vertex 7.44835 2.52837 18.43
      vertex 7.44835 2.52837 15.52
    endloop
  endfacet
  facet normal 0.753165 -0.657831 0
    outer loop
      vertex 8.10577 3.35751 18.43
      vertex 9.0874 4.4814 15.52
      vertex 9.0874 4.4814 18.43
    endloop
  endfacet
  facet normal 0.753165 -0.657831 0
    outer loop
      vertex 9.0874 4.4814 15.52
      vertex 8.10577 3.35751 18.43
      vertex 8.10577 3.35751 15.52
    endloop
  endfacet
  facet normal 0.790091 -0.61299 0
    outer loop
      vertex 9.33279 4.79768 18.43
      vertex 10.1628 5.86749 15.52
      vertex 10.1628 5.86749 18.43
    endloop
  endfacet
  facet normal 0.790085 -0.612998 0
    outer loop
      vertex 9.0874 4.4814 15.52
      vertex 9.33279 4.79768 18.43
      vertex 9.0874 4.4814 18.43
    endloop
  endfacet
  facet normal 0.790089 -0.612992 -1.00156e-06
    outer loop
      vertex 9.33279 4.79768 18.43
      vertex 9.0874 4.4814 15.52
      vertex 10.1628 5.86749 15.52
    endloop
  endfacet
  facet normal 0.857089 -0.515168 0
    outer loop
      vertex 11.0899 7.41 18.43
      vertex 10.2002 5.9298 15.52
      vertex 11.0899 7.41 15.52
    endloop
  endfacet
  facet normal 0.857102 -0.515147 -1.48417e-05
    outer loop
      vertex 10.1628 5.86749 18.43
      vertex 10.2002 5.9298 15.52
      vertex 11.0899 7.41 18.43
    endloop
  endfacet
  facet normal 0.857408 -0.514637 0
    outer loop
      vertex 10.2002 5.9298 15.52
      vertex 10.1628 5.86749 18.43
      vertex 10.1628 5.86749 15.52
    endloop
  endfacet
  facet normal 0.93767 -0.347527 0
    outer loop
      vertex 11.0899 7.41 18.43
      vertex 11.6594 8.94658 15.52
      vertex 11.6594 8.94658 18.43
    endloop
  endfacet
  facet normal 0.93767 -0.347527 0
    outer loop
      vertex 11.6594 8.94658 15.52
      vertex 11.0899 7.41 18.43
      vertex 11.0899 7.41 15.52
    endloop
  endfacet
  facet normal 0.998544 -0.0539444 0
    outer loop
      vertex 11.6594 8.94658 18.43
      vertex 11.7319 10.2886 15.52
      vertex 11.7319 10.2886 18.43
    endloop
  endfacet
  facet normal 0.998544 -0.0539444 0
    outer loop
      vertex 11.7319 10.2886 15.52
      vertex 11.6594 8.94658 18.43
      vertex 11.6594 8.94658 15.52
    endloop
  endfacet
  facet normal 0.899047 0.437852 0
    outer loop
      vertex 11.7319 10.2886 18.43
      vertex 11.2592 11.2592 15.52
      vertex 11.2592 11.2592 18.43
    endloop
  endfacet
  facet normal 0.899047 0.437852 0
    outer loop
      vertex 11.2592 11.2592 15.52
      vertex 11.7319 10.2886 18.43
      vertex 11.7319 10.2886 15.52
    endloop
  endfacet
  facet normal 0.437852 0.899047 -0
    outer loop
      vertex 11.2592 11.2592 15.52
      vertex 10.2886 11.7319 18.43
      vertex 11.2592 11.2592 18.43
    endloop
  endfacet
  facet normal 0.437852 0.899047 0
    outer loop
      vertex 10.2886 11.7319 18.43
      vertex 11.2592 11.2592 15.52
      vertex 10.2886 11.7319 15.52
    endloop
  endfacet
  facet normal -0.0539294 0.998545 0
    outer loop
      vertex 10.2886 11.7319 15.52
      vertex 9.06841 11.666 18.43
      vertex 10.2886 11.7319 18.43
    endloop
  endfacet
  facet normal -0.0539444 0.998544 -6.30457e-06
    outer loop
      vertex 8.94658 11.6594 15.52
      vertex 9.06841 11.666 18.43
      vertex 10.2886 11.7319 15.52
    endloop
  endfacet
  facet normal -0.0540945 0.998536 0
    outer loop
      vertex 9.06841 11.666 18.43
      vertex 8.94658 11.6594 15.52
      vertex 8.94658 11.6594 18.43
    endloop
  endfacet
  facet normal -0.347527 0.93767 0
    outer loop
      vertex 8.94658 11.6594 15.52
      vertex 7.41 11.0899 18.43
      vertex 8.94658 11.6594 18.43
    endloop
  endfacet
  facet normal -0.347527 0.93767 0
    outer loop
      vertex 7.41 11.0899 18.43
      vertex 8.94658 11.6594 15.52
      vertex 7.41 11.0899 15.52
    endloop
  endfacet
  facet normal -0.515147 0.857102 0
    outer loop
      vertex 7.41 11.0899 15.52
      vertex 5.86749 10.1628 18.43
      vertex 7.41 11.0899 18.43
    endloop
  endfacet
  facet normal -0.515147 0.857102 0
    outer loop
      vertex 5.86749 10.1628 18.43
      vertex 7.41 11.0899 15.52
      vertex 5.86749 10.1628 15.52
    endloop
  endfacet
  facet normal -0.612992 0.790089 0
    outer loop
      vertex 5.86749 10.1628 15.52
      vertex 4.4814 9.0874 18.43
      vertex 5.86749 10.1628 18.43
    endloop
  endfacet
  facet normal -0.612992 0.790089 0
    outer loop
      vertex 4.4814 9.0874 18.43
      vertex 5.86749 10.1628 15.52
      vertex 4.4814 9.0874 15.52
    endloop
  endfacet
  facet normal -0.657828 0.753168 0
    outer loop
      vertex 4.20933 8.84977 15.52
      vertex 4.4814 9.0874 18.43
      vertex 4.4814 9.0874 15.52
    endloop
  endfacet
  facet normal -0.657831 0.753165 4.82087e-07
    outer loop
      vertex 4.4814 9.0874 18.43
      vertex 4.20933 8.84977 15.52
      vertex 3.35751 8.10577 18.43
    endloop
  endfacet
  facet normal -0.657832 0.753165 0
    outer loop
      vertex 3.35751 8.10577 18.43
      vertex 4.20933 8.84977 15.52
      vertex 3.35751 8.10577 15.52
    endloop
  endfacet
  facet normal -0.621294 0.783578 0
    outer loop
      vertex 3.35751 8.10577 15.52
      vertex 2.52837 7.44835 18.43
      vertex 3.35751 8.10577 18.43
    endloop
  endfacet
  facet normal -0.621294 0.783578 0
    outer loop
      vertex 2.52837 7.44835 18.43
      vertex 3.35751 8.10577 15.52
      vertex 2.52837 7.44835 15.52
    endloop
  endfacet
  facet normal -0.265722 0.96405 0
    outer loop
      vertex 2.52837 7.44835 15.52
      vertex 1.95329 7.28984 18.43
      vertex 2.52837 7.44835 18.43
    endloop
  endfacet
  facet normal -0.265722 0.96405 0
    outer loop
      vertex 1.95329 7.28984 18.43
      vertex 2.52837 7.44835 15.52
      vertex 1.95329 7.28984 15.52
    endloop
  endfacet
  facet normal 0.71216 0.702017 0
    outer loop
      vertex 1.95329 7.28984 18.43
      vertex 1.53453 7.71465 15.52
      vertex 1.53453 7.71465 18.43
    endloop
  endfacet
  facet normal 0.71216 0.702017 0
    outer loop
      vertex 1.53453 7.71465 15.52
      vertex 1.95329 7.28984 18.43
      vertex 1.95329 7.28984 15.52
    endloop
  endfacet
  facet normal 0.929846 0.36795 0
    outer loop
      vertex 1.37031 8.12966 18.43
      vertex 1.14519 8.69856 15.52
      vertex 1.14519 8.69856 18.43
    endloop
  endfacet
  facet normal 0.929849 0.367942 -0
    outer loop
      vertex 1.53453 7.71465 15.52
      vertex 1.37031 8.12966 18.43
      vertex 1.53453 7.71465 18.43
    endloop
  endfacet
  facet normal 0.929847 0.367947 -7.44741e-07
    outer loop
      vertex 1.37031 8.12966 18.43
      vertex 1.53453 7.71465 15.52
      vertex 1.14519 8.69856 15.52
    endloop
  endfacet
  facet normal 0.946277 0.323358 0
    outer loop
      vertex 1.14519 8.69856 18.43
      vertex 0.662674 10.1106 15.52
      vertex 0.662674 10.1106 18.43
    endloop
  endfacet
  facet normal 0.946277 0.323358 0
    outer loop
      vertex 0.662674 10.1106 15.52
      vertex 1.14519 8.69856 18.43
      vertex 1.14519 8.69856 15.52
    endloop
  endfacet
  facet normal 0.925917 0.377728 0
    outer loop
      vertex 0.662674 10.1106 18.43
      vertex 0 11.735 15.52
      vertex 0 11.735 18.43
    endloop
  endfacet
  facet normal 0.925917 0.377728 0
    outer loop
      vertex 0 11.735 15.52
      vertex 0.662674 10.1106 18.43
      vertex 0.662674 10.1106 15.52
    endloop
  endfacet
  facet normal 0.874696 0.484672 0
    outer loop
      vertex -0.872314 13.3091 18.43
      vertex -0.77252 13.129 15.52
      vertex -0.872314 13.3091 15.52
    endloop
  endfacet
  facet normal 0.874672 0.484714 -3.44016e-06
    outer loop
      vertex 0 11.735 18.43
      vertex -0.77252 13.129 15.52
      vertex -0.872314 13.3091 18.43
    endloop
  endfacet
  facet normal 0.874669 0.48472 0
    outer loop
      vertex -0.77252 13.129 15.52
      vertex 0 11.735 18.43
      vertex 0 11.735 15.52
    endloop
  endfacet
  facet normal 0.769811 0.638272 0
    outer loop
      vertex -0.872314 13.3091 18.43
      vertex -1.91826 14.5706 15.52
      vertex -1.91826 14.5706 18.43
    endloop
  endfacet
  facet normal 0.769811 0.638272 0
    outer loop
      vertex -1.91826 14.5706 15.52
      vertex -0.872314 13.3091 18.43
      vertex -0.872314 13.3091 15.52
    endloop
  endfacet
  facet normal 0.545995 0.837788 -0
    outer loop
      vertex -1.91826 14.5706 15.52
      vertex -3.04422 15.3044 18.43
      vertex -1.91826 14.5706 18.43
    endloop
  endfacet
  facet normal 0.545995 0.837788 0
    outer loop
      vertex -3.04422 15.3044 18.43
      vertex -1.91826 14.5706 15.52
      vertex -3.04422 15.3044 15.52
    endloop
  endfacet
  facet normal 0.0703946 0.997519 -0
    outer loop
      vertex -3.04422 15.3044 15.52
      vertex -4.12117 15.3804 18.43
      vertex -3.04422 15.3044 18.43
    endloop
  endfacet
  facet normal 0.0703946 0.997519 0
    outer loop
      vertex -4.12117 15.3804 18.43
      vertex -3.04422 15.3044 15.52
      vertex -4.12117 15.3804 15.52
    endloop
  endfacet
  facet normal -0.559739 0.828669 0
    outer loop
      vertex -4.12117 15.3804 15.52
      vertex -5.01581 14.7761 18.43
      vertex -4.12117 15.3804 18.43
    endloop
  endfacet
  facet normal -0.559739 0.828669 0
    outer loop
      vertex -5.01581 14.7761 18.43
      vertex -4.12117 15.3804 15.52
      vertex -5.01581 14.7761 15.52
    endloop
  endfacet
  facet normal -0.89172 0.452587 0
    outer loop
      vertex -5.62405 13.5777 15.52
      vertex -5.01581 14.7761 18.43
      vertex -5.01581 14.7761 15.52
    endloop
  endfacet
  facet normal -0.89172 0.452587 0
    outer loop
      vertex -5.01581 14.7761 18.43
      vertex -5.62405 13.5777 15.52
      vertex -5.62405 13.5777 18.43
    endloop
  endfacet
  facet normal -0.985815 0.167836 0
    outer loop
      vertex -5.89909 11.9622 15.52
      vertex -5.62405 13.5777 18.43
      vertex -5.62405 13.5777 15.52
    endloop
  endfacet
  facet normal -0.985815 0.167836 0
    outer loop
      vertex -5.62405 13.5777 18.43
      vertex -5.89909 11.9622 15.52
      vertex -5.89909 11.9622 18.43
    endloop
  endfacet
  facet normal -0.999846 -0.0175394 0
    outer loop
      vertex -5.89909 11.9622 15.52
      vertex -5.89221 11.57 18.43
      vertex -5.89909 11.9622 18.43
    endloop
  endfacet
  facet normal -0.999846 -0.0175587 -2.60604e-06
    outer loop
      vertex -5.86749 10.1628 15.52
      vertex -5.89221 11.57 18.43
      vertex -5.89909 11.9622 15.52
    endloop
  endfacet
  facet normal -0.999846 -0.0175641 0
    outer loop
      vertex -5.89221 11.57 18.43
      vertex -5.86749 10.1628 15.52
      vertex -5.86749 10.1628 18.43
    endloop
  endfacet
  facet normal -0.990733 -0.135823 0
    outer loop
      vertex -5.62921 8.42471 15.52
      vertex -5.86749 10.1628 18.43
      vertex -5.86749 10.1628 15.52
    endloop
  endfacet
  facet normal -0.990733 -0.135823 0
    outer loop
      vertex -5.86749 10.1628 18.43
      vertex -5.62921 8.42471 15.52
      vertex -5.62921 8.42471 18.43
    endloop
  endfacet
  facet normal -0.981177 -0.19311 0
    outer loop
      vertex -5.34105 6.96059 15.52
      vertex -5.62921 8.42471 18.43
      vertex -5.62921 8.42471 15.52
    endloop
  endfacet
  facet normal -0.981177 -0.19311 0
    outer loop
      vertex -5.62921 8.42471 18.43
      vertex -5.34105 6.96059 15.52
      vertex -5.34105 6.96059 18.43
    endloop
  endfacet
  facet normal -0.989243 -0.14628 0
    outer loop
      vertex -5.18626 5.9138 15.52
      vertex -5.34105 6.96059 18.43
      vertex -5.34105 6.96059 15.52
    endloop
  endfacet
  facet normal -0.989243 -0.14628 0
    outer loop
      vertex -5.34105 6.96059 18.43
      vertex -5.18626 5.9138 15.52
      vertex -5.18626 5.9138 18.43
    endloop
  endfacet
  facet normal -0.967749 0.251918 0
    outer loop
      vertex -5.24305 5.69564 15.52
      vertex -5.18626 5.9138 18.43
      vertex -5.18626 5.9138 15.52
    endloop
  endfacet
  facet normal -0.967749 0.251915 0
    outer loop
      vertex -5.33653 5.33653 18.43
      vertex -5.24305 5.69564 15.52
      vertex -5.33653 5.33653 15.52
    endloop
  endfacet
  facet normal -0.967749 0.251916 1.49841e-07
    outer loop
      vertex -5.24305 5.69564 15.52
      vertex -5.33653 5.33653 18.43
      vertex -5.18626 5.9138 18.43
    endloop
  endfacet
  facet normal -0.251916 0.967749 0
    outer loop
      vertex -5.33653 5.33653 15.52
      vertex -5.9138 5.18626 18.43
      vertex -5.33653 5.33653 18.43
    endloop
  endfacet
  facet normal -0.251916 0.967749 0
    outer loop
      vertex -5.9138 5.18626 18.43
      vertex -5.33653 5.33653 15.52
      vertex -5.9138 5.18626 15.52
    endloop
  endfacet
  facet normal 0.14628 0.989243 -0
    outer loop
      vertex -5.9138 5.18626 15.52
      vertex -6.96059 5.34105 18.43
      vertex -5.9138 5.18626 18.43
    endloop
  endfacet
  facet normal 0.14628 0.989243 0
    outer loop
      vertex -6.96059 5.34105 18.43
      vertex -5.9138 5.18626 15.52
      vertex -6.96059 5.34105 15.52
    endloop
  endfacet
  facet normal 0.19311 0.981177 -0
    outer loop
      vertex -6.96059 5.34105 15.52
      vertex -8.42471 5.62921 18.43
      vertex -6.96059 5.34105 18.43
    endloop
  endfacet
  facet normal 0.19311 0.981177 0
    outer loop
      vertex -8.42471 5.62921 18.43
      vertex -6.96059 5.34105 15.52
      vertex -8.42471 5.62921 15.52
    endloop
  endfacet
  facet normal 0.135821 0.990733 -0
    outer loop
      vertex -8.42471 5.62921 15.52
      vertex -8.63384 5.65788 18.43
      vertex -8.42471 5.62921 18.43
    endloop
  endfacet
  facet normal 0.135823 0.990733 8.93411e-08
    outer loop
      vertex -10.1628 5.86749 15.52
      vertex -8.63384 5.65788 18.43
      vertex -8.42471 5.62921 15.52
    endloop
  endfacet
  facet normal 0.135823 0.990733 0
    outer loop
      vertex -8.63384 5.65788 18.43
      vertex -10.1628 5.86749 15.52
      vertex -10.1628 5.86749 18.43
    endloop
  endfacet
  facet normal 0.0175587 0.999846 -0
    outer loop
      vertex -10.1628 5.86749 15.52
      vertex -11.9622 5.89909 18.43
      vertex -10.1628 5.86749 18.43
    endloop
  endfacet
  facet normal 0.0175587 0.999846 0
    outer loop
      vertex -11.9622 5.89909 18.43
      vertex -10.1628 5.86749 15.52
      vertex -11.9622 5.89909 15.52
    endloop
  endfacet
  facet normal -0.167839 0.985814 0
    outer loop
      vertex -13.2945 5.67226 15.52
      vertex -11.9622 5.89909 18.43
      vertex -11.9622 5.89909 15.52
    endloop
  endfacet
  facet normal -0.167836 0.985815 -1.6929e-06
    outer loop
      vertex -11.9622 5.89909 18.43
      vertex -13.2945 5.67226 15.52
      vertex -13.5777 5.62405 18.43
    endloop
  endfacet
  facet normal -0.167819 0.985818 0
    outer loop
      vertex -13.5777 5.62405 18.43
      vertex -13.2945 5.67226 15.52
      vertex -13.5777 5.62405 15.52
    endloop
  endfacet
  facet normal -0.452587 0.89172 0
    outer loop
      vertex -13.5777 5.62405 15.52
      vertex -14.7761 5.01581 18.43
      vertex -13.5777 5.62405 18.43
    endloop
  endfacet
  facet normal -0.452587 0.89172 0
    outer loop
      vertex -14.7761 5.01581 18.43
      vertex -13.5777 5.62405 15.52
      vertex -14.7761 5.01581 15.52
    endloop
  endfacet
  facet normal -0.828669 0.559739 0
    outer loop
      vertex -15.3804 4.12117 15.52
      vertex -14.7761 5.01581 18.43
      vertex -14.7761 5.01581 15.52
    endloop
  endfacet
  facet normal -0.828669 0.559739 0
    outer loop
      vertex -14.7761 5.01581 18.43
      vertex -15.3804 4.12117 15.52
      vertex -15.3804 4.12117 18.43
    endloop
  endfacet
  facet normal -0.997519 -0.0703946 0
    outer loop
      vertex -15.3044 3.04422 15.52
      vertex -15.3804 4.12117 18.43
      vertex -15.3804 4.12117 15.52
    endloop
  endfacet
  facet normal -0.997519 -0.0703946 0
    outer loop
      vertex -15.3804 4.12117 18.43
      vertex -15.3044 3.04422 15.52
      vertex -15.3044 3.04422 18.43
    endloop
  endfacet
  facet normal -0.837788 -0.545995 0
    outer loop
      vertex -14.5706 1.91826 15.52
      vertex -15.3044 3.04422 18.43
      vertex -15.3044 3.04422 15.52
    endloop
  endfacet
  facet normal -0.837788 -0.545995 0
    outer loop
      vertex -15.3044 3.04422 18.43
      vertex -14.5706 1.91826 15.52
      vertex -14.5706 1.91826 18.43
    endloop
  endfacet
  facet normal -0.638272 -0.769811 0
    outer loop
      vertex -14.5706 1.91826 15.52
      vertex -13.3091 0.872314 18.43
      vertex -14.5706 1.91826 18.43
    endloop
  endfacet
  facet normal -0.638272 -0.769811 -0
    outer loop
      vertex -13.3091 0.872314 18.43
      vertex -14.5706 1.91826 15.52
      vertex -13.3091 0.872314 15.52
    endloop
  endfacet
  facet normal -0.484714 -0.874672 0
    outer loop
      vertex -13.3091 0.872314 15.52
      vertex -11.735 0 18.43
      vertex -13.3091 0.872314 18.43
    endloop
  endfacet
  facet normal -0.484714 -0.874672 -0
    outer loop
      vertex -11.735 0 18.43
      vertex -13.3091 0.872314 15.52
      vertex -11.735 0 15.52
    endloop
  endfacet
  facet normal -0.377731 -0.925915 0
    outer loop
      vertex -10.4315 -0.531768 15.52
      vertex -11.735 0 18.43
      vertex -11.735 0 15.52
    endloop
  endfacet
  facet normal -0.377728 -0.925917 1.6415e-06
    outer loop
      vertex -11.735 0 18.43
      vertex -10.4315 -0.531768 15.52
      vertex -10.1106 -0.662674 18.43
    endloop
  endfacet
  facet normal -0.377715 -0.925922 -0
    outer loop
      vertex -10.1106 -0.662674 18.43
      vertex -10.4315 -0.531768 15.52
      vertex -10.1106 -0.662674 15.52
    endloop
  endfacet
  facet normal -0.323358 -0.946277 0
    outer loop
      vertex -10.1106 -0.662674 15.52
      vertex -8.69856 -1.14519 18.43
      vertex -10.1106 -0.662674 18.43
    endloop
  endfacet
  facet normal -0.323358 -0.946277 -0
    outer loop
      vertex -8.69856 -1.14519 18.43
      vertex -10.1106 -0.662674 15.52
      vertex -8.69856 -1.14519 15.52
    endloop
  endfacet
  facet normal -0.367947 -0.929847 0
    outer loop
      vertex -8.69856 -1.14519 15.52
      vertex -7.71465 -1.53453 18.43
      vertex -8.69856 -1.14519 18.43
    endloop
  endfacet
  facet normal -0.367947 -0.929847 -0
    outer loop
      vertex -7.71465 -1.53453 18.43
      vertex -8.69856 -1.14519 15.52
      vertex -7.71465 -1.53453 15.52
    endloop
  endfacet
  facet normal -0.702017 -0.71216 0
    outer loop
      vertex -7.71465 -1.53453 15.52
      vertex -7.28984 -1.95329 18.43
      vertex -7.71465 -1.53453 18.43
    endloop
  endfacet
  facet normal -0.702017 -0.71216 -0
    outer loop
      vertex -7.28984 -1.95329 18.43
      vertex -7.71465 -1.53453 15.52
      vertex -7.28984 -1.95329 15.52
    endloop
  endfacet
  facet normal -0.96405 0.265722 0
    outer loop
      vertex -7.44835 -2.52837 15.52
      vertex -7.28984 -1.95329 18.43
      vertex -7.28984 -1.95329 15.52
    endloop
  endfacet
  facet normal -0.96405 0.265722 0
    outer loop
      vertex -7.28984 -1.95329 18.43
      vertex -7.44835 -2.52837 15.52
      vertex -7.44835 -2.52837 18.43
    endloop
  endfacet
  facet normal -0.783581 0.621289 0
    outer loop
      vertex -7.51075 -2.60707 15.52
      vertex -7.44835 -2.52837 18.43
      vertex -7.44835 -2.52837 15.52
    endloop
  endfacet
  facet normal -0.783577 0.621294 0
    outer loop
      vertex -8.10577 -3.35751 18.43
      vertex -7.51075 -2.60707 15.52
      vertex -8.10577 -3.35751 15.52
    endloop
  endfacet
  facet normal -0.783578 0.621294 -2.00701e-07
    outer loop
      vertex -7.51075 -2.60707 15.52
      vertex -8.10577 -3.35751 18.43
      vertex -7.44835 -2.52837 18.43
    endloop
  endfacet
  facet normal -0.753165 0.657831 0
    outer loop
      vertex -9.0874 -4.4814 15.52
      vertex -8.10577 -3.35751 18.43
      vertex -8.10577 -3.35751 15.52
    endloop
  endfacet
  facet normal -0.753165 0.657831 0
    outer loop
      vertex -8.10577 -3.35751 18.43
      vertex -9.0874 -4.4814 15.52
      vertex -9.0874 -4.4814 18.43
    endloop
  endfacet
  facet normal -0.790089 0.612992 0
    outer loop
      vertex -10.1628 -5.86749 15.52
      vertex -9.0874 -4.4814 18.43
      vertex -9.0874 -4.4814 15.52
    endloop
  endfacet
  facet normal -0.790089 0.612992 0
    outer loop
      vertex -9.0874 -4.4814 18.43
      vertex -10.1628 -5.86749 15.52
      vertex -10.1628 -5.86749 18.43
    endloop
  endfacet
  facet normal -0.857108 0.515136 0
    outer loop
      vertex -10.5069 -6.44002 15.52
      vertex -10.1628 -5.86749 18.43
      vertex -10.1628 -5.86749 15.52
    endloop
  endfacet
  facet normal -0.857114 0.515127 2.52937e-06
    outer loop
      vertex -10.5069 -6.44002 15.52
      vertex -10.9465 -7.17148 18.43
      vertex -10.1628 -5.86749 18.43
    endloop
  endfacet
  facet normal -0.857098 0.515153 1.15302e-05
    outer loop
      vertex -11.0899 -7.41 15.52
      vertex -10.9465 -7.17148 18.43
      vertex -10.5069 -6.44002 15.52
    endloop
  endfacet
  facet normal -0.857036 0.515256 0
    outer loop
      vertex -10.9465 -7.17148 18.43
      vertex -11.0899 -7.41 15.52
      vertex -11.0899 -7.41 18.43
    endloop
  endfacet
  facet normal -0.93767 0.347527 0
    outer loop
      vertex -11.6594 -8.94658 15.52
      vertex -11.0899 -7.41 18.43
      vertex -11.0899 -7.41 15.52
    endloop
  endfacet
  facet normal -0.93767 0.347527 0
    outer loop
      vertex -11.0899 -7.41 18.43
      vertex -11.6594 -8.94658 15.52
      vertex -11.6594 -8.94658 18.43
    endloop
  endfacet
  facet normal -0.998544 0.0539444 0
    outer loop
      vertex -11.7319 -10.2886 15.52
      vertex -11.6594 -8.94658 18.43
      vertex -11.6594 -8.94658 15.52
    endloop
  endfacet
  facet normal -0.998544 0.0539444 0
    outer loop
      vertex -11.6594 -8.94658 18.43
      vertex -11.7319 -10.2886 15.52
      vertex -11.7319 -10.2886 18.43
    endloop
  endfacet
  facet normal -0.898451 -0.439074 0
    outer loop
      vertex -11.7146 -10.324 15.52
      vertex -11.7319 -10.2886 18.43
      vertex -11.7319 -10.2886 15.52
    endloop
  endfacet
  facet normal -0.899069 -0.437806 -0
    outer loop
      vertex -11.2592 -11.2592 18.43
      vertex -11.7146 -10.324 15.52
      vertex -11.2592 -11.2592 15.52
    endloop
  endfacet
  facet normal -0.899047 -0.437852 -1.83983e-05
    outer loop
      vertex -11.7146 -10.324 15.52
      vertex -11.2592 -11.2592 18.43
      vertex -11.7319 -10.2886 18.43
    endloop
  endfacet
  facet normal -0.437852 -0.899047 0
    outer loop
      vertex -11.2592 -11.2592 15.52
      vertex -10.2886 -11.7319 18.43
      vertex -11.2592 -11.2592 18.43
    endloop
  endfacet
  facet normal -0.437852 -0.899047 -0
    outer loop
      vertex -10.2886 -11.7319 18.43
      vertex -11.2592 -11.2592 15.52
      vertex -10.2886 -11.7319 15.52
    endloop
  endfacet
  facet normal 0.0539444 -0.998544 0
    outer loop
      vertex -10.2886 -11.7319 15.52
      vertex -8.94658 -11.6594 18.43
      vertex -10.2886 -11.7319 18.43
    endloop
  endfacet
  facet normal 0.0539444 -0.998544 0
    outer loop
      vertex -8.94658 -11.6594 18.43
      vertex -10.2886 -11.7319 15.52
      vertex -8.94658 -11.6594 15.52
    endloop
  endfacet
  facet normal 0.347527 -0.93767 0
    outer loop
      vertex -8.94658 -11.6594 15.52
      vertex -7.41 -11.0899 18.43
      vertex -8.94658 -11.6594 18.43
    endloop
  endfacet
  facet normal 0.347527 -0.93767 0
    outer loop
      vertex -7.41 -11.0899 18.43
      vertex -8.94658 -11.6594 15.52
      vertex -7.41 -11.0899 15.52
    endloop
  endfacet
  facet normal 0.517866 -0.855462 0
    outer loop
      vertex -7.39695 -11.082 15.52
      vertex -7.41 -11.0899 18.43
      vertex -7.41 -11.0899 15.52
    endloop
  endfacet
  facet normal 0.515147 -0.857102 -1.66456e-05
    outer loop
      vertex -7.41 -11.0899 18.43
      vertex -7.39695 -11.082 15.52
      vertex -5.86749 -10.1628 18.43
    endloop
  endfacet
  facet normal 0.515124 -0.857116 0
    outer loop
      vertex -5.86749 -10.1628 18.43
      vertex -7.39695 -11.082 15.52
      vertex -5.86749 -10.1628 15.52
    endloop
  endfacet
  facet normal 0.612991 -0.79009 0
    outer loop
      vertex -5.86749 -10.1628 15.52
      vertex -4.74922 -9.29519 18.43
      vertex -5.86749 -10.1628 18.43
    endloop
  endfacet
  facet normal 0.612992 -0.790089 -3.94327e-07
    outer loop
      vertex -4.4814 -9.0874 15.52
      vertex -4.74922 -9.29519 18.43
      vertex -5.86749 -10.1628 15.52
    endloop
  endfacet
  facet normal 0.612995 -0.790087 0
    outer loop
      vertex -4.74922 -9.29519 18.43
      vertex -4.4814 -9.0874 15.52
      vertex -4.4814 -9.0874 18.43
    endloop
  endfacet
  facet normal 0.657831 -0.753165 0
    outer loop
      vertex -4.4814 -9.0874 15.52
      vertex -3.35751 -8.10577 18.43
      vertex -4.4814 -9.0874 18.43
    endloop
  endfacet
  facet normal 0.657831 -0.753165 0
    outer loop
      vertex -3.35751 -8.10577 18.43
      vertex -4.4814 -9.0874 15.52
      vertex -3.35751 -8.10577 15.52
    endloop
  endfacet
  facet normal 0.621294 -0.783578 0
    outer loop
      vertex -3.35751 -8.10577 15.52
      vertex -2.52837 -7.44835 18.43
      vertex -3.35751 -8.10577 18.43
    endloop
  endfacet
  facet normal 0.621294 -0.783578 0
    outer loop
      vertex -2.52837 -7.44835 18.43
      vertex -3.35751 -8.10577 15.52
      vertex -2.52837 -7.44835 15.52
    endloop
  endfacet
  facet normal 0.265722 -0.96405 0
    outer loop
      vertex -2.52837 -7.44835 15.52
      vertex -1.95329 -7.28984 18.43
      vertex -2.52837 -7.44835 18.43
    endloop
  endfacet
  facet normal 0.265722 -0.96405 0
    outer loop
      vertex -1.95329 -7.28984 18.43
      vertex -2.52837 -7.44835 15.52
      vertex -1.95329 -7.28984 15.52
    endloop
  endfacet
  facet normal -0.71216 -0.702017 0
    outer loop
      vertex -1.53453 -7.71465 15.52
      vertex -1.95329 -7.28984 18.43
      vertex -1.95329 -7.28984 15.52
    endloop
  endfacet
  facet normal -0.71216 -0.702017 0
    outer loop
      vertex -1.95329 -7.28984 18.43
      vertex -1.53453 -7.71465 15.52
      vertex -1.53453 -7.71465 18.43
    endloop
  endfacet
  facet normal -0.929847 -0.367947 0
    outer loop
      vertex -1.14519 -8.69856 15.52
      vertex -1.53453 -7.71465 18.43
      vertex -1.53453 -7.71465 15.52
    endloop
  endfacet
  facet normal -0.929847 -0.367947 0
    outer loop
      vertex -1.53453 -7.71465 18.43
      vertex -1.14519 -8.69856 15.52
      vertex -1.14519 -8.69856 18.43
    endloop
  endfacet
  facet normal -0.946278 -0.323353 0
    outer loop
      vertex -1.02322 -9.0555 15.52
      vertex -1.14519 -8.69856 18.43
      vertex -1.14519 -8.69856 15.52
    endloop
  endfacet
  facet normal -0.946276 -0.323359 -0
    outer loop
      vertex -0.662674 -10.1106 18.43
      vertex -1.02322 -9.0555 15.52
      vertex -0.662674 -10.1106 15.52
    endloop
  endfacet
  facet normal -0.946277 -0.323358 6.31515e-07
    outer loop
      vertex -1.02322 -9.0555 15.52
      vertex -0.662674 -10.1106 18.43
      vertex -1.14519 -8.69856 18.43
    endloop
  endfacet
  facet normal -0.925917 -0.377728 0
    outer loop
      vertex 0 -11.735 15.52
      vertex -0.662674 -10.1106 18.43
      vertex -0.662674 -10.1106 15.52
    endloop
  endfacet
  facet normal -0.925917 -0.377728 0
    outer loop
      vertex -0.662674 -10.1106 18.43
      vertex 0 -11.735 15.52
      vertex 0 -11.735 18.43
    endloop
  endfacet
  facet normal -0.874672 -0.484714 0
    outer loop
      vertex 0.872314 -13.3091 15.52
      vertex 0 -11.735 18.43
      vertex 0 -11.735 15.52
    endloop
  endfacet
  facet normal -0.874672 -0.484714 0
    outer loop
      vertex 0 -11.735 18.43
      vertex 0.872314 -13.3091 15.52
      vertex 0.872314 -13.3091 18.43
    endloop
  endfacet
  facet normal -0.769811 -0.638272 0
    outer loop
      vertex 1.91826 -14.5706 15.52
      vertex 0.872314 -13.3091 18.43
      vertex 0.872314 -13.3091 15.52
    endloop
  endfacet
  facet normal -0.769811 -0.638272 0
    outer loop
      vertex 0.872314 -13.3091 18.43
      vertex 1.91826 -14.5706 15.52
      vertex 1.91826 -14.5706 18.43
    endloop
  endfacet
  facet normal -0.545968 -0.837806 0
    outer loop
      vertex 1.91826 -14.5706 15.52
      vertex 2.52348 -14.965 18.43
      vertex 1.91826 -14.5706 18.43
    endloop
  endfacet
  facet normal -0.545995 -0.837788 8.1341e-06
    outer loop
      vertex 3.04422 -15.3044 15.52
      vertex 2.52348 -14.965 18.43
      vertex 1.91826 -14.5706 15.52
    endloop
  endfacet
  facet normal -0.546027 -0.837767 0
    outer loop
      vertex 2.52348 -14.965 18.43
      vertex 3.04422 -15.3044 15.52
      vertex 3.04422 -15.3044 18.43
    endloop
  endfacet
  facet normal -0.0703946 -0.997519 0
    outer loop
      vertex 3.04422 -15.3044 15.52
      vertex 4.12117 -15.3804 18.43
      vertex 3.04422 -15.3044 18.43
    endloop
  endfacet
  facet normal -0.0703946 -0.997519 -0
    outer loop
      vertex 4.12117 -15.3804 18.43
      vertex 3.04422 -15.3044 15.52
      vertex 4.12117 -15.3804 15.52
    endloop
  endfacet
  facet normal 0.559713 -0.828687 0
    outer loop
      vertex 4.81259 -14.9134 15.52
      vertex 4.12117 -15.3804 18.43
      vertex 4.12117 -15.3804 15.52
    endloop
  endfacet
  facet normal 0.559739 -0.828669 8.9844e-06
    outer loop
      vertex 4.12117 -15.3804 18.43
      vertex 4.81259 -14.9134 15.52
      vertex 5.01581 -14.7761 18.43
    endloop
  endfacet
  facet normal 0.559827 -0.828609 0
    outer loop
      vertex 5.01581 -14.7761 18.43
      vertex 4.81259 -14.9134 15.52
      vertex 5.01581 -14.7761 15.52
    endloop
  endfacet
  facet normal -0 0 1
    outer loop
      vertex 1.47478 -11.2021 21.34
      vertex 3.42909 -12.7976 21.34
      vertex 3.63803 -10.8337 21.34
    endloop
  endfacet
  facet normal 0 0 1
    outer loop
      vertex 1.47478 -11.2021 21.34
      vertex 3.63803 -10.8337 21.34
      vertex 2.5856 -9.6496 21.34
    endloop
  endfacet
  facet normal 0 0 1
    outer loop
      vertex 0.838821 -12.7982 21.34
      vertex 3.42909 -12.7976 21.34
      vertex 1.47478 -11.2021 21.34
    endloop
  endfacet
  facet normal 0 0 1
    outer loop
      vertex 1.47478 -11.2021 21.34
      vertex 2.5856 -9.6496 21.34
      vertex 1.90639 -9.58411 21.34
    endloop
  endfacet
  facet normal 0 0 1
    outer loop
      vertex 3.42909 -12.7976 21.34
      vertex 0.838821 -12.7982 21.34
      vertex 2.8878 -14.518 21.34
    endloop
  endfacet
  facet normal -0 0 1
    outer loop
      vertex 0 -14.3525 21.34
      vertex 2.8878 -14.518 21.34
      vertex 0.838821 -12.7982 21.34
    endloop
  endfacet
  facet normal 0 0 1
    outer loop
      vertex 2.8878 -14.518 21.34
      vertex 0 -14.3525 21.34
      vertex 2.04712 -15.5495 21.34
    endloop
  endfacet
  facet normal 0 0 1
    outer loop
      vertex 2.04712 -15.5495 21.34
      vertex 0 -14.3525 21.34
      vertex 1.03227 -15.7496 21.34
    endloop
  endfacet
  facet normal 0 0 1
    outer loop
      vertex 0 -14.3525 21.34
      vertex 0 -15.225 21.34
      vertex 1.03227 -15.7496 21.34
    endloop
  endfacet
  facet normal -0 0 1
    outer loop
      vertex -0.935013 -14.2656 21.34
      vertex 0 -14.3525 21.34
      vertex -0.838821 -12.7982 21.34
    endloop
  endfacet
  facet normal 0 0 1
    outer loop
      vertex 0 -14.3525 21.34
      vertex -0.935013 -14.2656 21.34
      vertex 0 -15.225 21.34
    endloop
  endfacet
  facet normal -0 0 1
    outer loop
      vertex -2.44748 -12.3044 21.34
      vertex -0.838821 -12.7982 21.34
      vertex -1.47478 -11.2021 21.34
    endloop
  endfacet
  facet normal 0 0 1
    outer loop
      vertex -0.838821 -12.7982 21.34
      vertex -1.73912 -13.2099 21.34
      vertex -0.935013 -14.2656 21.34
    endloop
  endfacet
  facet normal -0 0 1
    outer loop
      vertex -2.5856 -9.6496 21.34
      vertex -1.47478 -11.2021 21.34
      vertex -1.90639 -9.58411 21.34
    endloop
  endfacet
  facet normal 0 0 1
    outer loop
      vertex -0.838821 -12.7982 21.34
      vertex -2.44748 -12.3044 21.34
      vertex -1.73912 -13.2099 21.34
    endloop
  endfacet
  facet normal 0 0 1
    outer loop
      vertex -1.47478 -11.2021 21.34
      vertex -2.5856 -9.6496 21.34
      vertex -3.11295 -11.6177 21.34
    endloop
  endfacet
  facet normal 0 0 1
    outer loop
      vertex -1.47478 -11.2021 21.34
      vertex -3.11295 -11.6177 21.34
      vertex -2.44748 -12.3044 21.34
    endloop
  endfacet
  facet normal -0 0 1
    outer loop
      vertex -3.70197 -10.9057 21.34
      vertex -3.11295 -11.6177 21.34
      vertex -2.5856 -9.6496 21.34
    endloop
  endfacet
  facet normal 0 0 1
    outer loop
      vertex -3.70197 -10.9057 21.34
      vertex -3.74997 -11.0471 21.34
      vertex -3.11295 -11.6177 21.34
    endloop
  endfacet
  facet normal 0 -0 1
    outer loop
      vertex -3.74997 -11.0471 21.34
      vertex -3.70197 -10.9057 21.34
      vertex -3.79856 -10.9914 21.34
    endloop
  endfacet
  facet normal -0 0 -1
    outer loop
      vertex 6.15605 -9.2132 21.34
      vertex 3.64746 -10.7451 21.34
      vertex 3.64915 -8.80983 21.34
    endloop
  endfacet
  facet normal 0 -0 -1
    outer loop
      vertex 3.64746 -10.7451 21.34
      vertex 3.70197 -10.9057 21.34
      vertex 3.63803 -10.8337 21.34
    endloop
  endfacet
  facet normal 0 0 -1
    outer loop
      vertex 4.99162 -12.0508 21.34
      vertex 6.30374 -10.9184 21.34
      vertex 6.25146 -12.6767 21.34
    endloop
  endfacet
  facet normal 0 0 -1
    outer loop
      vertex 3.70197 -10.9057 21.34
      vertex 6.30374 -10.9184 21.34
      vertex 4.99162 -12.0508 21.34
    endloop
  endfacet
  facet normal 0 0 -1
    outer loop
      vertex 3.64746 -10.7451 21.34
      vertex 6.30374 -10.9184 21.34
      vertex 3.70197 -10.9057 21.34
    endloop
  endfacet
  facet normal 0 0 -1
    outer loop
      vertex 6.30374 -10.9184 21.34
      vertex 3.64746 -10.7451 21.34
      vertex 6.15605 -9.2132 21.34
    endloop
  endfacet
  facet normal 0 0 -1
    outer loop
      vertex 3.63686 -7.37483 21.34
      vertex 5.81595 -7.5795 21.34
      vertex 3.64915 -8.80983 21.34
    endloop
  endfacet
  facet normal 0 0 -1
    outer loop
      vertex 5.81595 -7.5795 21.34
      vertex 3.63686 -7.37483 21.34
      vertex 5.22986 -6.81569 21.34
    endloop
  endfacet
  facet normal 0 0 -1
    outer loop
      vertex 6.15605 -9.2132 21.34
      vertex 3.64915 -8.80983 21.34
      vertex 5.81595 -7.5795 21.34
    endloop
  endfacet
  facet normal -0 0 -1
    outer loop
      vertex 5.22986 -6.81569 21.34
      vertex 3.63686 -7.37483 21.34
      vertex 4.35823 -6.52255 21.34
    endloop
  endfacet
  facet normal 0 0 -1
    outer loop
      vertex 4.35823 -6.52255 21.34
      vertex 3.63686 -7.37483 21.34
      vertex 3.82735 -6.62918 21.34
    endloop
  endfacet
  facet normal 0 0 -1
    outer loop
      vertex 9.97079 -8.74416 21.34
      vertex 10.3014 -6.88316 21.34
      vertex 11.0405 -8.47166 21.34
    endloop
  endfacet
  facet normal 0 0 -1
    outer loop
      vertex 9.1994 -7.05896 21.34
      vertex 10.3014 -6.88316 21.34
      vertex 9.97079 -8.74416 21.34
    endloop
  endfacet
  facet normal 0 0 -1
    outer loop
      vertex 10.3014 -6.88316 21.34
      vertex 9.93474 -6.63818 21.34
      vertex 10.0983 -6.55334 21.34
    endloop
  endfacet
  facet normal -0 0 -1
    outer loop
      vertex 10.3014 -6.88316 21.34
      vertex 9.1994 -7.05896 21.34
      vertex 9.93474 -6.63818 21.34
    endloop
  endfacet
  facet normal 0 0 -1
    outer loop
      vertex 8.2979 -8.2979 21.34
      vertex 9.1994 -7.05896 21.34
      vertex 9.97079 -8.74416 21.34
    endloop
  endfacet
  facet normal 0 0 -1
    outer loop
      vertex 9.1994 -7.05896 21.34
      vertex 8.2979 -8.2979 21.34
      vertex 8.3909 -7.35861 21.34
    endloop
  endfacet
  facet normal 0 0 -1
    outer loop
      vertex 8.2979 -8.2979 21.34
      vertex 7.41663 -7.41663 21.34
      vertex 8.3909 -7.35861 21.34
    endloop
  endfacet
  facet normal 0 0 -1
    outer loop
      vertex 6.73068 -7.67487 21.34
      vertex 7.41663 -7.41663 21.34
      vertex 8.2979 -8.2979 21.34
    endloop
  endfacet
  facet normal 0 0 -1
    outer loop
      vertex 6.73068 -7.67487 21.34
      vertex 6.31256 -7.1981 21.34
      vertex 7.41663 -7.41663 21.34
    endloop
  endfacet
  facet normal 0 0 -1
    outer loop
      vertex 5.81595 -7.5795 21.34
      vertex 6.31256 -7.1981 21.34
      vertex 6.73068 -7.67487 21.34
    endloop
  endfacet
  facet normal -0 0 -1
    outer loop
      vertex 6.31256 -7.1981 21.34
      vertex 5.81595 -7.5795 21.34
      vertex 5.22986 -6.81569 21.34
    endloop
  endfacet
  facet normal 0 0 -1
    outer loop
      vertex -7.66353 2.60141 21.34
      vertex -7.08531 3.49408 21.34
      vertex -7.06483 2.92635 21.34
    endloop
  endfacet
  facet normal 0 0 -1
    outer loop
      vertex -8.37286 4.12903 21.34
      vertex -7.08531 3.49408 21.34
      vertex -7.66353 2.60141 21.34
    endloop
  endfacet
  facet normal 0 0 -1
    outer loop
      vertex -7.08531 3.49408 21.34
      vertex -8.37286 4.12903 21.34
      vertex -7.73546 4.46606 21.34
    endloop
  endfacet
  facet normal 0 0 -1
    outer loop
      vertex -8.66885 2.32281 21.34
      vertex -8.37286 4.12903 21.34
      vertex -7.66353 2.60141 21.34
    endloop
  endfacet
  facet normal 0 0 -1
    outer loop
      vertex -8.66885 2.32281 21.34
      vertex -9.6326 3.98994 21.34
      vertex -8.37286 4.12903 21.34
    endloop
  endfacet
  facet normal 0 0 -1
    outer loop
      vertex -9.77026 1.94342 21.34
      vertex -9.6326 3.98994 21.34
      vertex -8.66885 2.32281 21.34
    endloop
  endfacet
  facet normal 0 0 -1
    outer loop
      vertex -11.3188 3.84219 21.34
      vertex -9.77026 1.94342 21.34
      vertex -10.698 1.40842 21.34
    endloop
  endfacet
  facet normal 0 0 -1
    outer loop
      vertex -12.0671 1.58865 21.34
      vertex -10.698 1.40842 21.34
      vertex -11.0971 0.989733 21.34
    endloop
  endfacet
  facet normal 0 0 -1
    outer loop
      vertex -9.77026 1.94342 21.34
      vertex -11.3188 3.84219 21.34
      vertex -9.6326 3.98994 21.34
    endloop
  endfacet
  facet normal 0 0 -1
    outer loop
      vertex -10.698 1.40842 21.34
      vertex -12.0671 1.58865 21.34
      vertex -11.3188 3.84219 21.34
    endloop
  endfacet
  facet normal 0 0 -1
    outer loop
      vertex -12.0671 1.58865 21.34
      vertex -13.0207 3.48888 21.34
      vertex -11.3188 3.84219 21.34
    endloop
  endfacet
  facet normal 0 -0 -1
    outer loop
      vertex -13.0207 3.48888 21.34
      vertex -12.0671 1.58865 21.34
      vertex -13.4349 2.67236 21.34
    endloop
  endfacet
  facet normal 0 0 -1
    outer loop
      vertex -8.37286 4.12903 21.34
      vertex -8.80251 5.88164 21.34
      vertex -7.73546 4.46606 21.34
    endloop
  endfacet
  facet normal 0 0 -1
    outer loop
      vertex -9.4072 5.43124 21.34
      vertex -8.80251 5.88164 21.34
      vertex -8.37286 4.12903 21.34
    endloop
  endfacet
  facet normal 0 0 -1
    outer loop
      vertex -10.3014 6.88316 21.34
      vertex -8.80251 5.88164 21.34
      vertex -9.4072 5.43124 21.34
    endloop
  endfacet
  facet normal 0 0 -1
    outer loop
      vertex -8.80251 5.88164 21.34
      vertex -10.3014 6.88316 21.34
      vertex -9.92221 7.61359 21.34
    endloop
  endfacet
  facet normal 0 0 -1
    outer loop
      vertex -11.0405 8.47166 21.34
      vertex -9.92221 7.61359 21.34
      vertex -10.3014 6.88316 21.34
    endloop
  endfacet
  facet normal 0 0 -1
    outer loop
      vertex -9.92221 7.61359 21.34
      vertex -11.0405 8.47166 21.34
      vertex -10.3777 8.6405 21.34
    endloop
  endfacet
  facet normal 0 0 1
    outer loop
      vertex -6.84978 11.8642 21.34
      vertex -6.30374 10.9184 21.34
      vertex -6.28082 11.6894 21.34
    endloop
  endfacet
  facet normal 0 0 1
    outer loop
      vertex -8.16159 12.2147 21.34
      vertex -6.30374 10.9184 21.34
      vertex -6.84978 11.8642 21.34
    endloop
  endfacet
  facet normal 0 0 1
    outer loop
      vertex -6.30374 10.9184 21.34
      vertex -8.16159 12.2147 21.34
      vertex -8.2979 8.2979 21.34
    endloop
  endfacet
  facet normal 0 0 1
    outer loop
      vertex -6.30374 10.9184 21.34
      vertex -8.2979 8.2979 21.34
      vertex -6.73068 7.67487 21.34
    endloop
  endfacet
  facet normal 0 0 1
    outer loop
      vertex -9.97079 8.74416 21.34
      vertex -8.16159 12.2147 21.34
      vertex -9.44267 12.3059 21.34
    endloop
  endfacet
  facet normal 0 0 1
    outer loop
      vertex -8.16159 12.2147 21.34
      vertex -9.97079 8.74416 21.34
      vertex -8.2979 8.2979 21.34
    endloop
  endfacet
  facet normal -0 0 1
    outer loop
      vertex -10.9066 10.9066 21.34
      vertex -9.97079 8.74416 21.34
      vertex -9.44267 12.3059 21.34
    endloop
  endfacet
  facet normal 0 0 1
    outer loop
      vertex -10.9066 10.9066 21.34
      vertex -9.44267 12.3059 21.34
      vertex -10.4402 11.9048 21.34
    endloop
  endfacet
  facet normal 0 0 1
    outer loop
      vertex -9.97079 8.74416 21.34
      vertex -10.712 9.39413 21.34
      vertex -10.3777 8.6405 21.34
    endloop
  endfacet
  facet normal 0 0 1
    outer loop
      vertex -9.97079 8.74416 21.34
      vertex -10.9066 10.9066 21.34
      vertex -10.712 9.39413 21.34
    endloop
  endfacet
  facet normal 0 0 1
    outer loop
      vertex -6.15605 9.2132 21.34
      vertex -6.73068 7.67487 21.34
      vertex -5.81595 7.5795 21.34
    endloop
  endfacet
  facet normal 0 0 1
    outer loop
      vertex -6.73068 7.67487 21.34
      vertex -6.15605 9.2132 21.34
      vertex -6.30374 10.9184 21.34
    endloop
  endfacet
  facet normal 0 0 1
    outer loop
      vertex 9.4072 5.43124 21.34
      vertex 9.56772 5.52391 21.34
      vertex 9.57009 5.69574 21.34
    endloop
  endfacet
  facet normal -0 0 1
    outer loop
      vertex 9.4072 5.43124 21.34
      vertex 9.25763 4.56535 21.34
      vertex 9.56772 5.52391 21.34
    endloop
  endfacet
  facet normal 0 0 1
    outer loop
      vertex 8.37286 4.12903 21.34
      vertex 9.25763 4.56535 21.34
      vertex 9.4072 5.43124 21.34
    endloop
  endfacet
  facet normal 0 0 1
    outer loop
      vertex 9.25763 4.56535 21.34
      vertex 8.37286 4.12903 21.34
      vertex 8.9523 4.06505 21.34
    endloop
  endfacet
  facet normal -0 0 1
    outer loop
      vertex 6.30374 10.9184 21.34
      vertex 9.16226 10.4476 21.34
      vertex 9.05775 11.8043 21.34
    endloop
  endfacet
  facet normal -0 0 1
    outer loop
      vertex 6.25146 12.6767 21.34
      vertex 9.05775 11.8043 21.34
      vertex 8.681 12.992 21.34
    endloop
  endfacet
  facet normal 0 0 1
    outer loop
      vertex 6.15605 9.2132 21.34
      vertex 9.16226 10.4476 21.34
      vertex 6.30374 10.9184 21.34
    endloop
  endfacet
  facet normal 0 0 1
    outer loop
      vertex 9.16226 10.4476 21.34
      vertex 6.15605 9.2132 21.34
      vertex 9.17915 9.17915 21.34
    endloop
  endfacet
  facet normal 0 0 1
    outer loop
      vertex 6.25146 12.6767 21.34
      vertex 8.681 12.992 21.34
      vertex 7.90764 13.6964 21.34
    endloop
  endfacet
  facet normal 0 0 1
    outer loop
      vertex 6.25146 12.6767 21.34
      vertex 7.90764 13.6964 21.34
      vertex 6.74364 13.6748 21.34
    endloop
  endfacet
  facet normal 0 0 1
    outer loop
      vertex 9.17915 9.17915 21.34
      vertex 8.2979 8.2979 21.34
      vertex 9.22427 8.54501 21.34
    endloop
  endfacet
  facet normal 0 0 1
    outer loop
      vertex 9.17915 9.17915 21.34
      vertex 6.15605 9.2132 21.34
      vertex 8.2979 8.2979 21.34
    endloop
  endfacet
  facet normal 0 0 1
    outer loop
      vertex 9.05775 11.8043 21.34
      vertex 6.25146 12.6767 21.34
      vertex 6.30374 10.9184 21.34
    endloop
  endfacet
  facet normal -0 0 1
    outer loop
      vertex 5.33241 12.8736 21.34
      vertex 6.25146 12.6767 21.34
      vertex 6.74364 13.6748 21.34
    endloop
  endfacet
  facet normal 0 0 1
    outer loop
      vertex 5.33241 12.8736 21.34
      vertex 4.99162 12.0508 21.34
      vertex 6.25146 12.6767 21.34
    endloop
  endfacet
  facet normal 0 0 1
    outer loop
      vertex 3.8967 11.4793 21.34
      vertex 4.99162 12.0508 21.34
      vertex 5.33241 12.8736 21.34
    endloop
  endfacet
  facet normal -0 0 1
    outer loop
      vertex 3.8967 11.4793 21.34
      vertex 3.70197 10.9057 21.34
      vertex 4.99162 12.0508 21.34
    endloop
  endfacet
  facet normal 0 0 1
    outer loop
      vertex 2.64537 9.8727 21.34
      vertex 3.70197 10.9057 21.34
      vertex 3.8967 11.4793 21.34
    endloop
  endfacet
  facet normal -0 0 1
    outer loop
      vertex 2.64537 9.8727 21.34
      vertex 2.5856 9.6496 21.34
      vertex 3.70197 10.9057 21.34
    endloop
  endfacet
  facet normal 0 -0 1
    outer loop
      vertex 2.5856 9.6496 21.34
      vertex 2.64537 9.8727 21.34
      vertex 2.48327 9.63973 21.34
    endloop
  endfacet
  facet normal 0 0 1
    outer loop
      vertex 8.2979 8.2979 21.34
      vertex 6.15605 9.2132 21.34
      vertex 6.73068 7.67487 21.34
    endloop
  endfacet
  facet normal 0 0 1
    outer loop
      vertex 6.73068 7.67487 21.34
      vertex 6.15605 9.2132 21.34
      vertex 5.81595 7.5795 21.34
    endloop
  endfacet
  facet normal 0 0 1
    outer loop
      vertex 13.5713 -0.889496 21.34
      vertex 12.0671 -1.58865 21.34
      vertex 13.4349 -2.67236 21.34
    endloop
  endfacet
  facet normal 0 0 1
    outer loop
      vertex 11.735 0 21.34
      vertex 12.0671 -1.58865 21.34
      vertex 13.5713 -0.889496 21.34
    endloop
  endfacet
  facet normal 0 0 1
    outer loop
      vertex 11.735 0 21.34
      vertex 10.6216 -0.696167 21.34
      vertex 12.0671 -1.58865 21.34
    endloop
  endfacet
  facet normal 0 0 1
    outer loop
      vertex 10.23 0.514932 21.34
      vertex 10.6216 -0.696167 21.34
      vertex 11.735 0 21.34
    endloop
  endfacet
  facet normal 0 0 1
    outer loop
      vertex 10.6216 -0.696167 21.34
      vertex 10.23 0.514932 21.34
      vertex 9.11749 0 21.34
    endloop
  endfacet
  facet normal -0 0 1
    outer loop
      vertex 13.4349 -2.67236 21.34
      vertex 15.4624 -3.07565 21.34
      vertex 14.9108 -1.96303 21.34
    endloop
  endfacet
  facet normal 0 0 1
    outer loop
      vertex 15.4624 -3.07565 21.34
      vertex 13.4349 -2.67236 21.34
      vertex 15.1813 -4.06781 21.34
    endloop
  endfacet
  facet normal 0 0 1
    outer loop
      vertex 13.4349 -2.67236 21.34
      vertex 14.9108 -1.96303 21.34
      vertex 13.5713 -0.889496 21.34
    endloop
  endfacet
  facet normal -0 0 1
    outer loop
      vertex 13.0207 -3.48888 21.34
      vertex 15.1813 -4.06781 21.34
      vertex 13.4349 -2.67236 21.34
    endloop
  endfacet
  facet normal 0 0 1
    outer loop
      vertex 15.1813 -4.06781 21.34
      vertex 13.0207 -3.48888 21.34
      vertex 14.259 -4.84026 21.34
    endloop
  endfacet
  facet normal 0 0 1
    outer loop
      vertex 14.259 -4.84026 21.34
      vertex 13.0207 -3.48888 21.34
      vertex 13.0226 -5.39415 21.34
    endloop
  endfacet
  facet normal -0 0 1
    outer loop
      vertex 11.3188 -3.84219 21.34
      vertex 13.0226 -5.39415 21.34
      vertex 13.0207 -3.48888 21.34
    endloop
  endfacet
  facet normal 0 0 1
    outer loop
      vertex 13.0226 -5.39415 21.34
      vertex 11.3188 -3.84219 21.34
      vertex 11.792 -5.81514 21.34
    endloop
  endfacet
  facet normal 0 0 1
    outer loop
      vertex 11.3188 -3.84219 21.34
      vertex 10.7579 -6.21107 21.34
      vertex 11.792 -5.81514 21.34
    endloop
  endfacet
  facet normal -0 0 1
    outer loop
      vertex 9.4072 -5.43124 21.34
      vertex 10.7579 -6.21107 21.34
      vertex 11.3188 -3.84219 21.34
    endloop
  endfacet
  facet normal 0 0 1
    outer loop
      vertex 9.4072 -5.43124 21.34
      vertex 11.3188 -3.84219 21.34
      vertex 9.6326 -3.98994 21.34
    endloop
  endfacet
  facet normal 0 0 1
    outer loop
      vertex 10.7579 -6.21107 21.34
      vertex 9.4072 -5.43124 21.34
      vertex 10.0983 -6.55334 21.34
    endloop
  endfacet
  facet normal 0 -0 1
    outer loop
      vertex 9.4072 -5.43124 21.34
      vertex 9.6326 -3.98994 21.34
      vertex 8.37286 -4.12903 21.34
    endloop
  endfacet
  facet normal 0 0 1
    outer loop
      vertex -10.6216 0.696167 21.34
      vertex -10.6216 -0.696167 21.34
      vertex -9.11749 0 21.34
    endloop
  endfacet
  facet normal -0 0 1
    outer loop
      vertex -11.3325 0.742767 21.34
      vertex -10.6216 0.696167 21.34
      vertex -11.0971 0.989733 21.34
    endloop
  endfacet
  facet normal 0 0 1
    outer loop
      vertex -11.735 0 21.34
      vertex -10.6216 0.696167 21.34
      vertex -11.3325 0.742767 21.34
    endloop
  endfacet
  facet normal 0 0 1
    outer loop
      vertex -10.6216 0.696167 21.34
      vertex -11.735 0 21.34
      vertex -10.6216 -0.696167 21.34
    endloop
  endfacet
  facet normal 0 0 1
    outer loop
      vertex -12.0873 -0.792236 21.34
      vertex -10.6216 -0.696167 21.34
      vertex -11.735 0 21.34
    endloop
  endfacet
  facet normal 0 0 1
    outer loop
      vertex -10.6216 -0.696167 21.34
      vertex -12.0873 -0.792236 21.34
      vertex -12.0671 -1.58865 21.34
    endloop
  endfacet
  facet normal 0 0 1
    outer loop
      vertex -12.5712 -1.65503 21.34
      vertex -12.0671 -1.58865 21.34
      vertex -12.0873 -0.792236 21.34
    endloop
  endfacet
  facet normal 0 0 1
    outer loop
      vertex -12.0671 -1.58865 21.34
      vertex -12.5712 -1.65503 21.34
      vertex -13.08 -2.39117 21.34
    endloop
  endfacet
  facet normal 0 0 -1
    outer loop
      vertex 12.0671 1.58865 21.34
      vertex 13.0207 3.48888 21.34
      vertex 13.4349 2.67236 21.34
    endloop
  endfacet
  facet normal 0 0 -1
    outer loop
      vertex 12.0671 1.58865 21.34
      vertex 11.3188 3.84219 21.34
      vertex 13.0207 3.48888 21.34
    endloop
  endfacet
  facet normal 0 0 -1
    outer loop
      vertex 10.6216 0.696167 21.34
      vertex 11.3188 3.84219 21.34
      vertex 12.0671 1.58865 21.34
    endloop
  endfacet
  facet normal 0 0 -1
    outer loop
      vertex 9.84843 0.645493 21.34
      vertex 10.6216 0.696167 21.34
      vertex 10.23 0.514932 21.34
    endloop
  endfacet
  facet normal 0 0 -1
    outer loop
      vertex 9.6326 3.98994 21.34
      vertex 10.6216 0.696167 21.34
      vertex 9.84843 0.645493 21.34
    endloop
  endfacet
  facet normal 0 0 -1
    outer loop
      vertex 10.6216 0.696167 21.34
      vertex 9.6326 3.98994 21.34
      vertex 11.3188 3.84219 21.34
    endloop
  endfacet
  facet normal 0 0 -1
    outer loop
      vertex 8.6608 3.58742 21.34
      vertex 9.6326 3.98994 21.34
      vertex 9.84843 0.645493 21.34
    endloop
  endfacet
  facet normal -0 0 -1
    outer loop
      vertex 9.6326 3.98994 21.34
      vertex 8.6608 3.58742 21.34
      vertex 8.9523 4.06505 21.34
    endloop
  endfacet
  facet normal 0 0 -1
    outer loop
      vertex 8.35841 1.1004 21.34
      vertex 8.6608 3.58742 21.34
      vertex 9.84843 0.645493 21.34
    endloop
  endfacet
  facet normal 0 0 -1
    outer loop
      vertex 8.35841 1.1004 21.34
      vertex 7.96548 2.70392 21.34
      vertex 8.6608 3.58742 21.34
    endloop
  endfacet
  facet normal 0 0 -1
    outer loop
      vertex 7.48898 2.00665 21.34
      vertex 8.35841 1.1004 21.34
      vertex 7.55659 1.5031 21.34
    endloop
  endfacet
  facet normal 0 0 -1
    outer loop
      vertex 8.35841 1.1004 21.34
      vertex 7.48898 2.00665 21.34
      vertex 7.96548 2.70392 21.34
    endloop
  endfacet
  facet normal 0 0 -1
    outer loop
      vertex 1.69095 8.50099 21.34
      vertex 1.90639 9.58411 21.34
      vertex 2.48327 9.63973 21.34
    endloop
  endfacet
  facet normal 0 0 -1
    outer loop
      vertex 0 8.245 21.34
      vertex 1.90639 9.58411 21.34
      vertex 1.69095 8.50099 21.34
    endloop
  endfacet
  facet normal 0 0 -1
    outer loop
      vertex 0 8.245 21.34
      vertex 1.69095 8.50099 21.34
      vertex 1.01631 7.7197 21.34
    endloop
  endfacet
  facet normal 0 0 -1
    outer loop
      vertex 1.90639 9.58411 21.34
      vertex 0 8.245 21.34
      vertex -0.599991 9.15416 21.34
    endloop
  endfacet
  facet normal 0 0 -1
    outer loop
      vertex 0 8.245 21.34
      vertex 1.01631 7.7197 21.34
      vertex 0.502716 7.67015 21.34
    endloop
  endfacet
  facet normal -0 0 -1
    outer loop
      vertex 1.90639 9.58411 21.34
      vertex -0.599991 9.15416 21.34
      vertex 1.47478 11.2021 21.34
    endloop
  endfacet
  facet normal 0 0 -1
    outer loop
      vertex -1.32433 10.0593 21.34
      vertex 1.47478 11.2021 21.34
      vertex -0.599991 9.15416 21.34
    endloop
  endfacet
  facet normal 0 0 -1
    outer loop
      vertex -1.47478 11.2021 21.34
      vertex 1.47478 11.2021 21.34
      vertex -1.32433 10.0593 21.34
    endloop
  endfacet
  facet normal 0 0 -1
    outer loop
      vertex 0.838821 12.7982 21.34
      vertex -0.838821 12.7982 21.34
      vertex 0 14.3525 21.34
    endloop
  endfacet
  facet normal 0 0 -1
    outer loop
      vertex 1.47478 11.2021 21.34
      vertex -1.47478 11.2021 21.34
      vertex 0.838821 12.7982 21.34
    endloop
  endfacet
  facet normal -0 0 -1
    outer loop
      vertex 0.838821 12.7982 21.34
      vertex -1.47478 11.2021 21.34
      vertex -0.838821 12.7982 21.34
    endloop
  endfacet
  facet normal 0 -0 -1
    outer loop
      vertex -1.47478 11.2021 21.34
      vertex -1.32433 10.0593 21.34
      vertex -1.69855 10.3632 21.34
    endloop
  endfacet
  facet normal 0 0 -1
    outer loop
      vertex 10.3014 6.88316 21.34
      vertex 9.97079 8.74416 21.34
      vertex 11.0405 8.47166 21.34
    endloop
  endfacet
  facet normal 0 0 -1
    outer loop
      vertex 9.42058 7.22867 21.34
      vertex 10.3014 6.88316 21.34
      vertex 9.57983 6.40105 21.34
    endloop
  endfacet
  facet normal 0 -0 -1
    outer loop
      vertex 9.57983 6.40105 21.34
      vertex 10.3014 6.88316 21.34
      vertex 9.57009 5.69574 21.34
    endloop
  endfacet
  facet normal 0 0 -1
    outer loop
      vertex 10.3014 6.88316 21.34
      vertex 9.42058 7.22867 21.34
      vertex 9.97079 8.74416 21.34
    endloop
  endfacet
  facet normal 0 0 -1
    outer loop
      vertex 9.25478 8.11621 21.34
      vertex 9.97079 8.74416 21.34
      vertex 9.42058 7.22867 21.34
    endloop
  endfacet
  facet normal 0 0 -1
    outer loop
      vertex 9.97079 8.74416 21.34
      vertex 9.25478 8.11621 21.34
      vertex 9.22427 8.54501 21.34
    endloop
  endfacet
  facet normal 0 0 1
    outer loop
      vertex -2.5856 9.6496 21.34
      vertex -1.69855 10.3632 21.34
      vertex -2.13127 10.7147 21.34
    endloop
  endfacet
  facet normal 0 0 1
    outer loop
      vertex -1.69855 10.3632 21.34
      vertex -2.5856 9.6496 21.34
      vertex -1.90639 9.58411 21.34
    endloop
  endfacet
  facet normal 0 0 1
    outer loop
      vertex -2.96152 11.0526 21.34
      vertex -2.5856 9.6496 21.34
      vertex -2.13127 10.7147 21.34
    endloop
  endfacet
  facet normal 0 0 1
    outer loop
      vertex -2.96152 11.0526 21.34
      vertex -3.70197 10.9057 21.34
      vertex -2.5856 9.6496 21.34
    endloop
  endfacet
  facet normal 0 0 1
    outer loop
      vertex -3.7942 11.1774 21.34
      vertex -3.70197 10.9057 21.34
      vertex -2.96152 11.0526 21.34
    endloop
  endfacet
  facet normal 0 0 1
    outer loop
      vertex -3.70197 10.9057 21.34
      vertex -3.7942 11.1774 21.34
      vertex -4.03954 11.2054 21.34
    endloop
  endfacet
  facet normal 0 0 -1
    outer loop
      vertex -4.67134 11.2776 21.34
      vertex -4.99162 12.0508 21.34
      vertex -4.03954 11.2054 21.34
    endloop
  endfacet
  facet normal 0 0 -1
    outer loop
      vertex -5.67238 11.5024 21.34
      vertex -4.99162 12.0508 21.34
      vertex -4.67134 11.2776 21.34
    endloop
  endfacet
  facet normal 0 0 -1
    outer loop
      vertex -5.67238 11.5024 21.34
      vertex -6.25146 12.6767 21.34
      vertex -4.99162 12.0508 21.34
    endloop
  endfacet
  facet normal 0 -0 -1
    outer loop
      vertex -6.25146 12.6767 21.34
      vertex -5.67238 11.5024 21.34
      vertex -6.28082 11.6894 21.34
    endloop
  endfacet
  facet normal 0 0 1
    outer loop
      vertex -9.6326 -3.98994 21.34
      vertex -9.4072 -5.43124 21.34
      vertex -8.37286 -4.12903 21.34
    endloop
  endfacet
  facet normal 0 0 1
    outer loop
      vertex -11.3188 -3.84219 21.34
      vertex -9.4072 -5.43124 21.34
      vertex -9.6326 -3.98994 21.34
    endloop
  endfacet
  facet normal 0 0 1
    outer loop
      vertex -9.4072 -5.43124 21.34
      vertex -11.3188 -3.84219 21.34
      vertex -10.3014 -6.88316 21.34
    endloop
  endfacet
  facet normal 0 -0 1
    outer loop
      vertex -10.7121 -7.15758 21.34
      vertex -10.3014 -6.88316 21.34
      vertex -11.3188 -3.84219 21.34
    endloop
  endfacet
  facet normal 0 0 1
    outer loop
      vertex -10.3014 -6.88316 21.34
      vertex -10.7121 -7.15758 21.34
      vertex -10.3935 -7.0811 21.34
    endloop
  endfacet
  facet normal 0 0 1
    outer loop
      vertex -11.3188 -3.84219 21.34
      vertex -12.5901 -7.26892 21.34
      vertex -10.7121 -7.15758 21.34
    endloop
  endfacet
  facet normal 0 0 1
    outer loop
      vertex -13.0207 -3.48888 21.34
      vertex -12.5901 -7.26892 21.34
      vertex -11.3188 -3.84219 21.34
    endloop
  endfacet
  facet normal 0 0 1
    outer loop
      vertex -14.0014 -3.75166 21.34
      vertex -13.0207 -3.48888 21.34
      vertex -13.3657 -2.80879 21.34
    endloop
  endfacet
  facet normal 0 0 1
    outer loop
      vertex -14.5609 -4.94275 21.34
      vertex -13.0207 -3.48888 21.34
      vertex -14.0014 -3.75166 21.34
    endloop
  endfacet
  facet normal 0 0 1
    outer loop
      vertex -13.0207 -3.48888 21.34
      vertex -14.5609 -4.94275 21.34
      vertex -12.5901 -7.26892 21.34
    endloop
  endfacet
  facet normal 0 0 1
    outer loop
      vertex -12.5901 -7.26892 21.34
      vertex -14.5609 -4.94275 21.34
      vertex -13.9643 -6.88641 21.34
    endloop
  endfacet
  facet normal 0 0 1
    outer loop
      vertex -13.9643 -6.88641 21.34
      vertex -14.5609 -4.94275 21.34
      vertex -14.6186 -6.05522 21.34
    endloop
  endfacet
  facet normal -0 0 -1
    outer loop
      vertex -4.31023 -10.4058 21.34
      vertex -6.30374 -10.9184 21.34
      vertex -4.70813 -9.54715 21.34
    endloop
  endfacet
  facet normal 0 0 -1
    outer loop
      vertex -6.30374 -10.9184 21.34
      vertex -4.31023 -10.4058 21.34
      vertex -4.99162 -12.0508 21.34
    endloop
  endfacet
  facet normal 0 0 -1
    outer loop
      vertex -4.99162 -12.0508 21.34
      vertex -4.31023 -10.4058 21.34
      vertex -3.79856 -10.9914 21.34
    endloop
  endfacet
  facet normal 0 -0 -1
    outer loop
      vertex -6.15605 -9.2132 21.34
      vertex -4.70813 -9.54715 21.34
      vertex -6.30374 -10.9184 21.34
    endloop
  endfacet
  facet normal 0 0 -1
    outer loop
      vertex -5.81595 -7.5795 21.34
      vertex -4.84496 -6.31406 21.34
      vertex -4.87762 -7.29988 21.34
    endloop
  endfacet
  facet normal 0 -0 -1
    outer loop
      vertex -5.81595 -7.5795 21.34
      vertex -4.88521 -8.46143 21.34
      vertex -6.15605 -9.2132 21.34
    endloop
  endfacet
  facet normal -0 0 -1
    outer loop
      vertex -4.84496 -6.31406 21.34
      vertex -5.81595 -7.5795 21.34
      vertex -5.68916 -5.68916 21.34
    endloop
  endfacet
  facet normal 0 0 -1
    outer loop
      vertex -4.84496 -6.31406 21.34
      vertex -5.68916 -5.68916 21.34
      vertex -5.03465 -5.74092 21.34
    endloop
  endfacet
  facet normal 0 0 -1
    outer loop
      vertex -4.88521 -8.46143 21.34
      vertex -5.81595 -7.5795 21.34
      vertex -4.87762 -7.29988 21.34
    endloop
  endfacet
  facet normal 0 0 -1
    outer loop
      vertex -6.30374 -10.9184 21.34
      vertex -4.99162 -12.0508 21.34
      vertex -6.25146 -12.6767 21.34
    endloop
  endfacet
  facet normal 0 0 -1
    outer loop
      vertex -4.70813 -9.54715 21.34
      vertex -6.15605 -9.2132 21.34
      vertex -4.88521 -8.46143 21.34
    endloop
  endfacet
  facet normal 0 0 -1
    outer loop
      vertex -6.93372 -6.0807 21.34
      vertex -5.81595 -7.5795 21.34
      vertex -6.73068 -7.67487 21.34
    endloop
  endfacet
  facet normal 0 0 -1
    outer loop
      vertex -5.81595 -7.5795 21.34
      vertex -6.93372 -6.0807 21.34
      vertex -5.68916 -5.68916 21.34
    endloop
  endfacet
  facet normal 0 0 -1
    outer loop
      vertex -8.69777 -6.67404 21.34
      vertex -6.73068 -7.67487 21.34
      vertex -8.2979 -8.2979 21.34
    endloop
  endfacet
  facet normal 0 0 -1
    outer loop
      vertex -6.73068 -7.67487 21.34
      vertex -8.69777 -6.67404 21.34
      vertex -6.93372 -6.0807 21.34
    endloop
  endfacet
  facet normal 0 0 -1
    outer loop
      vertex -9.97079 -8.74416 21.34
      vertex -8.69777 -6.67404 21.34
      vertex -8.2979 -8.2979 21.34
    endloop
  endfacet
  facet normal 0 0 -1
    outer loop
      vertex -9.97079 -8.74416 21.34
      vertex -10.3935 -7.0811 21.34
      vertex -8.69777 -6.67404 21.34
    endloop
  endfacet
  facet normal 0 -0 -1
    outer loop
      vertex -10.3935 -7.0811 21.34
      vertex -9.97079 -8.74416 21.34
      vertex -11.0405 -8.47166 21.34
    endloop
  endfacet
  facet normal -0 0 -1
    outer loop
      vertex -13.2487 -2.63533 21.34
      vertex -13.4349 -2.67236 21.34
      vertex -13.08 -2.39117 21.34
    endloop
  endfacet
  facet normal 0 0 -1
    outer loop
      vertex -13.4349 -2.67236 21.34
      vertex -13.2487 -2.63533 21.34
      vertex -13.3657 -2.80879 21.34
    endloop
  endfacet
  facet normal 0.775152 -0.631775 0
    outer loop
      vertex 2.8878 -14.518 21.34
      vertex 2.52348 -14.965 18.43
      vertex 2.8878 -14.518 18.43
    endloop
  endfacet
  facet normal 0.775162 -0.631763 -3.12992e-06
    outer loop
      vertex 2.04712 -15.5495 21.34
      vertex 2.52348 -14.965 18.43
      vertex 2.8878 -14.518 21.34
    endloop
  endfacet
  facet normal 0.77517 -0.631753 0
    outer loop
      vertex 2.52348 -14.965 18.43
      vertex 2.04712 -15.5495 21.34
      vertex 2.04712 -15.5495 18.43
    endloop
  endfacet
  facet normal 0.9539 -0.300126 0
    outer loop
      vertex 2.8878 -14.518 21.34
      vertex 3.42909 -12.7976 18.43
      vertex 3.42909 -12.7976 21.34
    endloop
  endfacet
  facet normal 0.9539 -0.300126 0
    outer loop
      vertex 3.42909 -12.7976 18.43
      vertex 2.8878 -14.518 21.34
      vertex 2.8878 -14.518 18.43
    endloop
  endfacet
  facet normal 0.994384 -0.105836 0
    outer loop
      vertex 3.63803 -10.8337 21.34
      vertex 3.64746 -10.7451 18.43
      vertex 3.64746 -10.7451 21.34
    endloop
  endfacet
  facet normal 0.994388 -0.105793 0
    outer loop
      vertex 3.42909 -12.7976 18.43
      vertex 3.63803 -10.8337 21.34
      vertex 3.42909 -12.7976 21.34
    endloop
  endfacet
  facet normal 0.994388 -0.105795 1.24749e-06
    outer loop
      vertex 3.63803 -10.8337 21.34
      vertex 3.42909 -12.7976 18.43
      vertex 3.64746 -10.7451 18.43
    endloop
  endfacet
  facet normal 1 -0.000873263 0
    outer loop
      vertex 3.64746 -10.7451 21.34
      vertex 3.64915 -8.80983 18.43
      vertex 3.64915 -8.80983 21.34
    endloop
  endfacet
  facet normal 1 -0.000873263 0
    outer loop
      vertex 3.64915 -8.80983 18.43
      vertex 3.64746 -10.7451 21.34
      vertex 3.64746 -10.7451 18.43
    endloop
  endfacet
  facet normal 0.999963 0.00856415 0
    outer loop
      vertex 3.64915 -8.80983 21.34
      vertex 3.63686 -7.37483 18.43
      vertex 3.63686 -7.37483 21.34
    endloop
  endfacet
  facet normal 0.999963 0.00856415 0
    outer loop
      vertex 3.63686 -7.37483 18.43
      vertex 3.64915 -8.80983 21.34
      vertex 3.64915 -8.80983 18.43
    endloop
  endfacet
  facet normal 0.968883 -0.247519 0
    outer loop
      vertex 3.63686 -7.37483 21.34
      vertex 3.82735 -6.62918 18.43
      vertex 3.82735 -6.62918 21.34
    endloop
  endfacet
  facet normal 0.968883 -0.247519 0
    outer loop
      vertex 3.82735 -6.62918 18.43
      vertex 3.63686 -7.37483 21.34
      vertex 3.63686 -7.37483 18.43
    endloop
  endfacet
  facet normal 0.196922 -0.980419 0
    outer loop
      vertex 3.82735 -6.62918 18.43
      vertex 4.35823 -6.52255 21.34
      vertex 3.82735 -6.62918 21.34
    endloop
  endfacet
  facet normal 0.196922 -0.980419 0
    outer loop
      vertex 4.35823 -6.52255 21.34
      vertex 3.82735 -6.62918 18.43
      vertex 4.35823 -6.52255 18.43
    endloop
  endfacet
  facet normal -0.318768 -0.947833 0
    outer loop
      vertex 4.35823 -6.52255 18.43
      vertex 5.22986 -6.81569 21.34
      vertex 4.35823 -6.52255 21.34
    endloop
  endfacet
  facet normal -0.318768 -0.947833 -0
    outer loop
      vertex 5.22986 -6.81569 21.34
      vertex 4.35823 -6.52255 18.43
      vertex 5.22986 -6.81569 18.43
    endloop
  endfacet
  facet normal -0.333023 -0.942919 0
    outer loop
      vertex 5.32457 -6.84914 18.43
      vertex 5.22986 -6.81569 21.34
      vertex 5.22986 -6.81569 18.43
    endloop
  endfacet
  facet normal -0.333037 -0.942914 -5.19572e-07
    outer loop
      vertex 5.22986 -6.81569 21.34
      vertex 5.32457 -6.84914 18.43
      vertex 6.31256 -7.1981 21.34
    endloop
  endfacet
  facet normal -0.333039 -0.942913 -0
    outer loop
      vertex 6.31256 -7.1981 21.34
      vertex 5.32457 -6.84914 18.43
      vertex 6.31256 -7.1981 18.43
    endloop
  endfacet
  facet normal -0.194164 -0.980969 0
    outer loop
      vertex 6.31256 -7.1981 18.43
      vertex 7.41663 -7.41663 21.34
      vertex 6.31256 -7.1981 21.34
    endloop
  endfacet
  facet normal -0.194164 -0.980969 -0
    outer loop
      vertex 7.41663 -7.41663 21.34
      vertex 6.31256 -7.1981 18.43
      vertex 7.41663 -7.41663 18.43
    endloop
  endfacet
  facet normal 0.059447 -0.998231 0
    outer loop
      vertex 7.41663 -7.41663 18.43
      vertex 8.3909 -7.35861 21.34
      vertex 7.41663 -7.41663 21.34
    endloop
  endfacet
  facet normal 0.059447 -0.998231 0
    outer loop
      vertex 8.3909 -7.35861 21.34
      vertex 7.41663 -7.41663 18.43
      vertex 8.3909 -7.35861 18.43
    endloop
  endfacet
  facet normal 0.347524 -0.937671 0
    outer loop
      vertex 8.3909 -7.35861 18.43
      vertex 9.1994 -7.05896 21.34
      vertex 8.3909 -7.35861 21.34
    endloop
  endfacet
  facet normal 0.347524 -0.937671 0
    outer loop
      vertex 9.1994 -7.05896 21.34
      vertex 8.3909 -7.35861 18.43
      vertex 9.1994 -7.05896 18.43
    endloop
  endfacet
  facet normal 0.49666 -0.867945 0
    outer loop
      vertex 9.1994 -7.05896 18.43
      vertex 9.93474 -6.63818 21.34
      vertex 9.1994 -7.05896 21.34
    endloop
  endfacet
  facet normal 0.49666 -0.867945 0
    outer loop
      vertex 9.93474 -6.63818 21.34
      vertex 9.1994 -7.05896 18.43
      vertex 9.93474 -6.63818 18.43
    endloop
  endfacet
  facet normal 0.46045 -0.887686 0
    outer loop
      vertex 9.93474 -6.63818 18.43
      vertex 10.0983 -6.55334 21.34
      vertex 9.93474 -6.63818 21.34
    endloop
  endfacet
  facet normal 0.46056 -0.887628 -7.86216e-06
    outer loop
      vertex 10.7579 -6.21107 18.43
      vertex 10.0983 -6.55334 21.34
      vertex 9.93474 -6.63818 18.43
    endloop
  endfacet
  facet normal 0.460588 -0.887614 0
    outer loop
      vertex 10.0983 -6.55334 21.34
      vertex 10.7579 -6.21107 18.43
      vertex 10.7579 -6.21107 21.34
    endloop
  endfacet
  facet normal 0.357569 -0.933887 0
    outer loop
      vertex 11.5898 -5.89255 18.43
      vertex 10.7579 -6.21107 21.34
      vertex 10.7579 -6.21107 18.43
    endloop
  endfacet
  facet normal 0.357562 -0.933889 -2.28567e-06
    outer loop
      vertex 10.7579 -6.21107 21.34
      vertex 11.5898 -5.89255 18.43
      vertex 11.792 -5.81514 21.34
    endloop
  endfacet
  facet normal 0.357533 -0.9339 0
    outer loop
      vertex 11.792 -5.81514 21.34
      vertex 11.5898 -5.89255 18.43
      vertex 11.792 -5.81514 18.43
    endloop
  endfacet
  facet normal 0.323684 -0.946165 0
    outer loop
      vertex 11.792 -5.81514 18.43
      vertex 13.0226 -5.39415 21.34
      vertex 11.792 -5.81514 21.34
    endloop
  endfacet
  facet normal 0.323684 -0.946165 0
    outer loop
      vertex 13.0226 -5.39415 21.34
      vertex 11.792 -5.81514 18.43
      vertex 13.0226 -5.39415 18.43
    endloop
  endfacet
  facet normal 0.408836 -0.912608 0
    outer loop
      vertex 13.0226 -5.39415 18.43
      vertex 14.259 -4.84026 21.34
      vertex 13.0226 -5.39415 21.34
    endloop
  endfacet
  facet normal 0.408836 -0.912608 0
    outer loop
      vertex 14.259 -4.84026 21.34
      vertex 13.0226 -5.39415 18.43
      vertex 14.259 -4.84026 18.43
    endloop
  endfacet
  facet normal 0.642079 -0.766638 0
    outer loop
      vertex 14.259 -4.84026 18.43
      vertex 15.1813 -4.06781 21.34
      vertex 14.259 -4.84026 21.34
    endloop
  endfacet
  facet normal 0.642079 -0.766638 0
    outer loop
      vertex 15.1813 -4.06781 21.34
      vertex 14.259 -4.84026 18.43
      vertex 15.1813 -4.06781 18.43
    endloop
  endfacet
  facet normal 0.962145 -0.272538 0
    outer loop
      vertex 15.4624 -3.07565 21.34
      vertex 15.3377 -3.51588 18.43
      vertex 15.4624 -3.07565 18.43
    endloop
  endfacet
  facet normal 0.96213 -0.272592 8.76458e-06
    outer loop
      vertex 15.1813 -4.06781 21.34
      vertex 15.3377 -3.51588 18.43
      vertex 15.4624 -3.07565 21.34
    endloop
  endfacet
  facet normal 0.962118 -0.272635 0
    outer loop
      vertex 15.3377 -3.51588 18.43
      vertex 15.1813 -4.06781 21.34
      vertex 15.1813 -4.06781 18.43
    endloop
  endfacet
  facet normal 0.895939 0.444177 0
    outer loop
      vertex 15.4624 -3.07565 21.34
      vertex 14.9108 -1.96303 18.43
      vertex 14.9108 -1.96303 21.34
    endloop
  endfacet
  facet normal 0.895939 0.444177 0
    outer loop
      vertex 14.9108 -1.96303 18.43
      vertex 15.4624 -3.07565 21.34
      vertex 15.4624 -3.07565 18.43
    endloop
  endfacet
  facet normal 0.625382 0.780319 -0
    outer loop
      vertex 14.9108 -1.96303 18.43
      vertex 13.5713 -0.889496 21.34
      vertex 14.9108 -1.96303 21.34
    endloop
  endfacet
  facet normal 0.625382 0.780319 0
    outer loop
      vertex 13.5713 -0.889496 21.34
      vertex 14.9108 -1.96303 18.43
      vertex 13.5713 -0.889496 18.43
    endloop
  endfacet
  facet normal 0.435944 0.899974 -0
    outer loop
      vertex 13.5713 -0.889496 18.43
      vertex 11.735 0 21.34
      vertex 13.5713 -0.889496 21.34
    endloop
  endfacet
  facet normal 0.435944 0.899974 0
    outer loop
      vertex 11.735 0 21.34
      vertex 13.5713 -0.889496 18.43
      vertex 11.735 0 18.43
    endloop
  endfacet
  facet normal 0.323723 0.946152 -0
    outer loop
      vertex 11.735 0 18.43
      vertex 10.23 0.514932 21.34
      vertex 11.735 0 21.34
    endloop
  endfacet
  facet normal 0.323727 0.946151 2.01672e-06
    outer loop
      vertex 9.84843 0.645493 18.43
      vertex 10.23 0.514932 21.34
      vertex 11.735 0 18.43
    endloop
  endfacet
  facet normal 0.323741 0.946146 0
    outer loop
      vertex 10.23 0.514932 21.34
      vertex 9.84843 0.645493 18.43
      vertex 9.84843 0.645493 21.34
    endloop
  endfacet
  facet normal 0.291997 0.956419 -0
    outer loop
      vertex 9.84843 0.645493 18.43
      vertex 8.35841 1.1004 21.34
      vertex 9.84843 0.645493 21.34
    endloop
  endfacet
  facet normal 0.291997 0.956419 0
    outer loop
      vertex 8.35841 1.1004 21.34
      vertex 9.84843 0.645493 18.43
      vertex 8.35841 1.1004 18.43
    endloop
  endfacet
  facet normal 0.448809 0.893628 -0
    outer loop
      vertex 8.35841 1.1004 18.43
      vertex 7.55659 1.5031 21.34
      vertex 8.35841 1.1004 21.34
    endloop
  endfacet
  facet normal 0.448809 0.893628 0
    outer loop
      vertex 7.55659 1.5031 21.34
      vertex 8.35841 1.1004 18.43
      vertex 7.55659 1.5031 18.43
    endloop
  endfacet
  facet normal 0.991104 0.133089 0
    outer loop
      vertex 7.48898 2.00665 21.34
      vertex 7.52762 1.7189 18.43
      vertex 7.48898 2.00665 18.43
    endloop
  endfacet
  facet normal 0.991106 0.133073 1.61957e-06
    outer loop
      vertex 7.55659 1.5031 21.34
      vertex 7.52762 1.7189 18.43
      vertex 7.48898 2.00665 21.34
    endloop
  endfacet
  facet normal 0.991109 0.133051 0
    outer loop
      vertex 7.52762 1.7189 18.43
      vertex 7.55659 1.5031 21.34
      vertex 7.55659 1.5031 18.43
    endloop
  endfacet
  facet normal 0.825627 -0.564216 0
    outer loop
      vertex 7.48898 2.00665 21.34
      vertex 7.96548 2.70392 18.43
      vertex 7.96548 2.70392 21.34
    endloop
  endfacet
  facet normal 0.825627 -0.564216 0
    outer loop
      vertex 7.96548 2.70392 18.43
      vertex 7.48898 2.00665 21.34
      vertex 7.48898 2.00665 18.43
    endloop
  endfacet
  facet normal 0.785825 -0.618449 0
    outer loop
      vertex 7.96548 2.70392 21.34
      vertex 8.6608 3.58742 18.43
      vertex 8.6608 3.58742 21.34
    endloop
  endfacet
  facet normal 0.785825 -0.618449 0
    outer loop
      vertex 8.6608 3.58742 18.43
      vertex 7.96548 2.70392 21.34
      vertex 7.96548 2.70392 18.43
    endloop
  endfacet
  facet normal 0.853592 -0.520942 0
    outer loop
      vertex 8.9523 4.06505 21.34
      vertex 9.25763 4.56535 18.43
      vertex 9.25763 4.56535 21.34
    endloop
  endfacet
  facet normal 0.853588 -0.520949 0
    outer loop
      vertex 8.6608 3.58742 18.43
      vertex 8.9523 4.06505 21.34
      vertex 8.6608 3.58742 21.34
    endloop
  endfacet
  facet normal 0.85359 -0.520945 -8.04495e-07
    outer loop
      vertex 8.9523 4.06505 21.34
      vertex 8.6608 3.58742 18.43
      vertex 9.25763 4.56535 18.43
    endloop
  endfacet
  facet normal 0.951455 -0.307789 0
    outer loop
      vertex 9.56772 5.52391 21.34
      vertex 9.33279 4.79768 18.43
      vertex 9.56772 5.52391 18.43
    endloop
  endfacet
  facet normal 0.951454 -0.307791 7.36731e-07
    outer loop
      vertex 9.25763 4.56535 21.34
      vertex 9.33279 4.79768 18.43
      vertex 9.56772 5.52391 21.34
    endloop
  endfacet
  facet normal 0.951451 -0.3078 0
    outer loop
      vertex 9.33279 4.79768 18.43
      vertex 9.25763 4.56535 21.34
      vertex 9.25763 4.56535 18.43
    endloop
  endfacet
  facet normal 0.999905 -0.0138082 0
    outer loop
      vertex 9.57009 5.69574 21.34
      vertex 9.57983 6.40105 18.43
      vertex 9.57983 6.40105 21.34
    endloop
  endfacet
  facet normal 0.999905 -0.0137914 0
    outer loop
      vertex 9.56772 5.52391 18.43
      vertex 9.57009 5.69574 21.34
      vertex 9.56772 5.52391 21.34
    endloop
  endfacet
  facet normal 0.999905 -0.0138049 7.98952e-07
    outer loop
      vertex 9.57009 5.69574 21.34
      vertex 9.56772 5.52391 18.43
      vertex 9.57983 6.40105 18.43
    endloop
  endfacet
  facet normal 0.981986 0.188953 0
    outer loop
      vertex 9.57983 6.40105 21.34
      vertex 9.42058 7.22867 18.43
      vertex 9.42058 7.22867 21.34
    endloop
  endfacet
  facet normal 0.981986 0.188953 0
    outer loop
      vertex 9.42058 7.22867 18.43
      vertex 9.57983 6.40105 21.34
      vertex 9.57983 6.40105 18.43
    endloop
  endfacet
  facet normal 0.982995 0.183632 0
    outer loop
      vertex 9.42058 7.22867 21.34
      vertex 9.25478 8.11621 18.43
      vertex 9.25478 8.11621 21.34
    endloop
  endfacet
  facet normal 0.982995 0.183632 0
    outer loop
      vertex 9.25478 8.11621 18.43
      vertex 9.42058 7.22867 21.34
      vertex 9.42058 7.22867 18.43
    endloop
  endfacet
  facet normal 0.997478 0.0709721 0
    outer loop
      vertex 9.22427 8.54501 21.34
      vertex 9.17915 9.17915 18.43
      vertex 9.17915 9.17915 21.34
    endloop
  endfacet
  facet normal 0.997478 0.0709726 -0
    outer loop
      vertex 9.25478 8.11621 18.43
      vertex 9.22427 8.54501 21.34
      vertex 9.25478 8.11621 21.34
    endloop
  endfacet
  facet normal 0.997478 0.0709723 5.01133e-08
    outer loop
      vertex 9.22427 8.54501 21.34
      vertex 9.25478 8.11621 18.43
      vertex 9.17915 9.17915 18.43
    endloop
  endfacet
  facet normal 0.999911 0.0133143 0
    outer loop
      vertex 9.17915 9.17915 21.34
      vertex 9.16226 10.4476 18.43
      vertex 9.16226 10.4476 21.34
    endloop
  endfacet
  facet normal 0.999911 0.0133143 0
    outer loop
      vertex 9.16226 10.4476 18.43
      vertex 9.17915 9.17915 21.34
      vertex 9.17915 9.17915 18.43
    endloop
  endfacet
  facet normal 0.997043 0.0768509 0
    outer loop
      vertex 9.05775 11.8043 21.34
      vertex 9.06841 11.666 18.43
      vertex 9.05775 11.8043 18.43
    endloop
  endfacet
  facet normal 0.997046 0.076805 2.19436e-06
    outer loop
      vertex 9.16226 10.4476 21.34
      vertex 9.06841 11.666 18.43
      vertex 9.05775 11.8043 21.34
    endloop
  endfacet
  facet normal 0.997047 0.0767998 0
    outer loop
      vertex 9.06841 11.666 18.43
      vertex 9.16226 10.4476 21.34
      vertex 9.16226 10.4476 18.43
    endloop
  endfacet
  facet normal 0.953193 0.302362 0
    outer loop
      vertex 9.05775 11.8043 21.34
      vertex 8.681 12.992 18.43
      vertex 8.681 12.992 21.34
    endloop
  endfacet
  facet normal 0.953193 0.302362 0
    outer loop
      vertex 8.681 12.992 18.43
      vertex 9.05775 11.8043 21.34
      vertex 9.05775 11.8043 18.43
    endloop
  endfacet
  facet normal 0.673377 0.7393 -0
    outer loop
      vertex 8.681 12.992 18.43
      vertex 7.90764 13.6964 21.34
      vertex 8.681 12.992 21.34
    endloop
  endfacet
  facet normal 0.673377 0.7393 0
    outer loop
      vertex 7.90764 13.6964 21.34
      vertex 8.681 12.992 18.43
      vertex 7.90764 13.6964 18.43
    endloop
  endfacet
  facet normal -0.0185535 0.999828 0
    outer loop
      vertex 7.90764 13.6964 18.43
      vertex 6.74364 13.6748 21.34
      vertex 7.90764 13.6964 21.34
    endloop
  endfacet
  facet normal -0.0185535 0.999828 0
    outer loop
      vertex 6.74364 13.6748 21.34
      vertex 7.90764 13.6964 18.43
      vertex 6.74364 13.6748 18.43
    endloop
  endfacet
  facet normal -0.493713 0.869625 0
    outer loop
      vertex 6.74364 13.6748 18.43
      vertex 5.33241 12.8736 21.34
      vertex 6.74364 13.6748 21.34
    endloop
  endfacet
  facet normal -0.493713 0.869625 0
    outer loop
      vertex 5.33241 12.8736 21.34
      vertex 6.74364 13.6748 18.43
      vertex 5.33241 12.8736 18.43
    endloop
  endfacet
  facet normal -0.696685 0.717377 0
    outer loop
      vertex 5.33241 12.8736 18.43
      vertex 3.8967 11.4793 21.34
      vertex 5.33241 12.8736 21.34
    endloop
  endfacet
  facet normal -0.696685 0.717377 0
    outer loop
      vertex 3.8967 11.4793 21.34
      vertex 5.33241 12.8736 18.43
      vertex 3.8967 11.4793 18.43
    endloop
  endfacet
  facet normal -0.788935 0.614477 0
    outer loop
      vertex 2.64537 9.8727 18.43
      vertex 3.8967 11.4793 21.34
      vertex 3.8967 11.4793 18.43
    endloop
  endfacet
  facet normal -0.788935 0.614477 0
    outer loop
      vertex 3.8967 11.4793 21.34
      vertex 2.64537 9.8727 18.43
      vertex 2.64537 9.8727 21.34
    endloop
  endfacet
  facet normal -0.820849 0.571145 0
    outer loop
      vertex 2.64537 9.8727 18.43
      vertex 2.48327 9.63973 21.34
      vertex 2.64537 9.8727 21.34
    endloop
  endfacet
  facet normal -0.820853 0.57114 -6.09438e-07
    outer loop
      vertex 1.69095 8.50099 18.43
      vertex 2.48327 9.63973 21.34
      vertex 2.64537 9.8727 18.43
    endloop
  endfacet
  facet normal -0.820853 0.571139 0
    outer loop
      vertex 2.48327 9.63973 21.34
      vertex 1.69095 8.50099 18.43
      vertex 1.69095 8.50099 21.34
    endloop
  endfacet
  facet normal -0.756878 0.653557 0
    outer loop
      vertex 1.37031 8.12966 18.43
      vertex 1.69095 8.50099 21.34
      vertex 1.69095 8.50099 18.43
    endloop
  endfacet
  facet normal -0.756874 0.65356 0
    outer loop
      vertex 1.01631 7.7197 21.34
      vertex 1.37031 8.12966 18.43
      vertex 1.01631 7.7197 18.43
    endloop
  endfacet
  facet normal -0.756876 0.653559 -4.14666e-07
    outer loop
      vertex 1.37031 8.12966 18.43
      vertex 1.01631 7.7197 21.34
      vertex 1.69095 8.50099 21.34
    endloop
  endfacet
  facet normal -0.0960311 0.995378 0
    outer loop
      vertex 1.01631 7.7197 18.43
      vertex 0.502716 7.67015 21.34
      vertex 1.01631 7.7197 21.34
    endloop
  endfacet
  facet normal -0.0960311 0.995378 0
    outer loop
      vertex 0.502716 7.67015 21.34
      vertex 1.01631 7.7197 18.43
      vertex 0.502716 7.67015 18.43
    endloop
  endfacet
  facet normal 0.752757 0.658299 0
    outer loop
      vertex 0.502716 7.67015 21.34
      vertex 0 8.245 18.43
      vertex 0 8.245 21.34
    endloop
  endfacet
  facet normal 0.752757 0.658299 0
    outer loop
      vertex 0 8.245 18.43
      vertex 0.502716 7.67015 21.34
      vertex 0.502716 7.67015 18.43
    endloop
  endfacet
  facet normal 0.834632 0.550807 0
    outer loop
      vertex 0 8.245 21.34
      vertex -0.599991 9.15416 18.43
      vertex -0.599991 9.15416 21.34
    endloop
  endfacet
  facet normal 0.834632 0.550807 0
    outer loop
      vertex -0.599991 9.15416 18.43
      vertex 0 8.245 21.34
      vertex 0 8.245 18.43
    endloop
  endfacet
  facet normal 0.780773 0.624814 0
    outer loop
      vertex -0.599991 9.15416 21.34
      vertex -1.32433 10.0593 18.43
      vertex -1.32433 10.0593 21.34
    endloop
  endfacet
  facet normal 0.780773 0.624814 0
    outer loop
      vertex -1.32433 10.0593 18.43
      vertex -0.599991 9.15416 21.34
      vertex -0.599991 9.15416 18.43
    endloop
  endfacet
  facet normal 0.6304 0.77627 -0
    outer loop
      vertex -1.32433 10.0593 18.43
      vertex -1.69855 10.3632 21.34
      vertex -1.32433 10.0593 21.34
    endloop
  endfacet
  facet normal 0.630454 0.776226 1.14778e-05
    outer loop
      vertex -2.13127 10.7147 18.43
      vertex -1.69855 10.3632 21.34
      vertex -1.32433 10.0593 18.43
    endloop
  endfacet
  facet normal 0.630501 0.776189 0
    outer loop
      vertex -1.69855 10.3632 21.34
      vertex -2.13127 10.7147 18.43
      vertex -2.13127 10.7147 21.34
    endloop
  endfacet
  facet normal 0.376962 0.926229 -0
    outer loop
      vertex -2.13127 10.7147 18.43
      vertex -2.96152 11.0526 21.34
      vertex -2.13127 10.7147 21.34
    endloop
  endfacet
  facet normal 0.376962 0.926229 0
    outer loop
      vertex -2.96152 11.0526 21.34
      vertex -2.13127 10.7147 18.43
      vertex -2.96152 11.0526 18.43
    endloop
  endfacet
  facet normal 0.148222 0.988954 -0
    outer loop
      vertex -2.96152 11.0526 18.43
      vertex -3.7942 11.1774 21.34
      vertex -2.96152 11.0526 21.34
    endloop
  endfacet
  facet normal 0.148222 0.988954 0
    outer loop
      vertex -3.7942 11.1774 21.34
      vertex -2.96152 11.0526 18.43
      vertex -3.7942 11.1774 18.43
    endloop
  endfacet
  facet normal 0.113391 0.99355 -0
    outer loop
      vertex -3.7942 11.1774 18.43
      vertex -4.03954 11.2054 21.34
      vertex -3.7942 11.1774 21.34
    endloop
  endfacet
  facet normal 0.113497 0.993538 9.01024e-06
    outer loop
      vertex -4.67134 11.2776 18.43
      vertex -4.03954 11.2054 21.34
      vertex -3.7942 11.1774 18.43
    endloop
  endfacet
  facet normal 0.113538 0.993534 0
    outer loop
      vertex -4.03954 11.2054 21.34
      vertex -4.67134 11.2776 18.43
      vertex -4.67134 11.2776 21.34
    endloop
  endfacet
  facet normal 0.21911 0.9757 -0
    outer loop
      vertex -4.67134 11.2776 18.43
      vertex -5.67238 11.5024 21.34
      vertex -4.67134 11.2776 21.34
    endloop
  endfacet
  facet normal 0.21911 0.9757 0
    outer loop
      vertex -5.67238 11.5024 21.34
      vertex -4.67134 11.2776 18.43
      vertex -5.67238 11.5024 18.43
    endloop
  endfacet
  facet normal 0.293781 0.955873 1.20575e-05
    outer loop
      vertex -5.89221 11.57 18.43
      vertex -6.28082 11.6894 21.34
      vertex -5.67238 11.5024 21.34
    endloop
  endfacet
  facet normal 0.293927 0.955828 0
    outer loop
      vertex -5.89221 11.57 18.43
      vertex -5.67238 11.5024 21.34
      vertex -5.67238 11.5024 18.43
    endloop
  endfacet
  facet normal 0.293687 0.955902 -1.64524e-06
    outer loop
      vertex -6.84978 11.8642 18.43
      vertex -6.28082 11.6894 21.34
      vertex -5.89221 11.57 18.43
    endloop
  endfacet
  facet normal 0.29368 0.955904 0
    outer loop
      vertex -6.28082 11.6894 21.34
      vertex -6.84978 11.8642 18.43
      vertex -6.84978 11.8642 21.34
    endloop
  endfacet
  facet normal 0.258133 0.966109 -0
    outer loop
      vertex -6.84978 11.8642 18.43
      vertex -8.16159 12.2147 21.34
      vertex -6.84978 11.8642 21.34
    endloop
  endfacet
  facet normal 0.258133 0.966109 0
    outer loop
      vertex -8.16159 12.2147 21.34
      vertex -6.84978 11.8642 18.43
      vertex -8.16159 12.2147 18.43
    endloop
  endfacet
  facet normal 0.0710102 0.997476 -0
    outer loop
      vertex -8.16159 12.2147 18.43
      vertex -9.44267 12.3059 21.34
      vertex -8.16159 12.2147 21.34
    endloop
  endfacet
  facet normal 0.0710102 0.997476 0
    outer loop
      vertex -9.44267 12.3059 21.34
      vertex -8.16159 12.2147 18.43
      vertex -9.44267 12.3059 18.43
    endloop
  endfacet
  facet normal -0.373064 0.927806 0
    outer loop
      vertex -9.44267 12.3059 18.43
      vertex -10.4402 11.9048 21.34
      vertex -9.44267 12.3059 21.34
    endloop
  endfacet
  facet normal -0.373064 0.927806 0
    outer loop
      vertex -10.4402 11.9048 21.34
      vertex -9.44267 12.3059 18.43
      vertex -10.4402 11.9048 18.43
    endloop
  endfacet
  facet normal -0.905984 0.423313 0
    outer loop
      vertex -10.9066 10.9066 18.43
      vertex -10.4402 11.9048 21.34
      vertex -10.4402 11.9048 18.43
    endloop
  endfacet
  facet normal -0.905984 0.423313 0
    outer loop
      vertex -10.4402 11.9048 21.34
      vertex -10.9066 10.9066 18.43
      vertex -10.9066 10.9066 21.34
    endloop
  endfacet
  facet normal -0.991824 -0.127612 0
    outer loop
      vertex -10.712 9.39413 18.43
      vertex -10.9066 10.9066 21.34
      vertex -10.9066 10.9066 18.43
    endloop
  endfacet
  facet normal -0.991824 -0.127612 0
    outer loop
      vertex -10.9066 10.9066 21.34
      vertex -10.712 9.39413 18.43
      vertex -10.712 9.39413 21.34
    endloop
  endfacet
  facet normal -0.914102 -0.405483 0
    outer loop
      vertex -10.712 9.39413 18.43
      vertex -10.3777 8.6405 21.34
      vertex -10.712 9.39413 21.34
    endloop
  endfacet
  facet normal -0.914109 -0.405469 4.42543e-06
    outer loop
      vertex -9.92221 7.61359 18.43
      vertex -10.3777 8.6405 21.34
      vertex -10.712 9.39413 18.43
    endloop
  endfacet
  facet normal -0.914113 -0.405459 0
    outer loop
      vertex -10.3777 8.6405 21.34
      vertex -9.92221 7.61359 18.43
      vertex -9.92221 7.61359 21.34
    endloop
  endfacet
  facet normal -0.839785 -0.542919 0
    outer loop
      vertex -8.80251 5.88164 18.43
      vertex -9.92221 7.61359 21.34
      vertex -9.92221 7.61359 18.43
    endloop
  endfacet
  facet normal -0.839785 -0.542919 0
    outer loop
      vertex -9.92221 7.61359 21.34
      vertex -8.80251 5.88164 18.43
      vertex -8.80251 5.88164 21.34
    endloop
  endfacet
  facet normal -0.798542 -0.60194 0
    outer loop
      vertex -8.63384 5.65788 18.43
      vertex -8.80251 5.88164 21.34
      vertex -8.80251 5.88164 18.43
    endloop
  endfacet
  facet normal -0.798546 -0.601934 -0
    outer loop
      vertex -7.73546 4.46606 21.34
      vertex -8.63384 5.65788 18.43
      vertex -7.73546 4.46606 18.43
    endloop
  endfacet
  facet normal -0.798545 -0.601935 -5.37088e-07
    outer loop
      vertex -8.63384 5.65788 18.43
      vertex -7.73546 4.46606 21.34
      vertex -8.80251 5.88164 21.34
    endloop
  endfacet
  facet normal -0.831195 -0.55598 0
    outer loop
      vertex -7.08531 3.49408 18.43
      vertex -7.73546 4.46606 21.34
      vertex -7.73546 4.46606 18.43
    endloop
  endfacet
  facet normal -0.831195 -0.55598 0
    outer loop
      vertex -7.73546 4.46606 21.34
      vertex -7.08531 3.49408 18.43
      vertex -7.08531 3.49408 21.34
    endloop
  endfacet
  facet normal -0.99935 -0.03605 0
    outer loop
      vertex -7.06483 2.92635 18.43
      vertex -7.08531 3.49408 21.34
      vertex -7.08531 3.49408 18.43
    endloop
  endfacet
  facet normal -0.99935 -0.03605 0
    outer loop
      vertex -7.08531 3.49408 21.34
      vertex -7.06483 2.92635 18.43
      vertex -7.06483 2.92635 21.34
    endloop
  endfacet
  facet normal -0.477014 0.878896 0
    outer loop
      vertex -7.06483 2.92635 18.43
      vertex -7.66353 2.60141 21.34
      vertex -7.06483 2.92635 21.34
    endloop
  endfacet
  facet normal -0.477014 0.878896 0
    outer loop
      vertex -7.66353 2.60141 21.34
      vertex -7.06483 2.92635 18.43
      vertex -7.66353 2.60141 18.43
    endloop
  endfacet
  facet normal -0.26706 0.96368 0
    outer loop
      vertex -7.66353 2.60141 18.43
      vertex -8.66885 2.32281 21.34
      vertex -7.66353 2.60141 21.34
    endloop
  endfacet
  facet normal -0.26706 0.96368 0
    outer loop
      vertex -8.66885 2.32281 21.34
      vertex -7.66353 2.60141 18.43
      vertex -8.66885 2.32281 18.43
    endloop
  endfacet
  facet normal -0.325679 0.94548 0
    outer loop
      vertex -8.66885 2.32281 18.43
      vertex -9.77026 1.94342 21.34
      vertex -8.66885 2.32281 21.34
    endloop
  endfacet
  facet normal -0.325679 0.94548 0
    outer loop
      vertex -9.77026 1.94342 21.34
      vertex -8.66885 2.32281 18.43
      vertex -9.77026 1.94342 18.43
    endloop
  endfacet
  facet normal -0.499558 0.86628 0
    outer loop
      vertex -9.77026 1.94342 18.43
      vertex -10.698 1.40842 21.34
      vertex -9.77026 1.94342 21.34
    endloop
  endfacet
  facet normal -0.499558 0.86628 0
    outer loop
      vertex -10.698 1.40842 21.34
      vertex -9.77026 1.94342 18.43
      vertex -10.698 1.40842 18.43
    endloop
  endfacet
  facet normal -0.723835 0.689973 0
    outer loop
      vertex -10.698 1.40842 18.43
      vertex -11.0971 0.989733 21.34
      vertex -10.698 1.40842 21.34
    endloop
  endfacet
  facet normal -0.723842 0.689966 -1.94719e-06
    outer loop
      vertex -11.3325 0.742767 18.43
      vertex -11.0971 0.989733 21.34
      vertex -10.698 1.40842 18.43
    endloop
  endfacet
  facet normal -0.723853 0.689954 0
    outer loop
      vertex -11.0971 0.989733 21.34
      vertex -11.3325 0.742767 18.43
      vertex -11.3325 0.742767 21.34
    endloop
  endfacet
  facet normal -0.879209 0.476437 0
    outer loop
      vertex -11.735 0 18.43
      vertex -11.3325 0.742767 21.34
      vertex -11.3325 0.742767 18.43
    endloop
  endfacet
  facet normal -0.879209 0.476437 0
    outer loop
      vertex -11.3325 0.742767 21.34
      vertex -11.735 0 18.43
      vertex -11.735 0 21.34
    endloop
  endfacet
  facet normal -0.913728 0.406326 0
    outer loop
      vertex -12.0873 -0.792236 18.43
      vertex -11.735 0 21.34
      vertex -11.735 0 18.43
    endloop
  endfacet
  facet normal -0.913728 0.406326 0
    outer loop
      vertex -11.735 0 21.34
      vertex -12.0873 -0.792236 18.43
      vertex -12.0873 -0.792236 21.34
    endloop
  endfacet
  facet normal -0.872189 0.489169 0
    outer loop
      vertex -12.5712 -1.65503 18.43
      vertex -12.0873 -0.792236 21.34
      vertex -12.0873 -0.792236 18.43
    endloop
  endfacet
  facet normal -0.872189 0.489169 0
    outer loop
      vertex -12.0873 -0.792236 21.34
      vertex -12.5712 -1.65503 18.43
      vertex -12.5712 -1.65503 21.34
    endloop
  endfacet
  facet normal -0.822629 0.568579 0
    outer loop
      vertex -12.5712 -1.65503 18.43
      vertex -13.08 -2.39117 21.34
      vertex -12.5712 -1.65503 21.34
    endloop
  endfacet
  facet normal -0.822651 0.568547 -1.20514e-05
    outer loop
      vertex -13.2487 -2.63533 18.43
      vertex -13.08 -2.39117 21.34
      vertex -12.5712 -1.65503 18.43
    endloop
  endfacet
  facet normal -0.822718 0.568449 0
    outer loop
      vertex -13.08 -2.39117 21.34
      vertex -13.2487 -2.63533 18.43
      vertex -13.2487 -2.63533 21.34
    endloop
  endfacet
  facet normal -0.829038 0.559192 0
    outer loop
      vertex -13.2487 -2.63533 18.43
      vertex -13.3657 -2.80879 21.34
      vertex -13.2487 -2.63533 21.34
    endloop
  endfacet
  facet normal -0.829132 0.559053 -1.20644e-05
    outer loop
      vertex -14.0014 -3.75166 18.43
      vertex -13.3657 -2.80879 21.34
      vertex -13.2487 -2.63533 18.43
    endloop
  endfacet
  facet normal -0.829149 0.559027 0
    outer loop
      vertex -13.3657 -2.80879 21.34
      vertex -14.0014 -3.75166 18.43
      vertex -14.0014 -3.75166 21.34
    endloop
  endfacet
  facet normal -0.905115 0.425167 0
    outer loop
      vertex -14.5609 -4.94275 18.43
      vertex -14.0014 -3.75166 21.34
      vertex -14.0014 -3.75166 18.43
    endloop
  endfacet
  facet normal -0.905115 0.425167 0
    outer loop
      vertex -14.0014 -3.75166 21.34
      vertex -14.5609 -4.94275 18.43
      vertex -14.5609 -4.94275 21.34
    endloop
  endfacet
  facet normal -0.998658 0.0517969 0
    outer loop
      vertex -14.6186 -6.05522 18.43
      vertex -14.5609 -4.94275 21.34
      vertex -14.5609 -4.94275 18.43
    endloop
  endfacet
  facet normal -0.998658 0.0517969 0
    outer loop
      vertex -14.5609 -4.94275 21.34
      vertex -14.6186 -6.05522 18.43
      vertex -14.6186 -6.05522 21.34
    endloop
  endfacet
  facet normal -0.785757 -0.618536 0
    outer loop
      vertex -13.9643 -6.88641 18.43
      vertex -14.6186 -6.05522 21.34
      vertex -14.6186 -6.05522 18.43
    endloop
  endfacet
  facet normal -0.785757 -0.618536 0
    outer loop
      vertex -14.6186 -6.05522 21.34
      vertex -13.9643 -6.88641 18.43
      vertex -13.9643 -6.88641 21.34
    endloop
  endfacet
  facet normal -0.268157 -0.963375 0
    outer loop
      vertex -13.9643 -6.88641 18.43
      vertex -12.5901 -7.26892 21.34
      vertex -13.9643 -6.88641 21.34
    endloop
  endfacet
  facet normal -0.268157 -0.963375 -0
    outer loop
      vertex -12.5901 -7.26892 21.34
      vertex -13.9643 -6.88641 18.43
      vertex -12.5901 -7.26892 18.43
    endloop
  endfacet
  facet normal 0.0591806 -0.998247 0
    outer loop
      vertex -10.9465 -7.17148 18.43
      vertex -12.5901 -7.26892 21.34
      vertex -12.5901 -7.26892 18.43
    endloop
  endfacet
  facet normal 0.0591826 -0.998247 1.11497e-06
    outer loop
      vertex -12.5901 -7.26892 21.34
      vertex -10.9465 -7.17148 18.43
      vertex -10.7121 -7.15758 21.34
    endloop
  endfacet
  facet normal 0.0591963 -0.998246 0
    outer loop
      vertex -10.7121 -7.15758 21.34
      vertex -10.9465 -7.17148 18.43
      vertex -10.7121 -7.15758 18.43
    endloop
  endfacet
  facet normal 0.233419 -0.972376 0
    outer loop
      vertex -10.7121 -7.15758 18.43
      vertex -10.3935 -7.0811 21.34
      vertex -10.7121 -7.15758 21.34
    endloop
  endfacet
  facet normal 0.233419 -0.972376 1.89774e-08
    outer loop
      vertex -8.69777 -6.67404 18.43
      vertex -10.3935 -7.0811 21.34
      vertex -10.7121 -7.15758 18.43
    endloop
  endfacet
  facet normal 0.233419 -0.972376 0
    outer loop
      vertex -10.3935 -7.0811 21.34
      vertex -8.69777 -6.67404 18.43
      vertex -8.69777 -6.67404 21.34
    endloop
  endfacet
  facet normal 0.318801 -0.947822 0
    outer loop
      vertex -8.69777 -6.67404 18.43
      vertex -6.93372 -6.0807 21.34
      vertex -8.69777 -6.67404 21.34
    endloop
  endfacet
  facet normal 0.318801 -0.947822 0
    outer loop
      vertex -6.93372 -6.0807 21.34
      vertex -8.69777 -6.67404 18.43
      vertex -6.93372 -6.0807 18.43
    endloop
  endfacet
  facet normal 0.3001 -0.953908 0
    outer loop
      vertex -6.93372 -6.0807 18.43
      vertex -5.68916 -5.68916 21.34
      vertex -6.93372 -6.0807 21.34
    endloop
  endfacet
  facet normal 0.3001 -0.953908 0
    outer loop
      vertex -5.68916 -5.68916 21.34
      vertex -6.93372 -6.0807 18.43
      vertex -5.68916 -5.68916 18.43
    endloop
  endfacet
  facet normal -0.0788359 -0.996888 0
    outer loop
      vertex -5.68916 -5.68916 18.43
      vertex -5.03465 -5.74092 21.34
      vertex -5.68916 -5.68916 21.34
    endloop
  endfacet
  facet normal -0.0788359 -0.996888 -0
    outer loop
      vertex -5.03465 -5.74092 21.34
      vertex -5.68916 -5.68916 18.43
      vertex -5.03465 -5.74092 18.43
    endloop
  endfacet
  facet normal -0.949355 -0.314205 0
    outer loop
      vertex -4.84496 -6.31406 18.43
      vertex -5.03465 -5.74092 21.34
      vertex -5.03465 -5.74092 18.43
    endloop
  endfacet
  facet normal -0.949355 -0.314205 0
    outer loop
      vertex -5.03465 -5.74092 21.34
      vertex -4.84496 -6.31406 18.43
      vertex -4.84496 -6.31406 21.34
    endloop
  endfacet
  facet normal -0.999452 0.0331116 0
    outer loop
      vertex -4.87762 -7.29988 18.43
      vertex -4.84496 -6.31406 21.34
      vertex -4.84496 -6.31406 18.43
    endloop
  endfacet
  facet normal -0.999452 0.0331116 0
    outer loop
      vertex -4.84496 -6.31406 21.34
      vertex -4.87762 -7.29988 18.43
      vertex -4.87762 -7.29988 21.34
    endloop
  endfacet
  facet normal -0.999979 0.00653423 0
    outer loop
      vertex -4.88521 -8.46143 18.43
      vertex -4.87762 -7.29988 21.34
      vertex -4.87762 -7.29988 18.43
    endloop
  endfacet
  facet normal -0.999979 0.00653423 0
    outer loop
      vertex -4.87762 -7.29988 21.34
      vertex -4.88521 -8.46143 18.43
      vertex -4.88521 -8.46143 21.34
    endloop
  endfacet
  facet normal -0.986958 -0.160977 0
    outer loop
      vertex -4.74922 -9.29519 18.43
      vertex -4.88521 -8.46143 21.34
      vertex -4.88521 -8.46143 18.43
    endloop
  endfacet
  facet normal -0.986962 -0.160955 -0
    outer loop
      vertex -4.70813 -9.54715 21.34
      vertex -4.74922 -9.29519 18.43
      vertex -4.70813 -9.54715 18.43
    endloop
  endfacet
  facet normal -0.986959 -0.160972 -1.51256e-06
    outer loop
      vertex -4.74922 -9.29519 18.43
      vertex -4.70813 -9.54715 21.34
      vertex -4.88521 -8.46143 21.34
    endloop
  endfacet
  facet normal -0.907315 -0.420451 0
    outer loop
      vertex -4.31023 -10.4058 18.43
      vertex -4.70813 -9.54715 21.34
      vertex -4.70813 -9.54715 18.43
    endloop
  endfacet
  facet normal -0.907315 -0.420451 0
    outer loop
      vertex -4.70813 -9.54715 21.34
      vertex -4.31023 -10.4058 18.43
      vertex -4.31023 -10.4058 21.34
    endloop
  endfacet
  facet normal -0.753042 -0.657973 0
    outer loop
      vertex -4.31023 -10.4058 18.43
      vertex -3.79856 -10.9914 21.34
      vertex -4.31023 -10.4058 21.34
    endloop
  endfacet
  facet normal -0.753087 -0.657921 1.8448e-05
    outer loop
      vertex -3.74997 -11.0471 18.43
      vertex -3.79856 -10.9914 21.34
      vertex -4.31023 -10.4058 18.43
    endloop
  endfacet
  facet normal -0.753565 -0.657374 0
    outer loop
      vertex -3.79856 -10.9914 21.34
      vertex -3.74997 -11.0471 18.43
      vertex -3.74997 -11.0471 21.34
    endloop
  endfacet
  facet normal -0.667207 -0.744872 0
    outer loop
      vertex -3.74997 -11.0471 18.43
      vertex -3.11295 -11.6177 21.34
      vertex -3.74997 -11.0471 21.34
    endloop
  endfacet
  facet normal -0.667207 -0.744872 -0
    outer loop
      vertex -3.11295 -11.6177 21.34
      vertex -3.74997 -11.0471 18.43
      vertex -3.11295 -11.6177 18.43
    endloop
  endfacet
  facet normal -0.71812 -0.695919 0
    outer loop
      vertex -2.44748 -12.3044 18.43
      vertex -3.11295 -11.6177 21.34
      vertex -3.11295 -11.6177 18.43
    endloop
  endfacet
  facet normal -0.71812 -0.695919 0
    outer loop
      vertex -3.11295 -11.6177 21.34
      vertex -2.44748 -12.3044 18.43
      vertex -2.44748 -12.3044 21.34
    endloop
  endfacet
  facet normal -0.787628 -0.616151 0
    outer loop
      vertex -1.73912 -13.2099 18.43
      vertex -2.44748 -12.3044 21.34
      vertex -2.44748 -12.3044 18.43
    endloop
  endfacet
  facet normal -0.787628 -0.616151 0
    outer loop
      vertex -2.44748 -12.3044 21.34
      vertex -1.73912 -13.2099 18.43
      vertex -1.73912 -13.2099 21.34
    endloop
  endfacet
  facet normal -0.795517 -0.605931 0
    outer loop
      vertex -0.935013 -14.2656 18.43
      vertex -1.73912 -13.2099 21.34
      vertex -1.73912 -13.2099 18.43
    endloop
  endfacet
  facet normal -0.795517 -0.605931 0
    outer loop
      vertex -1.73912 -13.2099 21.34
      vertex -0.935013 -14.2656 18.43
      vertex -0.935013 -14.2656 21.34
    endloop
  endfacet
  facet normal -0.71615 -0.697946 0
    outer loop
      vertex 0 -15.225 18.43
      vertex -0.935013 -14.2656 21.34
      vertex -0.935013 -14.2656 18.43
    endloop
  endfacet
  facet normal -0.71615 -0.697946 0
    outer loop
      vertex -0.935013 -14.2656 21.34
      vertex 0 -15.225 18.43
      vertex 0 -15.225 21.34
    endloop
  endfacet
  facet normal -0.453052 -0.891484 0
    outer loop
      vertex 0 -15.225 18.43
      vertex 1.03227 -15.7496 21.34
      vertex 0 -15.225 21.34
    endloop
  endfacet
  facet normal -0.453052 -0.891484 -0
    outer loop
      vertex 1.03227 -15.7496 21.34
      vertex 0 -15.225 18.43
      vertex 1.03227 -15.7496 18.43
    endloop
  endfacet
  facet normal 0.193448 -0.981111 0
    outer loop
      vertex 1.03227 -15.7496 18.43
      vertex 2.04712 -15.5495 21.34
      vertex 1.03227 -15.7496 21.34
    endloop
  endfacet
  facet normal 0.193448 -0.981111 0
    outer loop
      vertex 2.04712 -15.5495 21.34
      vertex 1.03227 -15.7496 18.43
      vertex 2.04712 -15.5495 18.43
    endloop
  endfacet
  facet normal -0 0 1
    outer loop
      vertex 4.99162 12.0508 24.25
      vertex 6.30374 10.9184 24.25
      vertex 6.25146 12.6767 24.25
    endloop
  endfacet
  facet normal 0 0 1
    outer loop
      vertex 3.70197 10.9057 24.25
      vertex 6.30374 10.9184 24.25
      vertex 4.99162 12.0508 24.25
    endloop
  endfacet
  facet normal -0 0 1
    outer loop
      vertex 2.5856 9.6496 24.25
      vertex 6.15605 9.2132 24.25
      vertex 3.70197 10.9057 24.25
    endloop
  endfacet
  facet normal 0 0 1
    outer loop
      vertex 6.30374 10.9184 24.25
      vertex 3.70197 10.9057 24.25
      vertex 6.15605 9.2132 24.25
    endloop
  endfacet
  facet normal 0 0 1
    outer loop
      vertex 9.97079 8.74416 24.25
      vertex 10.3014 6.88316 24.25
      vertex 11.0405 8.47166 24.25
    endloop
  endfacet
  facet normal -0 0 1
    outer loop
      vertex 8.2979 8.2979 24.25
      vertex 10.3014 6.88316 24.25
      vertex 9.97079 8.74416 24.25
    endloop
  endfacet
  facet normal 0 0 1
    outer loop
      vertex 10.3014 6.88316 24.25
      vertex 8.2979 8.2979 24.25
      vertex 9.4072 5.43124 24.25
    endloop
  endfacet
  facet normal 0 0 1
    outer loop
      vertex 9.4072 5.43124 24.25
      vertex 6.73068 7.67487 24.25
      vertex 8.37286 4.12903 24.25
    endloop
  endfacet
  facet normal -0 0 1
    outer loop
      vertex 6.73068 7.67487 24.25
      vertex 9.4072 5.43124 24.25
      vertex 8.2979 8.2979 24.25
    endloop
  endfacet
  facet normal 0 0 1
    outer loop
      vertex 13.0207 3.48888 24.25
      vertex 12.0671 1.58865 24.25
      vertex 13.4349 2.67236 24.25
    endloop
  endfacet
  facet normal 0 0 1
    outer loop
      vertex 11.3188 3.84219 24.25
      vertex 12.0671 1.58865 24.25
      vertex 13.0207 3.48888 24.25
    endloop
  endfacet
  facet normal 0 0 1
    outer loop
      vertex 11.3188 3.84219 24.25
      vertex 10.6216 0.696167 24.25
      vertex 12.0671 1.58865 24.25
    endloop
  endfacet
  facet normal 0 0 1
    outer loop
      vertex 9.6326 3.98994 24.25
      vertex 10.6216 0.696167 24.25
      vertex 11.3188 3.84219 24.25
    endloop
  endfacet
  facet normal 0 0 1
    outer loop
      vertex 9.6326 3.98994 24.25
      vertex 9.11749 0 24.25
      vertex 10.6216 0.696167 24.25
    endloop
  endfacet
  facet normal 0 -0 1
    outer loop
      vertex 9.11749 0 24.25
      vertex 9.6326 3.98994 24.25
      vertex 8.37286 4.12903 24.25
    endloop
  endfacet
  facet normal 0 0 1
    outer loop
      vertex 12.0671 -1.58865 24.25
      vertex 13.0207 -3.48888 24.25
      vertex 13.4349 -2.67236 24.25
    endloop
  endfacet
  facet normal 0 0 1
    outer loop
      vertex 12.0671 -1.58865 24.25
      vertex 11.3188 -3.84219 24.25
      vertex 13.0207 -3.48888 24.25
    endloop
  endfacet
  facet normal 0 0 1
    outer loop
      vertex 10.6216 -0.696167 24.25
      vertex 11.3188 -3.84219 24.25
      vertex 12.0671 -1.58865 24.25
    endloop
  endfacet
  facet normal 0 0 1
    outer loop
      vertex 10.6216 -0.696167 24.25
      vertex 9.6326 -3.98994 24.25
      vertex 11.3188 -3.84219 24.25
    endloop
  endfacet
  facet normal 0 0 1
    outer loop
      vertex 9.11749 0 24.25
      vertex 9.6326 -3.98994 24.25
      vertex 10.6216 -0.696167 24.25
    endloop
  endfacet
  facet normal 0 0 1
    outer loop
      vertex 8.37286 -4.12903 24.25
      vertex 9.11749 0 24.25
      vertex 8.37286 4.12903 24.25
    endloop
  endfacet
  facet normal 0 0 1
    outer loop
      vertex 9.11749 0 24.25
      vertex 8.37286 -4.12903 24.25
      vertex 9.6326 -3.98994 24.25
    endloop
  endfacet
  facet normal 0 0 1
    outer loop
      vertex 10.3014 -6.88316 24.25
      vertex 9.97079 -8.74416 24.25
      vertex 11.0405 -8.47166 24.25
    endloop
  endfacet
  facet normal 0 0 1
    outer loop
      vertex 8.2979 -8.2979 24.25
      vertex 10.3014 -6.88316 24.25
      vertex 9.4072 -5.43124 24.25
    endloop
  endfacet
  facet normal 0 0 1
    outer loop
      vertex 6.73068 -7.67487 24.25
      vertex 9.4072 -5.43124 24.25
      vertex 8.37286 -4.12903 24.25
    endloop
  endfacet
  facet normal 0 0 1
    outer loop
      vertex 10.3014 -6.88316 24.25
      vertex 8.2979 -8.2979 24.25
      vertex 9.97079 -8.74416 24.25
    endloop
  endfacet
  facet normal -0 0 1
    outer loop
      vertex 5.81595 7.5795 24.25
      vertex 8.37286 4.12903 24.25
      vertex 6.73068 7.67487 24.25
    endloop
  endfacet
  facet normal 0 0 1
    outer loop
      vertex 8.37286 4.12903 24.25
      vertex 5.81595 7.5795 24.25
      vertex 8.37286 -4.12903 24.25
    endloop
  endfacet
  facet normal 0 0 1
    outer loop
      vertex 9.4072 -5.43124 24.25
      vertex 6.73068 -7.67487 24.25
      vertex 8.2979 -8.2979 24.25
    endloop
  endfacet
  facet normal 0 0 1
    outer loop
      vertex 5.81595 -7.5795 24.25
      vertex 8.37286 -4.12903 24.25
      vertex 5.81595 7.5795 24.25
    endloop
  endfacet
  facet normal 0 0 1
    outer loop
      vertex 8.37286 -4.12903 24.25
      vertex 5.81595 -7.5795 24.25
      vertex 6.73068 -7.67487 24.25
    endloop
  endfacet
  facet normal -0 0 1
    outer loop
      vertex 3.70197 -10.9057 24.25
      vertex 6.30374 -10.9184 24.25
      vertex 6.15605 -9.2132 24.25
    endloop
  endfacet
  facet normal 0 0 1
    outer loop
      vertex 2.5856 -9.6496 24.25
      vertex 6.15605 -9.2132 24.25
      vertex 5.81595 -7.5795 24.25
    endloop
  endfacet
  facet normal 0 0 1
    outer loop
      vertex 6.30374 -10.9184 24.25
      vertex 4.99162 -12.0508 24.25
      vertex 6.25146 -12.6767 24.25
    endloop
  endfacet
  facet normal 0 0 1
    outer loop
      vertex 6.15605 9.2132 24.25
      vertex 2.5856 9.6496 24.25
      vertex 5.81595 7.5795 24.25
    endloop
  endfacet
  facet normal -0 0 1
    outer loop
      vertex 1.90639 9.58411 24.25
      vertex 5.81595 7.5795 24.25
      vertex 2.5856 9.6496 24.25
    endloop
  endfacet
  facet normal 0 0 1
    outer loop
      vertex 6.30374 -10.9184 24.25
      vertex 3.70197 -10.9057 24.25
      vertex 4.99162 -12.0508 24.25
    endloop
  endfacet
  facet normal 0 0 1
    outer loop
      vertex -5.81595 7.5795 24.25
      vertex 5.81595 7.5795 24.25
      vertex 1.90639 9.58411 24.25
    endloop
  endfacet
  facet normal 0 0 1
    outer loop
      vertex 6.15605 -9.2132 24.25
      vertex 2.5856 -9.6496 24.25
      vertex 3.70197 -10.9057 24.25
    endloop
  endfacet
  facet normal 0 0 1
    outer loop
      vertex 5.81595 7.5795 24.25
      vertex -9.11749 0 24.25
      vertex 5.81595 -7.5795 24.25
    endloop
  endfacet
  facet normal 0 0 1
    outer loop
      vertex 5.81595 -7.5795 24.25
      vertex 1.90639 -9.58411 24.25
      vertex 2.5856 -9.6496 24.25
    endloop
  endfacet
  facet normal 0 0 1
    outer loop
      vertex -1.90639 9.58411 24.25
      vertex 1.90639 9.58411 24.25
      vertex 1.47478 11.2021 24.25
    endloop
  endfacet
  facet normal 0 0 1
    outer loop
      vertex -5.81595 7.5795 24.25
      vertex 1.90639 9.58411 24.25
      vertex -1.90639 9.58411 24.25
    endloop
  endfacet
  facet normal 0 0 1
    outer loop
      vertex -1.47478 11.2021 24.25
      vertex 1.47478 11.2021 24.25
      vertex 0.838821 12.7982 24.25
    endloop
  endfacet
  facet normal -0 -0 1
    outer loop
      vertex -8.37286 -4.12903 24.25
      vertex 5.81595 -7.5795 24.25
      vertex -9.11749 0 24.25
    endloop
  endfacet
  facet normal 0 0 1
    outer loop
      vertex -0.838821 12.7982 24.25
      vertex 0.838821 12.7982 24.25
      vertex 0 14.3525 24.25
    endloop
  endfacet
  facet normal 0 0 1
    outer loop
      vertex 1.90639 -9.58411 24.25
      vertex -1.90639 -9.58411 24.25
      vertex 1.47478 -11.2021 24.25
    endloop
  endfacet
  facet normal 0 0 1
    outer loop
      vertex -1.47478 11.2021 24.25
      vertex 0.838821 12.7982 24.25
      vertex -0.838821 12.7982 24.25
    endloop
  endfacet
  facet normal 0 -0 1
    outer loop
      vertex -1.47478 -11.2021 24.25
      vertex 1.47478 -11.2021 24.25
      vertex -1.90639 -9.58411 24.25
    endloop
  endfacet
  facet normal 0 0 1
    outer loop
      vertex 1.47478 11.2021 24.25
      vertex -1.47478 11.2021 24.25
      vertex -1.90639 9.58411 24.25
    endloop
  endfacet
  facet normal 0 0 1
    outer loop
      vertex 1.47478 -11.2021 24.25
      vertex -1.47478 -11.2021 24.25
      vertex 0.838821 -12.7982 24.25
    endloop
  endfacet
  facet normal 0 0 1
    outer loop
      vertex 0.838821 -12.7982 24.25
      vertex -0.838821 -12.7982 24.25
      vertex 0 -14.3525 24.25
    endloop
  endfacet
  facet normal 0 0 1
    outer loop
      vertex 0.838821 -12.7982 24.25
      vertex -1.47478 -11.2021 24.25
      vertex -0.838821 -12.7982 24.25
    endloop
  endfacet
  facet normal 0 0 1
    outer loop
      vertex -5.81595 7.5795 24.25
      vertex -1.90639 9.58411 24.25
      vertex -2.5856 9.6496 24.25
    endloop
  endfacet
  facet normal 0 0 1
    outer loop
      vertex -8.37286 4.12903 24.25
      vertex 5.81595 7.5795 24.25
      vertex -5.81595 7.5795 24.25
    endloop
  endfacet
  facet normal 0 0 1
    outer loop
      vertex -6.15605 9.2132 24.25
      vertex -2.5856 9.6496 24.25
      vertex -3.70197 10.9057 24.25
    endloop
  endfacet
  facet normal 0 0 1
    outer loop
      vertex 5.81595 -7.5795 24.25
      vertex -5.81595 -7.5795 24.25
      vertex 1.90639 -9.58411 24.25
    endloop
  endfacet
  facet normal -0 0 1
    outer loop
      vertex -6.30374 10.9184 24.25
      vertex -3.70197 10.9057 24.25
      vertex -4.99162 12.0508 24.25
    endloop
  endfacet
  facet normal 0 0 1
    outer loop
      vertex -1.90639 -9.58411 24.25
      vertex -5.81595 -7.5795 24.25
      vertex -2.5856 -9.6496 24.25
    endloop
  endfacet
  facet normal -0 0 1
    outer loop
      vertex -6.15605 -9.2132 24.25
      vertex -2.5856 -9.6496 24.25
      vertex -5.81595 -7.5795 24.25
    endloop
  endfacet
  facet normal 0 0 1
    outer loop
      vertex -2.5856 9.6496 24.25
      vertex -6.15605 9.2132 24.25
      vertex -5.81595 7.5795 24.25
    endloop
  endfacet
  facet normal 0 0 1
    outer loop
      vertex -6.30374 10.9184 24.25
      vertex -4.99162 12.0508 24.25
      vertex -6.25146 12.6767 24.25
    endloop
  endfacet
  facet normal 0 0 1
    outer loop
      vertex -3.70197 10.9057 24.25
      vertex -6.30374 10.9184 24.25
      vertex -6.15605 9.2132 24.25
    endloop
  endfacet
  facet normal 0 0 1
    outer loop
      vertex 5.81595 -7.5795 24.25
      vertex -8.37286 -4.12903 24.25
      vertex -5.81595 -7.5795 24.25
    endloop
  endfacet
  facet normal -0 0 1
    outer loop
      vertex -9.6326 3.98994 24.25
      vertex -9.11749 0 24.25
      vertex -8.37286 4.12903 24.25
    endloop
  endfacet
  facet normal 0 0 1
    outer loop
      vertex -9.6326 3.98994 24.25
      vertex -10.6216 0.696167 24.25
      vertex -9.11749 0 24.25
    endloop
  endfacet
  facet normal -0 0 1
    outer loop
      vertex -11.3188 3.84219 24.25
      vertex -10.6216 0.696167 24.25
      vertex -9.6326 3.98994 24.25
    endloop
  endfacet
  facet normal 0 0 1
    outer loop
      vertex -11.3188 3.84219 24.25
      vertex -12.0671 1.58865 24.25
      vertex -10.6216 0.696167 24.25
    endloop
  endfacet
  facet normal -0 0 1
    outer loop
      vertex -13.0207 3.48888 24.25
      vertex -12.0671 1.58865 24.25
      vertex -11.3188 3.84219 24.25
    endloop
  endfacet
  facet normal 0 0 1
    outer loop
      vertex -12.0671 1.58865 24.25
      vertex -13.0207 3.48888 24.25
      vertex -13.4349 2.67236 24.25
    endloop
  endfacet
  facet normal 0 0 1
    outer loop
      vertex -8.37286 4.12903 24.25
      vertex -5.81595 7.5795 24.25
      vertex -6.73068 7.67487 24.25
    endloop
  endfacet
  facet normal 0 0 1
    outer loop
      vertex 5.81595 7.5795 24.25
      vertex -8.37286 4.12903 24.25
      vertex -9.11749 0 24.25
    endloop
  endfacet
  facet normal 0 0 1
    outer loop
      vertex -9.4072 5.43124 24.25
      vertex -6.73068 7.67487 24.25
      vertex -8.2979 8.2979 24.25
    endloop
  endfacet
  facet normal 0 0 1
    outer loop
      vertex 1.90639 -9.58411 24.25
      vertex -5.81595 -7.5795 24.25
      vertex -1.90639 -9.58411 24.25
    endloop
  endfacet
  facet normal 0 0 1
    outer loop
      vertex -5.81595 -7.5795 24.25
      vertex -8.37286 -4.12903 24.25
      vertex -6.73068 -7.67487 24.25
    endloop
  endfacet
  facet normal 0 0 1
    outer loop
      vertex -6.73068 7.67487 24.25
      vertex -9.4072 5.43124 24.25
      vertex -8.37286 4.12903 24.25
    endloop
  endfacet
  facet normal 0 0 1
    outer loop
      vertex -10.3014 6.88316 24.25
      vertex -8.2979 8.2979 24.25
      vertex -9.97079 8.74416 24.25
    endloop
  endfacet
  facet normal 0 0 1
    outer loop
      vertex -8.2979 8.2979 24.25
      vertex -10.3014 6.88316 24.25
      vertex -9.4072 5.43124 24.25
    endloop
  endfacet
  facet normal 0 -0 1
    outer loop
      vertex -10.3014 6.88316 24.25
      vertex -9.97079 8.74416 24.25
      vertex -11.0405 8.47166 24.25
    endloop
  endfacet
  facet normal 0 0 1
    outer loop
      vertex -2.5856 -9.6496 24.25
      vertex -6.15605 -9.2132 24.25
      vertex -3.70197 -10.9057 24.25
    endloop
  endfacet
  facet normal 0 0 1
    outer loop
      vertex -6.30374 -10.9184 24.25
      vertex -3.70197 -10.9057 24.25
      vertex -6.15605 -9.2132 24.25
    endloop
  endfacet
  facet normal 0 0 1
    outer loop
      vertex -3.70197 -10.9057 24.25
      vertex -6.30374 -10.9184 24.25
      vertex -4.99162 -12.0508 24.25
    endloop
  endfacet
  facet normal 0 0 1
    outer loop
      vertex -4.99162 -12.0508 24.25
      vertex -6.30374 -10.9184 24.25
      vertex -6.25146 -12.6767 24.25
    endloop
  endfacet
  facet normal -0 0 1
    outer loop
      vertex -9.4072 -5.43124 24.25
      vertex -6.73068 -7.67487 24.25
      vertex -8.37286 -4.12903 24.25
    endloop
  endfacet
  facet normal 0 0 1
    outer loop
      vertex -6.73068 -7.67487 24.25
      vertex -9.4072 -5.43124 24.25
      vertex -8.2979 -8.2979 24.25
    endloop
  endfacet
  facet normal -0 0 1
    outer loop
      vertex -10.3014 -6.88316 24.25
      vertex -8.2979 -8.2979 24.25
      vertex -9.4072 -5.43124 24.25
    endloop
  endfacet
  facet normal 0 0 1
    outer loop
      vertex -8.2979 -8.2979 24.25
      vertex -10.3014 -6.88316 24.25
      vertex -9.97079 -8.74416 24.25
    endloop
  endfacet
  facet normal 0 0 1
    outer loop
      vertex -9.97079 -8.74416 24.25
      vertex -10.3014 -6.88316 24.25
      vertex -11.0405 -8.47166 24.25
    endloop
  endfacet
  facet normal 0 0 1
    outer loop
      vertex -9.11749 0 24.25
      vertex -9.6326 -3.98994 24.25
      vertex -8.37286 -4.12903 24.25
    endloop
  endfacet
  facet normal -0 0 1
    outer loop
      vertex -10.6216 -0.696167 24.25
      vertex -9.6326 -3.98994 24.25
      vertex -9.11749 0 24.25
    endloop
  endfacet
  facet normal 0 0 1
    outer loop
      vertex -10.6216 -0.696167 24.25
      vertex -11.3188 -3.84219 24.25
      vertex -9.6326 -3.98994 24.25
    endloop
  endfacet
  facet normal -0 0 1
    outer loop
      vertex -12.0671 -1.58865 24.25
      vertex -11.3188 -3.84219 24.25
      vertex -10.6216 -0.696167 24.25
    endloop
  endfacet
  facet normal 0 0 1
    outer loop
      vertex -12.0671 -1.58865 24.25
      vertex -13.0207 -3.48888 24.25
      vertex -11.3188 -3.84219 24.25
    endloop
  endfacet
  facet normal 0 -0 1
    outer loop
      vertex -13.0207 -3.48888 24.25
      vertex -12.0671 -1.58865 24.25
      vertex -13.4349 -2.67236 24.25
    endloop
  endfacet
  facet normal 0.928974 -0.370146 0
    outer loop
      vertex 0.838821 -12.7982 24.25
      vertex 1.47478 -11.2021 21.34
      vertex 1.47478 -11.2021 24.25
    endloop
  endfacet
  facet normal 0.928974 -0.370146 0
    outer loop
      vertex 1.47478 -11.2021 21.34
      vertex 0.838821 -12.7982 24.25
      vertex 0.838821 -12.7982 21.34
    endloop
  endfacet
  facet normal 0.966213 -0.257744 0
    outer loop
      vertex 1.47478 -11.2021 24.25
      vertex 1.90639 -9.58411 21.34
      vertex 1.90639 -9.58411 24.25
    endloop
  endfacet
  facet normal 0.966213 -0.257744 0
    outer loop
      vertex 1.90639 -9.58411 21.34
      vertex 1.47478 -11.2021 24.25
      vertex 1.47478 -11.2021 21.34
    endloop
  endfacet
  facet normal -0.0959757 -0.995384 0
    outer loop
      vertex 1.90639 -9.58411 21.34
      vertex 2.5856 -9.6496 24.25
      vertex 1.90639 -9.58411 24.25
    endloop
  endfacet
  facet normal -0.0959757 -0.995384 -0
    outer loop
      vertex 2.5856 -9.6496 24.25
      vertex 1.90639 -9.58411 21.34
      vertex 2.5856 -9.6496 21.34
    endloop
  endfacet
  facet normal -0.747442 -0.664327 0
    outer loop
      vertex 3.63803 -10.8337 21.34
      vertex 2.5856 -9.6496 24.25
      vertex 2.5856 -9.6496 21.34
    endloop
  endfacet
  facet normal -0.747719 -0.664016 -0
    outer loop
      vertex 3.70197 -10.9057 24.25
      vertex 3.63803 -10.8337 21.34
      vertex 3.70197 -10.9057 21.34
    endloop
  endfacet
  facet normal -0.747458 -0.66431 -1.30067e-05
    outer loop
      vertex 3.63803 -10.8337 21.34
      vertex 3.70197 -10.9057 24.25
      vertex 2.5856 -9.6496 24.25
    endloop
  endfacet
  facet normal -0.663957 -0.747771 0
    outer loop
      vertex 3.70197 -10.9057 21.34
      vertex 4.99162 -12.0508 24.25
      vertex 3.70197 -10.9057 24.25
    endloop
  endfacet
  facet normal -0.663957 -0.747771 -0
    outer loop
      vertex 4.99162 -12.0508 24.25
      vertex 3.70197 -10.9057 21.34
      vertex 4.99162 -12.0508 21.34
    endloop
  endfacet
  facet normal -0.444926 -0.895567 0
    outer loop
      vertex 4.99162 -12.0508 21.34
      vertex 6.25146 -12.6767 24.25
      vertex 4.99162 -12.0508 24.25
    endloop
  endfacet
  facet normal -0.444926 -0.895567 -0
    outer loop
      vertex 6.25146 -12.6767 24.25
      vertex 4.99162 -12.0508 21.34
      vertex 6.25146 -12.6767 21.34
    endloop
  endfacet
  facet normal 0.999558 -0.0297201 0
    outer loop
      vertex 6.25146 -12.6767 24.25
      vertex 6.30374 -10.9184 21.34
      vertex 6.30374 -10.9184 24.25
    endloop
  endfacet
  facet normal 0.999558 -0.0297201 0
    outer loop
      vertex 6.30374 -10.9184 21.34
      vertex 6.25146 -12.6767 24.25
      vertex 6.25146 -12.6767 21.34
    endloop
  endfacet
  facet normal 0.99627 0.0862885 0
    outer loop
      vertex 6.30374 -10.9184 24.25
      vertex 6.15605 -9.2132 21.34
      vertex 6.15605 -9.2132 24.25
    endloop
  endfacet
  facet normal 0.99627 0.0862885 0
    outer loop
      vertex 6.15605 -9.2132 21.34
      vertex 6.30374 -10.9184 24.25
      vertex 6.30374 -10.9184 21.34
    endloop
  endfacet
  facet normal 0.979011 0.203808 0
    outer loop
      vertex 6.15605 -9.2132 24.25
      vertex 5.81595 -7.5795 21.34
      vertex 5.81595 -7.5795 24.25
    endloop
  endfacet
  facet normal 0.979011 0.203808 0
    outer loop
      vertex 5.81595 -7.5795 21.34
      vertex 6.15605 -9.2132 24.25
      vertex 6.15605 -9.2132 21.34
    endloop
  endfacet
  facet normal -0.103698 -0.994609 0
    outer loop
      vertex 5.81595 -7.5795 21.34
      vertex 6.73068 -7.67487 24.25
      vertex 5.81595 -7.5795 24.25
    endloop
  endfacet
  facet normal -0.103698 -0.994609 -0
    outer loop
      vertex 6.73068 -7.67487 24.25
      vertex 5.81595 -7.5795 21.34
      vertex 6.73068 -7.67487 21.34
    endloop
  endfacet
  facet normal -0.369418 -0.929263 0
    outer loop
      vertex 6.73068 -7.67487 21.34
      vertex 8.2979 -8.2979 24.25
      vertex 6.73068 -7.67487 24.25
    endloop
  endfacet
  facet normal -0.369418 -0.929263 -0
    outer loop
      vertex 8.2979 -8.2979 24.25
      vertex 6.73068 -7.67487 21.34
      vertex 8.2979 -8.2979 21.34
    endloop
  endfacet
  facet normal -0.257747 -0.966213 0
    outer loop
      vertex 8.2979 -8.2979 21.34
      vertex 9.97079 -8.74416 24.25
      vertex 8.2979 -8.2979 24.25
    endloop
  endfacet
  facet normal -0.257747 -0.966213 -0
    outer loop
      vertex 9.97079 -8.74416 24.25
      vertex 8.2979 -8.2979 21.34
      vertex 9.97079 -8.74416 21.34
    endloop
  endfacet
  facet normal 0.246858 -0.969052 0
    outer loop
      vertex 9.97079 -8.74416 21.34
      vertex 11.0405 -8.47166 24.25
      vertex 9.97079 -8.74416 24.25
    endloop
  endfacet
  facet normal 0.246858 -0.969052 0
    outer loop
      vertex 11.0405 -8.47166 24.25
      vertex 9.97079 -8.74416 21.34
      vertex 11.0405 -8.47166 21.34
    endloop
  endfacet
  facet normal 0.906664 0.421854 0
    outer loop
      vertex 11.0405 -8.47166 24.25
      vertex 10.3014 -6.88316 21.34
      vertex 10.3014 -6.88316 24.25
    endloop
  endfacet
  facet normal 0.906664 0.421854 0
    outer loop
      vertex 10.3014 -6.88316 21.34
      vertex 11.0405 -8.47166 24.25
      vertex 11.0405 -8.47166 21.34
    endloop
  endfacet
  facet normal 0.851463 0.524415 0
    outer loop
      vertex 9.4072 -5.43124 24.25
      vertex 10.0983 -6.55334 21.34
      vertex 9.4072 -5.43124 21.34
    endloop
  endfacet
  facet normal 0.851472 0.5244 8.07965e-06
    outer loop
      vertex 10.3014 -6.88316 24.25
      vertex 10.0983 -6.55334 21.34
      vertex 9.4072 -5.43124 24.25
    endloop
  endfacet
  facet normal 0.851504 0.524348 0
    outer loop
      vertex 10.0983 -6.55334 21.34
      vertex 10.3014 -6.88316 24.25
      vertex 10.3014 -6.88316 21.34
    endloop
  endfacet
  facet normal 0.783043 0.621968 0
    outer loop
      vertex 9.4072 -5.43124 24.25
      vertex 8.37286 -4.12903 21.34
      vertex 8.37286 -4.12903 24.25
    endloop
  endfacet
  facet normal 0.783043 0.621968 0
    outer loop
      vertex 8.37286 -4.12903 21.34
      vertex 9.4072 -5.43124 24.25
      vertex 9.4072 -5.43124 21.34
    endloop
  endfacet
  facet normal 0.109745 -0.99396 0
    outer loop
      vertex 8.37286 -4.12903 21.34
      vertex 9.6326 -3.98994 24.25
      vertex 8.37286 -4.12903 24.25
    endloop
  endfacet
  facet normal 0.109745 -0.99396 0
    outer loop
      vertex 9.6326 -3.98994 24.25
      vertex 8.37286 -4.12903 21.34
      vertex 9.6326 -3.98994 21.34
    endloop
  endfacet
  facet normal 0.0872886 -0.996183 0
    outer loop
      vertex 9.6326 -3.98994 21.34
      vertex 11.3188 -3.84219 24.25
      vertex 9.6326 -3.98994 24.25
    endloop
  endfacet
  facet normal 0.0872886 -0.996183 0
    outer loop
      vertex 11.3188 -3.84219 24.25
      vertex 9.6326 -3.98994 21.34
      vertex 11.3188 -3.84219 21.34
    endloop
  endfacet
  facet normal 0.203264 -0.979124 0
    outer loop
      vertex 11.3188 -3.84219 21.34
      vertex 13.0207 -3.48888 24.25
      vertex 11.3188 -3.84219 24.25
    endloop
  endfacet
  facet normal 0.203264 -0.979124 0
    outer loop
      vertex 13.0207 -3.48888 24.25
      vertex 11.3188 -3.84219 21.34
      vertex 13.0207 -3.48888 21.34
    endloop
  endfacet
  facet normal 0.891817 -0.452396 0
    outer loop
      vertex 13.0207 -3.48888 24.25
      vertex 13.4349 -2.67236 21.34
      vertex 13.4349 -2.67236 24.25
    endloop
  endfacet
  facet normal 0.891817 -0.452396 0
    outer loop
      vertex 13.4349 -2.67236 21.34
      vertex 13.0207 -3.48888 24.25
      vertex 13.0207 -3.48888 21.34
    endloop
  endfacet
  facet normal 0.621009 0.783804 -0
    outer loop
      vertex 13.4349 -2.67236 21.34
      vertex 12.0671 -1.58865 24.25
      vertex 13.4349 -2.67236 24.25
    endloop
  endfacet
  facet normal 0.621009 0.783804 0
    outer loop
      vertex 12.0671 -1.58865 24.25
      vertex 13.4349 -2.67236 21.34
      vertex 12.0671 -1.58865 21.34
    endloop
  endfacet
  facet normal 0.525354 0.850884 -0
    outer loop
      vertex 12.0671 -1.58865 21.34
      vertex 10.6216 -0.696167 24.25
      vertex 12.0671 -1.58865 24.25
    endloop
  endfacet
  facet normal 0.525354 0.850884 0
    outer loop
      vertex 10.6216 -0.696167 24.25
      vertex 12.0671 -1.58865 21.34
      vertex 10.6216 -0.696167 21.34
    endloop
  endfacet
  facet normal 0.420034 0.907508 -0
    outer loop
      vertex 10.6216 -0.696167 21.34
      vertex 9.11749 0 24.25
      vertex 10.6216 -0.696167 24.25
    endloop
  endfacet
  facet normal 0.420034 0.907508 0
    outer loop
      vertex 9.11749 0 24.25
      vertex 10.6216 -0.696167 21.34
      vertex 9.11749 0 21.34
    endloop
  endfacet
  facet normal 0.420044 -0.907504 0
    outer loop
      vertex 10.23 0.514932 21.34
      vertex 9.11749 0 24.25
      vertex 9.11749 0 21.34
    endloop
  endfacet
  facet normal 0.420034 -0.907508 -4.48292e-06
    outer loop
      vertex 9.11749 0 24.25
      vertex 10.23 0.514932 21.34
      vertex 10.6216 0.696167 24.25
    endloop
  endfacet
  facet normal 0.420007 -0.907521 0
    outer loop
      vertex 10.6216 0.696167 24.25
      vertex 10.23 0.514932 21.34
      vertex 10.6216 0.696167 21.34
    endloop
  endfacet
  facet normal 0.525354 -0.850884 0
    outer loop
      vertex 10.6216 0.696167 21.34
      vertex 12.0671 1.58865 24.25
      vertex 10.6216 0.696167 24.25
    endloop
  endfacet
  facet normal 0.525354 -0.850884 0
    outer loop
      vertex 12.0671 1.58865 24.25
      vertex 10.6216 0.696167 21.34
      vertex 12.0671 1.58865 21.34
    endloop
  endfacet
  facet normal 0.621009 -0.783804 0
    outer loop
      vertex 12.0671 1.58865 21.34
      vertex 13.4349 2.67236 24.25
      vertex 12.0671 1.58865 24.25
    endloop
  endfacet
  facet normal 0.621009 -0.783804 0
    outer loop
      vertex 13.4349 2.67236 24.25
      vertex 12.0671 1.58865 21.34
      vertex 13.4349 2.67236 21.34
    endloop
  endfacet
  facet normal 0.891817 0.452396 0
    outer loop
      vertex 13.4349 2.67236 24.25
      vertex 13.0207 3.48888 21.34
      vertex 13.0207 3.48888 24.25
    endloop
  endfacet
  facet normal 0.891817 0.452396 0
    outer loop
      vertex 13.0207 3.48888 21.34
      vertex 13.4349 2.67236 24.25
      vertex 13.4349 2.67236 21.34
    endloop
  endfacet
  facet normal 0.203264 0.979124 -0
    outer loop
      vertex 13.0207 3.48888 21.34
      vertex 11.3188 3.84219 24.25
      vertex 13.0207 3.48888 24.25
    endloop
  endfacet
  facet normal 0.203264 0.979124 0
    outer loop
      vertex 11.3188 3.84219 24.25
      vertex 13.0207 3.48888 21.34
      vertex 11.3188 3.84219 21.34
    endloop
  endfacet
  facet normal 0.0872886 0.996183 -0
    outer loop
      vertex 11.3188 3.84219 21.34
      vertex 9.6326 3.98994 24.25
      vertex 11.3188 3.84219 24.25
    endloop
  endfacet
  facet normal 0.0872886 0.996183 0
    outer loop
      vertex 9.6326 3.98994 24.25
      vertex 11.3188 3.84219 21.34
      vertex 9.6326 3.98994 21.34
    endloop
  endfacet
  facet normal 0.10974 0.99396 0
    outer loop
      vertex 8.9523 4.06505 21.34
      vertex 9.6326 3.98994 24.25
      vertex 9.6326 3.98994 21.34
    endloop
  endfacet
  facet normal 0.109745 0.99396 -1.04541e-06
    outer loop
      vertex 9.6326 3.98994 24.25
      vertex 8.9523 4.06505 21.34
      vertex 8.37286 4.12903 24.25
    endloop
  endfacet
  facet normal 0.10975 0.993959 0
    outer loop
      vertex 8.37286 4.12903 24.25
      vertex 8.9523 4.06505 21.34
      vertex 8.37286 4.12903 21.34
    endloop
  endfacet
  facet normal 0.783043 -0.621968 0
    outer loop
      vertex 8.37286 4.12903 24.25
      vertex 9.4072 5.43124 21.34
      vertex 9.4072 5.43124 24.25
    endloop
  endfacet
  facet normal 0.783043 -0.621968 0
    outer loop
      vertex 9.4072 5.43124 21.34
      vertex 8.37286 4.12903 24.25
      vertex 8.37286 4.12903 21.34
    endloop
  endfacet
  facet normal 0.851469 -0.524404 0
    outer loop
      vertex 10.3014 6.88316 24.25
      vertex 9.57009 5.69574 21.34
      vertex 10.3014 6.88316 21.34
    endloop
  endfacet
  facet normal 0.851472 -0.5244 -2.54957e-06
    outer loop
      vertex 9.4072 5.43124 24.25
      vertex 9.57009 5.69574 21.34
      vertex 10.3014 6.88316 24.25
    endloop
  endfacet
  facet normal 0.851485 -0.524379 0
    outer loop
      vertex 9.57009 5.69574 21.34
      vertex 9.4072 5.43124 24.25
      vertex 9.4072 5.43124 21.34
    endloop
  endfacet
  facet normal 0.906664 -0.421854 0
    outer loop
      vertex 10.3014 6.88316 24.25
      vertex 11.0405 8.47166 21.34
      vertex 11.0405 8.47166 24.25
    endloop
  endfacet
  facet normal 0.906664 -0.421854 0
    outer loop
      vertex 11.0405 8.47166 21.34
      vertex 10.3014 6.88316 24.25
      vertex 10.3014 6.88316 21.34
    endloop
  endfacet
  facet normal 0.246858 0.969052 -0
    outer loop
      vertex 11.0405 8.47166 21.34
      vertex 9.97079 8.74416 24.25
      vertex 11.0405 8.47166 24.25
    endloop
  endfacet
  facet normal 0.246858 0.969052 0
    outer loop
      vertex 9.97079 8.74416 24.25
      vertex 11.0405 8.47166 21.34
      vertex 9.97079 8.74416 21.34
    endloop
  endfacet
  facet normal -0.257757 0.96621 0
    outer loop
      vertex 9.22427 8.54501 21.34
      vertex 9.97079 8.74416 24.25
      vertex 9.97079 8.74416 21.34
    endloop
  endfacet
  facet normal -0.257747 0.966213 -2.78431e-06
    outer loop
      vertex 9.97079 8.74416 24.25
      vertex 9.22427 8.54501 21.34
      vertex 8.2979 8.2979 24.25
    endloop
  endfacet
  facet normal -0.257739 0.966215 0
    outer loop
      vertex 8.2979 8.2979 24.25
      vertex 9.22427 8.54501 21.34
      vertex 8.2979 8.2979 21.34
    endloop
  endfacet
  facet normal -0.369418 0.929263 0
    outer loop
      vertex 8.2979 8.2979 21.34
      vertex 6.73068 7.67487 24.25
      vertex 8.2979 8.2979 24.25
    endloop
  endfacet
  facet normal -0.369418 0.929263 0
    outer loop
      vertex 6.73068 7.67487 24.25
      vertex 8.2979 8.2979 21.34
      vertex 6.73068 7.67487 21.34
    endloop
  endfacet
  facet normal -0.103698 0.994609 0
    outer loop
      vertex 6.73068 7.67487 21.34
      vertex 5.81595 7.5795 24.25
      vertex 6.73068 7.67487 24.25
    endloop
  endfacet
  facet normal -0.103698 0.994609 0
    outer loop
      vertex 5.81595 7.5795 24.25
      vertex 6.73068 7.67487 21.34
      vertex 5.81595 7.5795 21.34
    endloop
  endfacet
  facet normal 0.979011 -0.203808 0
    outer loop
      vertex 5.81595 7.5795 24.25
      vertex 6.15605 9.2132 21.34
      vertex 6.15605 9.2132 24.25
    endloop
  endfacet
  facet normal 0.979011 -0.203808 0
    outer loop
      vertex 6.15605 9.2132 21.34
      vertex 5.81595 7.5795 24.25
      vertex 5.81595 7.5795 21.34
    endloop
  endfacet
  facet normal 0.99627 -0.0862885 0
    outer loop
      vertex 6.15605 9.2132 24.25
      vertex 6.30374 10.9184 21.34
      vertex 6.30374 10.9184 24.25
    endloop
  endfacet
  facet normal 0.99627 -0.0862885 0
    outer loop
      vertex 6.30374 10.9184 21.34
      vertex 6.15605 9.2132 24.25
      vertex 6.15605 9.2132 21.34
    endloop
  endfacet
  facet normal 0.999558 0.0297201 0
    outer loop
      vertex 6.30374 10.9184 24.25
      vertex 6.25146 12.6767 21.34
      vertex 6.25146 12.6767 24.25
    endloop
  endfacet
  facet normal 0.999558 0.0297201 0
    outer loop
      vertex 6.25146 12.6767 21.34
      vertex 6.30374 10.9184 24.25
      vertex 6.30374 10.9184 21.34
    endloop
  endfacet
  facet normal -0.444926 0.895567 0
    outer loop
      vertex 6.25146 12.6767 21.34
      vertex 4.99162 12.0508 24.25
      vertex 6.25146 12.6767 24.25
    endloop
  endfacet
  facet normal -0.444926 0.895567 0
    outer loop
      vertex 4.99162 12.0508 24.25
      vertex 6.25146 12.6767 21.34
      vertex 4.99162 12.0508 21.34
    endloop
  endfacet
  facet normal -0.663957 0.747771 0
    outer loop
      vertex 4.99162 12.0508 21.34
      vertex 3.70197 10.9057 24.25
      vertex 4.99162 12.0508 24.25
    endloop
  endfacet
  facet normal -0.663957 0.747771 0
    outer loop
      vertex 3.70197 10.9057 24.25
      vertex 4.99162 12.0508 21.34
      vertex 3.70197 10.9057 21.34
    endloop
  endfacet
  facet normal -0.747458 0.66431 0
    outer loop
      vertex 2.5856 9.6496 21.34
      vertex 3.70197 10.9057 24.25
      vertex 3.70197 10.9057 21.34
    endloop
  endfacet
  facet normal -0.747458 0.66431 0
    outer loop
      vertex 3.70197 10.9057 24.25
      vertex 2.5856 9.6496 21.34
      vertex 2.5856 9.6496 24.25
    endloop
  endfacet
  facet normal -0.0960071 0.995381 0
    outer loop
      vertex 2.48327 9.63973 21.34
      vertex 2.5856 9.6496 24.25
      vertex 2.5856 9.6496 21.34
    endloop
  endfacet
  facet normal -0.0959757 0.995384 -1.11348e-06
    outer loop
      vertex 2.5856 9.6496 24.25
      vertex 2.48327 9.63973 21.34
      vertex 1.90639 9.58411 24.25
    endloop
  endfacet
  facet normal -0.0959702 0.995384 0
    outer loop
      vertex 1.90639 9.58411 24.25
      vertex 2.48327 9.63973 21.34
      vertex 1.90639 9.58411 21.34
    endloop
  endfacet
  facet normal 0.966213 0.257744 0
    outer loop
      vertex 1.90639 9.58411 24.25
      vertex 1.47478 11.2021 21.34
      vertex 1.47478 11.2021 24.25
    endloop
  endfacet
  facet normal 0.966213 0.257744 0
    outer loop
      vertex 1.47478 11.2021 21.34
      vertex 1.90639 9.58411 24.25
      vertex 1.90639 9.58411 21.34
    endloop
  endfacet
  facet normal 0.928974 0.370146 0
    outer loop
      vertex 1.47478 11.2021 24.25
      vertex 0.838821 12.7982 21.34
      vertex 0.838821 12.7982 24.25
    endloop
  endfacet
  facet normal 0.928974 0.370146 0
    outer loop
      vertex 0.838821 12.7982 21.34
      vertex 1.47478 11.2021 24.25
      vertex 1.47478 11.2021 21.34
    endloop
  endfacet
  facet normal 0.880024 0.474929 0
    outer loop
      vertex 0.838821 12.7982 24.25
      vertex 0 14.3525 21.34
      vertex 0 14.3525 24.25
    endloop
  endfacet
  facet normal 0.880024 0.474929 0
    outer loop
      vertex 0 14.3525 21.34
      vertex 0.838821 12.7982 24.25
      vertex 0.838821 12.7982 21.34
    endloop
  endfacet
  facet normal -0.880024 0.474929 0
    outer loop
      vertex -0.838821 12.7982 21.34
      vertex 0 14.3525 24.25
      vertex 0 14.3525 21.34
    endloop
  endfacet
  facet normal -0.880024 0.474929 0
    outer loop
      vertex 0 14.3525 24.25
      vertex -0.838821 12.7982 21.34
      vertex -0.838821 12.7982 24.25
    endloop
  endfacet
  facet normal -0.928974 0.370146 0
    outer loop
      vertex -1.47478 11.2021 21.34
      vertex -0.838821 12.7982 24.25
      vertex -0.838821 12.7982 21.34
    endloop
  endfacet
  facet normal -0.928974 0.370146 0
    outer loop
      vertex -0.838821 12.7982 24.25
      vertex -1.47478 11.2021 21.34
      vertex -1.47478 11.2021 24.25
    endloop
  endfacet
  facet normal -0.966217 0.257731 0
    outer loop
      vertex -1.69855 10.3632 21.34
      vertex -1.47478 11.2021 24.25
      vertex -1.47478 11.2021 21.34
    endloop
  endfacet
  facet normal -0.966209 0.257758 0
    outer loop
      vertex -1.90639 9.58411 24.25
      vertex -1.69855 10.3632 21.34
      vertex -1.90639 9.58411 21.34
    endloop
  endfacet
  facet normal -0.966213 0.257744 -4.10563e-06
    outer loop
      vertex -1.69855 10.3632 21.34
      vertex -1.90639 9.58411 24.25
      vertex -1.47478 11.2021 24.25
    endloop
  endfacet
  facet normal 0.0959757 0.995384 -0
    outer loop
      vertex -1.90639 9.58411 21.34
      vertex -2.5856 9.6496 24.25
      vertex -1.90639 9.58411 24.25
    endloop
  endfacet
  facet normal 0.0959757 0.995384 0
    outer loop
      vertex -2.5856 9.6496 24.25
      vertex -1.90639 9.58411 21.34
      vertex -2.5856 9.6496 21.34
    endloop
  endfacet
  facet normal 0.747458 0.66431 0
    outer loop
      vertex -2.5856 9.6496 24.25
      vertex -3.70197 10.9057 21.34
      vertex -3.70197 10.9057 24.25
    endloop
  endfacet
  facet normal 0.747458 0.66431 0
    outer loop
      vertex -3.70197 10.9057 21.34
      vertex -2.5856 9.6496 24.25
      vertex -2.5856 9.6496 21.34
    endloop
  endfacet
  facet normal 0.663915 0.747808 0
    outer loop
      vertex -4.03954 11.2054 21.34
      vertex -3.70197 10.9057 24.25
      vertex -3.70197 10.9057 21.34
    endloop
  endfacet
  facet normal 0.663957 0.747771 -8.62803e-06
    outer loop
      vertex -3.70197 10.9057 24.25
      vertex -4.03954 11.2054 21.34
      vertex -4.99162 12.0508 24.25
    endloop
  endfacet
  facet normal 0.663972 0.747758 0
    outer loop
      vertex -4.99162 12.0508 24.25
      vertex -4.03954 11.2054 21.34
      vertex -4.99162 12.0508 21.34
    endloop
  endfacet
  facet normal 0.444926 0.895567 -0
    outer loop
      vertex -4.99162 12.0508 21.34
      vertex -6.25146 12.6767 24.25
      vertex -4.99162 12.0508 24.25
    endloop
  endfacet
  facet normal 0.444926 0.895567 0
    outer loop
      vertex -6.25146 12.6767 24.25
      vertex -4.99162 12.0508 21.34
      vertex -6.25146 12.6767 21.34
    endloop
  endfacet
  facet normal -0.999558 0.0297245 0
    outer loop
      vertex -6.28082 11.6894 21.34
      vertex -6.25146 12.6767 24.25
      vertex -6.25146 12.6767 21.34
    endloop
  endfacet
  facet normal -0.999558 0.0297145 0
    outer loop
      vertex -6.30374 10.9184 24.25
      vertex -6.28082 11.6894 21.34
      vertex -6.30374 10.9184 21.34
    endloop
  endfacet
  facet normal -0.999558 0.0297201 1.49329e-06
    outer loop
      vertex -6.28082 11.6894 21.34
      vertex -6.30374 10.9184 24.25
      vertex -6.25146 12.6767 24.25
    endloop
  endfacet
  facet normal -0.99627 -0.0862885 0
    outer loop
      vertex -6.15605 9.2132 21.34
      vertex -6.30374 10.9184 24.25
      vertex -6.30374 10.9184 21.34
    endloop
  endfacet
  facet normal -0.99627 -0.0862885 0
    outer loop
      vertex -6.30374 10.9184 24.25
      vertex -6.15605 9.2132 21.34
      vertex -6.15605 9.2132 24.25
    endloop
  endfacet
  facet normal -0.979011 -0.203808 0
    outer loop
      vertex -5.81595 7.5795 21.34
      vertex -6.15605 9.2132 24.25
      vertex -6.15605 9.2132 21.34
    endloop
  endfacet
  facet normal -0.979011 -0.203808 0
    outer loop
      vertex -6.15605 9.2132 24.25
      vertex -5.81595 7.5795 21.34
      vertex -5.81595 7.5795 24.25
    endloop
  endfacet
  facet normal 0.103698 0.994609 -0
    outer loop
      vertex -5.81595 7.5795 21.34
      vertex -6.73068 7.67487 24.25
      vertex -5.81595 7.5795 24.25
    endloop
  endfacet
  facet normal 0.103698 0.994609 0
    outer loop
      vertex -6.73068 7.67487 24.25
      vertex -5.81595 7.5795 21.34
      vertex -6.73068 7.67487 21.34
    endloop
  endfacet
  facet normal 0.369418 0.929263 -0
    outer loop
      vertex -6.73068 7.67487 21.34
      vertex -8.2979 8.2979 24.25
      vertex -6.73068 7.67487 24.25
    endloop
  endfacet
  facet normal 0.369418 0.929263 0
    outer loop
      vertex -8.2979 8.2979 24.25
      vertex -6.73068 7.67487 21.34
      vertex -8.2979 8.2979 21.34
    endloop
  endfacet
  facet normal 0.257747 0.966213 -0
    outer loop
      vertex -8.2979 8.2979 21.34
      vertex -9.97079 8.74416 24.25
      vertex -8.2979 8.2979 24.25
    endloop
  endfacet
  facet normal 0.257747 0.966213 0
    outer loop
      vertex -9.97079 8.74416 24.25
      vertex -8.2979 8.2979 21.34
      vertex -9.97079 8.74416 21.34
    endloop
  endfacet
  facet normal -0.246865 0.96905 0
    outer loop
      vertex -10.3777 8.6405 21.34
      vertex -9.97079 8.74416 24.25
      vertex -9.97079 8.74416 21.34
    endloop
  endfacet
  facet normal -0.246858 0.969052 -9.84849e-07
    outer loop
      vertex -9.97079 8.74416 24.25
      vertex -10.3777 8.6405 21.34
      vertex -11.0405 8.47166 24.25
    endloop
  endfacet
  facet normal -0.246854 0.969053 0
    outer loop
      vertex -11.0405 8.47166 24.25
      vertex -10.3777 8.6405 21.34
      vertex -11.0405 8.47166 21.34
    endloop
  endfacet
  facet normal -0.906664 -0.421854 0
    outer loop
      vertex -10.3014 6.88316 21.34
      vertex -11.0405 8.47166 24.25
      vertex -11.0405 8.47166 21.34
    endloop
  endfacet
  facet normal -0.906664 -0.421854 0
    outer loop
      vertex -11.0405 8.47166 24.25
      vertex -10.3014 6.88316 21.34
      vertex -10.3014 6.88316 24.25
    endloop
  endfacet
  facet normal -0.851472 -0.5244 0
    outer loop
      vertex -9.4072 5.43124 21.34
      vertex -10.3014 6.88316 24.25
      vertex -10.3014 6.88316 21.34
    endloop
  endfacet
  facet normal -0.851472 -0.5244 0
    outer loop
      vertex -10.3014 6.88316 24.25
      vertex -9.4072 5.43124 21.34
      vertex -9.4072 5.43124 24.25
    endloop
  endfacet
  facet normal -0.783043 -0.621968 0
    outer loop
      vertex -8.37286 4.12903 21.34
      vertex -9.4072 5.43124 24.25
      vertex -9.4072 5.43124 21.34
    endloop
  endfacet
  facet normal -0.783043 -0.621968 0
    outer loop
      vertex -9.4072 5.43124 24.25
      vertex -8.37286 4.12903 21.34
      vertex -8.37286 4.12903 24.25
    endloop
  endfacet
  facet normal -0.109745 0.99396 0
    outer loop
      vertex -8.37286 4.12903 21.34
      vertex -9.6326 3.98994 24.25
      vertex -8.37286 4.12903 24.25
    endloop
  endfacet
  facet normal -0.109745 0.99396 0
    outer loop
      vertex -9.6326 3.98994 24.25
      vertex -8.37286 4.12903 21.34
      vertex -9.6326 3.98994 21.34
    endloop
  endfacet
  facet normal -0.0872886 0.996183 0
    outer loop
      vertex -9.6326 3.98994 21.34
      vertex -11.3188 3.84219 24.25
      vertex -9.6326 3.98994 24.25
    endloop
  endfacet
  facet normal -0.0872886 0.996183 0
    outer loop
      vertex -11.3188 3.84219 24.25
      vertex -9.6326 3.98994 21.34
      vertex -11.3188 3.84219 21.34
    endloop
  endfacet
  facet normal -0.203264 0.979124 0
    outer loop
      vertex -11.3188 3.84219 21.34
      vertex -13.0207 3.48888 24.25
      vertex -11.3188 3.84219 24.25
    endloop
  endfacet
  facet normal -0.203264 0.979124 0
    outer loop
      vertex -13.0207 3.48888 24.25
      vertex -11.3188 3.84219 21.34
      vertex -13.0207 3.48888 21.34
    endloop
  endfacet
  facet normal -0.891817 0.452396 0
    outer loop
      vertex -13.4349 2.67236 21.34
      vertex -13.0207 3.48888 24.25
      vertex -13.0207 3.48888 21.34
    endloop
  endfacet
  facet normal -0.891817 0.452396 0
    outer loop
      vertex -13.0207 3.48888 24.25
      vertex -13.4349 2.67236 21.34
      vertex -13.4349 2.67236 24.25
    endloop
  endfacet
  facet normal -0.621009 -0.783804 0
    outer loop
      vertex -13.4349 2.67236 21.34
      vertex -12.0671 1.58865 24.25
      vertex -13.4349 2.67236 24.25
    endloop
  endfacet
  facet normal -0.621009 -0.783804 -0
    outer loop
      vertex -12.0671 1.58865 24.25
      vertex -13.4349 2.67236 21.34
      vertex -12.0671 1.58865 21.34
    endloop
  endfacet
  facet normal -0.525365 -0.850877 0
    outer loop
      vertex -11.0971 0.989733 21.34
      vertex -12.0671 1.58865 24.25
      vertex -12.0671 1.58865 21.34
    endloop
  endfacet
  facet normal -0.525354 -0.850884 5.26209e-06
    outer loop
      vertex -12.0671 1.58865 24.25
      vertex -11.0971 0.989733 21.34
      vertex -10.6216 0.696167 24.25
    endloop
  endfacet
  facet normal -0.525331 -0.850898 -0
    outer loop
      vertex -10.6216 0.696167 24.25
      vertex -11.0971 0.989733 21.34
      vertex -10.6216 0.696167 21.34
    endloop
  endfacet
  facet normal -0.420034 -0.907508 0
    outer loop
      vertex -10.6216 0.696167 21.34
      vertex -9.11749 0 24.25
      vertex -10.6216 0.696167 24.25
    endloop
  endfacet
  facet normal -0.420034 -0.907508 -0
    outer loop
      vertex -9.11749 0 24.25
      vertex -10.6216 0.696167 21.34
      vertex -9.11749 0 21.34
    endloop
  endfacet
  facet normal -0.420034 0.907508 0
    outer loop
      vertex -9.11749 0 21.34
      vertex -10.6216 -0.696167 24.25
      vertex -9.11749 0 24.25
    endloop
  endfacet
  facet normal -0.420034 0.907508 0
    outer loop
      vertex -10.6216 -0.696167 24.25
      vertex -9.11749 0 21.34
      vertex -10.6216 -0.696167 21.34
    endloop
  endfacet
  facet normal -0.525354 0.850884 0
    outer loop
      vertex -10.6216 -0.696167 21.34
      vertex -12.0671 -1.58865 24.25
      vertex -10.6216 -0.696167 24.25
    endloop
  endfacet
  facet normal -0.525354 0.850884 0
    outer loop
      vertex -12.0671 -1.58865 24.25
      vertex -10.6216 -0.696167 21.34
      vertex -12.0671 -1.58865 21.34
    endloop
  endfacet
  facet normal -0.621008 0.783804 0
    outer loop
      vertex -13.08 -2.39117 21.34
      vertex -12.0671 -1.58865 24.25
      vertex -12.0671 -1.58865 21.34
    endloop
  endfacet
  facet normal -0.621009 0.783804 5.91353e-07
    outer loop
      vertex -12.0671 -1.58865 24.25
      vertex -13.08 -2.39117 21.34
      vertex -13.4349 -2.67236 24.25
    endloop
  endfacet
  facet normal -0.621012 0.783801 0
    outer loop
      vertex -13.4349 -2.67236 24.25
      vertex -13.08 -2.39117 21.34
      vertex -13.4349 -2.67236 21.34
    endloop
  endfacet
  facet normal -0.891837 -0.452357 0
    outer loop
      vertex -13.3657 -2.80879 21.34
      vertex -13.4349 -2.67236 24.25
      vertex -13.4349 -2.67236 21.34
    endloop
  endfacet
  facet normal -0.891813 -0.452404 -0
    outer loop
      vertex -13.0207 -3.48888 24.25
      vertex -13.3657 -2.80879 21.34
      vertex -13.0207 -3.48888 21.34
    endloop
  endfacet
  facet normal -0.891817 -0.452396 2.29778e-06
    outer loop
      vertex -13.3657 -2.80879 21.34
      vertex -13.0207 -3.48888 24.25
      vertex -13.4349 -2.67236 24.25
    endloop
  endfacet
  facet normal -0.203264 -0.979124 0
    outer loop
      vertex -13.0207 -3.48888 21.34
      vertex -11.3188 -3.84219 24.25
      vertex -13.0207 -3.48888 24.25
    endloop
  endfacet
  facet normal -0.203264 -0.979124 -0
    outer loop
      vertex -11.3188 -3.84219 24.25
      vertex -13.0207 -3.48888 21.34
      vertex -11.3188 -3.84219 21.34
    endloop
  endfacet
  facet normal -0.0872886 -0.996183 0
    outer loop
      vertex -11.3188 -3.84219 21.34
      vertex -9.6326 -3.98994 24.25
      vertex -11.3188 -3.84219 24.25
    endloop
  endfacet
  facet normal -0.0872886 -0.996183 -0
    outer loop
      vertex -9.6326 -3.98994 24.25
      vertex -11.3188 -3.84219 21.34
      vertex -9.6326 -3.98994 21.34
    endloop
  endfacet
  facet normal -0.109745 -0.99396 0
    outer loop
      vertex -9.6326 -3.98994 21.34
      vertex -8.37286 -4.12903 24.25
      vertex -9.6326 -3.98994 24.25
    endloop
  endfacet
  facet normal -0.109745 -0.99396 -0
    outer loop
      vertex -8.37286 -4.12903 24.25
      vertex -9.6326 -3.98994 21.34
      vertex -8.37286 -4.12903 21.34
    endloop
  endfacet
  facet normal -0.783043 0.621968 0
    outer loop
      vertex -9.4072 -5.43124 21.34
      vertex -8.37286 -4.12903 24.25
      vertex -8.37286 -4.12903 21.34
    endloop
  endfacet
  facet normal -0.783043 0.621968 0
    outer loop
      vertex -8.37286 -4.12903 24.25
      vertex -9.4072 -5.43124 21.34
      vertex -9.4072 -5.43124 24.25
    endloop
  endfacet
  facet normal -0.851472 0.5244 0
    outer loop
      vertex -10.3014 -6.88316 21.34
      vertex -9.4072 -5.43124 24.25
      vertex -9.4072 -5.43124 21.34
    endloop
  endfacet
  facet normal -0.851472 0.5244 0
    outer loop
      vertex -9.4072 -5.43124 24.25
      vertex -10.3014 -6.88316 21.34
      vertex -10.3014 -6.88316 24.25
    endloop
  endfacet
  facet normal -0.90666 0.421862 0
    outer loop
      vertex -10.3935 -7.0811 21.34
      vertex -10.3014 -6.88316 24.25
      vertex -10.3014 -6.88316 21.34
    endloop
  endfacet
  facet normal -0.906664 0.421853 0
    outer loop
      vertex -11.0405 -8.47166 24.25
      vertex -10.3935 -7.0811 21.34
      vertex -11.0405 -8.47166 21.34
    endloop
  endfacet
  facet normal -0.906664 0.421854 6.66091e-07
    outer loop
      vertex -10.3935 -7.0811 21.34
      vertex -11.0405 -8.47166 24.25
      vertex -10.3014 -6.88316 24.25
    endloop
  endfacet
  facet normal -0.246858 -0.969052 0
    outer loop
      vertex -11.0405 -8.47166 21.34
      vertex -9.97079 -8.74416 24.25
      vertex -11.0405 -8.47166 24.25
    endloop
  endfacet
  facet normal -0.246858 -0.969052 -0
    outer loop
      vertex -9.97079 -8.74416 24.25
      vertex -11.0405 -8.47166 21.34
      vertex -9.97079 -8.74416 21.34
    endloop
  endfacet
  facet normal 0.257747 -0.966213 0
    outer loop
      vertex -9.97079 -8.74416 21.34
      vertex -8.2979 -8.2979 24.25
      vertex -9.97079 -8.74416 24.25
    endloop
  endfacet
  facet normal 0.257747 -0.966213 0
    outer loop
      vertex -8.2979 -8.2979 24.25
      vertex -9.97079 -8.74416 21.34
      vertex -8.2979 -8.2979 21.34
    endloop
  endfacet
  facet normal 0.369418 -0.929263 0
    outer loop
      vertex -8.2979 -8.2979 21.34
      vertex -6.73068 -7.67487 24.25
      vertex -8.2979 -8.2979 24.25
    endloop
  endfacet
  facet normal 0.369418 -0.929263 0
    outer loop
      vertex -6.73068 -7.67487 24.25
      vertex -8.2979 -8.2979 21.34
      vertex -6.73068 -7.67487 21.34
    endloop
  endfacet
  facet normal 0.103698 -0.994609 0
    outer loop
      vertex -6.73068 -7.67487 21.34
      vertex -5.81595 -7.5795 24.25
      vertex -6.73068 -7.67487 24.25
    endloop
  endfacet
  facet normal 0.103698 -0.994609 0
    outer loop
      vertex -5.81595 -7.5795 24.25
      vertex -6.73068 -7.67487 21.34
      vertex -5.81595 -7.5795 21.34
    endloop
  endfacet
  facet normal -0.979011 0.203808 0
    outer loop
      vertex -6.15605 -9.2132 21.34
      vertex -5.81595 -7.5795 24.25
      vertex -5.81595 -7.5795 21.34
    endloop
  endfacet
  facet normal -0.979011 0.203808 0
    outer loop
      vertex -5.81595 -7.5795 24.25
      vertex -6.15605 -9.2132 21.34
      vertex -6.15605 -9.2132 24.25
    endloop
  endfacet
  facet normal -0.99627 0.0862885 0
    outer loop
      vertex -6.30374 -10.9184 21.34
      vertex -6.15605 -9.2132 24.25
      vertex -6.15605 -9.2132 21.34
    endloop
  endfacet
  facet normal -0.99627 0.0862885 0
    outer loop
      vertex -6.15605 -9.2132 24.25
      vertex -6.30374 -10.9184 21.34
      vertex -6.30374 -10.9184 24.25
    endloop
  endfacet
  facet normal -0.999558 -0.0297201 0
    outer loop
      vertex -6.25146 -12.6767 21.34
      vertex -6.30374 -10.9184 24.25
      vertex -6.30374 -10.9184 21.34
    endloop
  endfacet
  facet normal -0.999558 -0.0297201 0
    outer loop
      vertex -6.30374 -10.9184 24.25
      vertex -6.25146 -12.6767 21.34
      vertex -6.25146 -12.6767 24.25
    endloop
  endfacet
  facet normal 0.444926 -0.895567 0
    outer loop
      vertex -6.25146 -12.6767 21.34
      vertex -4.99162 -12.0508 24.25
      vertex -6.25146 -12.6767 24.25
    endloop
  endfacet
  facet normal 0.444926 -0.895567 0
    outer loop
      vertex -4.99162 -12.0508 24.25
      vertex -6.25146 -12.6767 21.34
      vertex -4.99162 -12.0508 21.34
    endloop
  endfacet
  facet normal 0.663979 -0.747751 0
    outer loop
      vertex -3.79856 -10.9914 21.34
      vertex -4.99162 -12.0508 24.25
      vertex -4.99162 -12.0508 21.34
    endloop
  endfacet
  facet normal 0.663957 -0.747771 -1.63793e-05
    outer loop
      vertex -4.99162 -12.0508 24.25
      vertex -3.79856 -10.9914 21.34
      vertex -3.70197 -10.9057 24.25
    endloop
  endfacet
  facet normal 0.663681 -0.748016 0
    outer loop
      vertex -3.70197 -10.9057 24.25
      vertex -3.79856 -10.9914 21.34
      vertex -3.70197 -10.9057 21.34
    endloop
  endfacet
  facet normal 0.747458 -0.66431 0
    outer loop
      vertex -3.70197 -10.9057 24.25
      vertex -2.5856 -9.6496 21.34
      vertex -2.5856 -9.6496 24.25
    endloop
  endfacet
  facet normal 0.747458 -0.66431 0
    outer loop
      vertex -2.5856 -9.6496 21.34
      vertex -3.70197 -10.9057 24.25
      vertex -3.70197 -10.9057 21.34
    endloop
  endfacet
  facet normal 0.0959757 -0.995384 0
    outer loop
      vertex -2.5856 -9.6496 21.34
      vertex -1.90639 -9.58411 24.25
      vertex -2.5856 -9.6496 24.25
    endloop
  endfacet
  facet normal 0.0959757 -0.995384 0
    outer loop
      vertex -1.90639 -9.58411 24.25
      vertex -2.5856 -9.6496 21.34
      vertex -1.90639 -9.58411 21.34
    endloop
  endfacet
  facet normal -0.966213 -0.257744 0
    outer loop
      vertex -1.47478 -11.2021 21.34
      vertex -1.90639 -9.58411 24.25
      vertex -1.90639 -9.58411 21.34
    endloop
  endfacet
  facet normal -0.966213 -0.257744 0
    outer loop
      vertex -1.90639 -9.58411 24.25
      vertex -1.47478 -11.2021 21.34
      vertex -1.47478 -11.2021 24.25
    endloop
  endfacet
  facet normal -0.928974 -0.370146 0
    outer loop
      vertex -0.838821 -12.7982 21.34
      vertex -1.47478 -11.2021 24.25
      vertex -1.47478 -11.2021 21.34
    endloop
  endfacet
  facet normal -0.928974 -0.370146 0
    outer loop
      vertex -1.47478 -11.2021 24.25
      vertex -0.838821 -12.7982 21.34
      vertex -0.838821 -12.7982 24.25
    endloop
  endfacet
  facet normal -0.880024 -0.474929 0
    outer loop
      vertex 0 -14.3525 21.34
      vertex -0.838821 -12.7982 24.25
      vertex -0.838821 -12.7982 21.34
    endloop
  endfacet
  facet normal -0.880024 -0.474929 0
    outer loop
      vertex -0.838821 -12.7982 24.25
      vertex 0 -14.3525 21.34
      vertex 0 -14.3525 24.25
    endloop
  endfacet
  facet normal 0.880024 -0.474929 0
    outer loop
      vertex 0 -14.3525 24.25
      vertex 0.838821 -12.7982 21.34
      vertex 0.838821 -12.7982 24.25
    endloop
  endfacet
  facet normal 0.880024 -0.474929 0
    outer loop
      vertex 0.838821 -12.7982 21.34
      vertex 0 -14.3525 24.25
      vertex 0 -14.3525 21.34
    endloop
  endfacet
  facet normal 0.999463 0.0327681 0
    outer loop
      vertex 14.97 0 3.2
      vertex 14.9379 0.979084 0
      vertex 14.9379 0.979084 3.2
    endloop
  endfacet
  facet normal 0.999463 0.0327681 0
    outer loop
      vertex 14.9379 0.979084 0
      vertex 14.97 0 3.2
      vertex 14.97 0 0
    endloop
  endfacet
  facet normal -0.999463 0.0327681 0
    outer loop
      vertex -14.97 0 0
      vertex -14.9379 0.979084 3.2
      vertex -14.9379 0.979084 0
    endloop
  endfacet
  facet normal -0.999463 0.0327681 0
    outer loop
      vertex -14.9379 0.979084 3.2
      vertex -14.97 0 0
      vertex -14.97 0 3.2
    endloop
  endfacet
  facet normal 0.0327681 0.999463 -0
    outer loop
      vertex 0.979084 14.9379 0
      vertex 0 14.97 3.2
      vertex 0.979084 14.9379 3.2
    endloop
  endfacet
  facet normal 0.0327681 0.999463 0
    outer loop
      vertex 0 14.97 3.2
      vertex 0.979084 14.9379 0
      vertex 0 14.97 0
    endloop
  endfacet
  facet normal 0.729895 0.683559 0
    outer loop
      vertex 11.255 9.87041 3.2
      vertex 10.5854 10.5854 0
      vertex 10.5854 10.5854 3.2
    endloop
  endfacet
  facet normal 0.729895 0.683559 0
    outer loop
      vertex 10.5854 10.5854 0
      vertex 11.255 9.87041 3.2
      vertex 11.255 9.87041 0
    endloop
  endfacet
  facet normal -0.683559 0.729895 0
    outer loop
      vertex -9.87041 11.255 0
      vertex -10.5854 10.5854 3.2
      vertex -9.87041 11.255 3.2
    endloop
  endfacet
  facet normal -0.683559 0.729895 0
    outer loop
      vertex -10.5854 10.5854 3.2
      vertex -9.87041 11.255 0
      vertex -10.5854 10.5854 0
    endloop
  endfacet
  facet normal -0.35219 0.935928 0
    outer loop
      vertex -4.81195 14.1755 0
      vertex -5.72877 13.8305 3.2
      vertex -4.81195 14.1755 3.2
    endloop
  endfacet
  facet normal -0.35219 0.935928 0
    outer loop
      vertex -5.72877 13.8305 3.2
      vertex -4.81195 14.1755 0
      vertex -5.72877 13.8305 0
    endloop
  endfacet
  facet normal 0.910861 0.412714 0
    outer loop
      vertex 13.8305 5.72877 3.2
      vertex 13.4262 6.62106 0
      vertex 13.4262 6.62106 3.2
    endloop
  endfacet
  facet normal 0.910861 0.412714 0
    outer loop
      vertex 13.4262 6.62106 0
      vertex 13.8305 5.72877 3.2
      vertex 13.8305 5.72877 0
    endloop
  endfacet
  facet normal 0.412714 0.910861 -0
    outer loop
      vertex 6.62106 13.4262 0
      vertex 5.72877 13.8305 3.2
      vertex 6.62106 13.4262 3.2
    endloop
  endfacet
  facet normal 0.412714 0.910861 0
    outer loop
      vertex 5.72877 13.8305 3.2
      vertex 6.62106 13.4262 0
      vertex 5.72877 13.8305 0
    endloop
  endfacet
  facet normal 0.582478 0.812846 -0
    outer loop
      vertex 9.11316 11.8765 0
      vertex 8.31689 12.4471 3.2
      vertex 9.11316 11.8765 3.2
    endloop
  endfacet
  facet normal 0.582478 0.812846 0
    outer loop
      vertex 8.31689 12.4471 3.2
      vertex 9.11316 11.8765 0
      vertex 8.31689 12.4471 0
    endloop
  endfacet
  facet normal -0.910861 0.412714 0
    outer loop
      vertex -13.8305 5.72877 0
      vertex -13.4262 6.62106 3.2
      vertex -13.4262 6.62106 0
    endloop
  endfacet
  facet normal -0.910861 0.412714 0
    outer loop
      vertex -13.4262 6.62106 3.2
      vertex -13.8305 5.72877 0
      vertex -13.8305 5.72877 3.2
    endloop
  endfacet
  facet normal -0.77299 0.634418 0
    outer loop
      vertex -11.8765 9.11316 0
      vertex -11.255 9.87041 3.2
      vertex -11.255 9.87041 0
    endloop
  endfacet
  facet normal -0.77299 0.634418 0
    outer loop
      vertex -11.255 9.87041 3.2
      vertex -11.8765 9.11316 0
      vertex -11.8765 9.11316 3.2
    endloop
  endfacet
  facet normal -0.162823 0.986655 0
    outer loop
      vertex -1.95398 14.8419 0
      vertex -2.9205 14.6824 3.2
      vertex -1.95398 14.8419 3.2
    endloop
  endfacet
  facet normal -0.162823 0.986655 0
    outer loop
      vertex -2.9205 14.6824 3.2
      vertex -1.95398 14.8419 0
      vertex -2.9205 14.6824 0
    endloop
  endfacet
  facet normal -0.729895 -0.683559 0
    outer loop
      vertex -10.5854 -10.5854 0
      vertex -11.255 -9.87041 3.2
      vertex -11.255 -9.87041 0
    endloop
  endfacet
  facet normal -0.729895 -0.683559 0
    outer loop
      vertex -11.255 -9.87041 3.2
      vertex -10.5854 -10.5854 0
      vertex -10.5854 -10.5854 3.2
    endloop
  endfacet
  facet normal 0.986655 0.162823 0
    outer loop
      vertex 14.8419 1.95398 3.2
      vertex 14.6824 2.9205 0
      vertex 14.6824 2.9205 3.2
    endloop
  endfacet
  facet normal 0.986655 0.162823 0
    outer loop
      vertex 14.6824 2.9205 0
      vertex 14.8419 1.95398 3.2
      vertex 14.8419 1.95398 0
    endloop
  endfacet
  facet normal 0.995187 0.0979981 0
    outer loop
      vertex 14.9379 0.979084 3.2
      vertex 14.8419 1.95398 0
      vertex 14.8419 1.95398 3.2
    endloop
  endfacet
  facet normal 0.995187 0.0979981 0
    outer loop
      vertex 14.8419 1.95398 0
      vertex 14.9379 0.979084 3.2
      vertex 14.9379 0.979084 0
    endloop
  endfacet
  facet normal 0.956931 0.290316 0
    outer loop
      vertex 14.4599 3.87452 3.2
      vertex 14.1755 4.81195 0
      vertex 14.1755 4.81195 3.2
    endloop
  endfacet
  facet normal 0.956931 0.290316 0
    outer loop
      vertex 14.1755 4.81195 0
      vertex 14.4599 3.87452 3.2
      vertex 14.4599 3.87452 0
    endloop
  endfacet
  facet normal 0.812846 0.582478 0
    outer loop
      vertex 12.4471 8.31689 3.2
      vertex 11.8765 9.11316 0
      vertex 11.8765 9.11316 3.2
    endloop
  endfacet
  facet normal 0.812846 0.582478 0
    outer loop
      vertex 11.8765 9.11316 0
      vertex 12.4471 8.31689 3.2
      vertex 12.4471 8.31689 0
    endloop
  endfacet
  facet normal 0.77299 0.634418 0
    outer loop
      vertex 11.8765 9.11316 3.2
      vertex 11.255 9.87041 0
      vertex 11.255 9.87041 3.2
    endloop
  endfacet
  facet normal 0.77299 0.634418 0
    outer loop
      vertex 11.255 9.87041 0
      vertex 11.8765 9.11316 3.2
      vertex 11.8765 9.11316 0
    endloop
  endfacet
  facet normal 0.881915 0.471408 0
    outer loop
      vertex 13.4262 6.62106 3.2
      vertex 12.9644 7.485 0
      vertex 12.9644 7.485 3.2
    endloop
  endfacet
  facet normal 0.881915 0.471408 0
    outer loop
      vertex 12.9644 7.485 0
      vertex 13.4262 6.62106 3.2
      vertex 13.4262 6.62106 0
    endloop
  endfacet
  facet normal 0.290316 0.956931 -0
    outer loop
      vertex 4.81195 14.1755 0
      vertex 3.87452 14.4599 3.2
      vertex 4.81195 14.1755 3.2
    endloop
  endfacet
  facet normal 0.290316 0.956931 0
    outer loop
      vertex 3.87452 14.4599 3.2
      vertex 4.81195 14.1755 0
      vertex 3.87452 14.4599 0
    endloop
  endfacet
  facet normal 0.35219 0.935928 -0
    outer loop
      vertex 5.72877 13.8305 0
      vertex 4.81195 14.1755 3.2
      vertex 5.72877 13.8305 3.2
    endloop
  endfacet
  facet normal 0.35219 0.935928 0
    outer loop
      vertex 4.81195 14.1755 3.2
      vertex 5.72877 13.8305 0
      vertex 4.81195 14.1755 0
    endloop
  endfacet
  facet normal 0.162823 0.986655 -0
    outer loop
      vertex 2.9205 14.6824 0
      vertex 1.95398 14.8419 3.2
      vertex 2.9205 14.6824 3.2
    endloop
  endfacet
  facet normal 0.162823 0.986655 0
    outer loop
      vertex 1.95398 14.8419 3.2
      vertex 2.9205 14.6824 0
      vertex 1.95398 14.8419 0
    endloop
  endfacet
  facet normal 0.528066 0.849203 -0
    outer loop
      vertex 8.31689 12.4471 0
      vertex 7.485 12.9644 3.2
      vertex 8.31689 12.4471 3.2
    endloop
  endfacet
  facet normal 0.528066 0.849203 0
    outer loop
      vertex 7.485 12.9644 3.2
      vertex 8.31689 12.4471 0
      vertex 7.485 12.9644 0
    endloop
  endfacet
  facet normal 0.634418 0.77299 -0
    outer loop
      vertex 9.87041 11.255 0
      vertex 9.11316 11.8765 3.2
      vertex 9.87041 11.255 3.2
    endloop
  endfacet
  facet normal 0.634418 0.77299 0
    outer loop
      vertex 9.11316 11.8765 3.2
      vertex 9.87041 11.255 0
      vertex 9.11316 11.8765 0
    endloop
  endfacet
  facet normal -0.956931 0.290316 0
    outer loop
      vertex -14.4599 3.87452 0
      vertex -14.1755 4.81195 3.2
      vertex -14.1755 4.81195 0
    endloop
  endfacet
  facet normal -0.956931 0.290316 0
    outer loop
      vertex -14.1755 4.81195 3.2
      vertex -14.4599 3.87452 0
      vertex -14.4599 3.87452 3.2
    endloop
  endfacet
  facet normal -0.812846 0.582478 0
    outer loop
      vertex -12.4471 8.31689 0
      vertex -11.8765 9.11316 3.2
      vertex -11.8765 9.11316 0
    endloop
  endfacet
  facet normal -0.812846 0.582478 0
    outer loop
      vertex -11.8765 9.11316 3.2
      vertex -12.4471 8.31689 0
      vertex -12.4471 8.31689 3.2
    endloop
  endfacet
  facet normal -0.849203 0.528066 0
    outer loop
      vertex -12.9644 7.485 0
      vertex -12.4471 8.31689 3.2
      vertex -12.4471 8.31689 0
    endloop
  endfacet
  facet normal -0.849203 0.528066 0
    outer loop
      vertex -12.4471 8.31689 3.2
      vertex -12.9644 7.485 0
      vertex -12.9644 7.485 3.2
    endloop
  endfacet
  facet normal -0.935928 0.35219 0
    outer loop
      vertex -14.1755 4.81195 0
      vertex -13.8305 5.72877 3.2
      vertex -13.8305 5.72877 0
    endloop
  endfacet
  facet normal -0.935928 0.35219 0
    outer loop
      vertex -13.8305 5.72877 3.2
      vertex -14.1755 4.81195 0
      vertex -14.1755 4.81195 3.2
    endloop
  endfacet
  facet normal -0.986655 0.162823 0
    outer loop
      vertex -14.8419 1.95398 0
      vertex -14.6824 2.9205 3.2
      vertex -14.6824 2.9205 0
    endloop
  endfacet
  facet normal -0.986655 0.162823 0
    outer loop
      vertex -14.6824 2.9205 3.2
      vertex -14.8419 1.95398 0
      vertex -14.8419 1.95398 3.2
    endloop
  endfacet
  facet normal -0.528066 0.849203 0
    outer loop
      vertex -7.485 12.9644 0
      vertex -8.31689 12.4471 3.2
      vertex -7.485 12.9644 3.2
    endloop
  endfacet
  facet normal -0.528066 0.849203 0
    outer loop
      vertex -8.31689 12.4471 3.2
      vertex -7.485 12.9644 0
      vertex -8.31689 12.4471 0
    endloop
  endfacet
  facet normal -0.471408 0.881915 0
    outer loop
      vertex -6.62106 13.4262 0
      vertex -7.485 12.9644 3.2
      vertex -6.62106 13.4262 3.2
    endloop
  endfacet
  facet normal -0.471408 0.881915 0
    outer loop
      vertex -7.485 12.9644 3.2
      vertex -6.62106 13.4262 0
      vertex -7.485 12.9644 0
    endloop
  endfacet
  facet normal -0.582478 0.812846 0
    outer loop
      vertex -8.31689 12.4471 0
      vertex -9.11316 11.8765 3.2
      vertex -8.31689 12.4471 3.2
    endloop
  endfacet
  facet normal -0.582478 0.812846 0
    outer loop
      vertex -9.11316 11.8765 3.2
      vertex -8.31689 12.4471 0
      vertex -9.11316 11.8765 0
    endloop
  endfacet
  facet normal -0.290316 0.956931 0
    outer loop
      vertex -3.87452 14.4599 0
      vertex -4.81195 14.1755 3.2
      vertex -3.87452 14.4599 3.2
    endloop
  endfacet
  facet normal -0.290316 0.956931 0
    outer loop
      vertex -4.81195 14.1755 3.2
      vertex -3.87452 14.4599 0
      vertex -4.81195 14.1755 0
    endloop
  endfacet
  facet normal -0.0979981 0.995187 0
    outer loop
      vertex -0.979084 14.9379 0
      vertex -1.95398 14.8419 3.2
      vertex -0.979084 14.9379 3.2
    endloop
  endfacet
  facet normal -0.0979981 0.995187 0
    outer loop
      vertex -1.95398 14.8419 3.2
      vertex -0.979084 14.9379 0
      vertex -1.95398 14.8419 0
    endloop
  endfacet
  facet normal 0.582478 -0.812846 0
    outer loop
      vertex 8.31689 -12.4471 0
      vertex 9.11316 -11.8765 3.2
      vertex 8.31689 -12.4471 3.2
    endloop
  endfacet
  facet normal 0.582478 -0.812846 0
    outer loop
      vertex 9.11316 -11.8765 3.2
      vertex 8.31689 -12.4471 0
      vertex 9.11316 -11.8765 0
    endloop
  endfacet
  facet normal 0.683559 -0.729895 0
    outer loop
      vertex 9.87041 -11.255 0
      vertex 10.5854 -10.5854 3.2
      vertex 9.87041 -11.255 3.2
    endloop
  endfacet
  facet normal 0.683559 -0.729895 0
    outer loop
      vertex 10.5854 -10.5854 3.2
      vertex 9.87041 -11.255 0
      vertex 10.5854 -10.5854 0
    endloop
  endfacet
  facet normal 0.412714 -0.910861 0
    outer loop
      vertex 5.72877 -13.8305 0
      vertex 6.62106 -13.4262 3.2
      vertex 5.72877 -13.8305 3.2
    endloop
  endfacet
  facet normal 0.412714 -0.910861 0
    outer loop
      vertex 6.62106 -13.4262 3.2
      vertex 5.72877 -13.8305 0
      vertex 6.62106 -13.4262 0
    endloop
  endfacet
  facet normal 0.812846 -0.582478 0
    outer loop
      vertex 11.8765 -9.11316 3.2
      vertex 12.4471 -8.31689 0
      vertex 12.4471 -8.31689 3.2
    endloop
  endfacet
  facet normal 0.812846 -0.582478 0
    outer loop
      vertex 12.4471 -8.31689 0
      vertex 11.8765 -9.11316 3.2
      vertex 11.8765 -9.11316 0
    endloop
  endfacet
  facet normal 0.935928 -0.35219 0
    outer loop
      vertex 13.8305 -5.72877 3.2
      vertex 14.1755 -4.81195 0
      vertex 14.1755 -4.81195 3.2
    endloop
  endfacet
  facet normal 0.935928 -0.35219 0
    outer loop
      vertex 14.1755 -4.81195 0
      vertex 13.8305 -5.72877 3.2
      vertex 13.8305 -5.72877 0
    endloop
  endfacet
  facet normal 0.881915 -0.471408 0
    outer loop
      vertex 12.9644 -7.485 3.2
      vertex 13.4262 -6.62106 0
      vertex 13.4262 -6.62106 3.2
    endloop
  endfacet
  facet normal 0.881915 -0.471408 0
    outer loop
      vertex 13.4262 -6.62106 0
      vertex 12.9644 -7.485 3.2
      vertex 12.9644 -7.485 0
    endloop
  endfacet
  facet normal 0.956931 -0.290316 0
    outer loop
      vertex 14.1755 -4.81195 3.2
      vertex 14.4599 -3.87452 0
      vertex 14.4599 -3.87452 3.2
    endloop
  endfacet
  facet normal 0.956931 -0.290316 0
    outer loop
      vertex 14.4599 -3.87452 0
      vertex 14.1755 -4.81195 3.2
      vertex 14.1755 -4.81195 0
    endloop
  endfacet
  facet normal 0.973865 -0.227128 0
    outer loop
      vertex 14.4599 -3.87452 3.2
      vertex 14.6824 -2.9205 0
      vertex 14.6824 -2.9205 3.2
    endloop
  endfacet
  facet normal 0.973865 -0.227128 0
    outer loop
      vertex 14.6824 -2.9205 0
      vertex 14.4599 -3.87452 3.2
      vertex 14.4599 -3.87452 0
    endloop
  endfacet
  facet normal 0.995187 -0.0979981 0
    outer loop
      vertex 14.8419 -1.95398 3.2
      vertex 14.9379 -0.979084 0
      vertex 14.9379 -0.979084 3.2
    endloop
  endfacet
  facet normal 0.995187 -0.0979981 0
    outer loop
      vertex 14.9379 -0.979084 0
      vertex 14.8419 -1.95398 3.2
      vertex 14.8419 -1.95398 0
    endloop
  endfacet
  facet normal -0.412714 -0.910861 0
    outer loop
      vertex -6.62106 -13.4262 0
      vertex -5.72877 -13.8305 3.2
      vertex -6.62106 -13.4262 3.2
    endloop
  endfacet
  facet normal -0.412714 -0.910861 -0
    outer loop
      vertex -5.72877 -13.8305 3.2
      vertex -6.62106 -13.4262 0
      vertex -5.72877 -13.8305 0
    endloop
  endfacet
  facet normal -0.528066 -0.849203 0
    outer loop
      vertex -8.31689 -12.4471 0
      vertex -7.485 -12.9644 3.2
      vertex -8.31689 -12.4471 3.2
    endloop
  endfacet
  facet normal -0.528066 -0.849203 -0
    outer loop
      vertex -7.485 -12.9644 3.2
      vertex -8.31689 -12.4471 0
      vertex -7.485 -12.9644 0
    endloop
  endfacet
  facet normal -0.35219 -0.935928 0
    outer loop
      vertex -5.72877 -13.8305 0
      vertex -4.81195 -14.1755 3.2
      vertex -5.72877 -13.8305 3.2
    endloop
  endfacet
  facet normal -0.35219 -0.935928 -0
    outer loop
      vertex -4.81195 -14.1755 3.2
      vertex -5.72877 -13.8305 0
      vertex -4.81195 -14.1755 0
    endloop
  endfacet
  facet normal -0.162823 -0.986655 0
    outer loop
      vertex -2.9205 -14.6824 0
      vertex -1.95398 -14.8419 3.2
      vertex -2.9205 -14.6824 3.2
    endloop
  endfacet
  facet normal -0.162823 -0.986655 -0
    outer loop
      vertex -1.95398 -14.8419 3.2
      vertex -2.9205 -14.6824 0
      vertex -1.95398 -14.8419 0
    endloop
  endfacet
  facet normal -0.849203 -0.528066 0
    outer loop
      vertex -12.4471 -8.31689 0
      vertex -12.9644 -7.485 3.2
      vertex -12.9644 -7.485 0
    endloop
  endfacet
  facet normal -0.849203 -0.528066 0
    outer loop
      vertex -12.9644 -7.485 3.2
      vertex -12.4471 -8.31689 0
      vertex -12.4471 -8.31689 3.2
    endloop
  endfacet
  facet normal -0.812846 -0.582478 0
    outer loop
      vertex -11.8765 -9.11316 0
      vertex -12.4471 -8.31689 3.2
      vertex -12.4471 -8.31689 0
    endloop
  endfacet
  facet normal -0.812846 -0.582478 0
    outer loop
      vertex -12.4471 -8.31689 3.2
      vertex -11.8765 -9.11316 0
      vertex -11.8765 -9.11316 3.2
    endloop
  endfacet
  facet normal -0.935928 -0.35219 0
    outer loop
      vertex -13.8305 -5.72877 0
      vertex -14.1755 -4.81195 3.2
      vertex -14.1755 -4.81195 0
    endloop
  endfacet
  facet normal -0.935928 -0.35219 0
    outer loop
      vertex -14.1755 -4.81195 3.2
      vertex -13.8305 -5.72877 0
      vertex -13.8305 -5.72877 3.2
    endloop
  endfacet
  facet normal 0 0 -1
    outer loop
      vertex 12.7813 -1.07083 0
      vertex 14.97 0 0
      vertex 14.9379 -0.979084 0
    endloop
  endfacet
  facet normal 0 0 -1
    outer loop
      vertex 12.8412 -1.50687 0
      vertex 14.9379 -0.979084 0
      vertex 14.8419 -1.95398 0
    endloop
  endfacet
  facet normal 0 0 -1
    outer loop
      vertex 14.97 0 0
      vertex 12.7813 -1.07083 0
      vertex 12.6016 -0.712112 0
    endloop
  endfacet
  facet normal 0 0 -1
    outer loop
      vertex 12.8111 -1.8154 0
      vertex 14.8419 -1.95398 0
      vertex 14.6824 -2.9205 0
    endloop
  endfacet
  facet normal -0 0 -1
    outer loop
      vertex 14.97 0 0
      vertex 12.6016 -0.712112 0
      vertex 14.9379 0.979084 0
    endloop
  endfacet
  facet normal 0 0 -1
    outer loop
      vertex 13.0089 -3.4847 0
      vertex 14.6824 -2.9205 0
      vertex 14.4599 -3.87452 0
    endloop
  endfacet
  facet normal 0 0 -1
    outer loop
      vertex 12.3021 -0.43071 0
      vertex 14.9379 0.979084 0
      vertex 12.6016 -0.712112 0
    endloop
  endfacet
  facet normal 0 0 -1
    outer loop
      vertex 13.1708 -4.16371 0
      vertex 14.4599 -3.87452 0
      vertex 14.1755 -4.81195 0
    endloop
  endfacet
  facet normal 0 0 -1
    outer loop
      vertex 14.9379 -0.979084 0
      vertex 12.8412 -1.50687 0
      vertex 12.7813 -1.07083 0
    endloop
  endfacet
  facet normal 0 0 -1
    outer loop
      vertex 13.1057 -4.64519 0
      vertex 14.1755 -4.81195 0
      vertex 13.8305 -5.72877 0
    endloop
  endfacet
  facet normal -0 0 -1
    outer loop
      vertex 14.9379 0.979084 0
      vertex 12.3021 -0.43071 0
      vertex 14.8419 1.95398 0
    endloop
  endfacet
  facet normal 0 0 -1
    outer loop
      vertex 12.5849 -5.37216 0
      vertex 13.8305 -5.72877 0
      vertex 13.4262 -6.62106 0
    endloop
  endfacet
  facet normal -0 0 -1
    outer loop
      vertex 14.4599 -3.87452 0
      vertex 13.1708 -4.16371 0
      vertex 13.1303 -3.79866 0
    endloop
  endfacet
  facet normal 0 0 -1
    outer loop
      vertex 14.4599 -3.87452 0
      vertex 13.1303 -3.79866 0
      vertex 13.0089 -3.4847 0
    endloop
  endfacet
  facet normal 0 0 -1
    outer loop
      vertex 14.1755 -4.81195 0
      vertex 13.1057 -4.64519 0
      vertex 13.1708 -4.16371 0
    endloop
  endfacet
  facet normal 0 0 -1
    outer loop
      vertex 12.1436 -5.6095 0
      vertex 13.4262 -6.62106 0
      vertex 12.9644 -7.485 0
    endloop
  endfacet
  facet normal 0 0 -1
    outer loop
      vertex 13.8305 -5.72877 0
      vertex 12.9104 -5.048 0
      vertex 13.1057 -4.64519 0
    endloop
  endfacet
  facet normal 0 0 -1
    outer loop
      vertex 13.8305 -5.72877 0
      vertex 12.5849 -5.37216 0
      vertex 12.9104 -5.048 0
    endloop
  endfacet
  facet normal 0 0 -1
    outer loop
      vertex 11.6011 -5.75191 0
      vertex 12.9644 -7.485 0
      vertex 12.4471 -8.31689 0
    endloop
  endfacet
  facet normal 0 0 -1
    outer loop
      vertex 13.4262 -6.62106 0
      vertex 12.1436 -5.6095 0
      vertex 12.5849 -5.37216 0
    endloop
  endfacet
  facet normal 0 0 -1
    outer loop
      vertex 10.9574 -5.79936 0
      vertex 12.4471 -8.31689 0
      vertex 11.8765 -9.11316 0
    endloop
  endfacet
  facet normal 0 0 -1
    outer loop
      vertex 12.9644 -7.485 0
      vertex 11.6011 -5.75191 0
      vertex 12.1436 -5.6095 0
    endloop
  endfacet
  facet normal 0 0 -1
    outer loop
      vertex 10.9574 -5.79936 0
      vertex 11.8765 -9.11316 0
      vertex 11.255 -9.87041 0
    endloop
  endfacet
  facet normal 0 0 -1
    outer loop
      vertex 12.4471 -8.31689 0
      vertex 10.9574 -5.79936 0
      vertex 11.6011 -5.75191 0
    endloop
  endfacet
  facet normal 0 0 -1
    outer loop
      vertex 8.0889 -5.79936 0
      vertex 11.255 -9.87041 0
      vertex 10.5854 -10.5854 0
    endloop
  endfacet
  facet normal 0 0 -1
    outer loop
      vertex 8.0889 -5.79936 0
      vertex 10.5854 -10.5854 0
      vertex 9.87041 -11.255 0
    endloop
  endfacet
  facet normal 0 0 -1
    outer loop
      vertex 8.0889 -5.79936 0
      vertex 9.87041 -11.255 0
      vertex 9.11316 -11.8765 0
    endloop
  endfacet
  facet normal 0 0 -1
    outer loop
      vertex 4.33345 -6.48546 0
      vertex 9.11316 -11.8765 0
      vertex 8.31689 -12.4471 0
    endloop
  endfacet
  facet normal 0 0 -1
    outer loop
      vertex 11.255 -9.87041 0
      vertex 8.0889 -5.79936 0
      vertex 10.9574 -5.79936 0
    endloop
  endfacet
  facet normal 0 0 -1
    outer loop
      vertex 7.65012 -1.5217 0
      vertex 8.0889 -0.0664978 0
      vertex 8.0889 -5.79936 0
    endloop
  endfacet
  facet normal 0 0 -1
    outer loop
      vertex 9.11316 -11.8765 0
      vertex 4.33345 -6.48546 0
      vertex 8.0889 -5.79936 0
    endloop
  endfacet
  facet normal -0 0 -1
    outer loop
      vertex 8.0889 -0.0664978 0
      vertex 7.76244 -0.764533 0
      vertex 7.8 0 0
    endloop
  endfacet
  facet normal 0 0 -1
    outer loop
      vertex 8.0889 -0.0664978 0
      vertex 7.65012 -1.5217 0
      vertex 7.76244 -0.764533 0
    endloop
  endfacet
  facet normal 0 0 -1
    outer loop
      vertex 4.33345 -6.48546 0
      vertex 8.31689 -12.4471 0
      vertex 7.485 -12.9644 0
    endloop
  endfacet
  facet normal 0 0 -1
    outer loop
      vertex 8.0889 -5.79936 0
      vertex 7.46413 -2.26422 0
      vertex 7.65012 -1.5217 0
    endloop
  endfacet
  facet normal 0 0 -1
    outer loop
      vertex 8.0889 -5.79936 0
      vertex 7.20626 -2.98493 0
      vertex 7.46413 -2.26422 0
    endloop
  endfacet
  facet normal 0 0 -1
    outer loop
      vertex 8.0889 -5.79936 0
      vertex 6.87899 -3.67689 0
      vertex 7.20626 -2.98493 0
    endloop
  endfacet
  facet normal 0 0 -1
    outer loop
      vertex 3.67689 -6.87899 0
      vertex 7.485 -12.9644 0
      vertex 6.62106 -13.4262 0
    endloop
  endfacet
  facet normal 0 0 -1
    outer loop
      vertex 8.0889 -5.79936 0
      vertex 6.48546 -4.33345 0
      vertex 6.87899 -3.67689 0
    endloop
  endfacet
  facet normal 0 0 -1
    outer loop
      vertex 8.0889 -5.79936 0
      vertex 6.02948 -4.94827 0
      vertex 6.48546 -4.33345 0
    endloop
  endfacet
  facet normal 0 0 -1
    outer loop
      vertex 2.98493 -7.20626 0
      vertex 6.62106 -13.4262 0
      vertex 5.72877 -13.8305 0
    endloop
  endfacet
  facet normal 0 0 -1
    outer loop
      vertex 8.0889 -5.79936 0
      vertex 5.51543 -5.51543 0
      vertex 6.02948 -4.94827 0
    endloop
  endfacet
  facet normal -0 0 -1
    outer loop
      vertex 8.0889 -5.79936 0
      vertex 4.94827 -6.02948 0
      vertex 5.51543 -5.51543 0
    endloop
  endfacet
  facet normal 0 0 -1
    outer loop
      vertex 2.98493 -7.20626 0
      vertex 5.72877 -13.8305 0
      vertex 4.81195 -14.1755 0
    endloop
  endfacet
  facet normal 0 0 -1
    outer loop
      vertex 8.0889 -5.79936 0
      vertex 4.33345 -6.48546 0
      vertex 4.94827 -6.02948 0
    endloop
  endfacet
  facet normal 0 0 -1
    outer loop
      vertex 2.26422 -7.46413 0
      vertex 4.81195 -14.1755 0
      vertex 3.87452 -14.4599 0
    endloop
  endfacet
  facet normal 0 0 -1
    outer loop
      vertex 7.485 -12.9644 0
      vertex 3.67689 -6.87899 0
      vertex 4.33345 -6.48546 0
    endloop
  endfacet
  facet normal 0 0 -1
    outer loop
      vertex 6.62106 -13.4262 0
      vertex 2.98493 -7.20626 0
      vertex 3.67689 -6.87899 0
    endloop
  endfacet
  facet normal 0 0 -1
    outer loop
      vertex 1.5217 -7.65012 0
      vertex 3.87452 -14.4599 0
      vertex 2.9205 -14.6824 0
    endloop
  endfacet
  facet normal 0 0 -1
    outer loop
      vertex 4.81195 -14.1755 0
      vertex 2.26422 -7.46413 0
      vertex 2.98493 -7.20626 0
    endloop
  endfacet
  facet normal 0 0 -1
    outer loop
      vertex 1.5217 -7.65012 0
      vertex 2.9205 -14.6824 0
      vertex 1.95398 -14.8419 0
    endloop
  endfacet
  facet normal 0 0 -1
    outer loop
      vertex 3.87452 -14.4599 0
      vertex 1.5217 -7.65012 0
      vertex 2.26422 -7.46413 0
    endloop
  endfacet
  facet normal 0 0 -1
    outer loop
      vertex 0.764533 -7.76244 0
      vertex 1.95398 -14.8419 0
      vertex 0.979084 -14.9379 0
    endloop
  endfacet
  facet normal 0 0 -1
    outer loop
      vertex 1.95398 -14.8419 0
      vertex 0.764533 -7.76244 0
      vertex 1.5217 -7.65012 0
    endloop
  endfacet
  facet normal 0 0 -1
    outer loop
      vertex 0 -7.8 0
      vertex 0.979084 -14.9379 0
      vertex 0 -14.97 0
    endloop
  endfacet
  facet normal 0 0 -1
    outer loop
      vertex 0.979084 -14.9379 0
      vertex 0 -7.8 0
      vertex 0.764533 -7.76244 0
    endloop
  endfacet
  facet normal 0 0 -1
    outer loop
      vertex -0.979084 -14.9379 0
      vertex 0 -7.8 0
      vertex 0 -14.97 0
    endloop
  endfacet
  facet normal -0 0 -1
    outer loop
      vertex 0 -7.8 0
      vertex -0.979084 -14.9379 0
      vertex -0.764533 -7.76244 0
    endloop
  endfacet
  facet normal 0 0 -1
    outer loop
      vertex -1.95398 -14.8419 0
      vertex -0.764533 -7.76244 0
      vertex -0.979084 -14.9379 0
    endloop
  endfacet
  facet normal -0 0 -1
    outer loop
      vertex -0.764533 -7.76244 0
      vertex -1.95398 -14.8419 0
      vertex -1.5217 -7.65012 0
    endloop
  endfacet
  facet normal 0 0 -1
    outer loop
      vertex -2.9205 -14.6824 0
      vertex -1.5217 -7.65012 0
      vertex -1.95398 -14.8419 0
    endloop
  endfacet
  facet normal 0 0 -1
    outer loop
      vertex -3.87452 -14.4599 0
      vertex -1.5217 -7.65012 0
      vertex -2.9205 -14.6824 0
    endloop
  endfacet
  facet normal -0 0 -1
    outer loop
      vertex -1.5217 -7.65012 0
      vertex -3.87452 -14.4599 0
      vertex -2.26422 -7.46413 0
    endloop
  endfacet
  facet normal 0 0 -1
    outer loop
      vertex -4.81195 -14.1755 0
      vertex -2.26422 -7.46413 0
      vertex -3.87452 -14.4599 0
    endloop
  endfacet
  facet normal -0 0 -1
    outer loop
      vertex -2.26422 -7.46413 0
      vertex -4.81195 -14.1755 0
      vertex -2.98493 -7.20626 0
    endloop
  endfacet
  facet normal 0 0 -1
    outer loop
      vertex -5.72877 -13.8305 0
      vertex -2.98493 -7.20626 0
      vertex -4.81195 -14.1755 0
    endloop
  endfacet
  facet normal 0 0 -1
    outer loop
      vertex -6.62106 -13.4262 0
      vertex -2.98493 -7.20626 0
      vertex -5.72877 -13.8305 0
    endloop
  endfacet
  facet normal -0 0 -1
    outer loop
      vertex -2.98493 -7.20626 0
      vertex -6.62106 -13.4262 0
      vertex -3.67689 -6.87899 0
    endloop
  endfacet
  facet normal 0 0 -1
    outer loop
      vertex -7.485 -12.9644 0
      vertex -3.67689 -6.87899 0
      vertex -6.62106 -13.4262 0
    endloop
  endfacet
  facet normal -0 0 -1
    outer loop
      vertex -3.67689 -6.87899 0
      vertex -7.485 -12.9644 0
      vertex -4.33345 -6.48546 0
    endloop
  endfacet
  facet normal 0 0 -1
    outer loop
      vertex -8.31689 -12.4471 0
      vertex -4.33345 -6.48546 0
      vertex -7.485 -12.9644 0
    endloop
  endfacet
  facet normal 0 0 -1
    outer loop
      vertex -9.11316 -11.8765 0
      vertex -4.33345 -6.48546 0
      vertex -8.31689 -12.4471 0
    endloop
  endfacet
  facet normal -0 0 -1
    outer loop
      vertex -4.33345 -6.48546 0
      vertex -9.11316 -11.8765 0
      vertex -4.94827 -6.02948 0
    endloop
  endfacet
  facet normal 0 0 -1
    outer loop
      vertex -9.87041 -11.255 0
      vertex -4.94827 -6.02948 0
      vertex -9.11316 -11.8765 0
    endloop
  endfacet
  facet normal -0 0 -1
    outer loop
      vertex -4.94827 -6.02948 0
      vertex -9.87041 -11.255 0
      vertex -5.51543 -5.51543 0
    endloop
  endfacet
  facet normal 0 0 -1
    outer loop
      vertex -10.5854 -10.5854 0
      vertex -5.51543 -5.51543 0
      vertex -9.87041 -11.255 0
    endloop
  endfacet
  facet normal 0 0 -1
    outer loop
      vertex -11.255 -9.87041 0
      vertex -5.51543 -5.51543 0
      vertex -10.5854 -10.5854 0
    endloop
  endfacet
  facet normal -0 0 -1
    outer loop
      vertex -5.51543 -5.51543 0
      vertex -11.255 -9.87041 0
      vertex -6.02948 -4.94827 0
    endloop
  endfacet
  facet normal 0 0 -1
    outer loop
      vertex -11.8765 -9.11316 0
      vertex -6.02948 -4.94827 0
      vertex -11.255 -9.87041 0
    endloop
  endfacet
  facet normal -0 0 -1
    outer loop
      vertex -6.02948 -4.94827 0
      vertex -11.8765 -9.11316 0
      vertex -6.48546 -4.33345 0
    endloop
  endfacet
  facet normal 0 0 -1
    outer loop
      vertex -12.4471 -8.31689 0
      vertex -6.48546 -4.33345 0
      vertex -11.8765 -9.11316 0
    endloop
  endfacet
  facet normal 0 0 -1
    outer loop
      vertex 11.8859 -0.228363 0
      vertex 14.8419 1.95398 0
      vertex 12.3021 -0.43071 0
    endloop
  endfacet
  facet normal 0 0 -1
    outer loop
      vertex 12.8066 -3.22183 0
      vertex 14.6824 -2.9205 0
      vertex 13.0089 -3.4847 0
    endloop
  endfacet
  facet normal -0 0 -1
    outer loop
      vertex 14.8419 1.95398 0
      vertex 11.8859 -0.228363 0
      vertex 14.6824 2.9205 0
    endloop
  endfacet
  facet normal 0 0 -1
    outer loop
      vertex 11.3563 -0.106964 0
      vertex 14.6824 2.9205 0
      vertex 11.8859 -0.228363 0
    endloop
  endfacet
  facet normal 0 0 -1
    outer loop
      vertex 14.8419 -1.95398 0
      vertex 12.8111 -1.8154 0
      vertex 12.8412 -1.50687 0
    endloop
  endfacet
  facet normal -0 0 -1
    outer loop
      vertex 14.6824 -2.9205 0
      vertex 12.8066 -3.22183 0
      vertex 12.7209 -2.09004 0
    endloop
  endfacet
  facet normal 0 0 -1
    outer loop
      vertex 14.6824 -2.9205 0
      vertex 12.7209 -2.09004 0
      vertex 12.8111 -1.8154 0
    endloop
  endfacet
  facet normal 0 0 -1
    outer loop
      vertex 12.8066 -3.22183 0
      vertex 12.5706 -2.33078 0
      vertex 12.7209 -2.09004 0
    endloop
  endfacet
  facet normal 0 0 -1
    outer loop
      vertex 12.527 -3.01498 0
      vertex 12.5706 -2.33078 0
      vertex 12.8066 -3.22183 0
    endloop
  endfacet
  facet normal 0 0 -1
    outer loop
      vertex 12.527 -3.01498 0
      vertex 12.3588 -2.53036 0
      vertex 12.5706 -2.33078 0
    endloop
  endfacet
  facet normal 0 0 -1
    outer loop
      vertex 12.1737 -2.8692 0
      vertex 12.3588 -2.53036 0
      vertex 12.527 -3.01498 0
    endloop
  endfacet
  facet normal 0 0 -1
    outer loop
      vertex 12.1737 -2.8692 0
      vertex 12.0842 -2.68158 0
      vertex 12.3588 -2.53036 0
    endloop
  endfacet
  facet normal 0 -0 -1
    outer loop
      vertex 12.0842 -2.68158 0
      vertex 12.1737 -2.8692 0
      vertex 11.7467 -2.78444 0
    endloop
  endfacet
  facet normal -0 0 -1
    outer loop
      vertex 14.6824 2.9205 0
      vertex 11.3563 -0.106964 0
      vertex 14.4599 3.87452 0
    endloop
  endfacet
  facet normal 0 0 -1
    outer loop
      vertex 10.7132 -0.0664978 0
      vertex 14.4599 3.87452 0
      vertex 11.3563 -0.106964 0
    endloop
  endfacet
  facet normal -0 0 -1
    outer loop
      vertex 14.4599 3.87452 0
      vertex 10.7132 -0.0664978 0
      vertex 14.1755 4.81195 0
    endloop
  endfacet
  facet normal 0 0 -1
    outer loop
      vertex 7.46413 2.26422 0
      vertex 14.1755 4.81195 0
      vertex 10.7132 -0.0664978 0
    endloop
  endfacet
  facet normal 0 0 -1
    outer loop
      vertex 7.20626 2.98493 0
      vertex 14.1755 4.81195 0
      vertex 7.46413 2.26422 0
    endloop
  endfacet
  facet normal -0 0 -1
    outer loop
      vertex 14.1755 4.81195 0
      vertex 7.20626 2.98493 0
      vertex 13.8305 5.72877 0
    endloop
  endfacet
  facet normal -0 0 -1
    outer loop
      vertex 13.4262 6.62106 0
      vertex 6.87899 3.67689 0
      vertex 12.9644 7.485 0
    endloop
  endfacet
  facet normal 0 0 -1
    outer loop
      vertex 6.48546 4.33345 0
      vertex 12.9644 7.485 0
      vertex 6.87899 3.67689 0
    endloop
  endfacet
  facet normal -0 0 -1
    outer loop
      vertex 13.8305 5.72877 0
      vertex 7.20626 2.98493 0
      vertex 13.4262 6.62106 0
    endloop
  endfacet
  facet normal -0 0 -1
    outer loop
      vertex 12.9644 7.485 0
      vertex 6.48546 4.33345 0
      vertex 12.4471 8.31689 0
    endloop
  endfacet
  facet normal -0 0 -1
    outer loop
      vertex 12.4471 8.31689 0
      vertex 6.48546 4.33345 0
      vertex 11.8765 9.11316 0
    endloop
  endfacet
  facet normal 0 0 -1
    outer loop
      vertex 6.02948 4.94827 0
      vertex 11.8765 9.11316 0
      vertex 6.48546 4.33345 0
    endloop
  endfacet
  facet normal 0 0 -1
    outer loop
      vertex 5.51543 5.51543 0
      vertex 11.255 9.87041 0
      vertex 6.02948 4.94827 0
    endloop
  endfacet
  facet normal 0 0 -1
    outer loop
      vertex 7.76244 0.764533 0
      vertex 10.7132 -0.0664978 0
      vertex 8.0889 -0.0664978 0
    endloop
  endfacet
  facet normal 0 0 -1
    outer loop
      vertex 7.76244 0.764533 0
      vertex 8.0889 -0.0664978 0
      vertex 7.8 0 0
    endloop
  endfacet
  facet normal 0 0 -1
    outer loop
      vertex 10.7132 -0.0664978 0
      vertex 7.76244 0.764533 0
      vertex 7.65012 1.5217 0
    endloop
  endfacet
  facet normal 0 0 -1
    outer loop
      vertex 7.46413 2.26422 0
      vertex 10.7132 -0.0664978 0
      vertex 7.65012 1.5217 0
    endloop
  endfacet
  facet normal 0 0 -1
    outer loop
      vertex 6.87899 3.67689 0
      vertex 13.4262 6.62106 0
      vertex 7.20626 2.98493 0
    endloop
  endfacet
  facet normal -0 0 -1
    outer loop
      vertex 11.8765 9.11316 0
      vertex 6.02948 4.94827 0
      vertex 11.255 9.87041 0
    endloop
  endfacet
  facet normal -0 0 -1
    outer loop
      vertex 11.255 9.87041 0
      vertex 5.51543 5.51543 0
      vertex 10.5854 10.5854 0
    endloop
  endfacet
  facet normal -0 0 -1
    outer loop
      vertex 10.5854 10.5854 0
      vertex 5.51543 5.51543 0
      vertex 9.87041 11.255 0
    endloop
  endfacet
  facet normal 0 0 -1
    outer loop
      vertex 4.94827 6.02948 0
      vertex 9.87041 11.255 0
      vertex 5.51543 5.51543 0
    endloop
  endfacet
  facet normal -0 0 -1
    outer loop
      vertex 9.87041 11.255 0
      vertex 4.94827 6.02948 0
      vertex 9.11316 11.8765 0
    endloop
  endfacet
  facet normal 0 0 -1
    outer loop
      vertex 4.33345 6.48546 0
      vertex 9.11316 11.8765 0
      vertex 4.94827 6.02948 0
    endloop
  endfacet
  facet normal -0 0 -1
    outer loop
      vertex 9.11316 11.8765 0
      vertex 4.33345 6.48546 0
      vertex 8.31689 12.4471 0
    endloop
  endfacet
  facet normal -0 0 -1
    outer loop
      vertex 8.31689 12.4471 0
      vertex 4.33345 6.48546 0
      vertex 7.485 12.9644 0
    endloop
  endfacet
  facet normal 0 0 -1
    outer loop
      vertex 3.67689 6.87899 0
      vertex 7.485 12.9644 0
      vertex 4.33345 6.48546 0
    endloop
  endfacet
  facet normal -0 0 -1
    outer loop
      vertex 7.485 12.9644 0
      vertex 3.67689 6.87899 0
      vertex 6.62106 13.4262 0
    endloop
  endfacet
  facet normal 0 0 -1
    outer loop
      vertex 2.98493 7.20626 0
      vertex 6.62106 13.4262 0
      vertex 3.67689 6.87899 0
    endloop
  endfacet
  facet normal -0 0 -1
    outer loop
      vertex 6.62106 13.4262 0
      vertex 2.98493 7.20626 0
      vertex 5.72877 13.8305 0
    endloop
  endfacet
  facet normal -0 0 -1
    outer loop
      vertex 5.72877 13.8305 0
      vertex 2.98493 7.20626 0
      vertex 4.81195 14.1755 0
    endloop
  endfacet
  facet normal 0 0 -1
    outer loop
      vertex 2.26422 7.46413 0
      vertex 4.81195 14.1755 0
      vertex 2.98493 7.20626 0
    endloop
  endfacet
  facet normal -0 0 -1
    outer loop
      vertex 4.81195 14.1755 0
      vertex 2.26422 7.46413 0
      vertex 3.87452 14.4599 0
    endloop
  endfacet
  facet normal 0 0 -1
    outer loop
      vertex 1.5217 7.65012 0
      vertex 3.87452 14.4599 0
      vertex 2.26422 7.46413 0
    endloop
  endfacet
  facet normal -0 0 -1
    outer loop
      vertex 3.87452 14.4599 0
      vertex 1.5217 7.65012 0
      vertex 2.9205 14.6824 0
    endloop
  endfacet
  facet normal -0 0 -1
    outer loop
      vertex 2.9205 14.6824 0
      vertex 1.5217 7.65012 0
      vertex 1.95398 14.8419 0
    endloop
  endfacet
  facet normal 0 0 -1
    outer loop
      vertex 0.764533 7.76244 0
      vertex 1.95398 14.8419 0
      vertex 1.5217 7.65012 0
    endloop
  endfacet
  facet normal -0 0 -1
    outer loop
      vertex 1.95398 14.8419 0
      vertex 0.764533 7.76244 0
      vertex 0.979084 14.9379 0
    endloop
  endfacet
  facet normal 0 0 -1
    outer loop
      vertex 0 7.8 0
      vertex 0.979084 14.9379 0
      vertex 0.764533 7.76244 0
    endloop
  endfacet
  facet normal 0 0 -1
    outer loop
      vertex 0 7.8 0
      vertex 0 14.97 0
      vertex 0.979084 14.9379 0
    endloop
  endfacet
  facet normal 0 0 -1
    outer loop
      vertex -0.979084 14.9379 0
      vertex 0 7.8 0
      vertex -0.764533 7.76244 0
    endloop
  endfacet
  facet normal 0 0 -1
    outer loop
      vertex 0 7.8 0
      vertex -0.979084 14.9379 0
      vertex 0 14.97 0
    endloop
  endfacet
  facet normal 0 0 -1
    outer loop
      vertex -1.95398 14.8419 0
      vertex -0.764533 7.76244 0
      vertex -1.5217 7.65012 0
    endloop
  endfacet
  facet normal 0 0 -1
    outer loop
      vertex -0.764533 7.76244 0
      vertex -1.95398 14.8419 0
      vertex -0.979084 14.9379 0
    endloop
  endfacet
  facet normal 0 0 -1
    outer loop
      vertex -3.87452 14.4599 0
      vertex -1.5217 7.65012 0
      vertex -2.26422 7.46413 0
    endloop
  endfacet
  facet normal 0 0 -1
    outer loop
      vertex -1.5217 7.65012 0
      vertex -2.9205 14.6824 0
      vertex -1.95398 14.8419 0
    endloop
  endfacet
  facet normal 0 0 -1
    outer loop
      vertex -4.81195 14.1755 0
      vertex -2.26422 7.46413 0
      vertex -2.98493 7.20626 0
    endloop
  endfacet
  facet normal 0 0 -1
    outer loop
      vertex -6.62106 13.4262 0
      vertex -2.98493 7.20626 0
      vertex -3.67689 6.87899 0
    endloop
  endfacet
  facet normal 0 0 -1
    outer loop
      vertex -1.5217 7.65012 0
      vertex -3.87452 14.4599 0
      vertex -2.9205 14.6824 0
    endloop
  endfacet
  facet normal 0 0 -1
    outer loop
      vertex -7.485 12.9644 0
      vertex -3.67689 6.87899 0
      vertex -4.33345 6.48546 0
    endloop
  endfacet
  facet normal 0 0 -1
    outer loop
      vertex -2.26422 7.46413 0
      vertex -4.81195 14.1755 0
      vertex -3.87452 14.4599 0
    endloop
  endfacet
  facet normal 0 0 -1
    outer loop
      vertex -9.11316 11.8765 0
      vertex -4.33345 6.48546 0
      vertex -4.94827 6.02948 0
    endloop
  endfacet
  facet normal 0 0 -1
    outer loop
      vertex -9.87041 11.255 0
      vertex -4.94827 6.02948 0
      vertex -5.51543 5.51543 0
    endloop
  endfacet
  facet normal 0 0 -1
    outer loop
      vertex -2.98493 7.20626 0
      vertex -5.72877 13.8305 0
      vertex -4.81195 14.1755 0
    endloop
  endfacet
  facet normal 0 0 -1
    outer loop
      vertex -11.255 9.87041 0
      vertex -5.51543 5.51543 0
      vertex -6.02948 4.94827 0
    endloop
  endfacet
  facet normal 0 0 -1
    outer loop
      vertex -11.8765 9.11316 0
      vertex -6.02948 4.94827 0
      vertex -6.48546 4.33345 0
    endloop
  endfacet
  facet normal 0 0 -1
    outer loop
      vertex -2.98493 7.20626 0
      vertex -6.62106 13.4262 0
      vertex -5.72877 13.8305 0
    endloop
  endfacet
  facet normal 0 0 -1
    outer loop
      vertex -12.9644 7.485 0
      vertex -6.48546 4.33345 0
      vertex -6.87899 3.67689 0
    endloop
  endfacet
  facet normal 0 0 -1
    outer loop
      vertex -13.4262 6.62106 0
      vertex -6.87899 3.67689 0
      vertex -7.20626 2.98493 0
    endloop
  endfacet
  facet normal 0 0 -1
    outer loop
      vertex -14.1755 4.81195 0
      vertex -7.20626 2.98493 0
      vertex -7.46413 2.26422 0
    endloop
  endfacet
  facet normal 0 0 -1
    outer loop
      vertex -3.67689 6.87899 0
      vertex -7.485 12.9644 0
      vertex -6.62106 13.4262 0
    endloop
  endfacet
  facet normal 0 0 -1
    outer loop
      vertex -14.4599 3.87452 0
      vertex -7.46413 2.26422 0
      vertex -7.65012 1.5217 0
    endloop
  endfacet
  facet normal 0 0 -1
    outer loop
      vertex -14.8419 1.95398 0
      vertex -7.65012 1.5217 0
      vertex -7.76244 0.764533 0
    endloop
  endfacet
  facet normal 0 0 -1
    outer loop
      vertex -14.9379 0.979084 0
      vertex -7.76244 0.764533 0
      vertex -7.8 0 0
    endloop
  endfacet
  facet normal 0 0 -1
    outer loop
      vertex -12.9644 -7.485 0
      vertex -6.48546 -4.33345 0
      vertex -12.4471 -8.31689 0
    endloop
  endfacet
  facet normal 0 0 -1
    outer loop
      vertex -4.33345 6.48546 0
      vertex -8.31689 12.4471 0
      vertex -7.485 12.9644 0
    endloop
  endfacet
  facet normal -0 0 -1
    outer loop
      vertex -6.48546 -4.33345 0
      vertex -12.9644 -7.485 0
      vertex -6.87899 -3.67689 0
    endloop
  endfacet
  facet normal 0 0 -1
    outer loop
      vertex -4.33345 6.48546 0
      vertex -9.11316 11.8765 0
      vertex -8.31689 12.4471 0
    endloop
  endfacet
  facet normal 0 0 -1
    outer loop
      vertex -13.4262 -6.62106 0
      vertex -6.87899 -3.67689 0
      vertex -12.9644 -7.485 0
    endloop
  endfacet
  facet normal 0 0 -1
    outer loop
      vertex -4.94827 6.02948 0
      vertex -9.87041 11.255 0
      vertex -9.11316 11.8765 0
    endloop
  endfacet
  facet normal -0 0 -1
    outer loop
      vertex -6.87899 -3.67689 0
      vertex -13.4262 -6.62106 0
      vertex -7.20626 -2.98493 0
    endloop
  endfacet
  facet normal 0 0 -1
    outer loop
      vertex -5.51543 5.51543 0
      vertex -10.5854 10.5854 0
      vertex -9.87041 11.255 0
    endloop
  endfacet
  facet normal 0 0 -1
    outer loop
      vertex -13.8305 -5.72877 0
      vertex -7.20626 -2.98493 0
      vertex -13.4262 -6.62106 0
    endloop
  endfacet
  facet normal 0 0 -1
    outer loop
      vertex -5.51543 5.51543 0
      vertex -11.255 9.87041 0
      vertex -10.5854 10.5854 0
    endloop
  endfacet
  facet normal 0 0 -1
    outer loop
      vertex -14.1755 -4.81195 0
      vertex -7.20626 -2.98493 0
      vertex -13.8305 -5.72877 0
    endloop
  endfacet
  facet normal 0 0 -1
    outer loop
      vertex -6.02948 4.94827 0
      vertex -11.8765 9.11316 0
      vertex -11.255 9.87041 0
    endloop
  endfacet
  facet normal -0 0 -1
    outer loop
      vertex -7.20626 -2.98493 0
      vertex -14.1755 -4.81195 0
      vertex -7.46413 -2.26422 0
    endloop
  endfacet
  facet normal 0 0 -1
    outer loop
      vertex -6.48546 4.33345 0
      vertex -12.4471 8.31689 0
      vertex -11.8765 9.11316 0
    endloop
  endfacet
  facet normal 0 0 -1
    outer loop
      vertex -14.4599 -3.87452 0
      vertex -7.46413 -2.26422 0
      vertex -14.1755 -4.81195 0
    endloop
  endfacet
  facet normal 0 0 -1
    outer loop
      vertex -6.48546 4.33345 0
      vertex -12.9644 7.485 0
      vertex -12.4471 8.31689 0
    endloop
  endfacet
  facet normal -0 0 -1
    outer loop
      vertex -7.46413 -2.26422 0
      vertex -14.4599 -3.87452 0
      vertex -7.65012 -1.5217 0
    endloop
  endfacet
  facet normal 0 0 -1
    outer loop
      vertex -6.87899 3.67689 0
      vertex -13.4262 6.62106 0
      vertex -12.9644 7.485 0
    endloop
  endfacet
  facet normal 0 0 -1
    outer loop
      vertex -14.6824 -2.9205 0
      vertex -7.65012 -1.5217 0
      vertex -14.4599 -3.87452 0
    endloop
  endfacet
  facet normal 0 0 -1
    outer loop
      vertex -7.20626 2.98493 0
      vertex -13.8305 5.72877 0
      vertex -13.4262 6.62106 0
    endloop
  endfacet
  facet normal 0 0 -1
    outer loop
      vertex -14.8419 -1.95398 0
      vertex -7.65012 -1.5217 0
      vertex -14.6824 -2.9205 0
    endloop
  endfacet
  facet normal 0 0 -1
    outer loop
      vertex -7.20626 2.98493 0
      vertex -14.1755 4.81195 0
      vertex -13.8305 5.72877 0
    endloop
  endfacet
  facet normal -0 0 -1
    outer loop
      vertex -7.65012 -1.5217 0
      vertex -14.8419 -1.95398 0
      vertex -7.76244 -0.764533 0
    endloop
  endfacet
  facet normal 0 0 -1
    outer loop
      vertex -7.46413 2.26422 0
      vertex -14.4599 3.87452 0
      vertex -14.1755 4.81195 0
    endloop
  endfacet
  facet normal 0 0 -1
    outer loop
      vertex -14.9379 -0.979084 0
      vertex -7.76244 -0.764533 0
      vertex -14.8419 -1.95398 0
    endloop
  endfacet
  facet normal 0 0 -1
    outer loop
      vertex -7.65012 1.5217 0
      vertex -14.6824 2.9205 0
      vertex -14.4599 3.87452 0
    endloop
  endfacet
  facet normal -0 0 -1
    outer loop
      vertex -7.76244 -0.764533 0
      vertex -14.9379 -0.979084 0
      vertex -7.8 0 0
    endloop
  endfacet
  facet normal 0 0 -1
    outer loop
      vertex -7.65012 1.5217 0
      vertex -14.8419 1.95398 0
      vertex -14.6824 2.9205 0
    endloop
  endfacet
  facet normal 0 0 -1
    outer loop
      vertex -14.97 0 0
      vertex -7.8 0 0
      vertex -14.9379 -0.979084 0
    endloop
  endfacet
  facet normal 0 0 -1
    outer loop
      vertex -7.76244 0.764533 0
      vertex -14.9379 0.979084 0
      vertex -14.8419 1.95398 0
    endloop
  endfacet
  facet normal 0 0 -1
    outer loop
      vertex -7.8 0 0
      vertex -14.97 0 0
      vertex -14.9379 0.979084 0
    endloop
  endfacet
  facet normal 0 0 -1
    outer loop
      vertex 11.2187 -2.29892 0
      vertex 11.6328 -1.66959 0
      vertex 11.6072 -1.88591 0
    endloop
  endfacet
  facet normal 0 0 -1
    outer loop
      vertex 11.4029 -2.20058 0
      vertex 11.6072 -1.88591 0
      vertex 11.5306 -2.06291 0
    endloop
  endfacet
  facet normal -0 0 -1
    outer loop
      vertex 11.6328 -1.66959 0
      vertex 11.2187 -2.29892 0
      vertex 11.1961 -1.02991 0
    endloop
  endfacet
  facet normal 0 0 -1
    outer loop
      vertex 11.6072 -1.88591 0
      vertex 11.4029 -2.20058 0
      vertex 11.2187 -2.29892 0
    endloop
  endfacet
  facet normal -0 -0 -1
    outer loop
      vertex 11.3866 -1.12035 0
      vertex 11.6054 -1.43677 0
      vertex 11.1961 -1.02991 0
    endloop
  endfacet
  facet normal 0 0 -1
    outer loop
      vertex 11.6328 -1.66959 0
      vertex 11.1961 -1.02991 0
      vertex 11.6054 -1.43677 0
    endloop
  endfacet
  facet normal 0 0 -1
    outer loop
      vertex 11.6054 -1.43677 0
      vertex 11.3866 -1.12035 0
      vertex 11.5234 -1.25369 0
    endloop
  endfacet
  facet normal 0 0 -1
    outer loop
      vertex 10.9725 -2.35791 0
      vertex 11.1961 -1.02991 0
      vertex 11.2187 -2.29892 0
    endloop
  endfacet
  facet normal 0 0 -1
    outer loop
      vertex 10.9725 -2.35791 0
      vertex 10.9526 -0.975647 0
      vertex 11.1961 -1.02991 0
    endloop
  endfacet
  facet normal 0 0 -1
    outer loop
      vertex 10.6644 -2.37758 0
      vertex 10.9526 -0.975647 0
      vertex 10.9725 -2.35791 0
    endloop
  endfacet
  facet normal 0 0 -1
    outer loop
      vertex 10.6644 -2.37758 0
      vertex 10.6563 -0.957565 0
      vertex 10.9526 -0.975647 0
    endloop
  endfacet
  facet normal 0 0 -1
    outer loop
      vertex 9.2892 -2.37758 0
      vertex 10.6563 -0.957565 0
      vertex 10.6644 -2.37758 0
    endloop
  endfacet
  facet normal -0 0 -1
    outer loop
      vertex 10.6563 -0.957565 0
      vertex 9.2892 -2.37758 0
      vertex 9.2892 -0.957565 0
    endloop
  endfacet
  facet normal 0 0 -1
    outer loop
      vertex 11.6999 -4.69879 0
      vertex 11.9368 -4.32625 0
      vertex 11.848 -4.5358 0
    endloop
  endfacet
  facet normal -0 0 -1
    outer loop
      vertex 11.9368 -4.32625 0
      vertex 11.4877 -4.81519 0
      vertex 11.9664 -4.07016 0
    endloop
  endfacet
  facet normal 0 0 -1
    outer loop
      vertex 11.9368 -4.32625 0
      vertex 11.6999 -4.69879 0
      vertex 11.4877 -4.81519 0
    endloop
  endfacet
  facet normal -0 0 -1
    outer loop
      vertex 11.9664 -4.07016 0
      vertex 11.4877 -4.81519 0
      vertex 11.4529 -3.35406 0
    endloop
  endfacet
  facet normal 0 0 -1
    outer loop
      vertex 11.9664 -4.07016 0
      vertex 11.4529 -3.35406 0
      vertex 11.8381 -3.6226 0
    endloop
  endfacet
  facet normal 0 0 -1
    outer loop
      vertex 11.2063 -4.88503 0
      vertex 11.4529 -3.35406 0
      vertex 11.4877 -4.81519 0
    endloop
  endfacet
  facet normal 0 0 -1
    outer loop
      vertex 10.8109 -3.26454 0
      vertex 11.2063 -4.88503 0
      vertex 10.8557 -4.90831 0
    endloop
  endfacet
  facet normal 0 0 -1
    outer loop
      vertex 11.2063 -4.88503 0
      vertex 10.8109 -3.26454 0
      vertex 11.4529 -3.35406 0
    endloop
  endfacet
  facet normal 0 0 -1
    outer loop
      vertex 9.2892 -4.90831 0
      vertex 10.8109 -3.26454 0
      vertex 10.8557 -4.90831 0
    endloop
  endfacet
  facet normal -0 0 -1
    outer loop
      vertex 10.8109 -3.26454 0
      vertex 9.2892 -4.90831 0
      vertex 9.2892 -3.26454 0
    endloop
  endfacet
  facet normal 0.973865 0.227128 0
    outer loop
      vertex 14.6824 2.9205 3.2
      vertex 14.4599 3.87452 0
      vertex 14.4599 3.87452 3.2
    endloop
  endfacet
  facet normal 0.973865 0.227128 0
    outer loop
      vertex 14.4599 3.87452 0
      vertex 14.6824 2.9205 3.2
      vertex 14.6824 2.9205 0
    endloop
  endfacet
  facet normal 0.227128 0.973865 -0
    outer loop
      vertex 3.87452 14.4599 0
      vertex 2.9205 14.6824 3.2
      vertex 3.87452 14.4599 3.2
    endloop
  endfacet
  facet normal 0.227128 0.973865 0
    outer loop
      vertex 2.9205 14.6824 3.2
      vertex 3.87452 14.4599 0
      vertex 2.9205 14.6824 0
    endloop
  endfacet
  facet normal 0.0979981 0.995187 -0
    outer loop
      vertex 1.95398 14.8419 0
      vertex 0.979084 14.9379 3.2
      vertex 1.95398 14.8419 3.2
    endloop
  endfacet
  facet normal 0.0979981 0.995187 0
    outer loop
      vertex 0.979084 14.9379 3.2
      vertex 1.95398 14.8419 0
      vertex 0.979084 14.9379 0
    endloop
  endfacet
  facet normal 0.683559 0.729895 -0
    outer loop
      vertex 10.5854 10.5854 0
      vertex 9.87041 11.255 3.2
      vertex 10.5854 10.5854 3.2
    endloop
  endfacet
  facet normal 0.683559 0.729895 0
    outer loop
      vertex 9.87041 11.255 3.2
      vertex 10.5854 10.5854 0
      vertex 9.87041 11.255 0
    endloop
  endfacet
  facet normal -0.973865 0.227128 0
    outer loop
      vertex -14.6824 2.9205 0
      vertex -14.4599 3.87452 3.2
      vertex -14.4599 3.87452 0
    endloop
  endfacet
  facet normal -0.973865 0.227128 0
    outer loop
      vertex -14.4599 3.87452 3.2
      vertex -14.6824 2.9205 0
      vertex -14.6824 2.9205 3.2
    endloop
  endfacet
  facet normal -0.995187 0.0979981 0
    outer loop
      vertex -14.9379 0.979084 0
      vertex -14.8419 1.95398 3.2
      vertex -14.8419 1.95398 0
    endloop
  endfacet
  facet normal -0.995187 0.0979981 0
    outer loop
      vertex -14.8419 1.95398 3.2
      vertex -14.9379 0.979084 0
      vertex -14.9379 0.979084 3.2
    endloop
  endfacet
  facet normal -0.412714 0.910861 0
    outer loop
      vertex -5.72877 13.8305 0
      vertex -6.62106 13.4262 3.2
      vertex -5.72877 13.8305 3.2
    endloop
  endfacet
  facet normal -0.412714 0.910861 0
    outer loop
      vertex -6.62106 13.4262 3.2
      vertex -5.72877 13.8305 0
      vertex -6.62106 13.4262 0
    endloop
  endfacet
  facet normal -0.0327681 0.999463 0
    outer loop
      vertex 0 14.97 0
      vertex -0.979084 14.9379 3.2
      vertex 0 14.97 3.2
    endloop
  endfacet
  facet normal -0.0327681 0.999463 0
    outer loop
      vertex -0.979084 14.9379 3.2
      vertex 0 14.97 0
      vertex -0.979084 14.9379 0
    endloop
  endfacet
  facet normal 0.999463 -0.0327681 0
    outer loop
      vertex 14.9379 -0.979084 3.2
      vertex 14.97 0 0
      vertex 14.97 0 3.2
    endloop
  endfacet
  facet normal 0.999463 -0.0327681 0
    outer loop
      vertex 14.97 0 0
      vertex 14.9379 -0.979084 3.2
      vertex 14.9379 -0.979084 0
    endloop
  endfacet
  facet normal 0.0327681 -0.999463 0
    outer loop
      vertex 0 -14.97 0
      vertex 0.979084 -14.9379 3.2
      vertex 0 -14.97 3.2
    endloop
  endfacet
  facet normal 0.0327681 -0.999463 0
    outer loop
      vertex 0.979084 -14.9379 3.2
      vertex 0 -14.97 0
      vertex 0.979084 -14.9379 0
    endloop
  endfacet
  facet normal 0.162823 -0.986655 0
    outer loop
      vertex 1.95398 -14.8419 0
      vertex 2.9205 -14.6824 3.2
      vertex 1.95398 -14.8419 3.2
    endloop
  endfacet
  facet normal 0.162823 -0.986655 0
    outer loop
      vertex 2.9205 -14.6824 3.2
      vertex 1.95398 -14.8419 0
      vertex 2.9205 -14.6824 0
    endloop
  endfacet
  facet normal 0.227128 -0.973865 0
    outer loop
      vertex 2.9205 -14.6824 0
      vertex 3.87452 -14.4599 3.2
      vertex 2.9205 -14.6824 3.2
    endloop
  endfacet
  facet normal 0.227128 -0.973865 0
    outer loop
      vertex 3.87452 -14.4599 3.2
      vertex 2.9205 -14.6824 0
      vertex 3.87452 -14.4599 0
    endloop
  endfacet
  facet normal 0.35219 -0.935928 0
    outer loop
      vertex 4.81195 -14.1755 0
      vertex 5.72877 -13.8305 3.2
      vertex 4.81195 -14.1755 3.2
    endloop
  endfacet
  facet normal 0.35219 -0.935928 0
    outer loop
      vertex 5.72877 -13.8305 3.2
      vertex 4.81195 -14.1755 0
      vertex 5.72877 -13.8305 0
    endloop
  endfacet
  facet normal 0.290316 -0.956931 0
    outer loop
      vertex 3.87452 -14.4599 0
      vertex 4.81195 -14.1755 3.2
      vertex 3.87452 -14.4599 3.2
    endloop
  endfacet
  facet normal 0.290316 -0.956931 0
    outer loop
      vertex 4.81195 -14.1755 3.2
      vertex 3.87452 -14.4599 0
      vertex 4.81195 -14.1755 0
    endloop
  endfacet
  facet normal 0.634418 -0.77299 0
    outer loop
      vertex 9.11316 -11.8765 0
      vertex 9.87041 -11.255 3.2
      vertex 9.11316 -11.8765 3.2
    endloop
  endfacet
  facet normal 0.634418 -0.77299 0
    outer loop
      vertex 9.87041 -11.255 3.2
      vertex 9.11316 -11.8765 0
      vertex 9.87041 -11.255 0
    endloop
  endfacet
  facet normal 0.528066 -0.849203 0
    outer loop
      vertex 7.485 -12.9644 0
      vertex 8.31689 -12.4471 3.2
      vertex 7.485 -12.9644 3.2
    endloop
  endfacet
  facet normal 0.528066 -0.849203 0
    outer loop
      vertex 8.31689 -12.4471 3.2
      vertex 7.485 -12.9644 0
      vertex 8.31689 -12.4471 0
    endloop
  endfacet
  facet normal 0.471408 -0.881915 0
    outer loop
      vertex 6.62106 -13.4262 0
      vertex 7.485 -12.9644 3.2
      vertex 6.62106 -13.4262 3.2
    endloop
  endfacet
  facet normal 0.471408 -0.881915 0
    outer loop
      vertex 7.485 -12.9644 3.2
      vertex 6.62106 -13.4262 0
      vertex 7.485 -12.9644 0
    endloop
  endfacet
  facet normal 0.729895 -0.683559 0
    outer loop
      vertex 10.5854 -10.5854 3.2
      vertex 11.255 -9.87041 0
      vertex 11.255 -9.87041 3.2
    endloop
  endfacet
  facet normal 0.729895 -0.683559 0
    outer loop
      vertex 11.255 -9.87041 0
      vertex 10.5854 -10.5854 3.2
      vertex 10.5854 -10.5854 0
    endloop
  endfacet
  facet normal 0.77299 -0.634418 0
    outer loop
      vertex 11.255 -9.87041 3.2
      vertex 11.8765 -9.11316 0
      vertex 11.8765 -9.11316 3.2
    endloop
  endfacet
  facet normal 0.77299 -0.634418 0
    outer loop
      vertex 11.8765 -9.11316 0
      vertex 11.255 -9.87041 3.2
      vertex 11.255 -9.87041 0
    endloop
  endfacet
  facet normal 0.910861 -0.412714 0
    outer loop
      vertex 13.4262 -6.62106 3.2
      vertex 13.8305 -5.72877 0
      vertex 13.8305 -5.72877 3.2
    endloop
  endfacet
  facet normal 0.910861 -0.412714 0
    outer loop
      vertex 13.8305 -5.72877 0
      vertex 13.4262 -6.62106 3.2
      vertex 13.4262 -6.62106 0
    endloop
  endfacet
  facet normal -0.582478 -0.812846 0
    outer loop
      vertex -9.11316 -11.8765 0
      vertex -8.31689 -12.4471 3.2
      vertex -9.11316 -11.8765 3.2
    endloop
  endfacet
  facet normal -0.582478 -0.812846 -0
    outer loop
      vertex -8.31689 -12.4471 3.2
      vertex -9.11316 -11.8765 0
      vertex -8.31689 -12.4471 0
    endloop
  endfacet
  facet normal -0.683559 -0.729895 0
    outer loop
      vertex -10.5854 -10.5854 0
      vertex -9.87041 -11.255 3.2
      vertex -10.5854 -10.5854 3.2
    endloop
  endfacet
  facet normal -0.683559 -0.729895 -0
    outer loop
      vertex -9.87041 -11.255 3.2
      vertex -10.5854 -10.5854 0
      vertex -9.87041 -11.255 0
    endloop
  endfacet
  facet normal -0.634418 -0.77299 0
    outer loop
      vertex -9.87041 -11.255 0
      vertex -9.11316 -11.8765 3.2
      vertex -9.87041 -11.255 3.2
    endloop
  endfacet
  facet normal -0.634418 -0.77299 -0
    outer loop
      vertex -9.11316 -11.8765 3.2
      vertex -9.87041 -11.255 0
      vertex -9.11316 -11.8765 0
    endloop
  endfacet
  facet normal -0.471408 -0.881915 0
    outer loop
      vertex -7.485 -12.9644 0
      vertex -6.62106 -13.4262 3.2
      vertex -7.485 -12.9644 3.2
    endloop
  endfacet
  facet normal -0.471408 -0.881915 -0
    outer loop
      vertex -6.62106 -13.4262 3.2
      vertex -7.485 -12.9644 0
      vertex -6.62106 -13.4262 0
    endloop
  endfacet
  facet normal -0.290316 -0.956931 0
    outer loop
      vertex -4.81195 -14.1755 0
      vertex -3.87452 -14.4599 3.2
      vertex -4.81195 -14.1755 3.2
    endloop
  endfacet
  facet normal -0.290316 -0.956931 -0
    outer loop
      vertex -3.87452 -14.4599 3.2
      vertex -4.81195 -14.1755 0
      vertex -3.87452 -14.4599 0
    endloop
  endfacet
  facet normal -0.227128 -0.973865 0
    outer loop
      vertex -3.87452 -14.4599 0
      vertex -2.9205 -14.6824 3.2
      vertex -3.87452 -14.4599 3.2
    endloop
  endfacet
  facet normal -0.227128 -0.973865 -0
    outer loop
      vertex -2.9205 -14.6824 3.2
      vertex -3.87452 -14.4599 0
      vertex -2.9205 -14.6824 0
    endloop
  endfacet
  facet normal -0.0979981 -0.995187 0
    outer loop
      vertex -1.95398 -14.8419 0
      vertex -0.979084 -14.9379 3.2
      vertex -1.95398 -14.8419 3.2
    endloop
  endfacet
  facet normal -0.0979981 -0.995187 -0
    outer loop
      vertex -0.979084 -14.9379 3.2
      vertex -1.95398 -14.8419 0
      vertex -0.979084 -14.9379 0
    endloop
  endfacet
  facet normal -0.910861 -0.412714 0
    outer loop
      vertex -13.4262 -6.62106 0
      vertex -13.8305 -5.72877 3.2
      vertex -13.8305 -5.72877 0
    endloop
  endfacet
  facet normal -0.910861 -0.412714 0
    outer loop
      vertex -13.8305 -5.72877 3.2
      vertex -13.4262 -6.62106 0
      vertex -13.4262 -6.62106 3.2
    endloop
  endfacet
  facet normal -0.77299 -0.634418 0
    outer loop
      vertex -11.255 -9.87041 0
      vertex -11.8765 -9.11316 3.2
      vertex -11.8765 -9.11316 0
    endloop
  endfacet
  facet normal -0.77299 -0.634418 0
    outer loop
      vertex -11.8765 -9.11316 3.2
      vertex -11.255 -9.87041 0
      vertex -11.255 -9.87041 3.2
    endloop
  endfacet
  facet normal -0.881915 -0.471408 0
    outer loop
      vertex -12.9644 -7.485 0
      vertex -13.4262 -6.62106 3.2
      vertex -13.4262 -6.62106 0
    endloop
  endfacet
  facet normal -0.881915 -0.471408 0
    outer loop
      vertex -13.4262 -6.62106 3.2
      vertex -12.9644 -7.485 0
      vertex -12.9644 -7.485 3.2
    endloop
  endfacet
  facet normal -0.973865 -0.227128 0
    outer loop
      vertex -14.4599 -3.87452 0
      vertex -14.6824 -2.9205 3.2
      vertex -14.6824 -2.9205 0
    endloop
  endfacet
  facet normal -0.973865 -0.227128 0
    outer loop
      vertex -14.6824 -2.9205 3.2
      vertex -14.4599 -3.87452 0
      vertex -14.4599 -3.87452 3.2
    endloop
  endfacet
  facet normal -0.956931 -0.290316 0
    outer loop
      vertex -14.1755 -4.81195 0
      vertex -14.4599 -3.87452 3.2
      vertex -14.4599 -3.87452 0
    endloop
  endfacet
  facet normal -0.956931 -0.290316 0
    outer loop
      vertex -14.4599 -3.87452 3.2
      vertex -14.1755 -4.81195 0
      vertex -14.1755 -4.81195 3.2
    endloop
  endfacet
  facet normal -0.986655 -0.162823 0
    outer loop
      vertex -14.6824 -2.9205 0
      vertex -14.8419 -1.95398 3.2
      vertex -14.8419 -1.95398 0
    endloop
  endfacet
  facet normal -0.986655 -0.162823 0
    outer loop
      vertex -14.8419 -1.95398 3.2
      vertex -14.6824 -2.9205 0
      vertex -14.6824 -2.9205 3.2
    endloop
  endfacet
  facet normal -0.999463 -0.0327681 0
    outer loop
      vertex -14.9379 -0.979084 0
      vertex -14.97 0 3.2
      vertex -14.97 0 0
    endloop
  endfacet
  facet normal -0.999463 -0.0327681 0
    outer loop
      vertex -14.97 0 3.2
      vertex -14.9379 -0.979084 0
      vertex -14.9379 -0.979084 3.2
    endloop
  endfacet
  facet normal 0.935928 0.35219 0
    outer loop
      vertex 14.1755 4.81195 3.2
      vertex 13.8305 5.72877 0
      vertex 13.8305 5.72877 3.2
    endloop
  endfacet
  facet normal 0.935928 0.35219 0
    outer loop
      vertex 13.8305 5.72877 0
      vertex 14.1755 4.81195 3.2
      vertex 14.1755 4.81195 0
    endloop
  endfacet
  facet normal 0.849203 0.528066 0
    outer loop
      vertex 12.9644 7.485 3.2
      vertex 12.4471 8.31689 0
      vertex 12.4471 8.31689 3.2
    endloop
  endfacet
  facet normal 0.849203 0.528066 0
    outer loop
      vertex 12.4471 8.31689 0
      vertex 12.9644 7.485 3.2
      vertex 12.9644 7.485 0
    endloop
  endfacet
  facet normal 0.471408 0.881915 -0
    outer loop
      vertex 7.485 12.9644 0
      vertex 6.62106 13.4262 3.2
      vertex 7.485 12.9644 3.2
    endloop
  endfacet
  facet normal 0.471408 0.881915 0
    outer loop
      vertex 6.62106 13.4262 3.2
      vertex 7.485 12.9644 0
      vertex 6.62106 13.4262 0
    endloop
  endfacet
  facet normal -0.729895 0.683559 0
    outer loop
      vertex -11.255 9.87041 0
      vertex -10.5854 10.5854 3.2
      vertex -10.5854 10.5854 0
    endloop
  endfacet
  facet normal -0.729895 0.683559 0
    outer loop
      vertex -10.5854 10.5854 3.2
      vertex -11.255 9.87041 0
      vertex -11.255 9.87041 3.2
    endloop
  endfacet
  facet normal -0.881915 0.471408 0
    outer loop
      vertex -13.4262 6.62106 0
      vertex -12.9644 7.485 3.2
      vertex -12.9644 7.485 0
    endloop
  endfacet
  facet normal -0.881915 0.471408 0
    outer loop
      vertex -12.9644 7.485 3.2
      vertex -13.4262 6.62106 0
      vertex -13.4262 6.62106 3.2
    endloop
  endfacet
  facet normal -0.634418 0.77299 0
    outer loop
      vertex -9.11316 11.8765 0
      vertex -9.87041 11.255 3.2
      vertex -9.11316 11.8765 3.2
    endloop
  endfacet
  facet normal -0.634418 0.77299 0
    outer loop
      vertex -9.87041 11.255 3.2
      vertex -9.11316 11.8765 0
      vertex -9.87041 11.255 0
    endloop
  endfacet
  facet normal -0.227128 0.973865 0
    outer loop
      vertex -2.9205 14.6824 0
      vertex -3.87452 14.4599 3.2
      vertex -2.9205 14.6824 3.2
    endloop
  endfacet
  facet normal -0.227128 0.973865 0
    outer loop
      vertex -3.87452 14.4599 3.2
      vertex -2.9205 14.6824 0
      vertex -3.87452 14.4599 0
    endloop
  endfacet
  facet normal 0.0979981 -0.995187 0
    outer loop
      vertex 0.979084 -14.9379 0
      vertex 1.95398 -14.8419 3.2
      vertex 0.979084 -14.9379 3.2
    endloop
  endfacet
  facet normal 0.0979981 -0.995187 0
    outer loop
      vertex 1.95398 -14.8419 3.2
      vertex 0.979084 -14.9379 0
      vertex 1.95398 -14.8419 0
    endloop
  endfacet
  facet normal 0.849203 -0.528066 0
    outer loop
      vertex 12.4471 -8.31689 3.2
      vertex 12.9644 -7.485 0
      vertex 12.9644 -7.485 3.2
    endloop
  endfacet
  facet normal 0.849203 -0.528066 0
    outer loop
      vertex 12.9644 -7.485 0
      vertex 12.4471 -8.31689 3.2
      vertex 12.4471 -8.31689 0
    endloop
  endfacet
  facet normal 0.986655 -0.162823 0
    outer loop
      vertex 14.6824 -2.9205 3.2
      vertex 14.8419 -1.95398 0
      vertex 14.8419 -1.95398 3.2
    endloop
  endfacet
  facet normal 0.986655 -0.162823 0
    outer loop
      vertex 14.8419 -1.95398 0
      vertex 14.6824 -2.9205 3.2
      vertex 14.6824 -2.9205 0
    endloop
  endfacet
  facet normal -0.0327681 -0.999463 0
    outer loop
      vertex -0.979084 -14.9379 0
      vertex 0 -14.97 3.2
      vertex -0.979084 -14.9379 3.2
    endloop
  endfacet
  facet normal -0.0327681 -0.999463 -0
    outer loop
      vertex 0 -14.97 3.2
      vertex -0.979084 -14.9379 0
      vertex 0 -14.97 0
    endloop
  endfacet
  facet normal -0.995187 -0.0979981 0
    outer loop
      vertex -14.8419 -1.95398 0
      vertex -14.9379 -0.979084 3.2
      vertex -14.9379 -0.979084 0
    endloop
  endfacet
  facet normal -0.995187 -0.0979981 0
    outer loop
      vertex -14.9379 -0.979084 3.2
      vertex -14.8419 -1.95398 0
      vertex -14.8419 -1.95398 3.2
    endloop
  endfacet
  facet normal 0.999462 0.0327886 0
    outer loop
      vertex 10.3 0 26
      vertex 10.2779 0.673652 24.25
      vertex 10.2779 0.673652 26
    endloop
  endfacet
  facet normal 0.999462 0.0327886 0
    outer loop
      vertex 10.2779 0.673652 24.25
      vertex 10.3 0 26
      vertex 10.3 0 24.25
    endloop
  endfacet
  facet normal -0.999462 0.0327886 0
    outer loop
      vertex -10.3 0 24.25
      vertex -10.2779 0.673652 26
      vertex -10.2779 0.673652 24.25
    endloop
  endfacet
  facet normal -0.999462 0.0327886 0
    outer loop
      vertex -10.2779 0.673652 26
      vertex -10.3 0 24.25
      vertex -10.3 0 26
    endloop
  endfacet
  facet normal -0.0327886 0.999462 0
    outer loop
      vertex 0 10.3 24.25
      vertex -0.673652 10.2779 26
      vertex 0 10.3 26
    endloop
  endfacet
  facet normal -0.0327886 0.999462 0
    outer loop
      vertex -0.673652 10.2779 26
      vertex 0 10.3 24.25
      vertex -0.673652 10.2779 24.25
    endloop
  endfacet
  facet normal 0.0327886 -0.999462 0
    outer loop
      vertex 0 -10.3 24.25
      vertex 0.673652 -10.2779 26
      vertex 0 -10.3 26
    endloop
  endfacet
  facet normal 0.0327886 -0.999462 0
    outer loop
      vertex 0.673652 -10.2779 26
      vertex 0 -10.3 24.25
      vertex 0.673652 -10.2779 24.25
    endloop
  endfacet
  facet normal 0.683591 0.729866 -0
    outer loop
      vertex 7.2832 7.2832 24.25
      vertex 6.79126 7.74395 26
      vertex 7.2832 7.2832 26
    endloop
  endfacet
  facet normal 0.683591 0.729866 0
    outer loop
      vertex 6.79126 7.74395 26
      vertex 7.2832 7.2832 24.25
      vertex 6.79126 7.74395 24.25
    endloop
  endfacet
  facet normal -0.729866 0.683591 0
    outer loop
      vertex -7.74395 6.79126 24.25
      vertex -7.2832 7.2832 26
      vertex -7.2832 7.2832 24.25
    endloop
  endfacet
  facet normal -0.729866 0.683591 0
    outer loop
      vertex -7.2832 7.2832 26
      vertex -7.74395 6.79126 24.25
      vertex -7.74395 6.79126 26
    endloop
  endfacet
  facet normal -0.412709 0.910863 0
    outer loop
      vertex -3.94164 9.51596 24.25
      vertex -4.55557 9.23779 26
      vertex -3.94164 9.51596 26
    endloop
  endfacet
  facet normal -0.412709 0.910863 0
    outer loop
      vertex -4.55557 9.23779 26
      vertex -3.94164 9.51596 24.25
      vertex -4.55557 9.23779 24.25
    endloop
  endfacet
  facet normal 0.910863 0.412709 0
    outer loop
      vertex 9.51596 3.94164 26
      vertex 9.23779 4.55557 24.25
      vertex 9.23779 4.55557 26
    endloop
  endfacet
  facet normal 0.910863 0.412709 0
    outer loop
      vertex 9.23779 4.55557 24.25
      vertex 9.51596 3.94164 26
      vertex 9.51596 3.94164 24.25
    endloop
  endfacet
  facet normal 0.35225 0.935906 -0
    outer loop
      vertex 3.94164 9.51596 24.25
      vertex 3.31083 9.75338 26
      vertex 3.94164 9.51596 26
    endloop
  endfacet
  facet normal 0.35225 0.935906 0
    outer loop
      vertex 3.31083 9.75338 26
      vertex 3.94164 9.51596 24.25
      vertex 3.31083 9.75338 24.25
    endloop
  endfacet
  facet normal 0.528065 0.849204 -0
    outer loop
      vertex 5.72237 8.56414 24.25
      vertex 5.15 8.92006 26
      vertex 5.72237 8.56414 26
    endloop
  endfacet
  facet normal 0.528065 0.849204 0
    outer loop
      vertex 5.15 8.92006 26
      vertex 5.72237 8.56414 24.25
      vertex 5.15 8.92006 24.25
    endloop
  endfacet
  facet normal -0.935906 0.35225 0
    outer loop
      vertex -9.75338 3.31083 24.25
      vertex -9.51596 3.94164 26
      vertex -9.51596 3.94164 24.25
    endloop
  endfacet
  facet normal -0.935906 0.35225 0
    outer loop
      vertex -9.51596 3.94164 26
      vertex -9.75338 3.31083 24.25
      vertex -9.75338 3.31083 26
    endloop
  endfacet
  facet normal -0.227086 0.973875 0
    outer loop
      vertex -2.00943 10.1021 24.25
      vertex -2.66584 9.94904 26
      vertex -2.00943 10.1021 26
    endloop
  endfacet
  facet normal -0.227086 0.973875 0
    outer loop
      vertex -2.66584 9.94904 26
      vertex -2.00943 10.1021 24.25
      vertex -2.66584 9.94904 24.25
    endloop
  endfacet
  facet normal -0.77301 -0.634393 0
    outer loop
      vertex -7.74395 -6.79126 24.25
      vertex -8.17154 -6.27024 26
      vertex -8.17154 -6.27024 24.25
    endloop
  endfacet
  facet normal -0.77301 -0.634393 0
    outer loop
      vertex -8.17154 -6.27024 26
      vertex -7.74395 -6.79126 24.25
      vertex -7.74395 -6.79126 26
    endloop
  endfacet
  facet normal 0.973875 0.227086 0
    outer loop
      vertex 10.1021 2.00943 26
      vertex 9.94904 2.66584 24.25
      vertex 9.94904 2.66584 26
    endloop
  endfacet
  facet normal 0.973875 0.227086 0
    outer loop
      vertex 9.94904 2.66584 24.25
      vertex 10.1021 2.00943 26
      vertex 10.1021 2.00943 24.25
    endloop
  endfacet
  facet normal 0.995194 0.0979218 0
    outer loop
      vertex 10.2779 0.673652 26
      vertex 10.2119 1.34442 24.25
      vertex 10.2119 1.34442 26
    endloop
  endfacet
  facet normal 0.995194 0.0979218 0
    outer loop
      vertex 10.2119 1.34442 24.25
      vertex 10.2779 0.673652 26
      vertex 10.2779 0.673652 24.25
    endloop
  endfacet
  facet normal 0.956939 0.290291 0
    outer loop
      vertex 9.94904 2.66584 26
      vertex 9.75338 3.31083 24.25
      vertex 9.75338 3.31083 26
    endloop
  endfacet
  facet normal 0.956939 0.290291 0
    outer loop
      vertex 9.75338 3.31083 24.25
      vertex 9.94904 2.66584 26
      vertex 9.94904 2.66584 24.25
    endloop
  endfacet
  facet normal 0.812845 0.58248 0
    outer loop
      vertex 8.56414 5.72237 26
      vertex 8.17154 6.27024 24.25
      vertex 8.17154 6.27024 26
    endloop
  endfacet
  facet normal 0.812845 0.58248 0
    outer loop
      vertex 8.17154 6.27024 24.25
      vertex 8.56414 5.72237 26
      vertex 8.56414 5.72237 24.25
    endloop
  endfacet
  facet normal 0.77301 0.634393 0
    outer loop
      vertex 8.17154 6.27024 26
      vertex 7.74395 6.79126 24.25
      vertex 7.74395 6.79126 26
    endloop
  endfacet
  facet normal 0.77301 0.634393 0
    outer loop
      vertex 7.74395 6.79126 24.25
      vertex 8.17154 6.27024 26
      vertex 8.17154 6.27024 24.25
    endloop
  endfacet
  facet normal 0.849204 0.528065 0
    outer loop
      vertex 8.92006 5.15 26
      vertex 8.56414 5.72237 24.25
      vertex 8.56414 5.72237 26
    endloop
  endfacet
  facet normal 0.849204 0.528065 0
    outer loop
      vertex 8.56414 5.72237 24.25
      vertex 8.92006 5.15 26
      vertex 8.92006 5.15 24.25
    endloop
  endfacet
  facet normal 0.162905 0.986642 -0
    outer loop
      vertex 2.00943 10.1021 24.25
      vertex 1.34442 10.2119 26
      vertex 2.00943 10.1021 26
    endloop
  endfacet
  facet normal 0.162905 0.986642 0
    outer loop
      vertex 1.34442 10.2119 26
      vertex 2.00943 10.1021 24.25
      vertex 1.34442 10.2119 24.25
    endloop
  endfacet
  facet normal 0.0979218 0.995194 -0
    outer loop
      vertex 1.34442 10.2119 24.25
      vertex 0.673652 10.2779 26
      vertex 1.34442 10.2119 26
    endloop
  endfacet
  facet normal 0.0979218 0.995194 0
    outer loop
      vertex 0.673652 10.2779 26
      vertex 1.34442 10.2119 24.25
      vertex 0.673652 10.2779 24.25
    endloop
  endfacet
  facet normal 0.471397 0.881921 -0
    outer loop
      vertex 5.15 8.92006 24.25
      vertex 4.55557 9.23779 26
      vertex 5.15 8.92006 26
    endloop
  endfacet
  facet normal 0.471397 0.881921 0
    outer loop
      vertex 4.55557 9.23779 26
      vertex 5.15 8.92006 24.25
      vertex 4.55557 9.23779 24.25
    endloop
  endfacet
  facet normal 0.634393 0.77301 -0
    outer loop
      vertex 6.79126 7.74395 24.25
      vertex 6.27024 8.17154 26
      vertex 6.79126 7.74395 26
    endloop
  endfacet
  facet normal 0.634393 0.77301 0
    outer loop
      vertex 6.27024 8.17154 26
      vertex 6.79126 7.74395 24.25
      vertex 6.27024 8.17154 24.25
    endloop
  endfacet
  facet normal -0.986642 0.162905 0
    outer loop
      vertex -10.2119 1.34442 24.25
      vertex -10.1021 2.00943 26
      vertex -10.1021 2.00943 24.25
    endloop
  endfacet
  facet normal -0.986642 0.162905 0
    outer loop
      vertex -10.1021 2.00943 26
      vertex -10.2119 1.34442 24.25
      vertex -10.2119 1.34442 26
    endloop
  endfacet
  facet normal -0.849204 0.528065 0
    outer loop
      vertex -8.92006 5.15 24.25
      vertex -8.56414 5.72237 26
      vertex -8.56414 5.72237 24.25
    endloop
  endfacet
  facet normal -0.849204 0.528065 0
    outer loop
      vertex -8.56414 5.72237 26
      vertex -8.92006 5.15 24.25
      vertex -8.92006 5.15 26
    endloop
  endfacet
  facet normal -0.77301 0.634393 0
    outer loop
      vertex -8.17154 6.27024 24.25
      vertex -7.74395 6.79126 26
      vertex -7.74395 6.79126 24.25
    endloop
  endfacet
  facet normal -0.77301 0.634393 0
    outer loop
      vertex -7.74395 6.79126 26
      vertex -8.17154 6.27024 24.25
      vertex -8.17154 6.27024 26
    endloop
  endfacet
  facet normal -0.881921 0.471397 0
    outer loop
      vertex -9.23779 4.55557 24.25
      vertex -8.92006 5.15 26
      vertex -8.92006 5.15 24.25
    endloop
  endfacet
  facet normal -0.881921 0.471397 0
    outer loop
      vertex -8.92006 5.15 26
      vertex -9.23779 4.55557 24.25
      vertex -9.23779 4.55557 26
    endloop
  endfacet
  facet normal -0.973875 0.227086 0
    outer loop
      vertex -10.1021 2.00943 24.25
      vertex -9.94904 2.66584 26
      vertex -9.94904 2.66584 24.25
    endloop
  endfacet
  facet normal -0.973875 0.227086 0
    outer loop
      vertex -9.94904 2.66584 26
      vertex -10.1021 2.00943 24.25
      vertex -10.1021 2.00943 26
    endloop
  endfacet
  facet normal -0.995194 0.0979218 0
    outer loop
      vertex -10.2779 0.673652 24.25
      vertex -10.2119 1.34442 26
      vertex -10.2119 1.34442 24.25
    endloop
  endfacet
  facet normal -0.995194 0.0979218 0
    outer loop
      vertex -10.2119 1.34442 26
      vertex -10.2779 0.673652 24.25
      vertex -10.2779 0.673652 26
    endloop
  endfacet
  facet normal 0 0 1
    outer loop
      vertex 10.2779 0.673652 26
      vertex 10.2779 -0.673652 26
      vertex 10.3 0 26
    endloop
  endfacet
  facet normal 0 0 1
    outer loop
      vertex 10.2119 1.34442 26
      vertex 10.2779 -0.673652 26
      vertex 10.2779 0.673652 26
    endloop
  endfacet
  facet normal 0 0 1
    outer loop
      vertex 10.2119 1.34442 26
      vertex 10.2119 -1.34442 26
      vertex 10.2779 -0.673652 26
    endloop
  endfacet
  facet normal 0 0 1
    outer loop
      vertex 10.1021 2.00943 26
      vertex 10.2119 -1.34442 26
      vertex 10.2119 1.34442 26
    endloop
  endfacet
  facet normal 0 0 1
    outer loop
      vertex 10.1021 2.00943 26
      vertex 10.1021 -2.00943 26
      vertex 10.2119 -1.34442 26
    endloop
  endfacet
  facet normal 0 0 1
    outer loop
      vertex 9.94904 2.66584 26
      vertex 10.1021 -2.00943 26
      vertex 10.1021 2.00943 26
    endloop
  endfacet
  facet normal 0 0 1
    outer loop
      vertex 9.94904 2.66584 26
      vertex 9.94904 -2.66584 26
      vertex 10.1021 -2.00943 26
    endloop
  endfacet
  facet normal 0 0 1
    outer loop
      vertex 9.75338 3.31083 26
      vertex 9.94904 -2.66584 26
      vertex 9.94904 2.66584 26
    endloop
  endfacet
  facet normal 0 0 1
    outer loop
      vertex 9.75338 3.31083 26
      vertex 9.75338 -3.31083 26
      vertex 9.94904 -2.66584 26
    endloop
  endfacet
  facet normal 0 0 1
    outer loop
      vertex 9.51596 3.94164 26
      vertex 9.75338 -3.31083 26
      vertex 9.75338 3.31083 26
    endloop
  endfacet
  facet normal 0 0 1
    outer loop
      vertex 9.51596 3.94164 26
      vertex 9.51596 -3.94164 26
      vertex 9.75338 -3.31083 26
    endloop
  endfacet
  facet normal 0 0 1
    outer loop
      vertex 9.23779 4.55557 26
      vertex 9.51596 -3.94164 26
      vertex 9.51596 3.94164 26
    endloop
  endfacet
  facet normal 0 0 1
    outer loop
      vertex 9.23779 4.55557 26
      vertex 9.23779 -4.55557 26
      vertex 9.51596 -3.94164 26
    endloop
  endfacet
  facet normal 0 0 1
    outer loop
      vertex 8.92006 5.15 26
      vertex 9.23779 -4.55557 26
      vertex 9.23779 4.55557 26
    endloop
  endfacet
  facet normal 0 0 1
    outer loop
      vertex 8.92006 5.15 26
      vertex 8.92006 -5.15 26
      vertex 9.23779 -4.55557 26
    endloop
  endfacet
  facet normal 0 0 1
    outer loop
      vertex 8.56414 5.72237 26
      vertex 8.92006 -5.15 26
      vertex 8.92006 5.15 26
    endloop
  endfacet
  facet normal 0 0 1
    outer loop
      vertex 8.56414 5.72237 26
      vertex 8.56414 -5.72237 26
      vertex 8.92006 -5.15 26
    endloop
  endfacet
  facet normal 0 0 1
    outer loop
      vertex 8.17154 6.27024 26
      vertex 8.56414 -5.72237 26
      vertex 8.56414 5.72237 26
    endloop
  endfacet
  facet normal 0 0 1
    outer loop
      vertex 8.17154 6.27024 26
      vertex 8.17154 -6.27024 26
      vertex 8.56414 -5.72237 26
    endloop
  endfacet
  facet normal 0 0 1
    outer loop
      vertex 7.74395 6.79126 26
      vertex 8.17154 -6.27024 26
      vertex 8.17154 6.27024 26
    endloop
  endfacet
  facet normal 0 0 1
    outer loop
      vertex 7.74395 6.79126 26
      vertex 7.74395 -6.79126 26
      vertex 8.17154 -6.27024 26
    endloop
  endfacet
  facet normal 0 0 1
    outer loop
      vertex 7.2832 7.2832 26
      vertex 7.74395 -6.79126 26
      vertex 7.74395 6.79126 26
    endloop
  endfacet
  facet normal 0 0 1
    outer loop
      vertex 7.2832 7.2832 26
      vertex 7.2832 -7.2832 26
      vertex 7.74395 -6.79126 26
    endloop
  endfacet
  facet normal 0 0 1
    outer loop
      vertex 6.79126 7.74395 26
      vertex 7.2832 -7.2832 26
      vertex 7.2832 7.2832 26
    endloop
  endfacet
  facet normal 0 0 1
    outer loop
      vertex 6.79126 7.74395 26
      vertex 6.79126 -7.74395 26
      vertex 7.2832 -7.2832 26
    endloop
  endfacet
  facet normal 0 0 1
    outer loop
      vertex 6.27024 8.17154 26
      vertex 6.79126 -7.74395 26
      vertex 6.79126 7.74395 26
    endloop
  endfacet
  facet normal 0 0 1
    outer loop
      vertex 6.27024 8.17154 26
      vertex 6.27024 -8.17154 26
      vertex 6.79126 -7.74395 26
    endloop
  endfacet
  facet normal 0 0 1
    outer loop
      vertex 5.72237 8.56414 26
      vertex 6.27024 -8.17154 26
      vertex 6.27024 8.17154 26
    endloop
  endfacet
  facet normal 0 0 1
    outer loop
      vertex 5.72237 8.56414 26
      vertex 5.72237 -8.56414 26
      vertex 6.27024 -8.17154 26
    endloop
  endfacet
  facet normal 0 0 1
    outer loop
      vertex 5.15 8.92006 26
      vertex 5.72237 -8.56414 26
      vertex 5.72237 8.56414 26
    endloop
  endfacet
  facet normal 0 0 1
    outer loop
      vertex 5.15 8.92006 26
      vertex 5.15 -8.92006 26
      vertex 5.72237 -8.56414 26
    endloop
  endfacet
  facet normal 0 0 1
    outer loop
      vertex 4.55557 9.23779 26
      vertex 5.15 -8.92006 26
      vertex 5.15 8.92006 26
    endloop
  endfacet
  facet normal 0 0 1
    outer loop
      vertex 4.55557 9.23779 26
      vertex 4.55557 -9.23779 26
      vertex 5.15 -8.92006 26
    endloop
  endfacet
  facet normal 0 0 1
    outer loop
      vertex 3.94164 9.51596 26
      vertex 4.55557 -9.23779 26
      vertex 4.55557 9.23779 26
    endloop
  endfacet
  facet normal 0 0 1
    outer loop
      vertex 3.94164 9.51596 26
      vertex 3.94164 -9.51596 26
      vertex 4.55557 -9.23779 26
    endloop
  endfacet
  facet normal 0 0 1
    outer loop
      vertex 3.31083 9.75338 26
      vertex 3.94164 -9.51596 26
      vertex 3.94164 9.51596 26
    endloop
  endfacet
  facet normal 0 0 1
    outer loop
      vertex 3.31083 9.75338 26
      vertex 3.31083 -9.75338 26
      vertex 3.94164 -9.51596 26
    endloop
  endfacet
  facet normal 0 0 1
    outer loop
      vertex 2.66584 9.94904 26
      vertex 3.31083 -9.75338 26
      vertex 3.31083 9.75338 26
    endloop
  endfacet
  facet normal 0 0 1
    outer loop
      vertex 2.66584 9.94904 26
      vertex 2.66584 -9.94904 26
      vertex 3.31083 -9.75338 26
    endloop
  endfacet
  facet normal 0 0 1
    outer loop
      vertex 2.00943 10.1021 26
      vertex 2.66584 -9.94904 26
      vertex 2.66584 9.94904 26
    endloop
  endfacet
  facet normal 0 0 1
    outer loop
      vertex 2.00943 10.1021 26
      vertex 2.00943 -10.1021 26
      vertex 2.66584 -9.94904 26
    endloop
  endfacet
  facet normal 0 0 1
    outer loop
      vertex 1.34442 10.2119 26
      vertex 2.00943 -10.1021 26
      vertex 2.00943 10.1021 26
    endloop
  endfacet
  facet normal 0 0 1
    outer loop
      vertex 1.34442 10.2119 26
      vertex 1.34442 -10.2119 26
      vertex 2.00943 -10.1021 26
    endloop
  endfacet
  facet normal 0 0 1
    outer loop
      vertex 0.673652 10.2779 26
      vertex 1.34442 -10.2119 26
      vertex 1.34442 10.2119 26
    endloop
  endfacet
  facet normal 0 0 1
    outer loop
      vertex 0.673652 10.2779 26
      vertex 0.673652 -10.2779 26
      vertex 1.34442 -10.2119 26
    endloop
  endfacet
  facet normal 0 0 1
    outer loop
      vertex 0 10.3 26
      vertex 0.673652 -10.2779 26
      vertex 0.673652 10.2779 26
    endloop
  endfacet
  facet normal 0 0 1
    outer loop
      vertex 0 10.3 26
      vertex 0 -10.3 26
      vertex 0.673652 -10.2779 26
    endloop
  endfacet
  facet normal -0 0 1
    outer loop
      vertex -0.673652 10.2779 26
      vertex 0 -10.3 26
      vertex 0 10.3 26
    endloop
  endfacet
  facet normal 0 0 1
    outer loop
      vertex -0.673652 10.2779 26
      vertex -0.673652 -10.2779 26
      vertex 0 -10.3 26
    endloop
  endfacet
  facet normal -0 0 1
    outer loop
      vertex -1.34442 10.2119 26
      vertex -0.673652 -10.2779 26
      vertex -0.673652 10.2779 26
    endloop
  endfacet
  facet normal 0 0 1
    outer loop
      vertex -1.34442 10.2119 26
      vertex -1.34442 -10.2119 26
      vertex -0.673652 -10.2779 26
    endloop
  endfacet
  facet normal -0 0 1
    outer loop
      vertex -2.00943 10.1021 26
      vertex -1.34442 -10.2119 26
      vertex -1.34442 10.2119 26
    endloop
  endfacet
  facet normal 0 0 1
    outer loop
      vertex -2.00943 10.1021 26
      vertex -2.00943 -10.1021 26
      vertex -1.34442 -10.2119 26
    endloop
  endfacet
  facet normal -0 0 1
    outer loop
      vertex -2.66584 9.94904 26
      vertex -2.00943 -10.1021 26
      vertex -2.00943 10.1021 26
    endloop
  endfacet
  facet normal 0 0 1
    outer loop
      vertex -2.66584 9.94904 26
      vertex -2.66584 -9.94904 26
      vertex -2.00943 -10.1021 26
    endloop
  endfacet
  facet normal -0 0 1
    outer loop
      vertex -3.31083 9.75338 26
      vertex -2.66584 -9.94904 26
      vertex -2.66584 9.94904 26
    endloop
  endfacet
  facet normal 0 0 1
    outer loop
      vertex -3.31083 9.75338 26
      vertex -3.31083 -9.75338 26
      vertex -2.66584 -9.94904 26
    endloop
  endfacet
  facet normal -0 0 1
    outer loop
      vertex -3.94164 9.51596 26
      vertex -3.31083 -9.75338 26
      vertex -3.31083 9.75338 26
    endloop
  endfacet
  facet normal 0 0 1
    outer loop
      vertex -3.94164 9.51596 26
      vertex -3.94164 -9.51596 26
      vertex -3.31083 -9.75338 26
    endloop
  endfacet
  facet normal -0 0 1
    outer loop
      vertex -4.55557 9.23779 26
      vertex -3.94164 -9.51596 26
      vertex -3.94164 9.51596 26
    endloop
  endfacet
  facet normal 0 0 1
    outer loop
      vertex -4.55557 9.23779 26
      vertex -4.55557 -9.23779 26
      vertex -3.94164 -9.51596 26
    endloop
  endfacet
  facet normal -0 0 1
    outer loop
      vertex -5.15 8.92006 26
      vertex -4.55557 -9.23779 26
      vertex -4.55557 9.23779 26
    endloop
  endfacet
  facet normal 0 0 1
    outer loop
      vertex -5.15 8.92006 26
      vertex -5.15 -8.92006 26
      vertex -4.55557 -9.23779 26
    endloop
  endfacet
  facet normal -0 0 1
    outer loop
      vertex -5.72237 8.56414 26
      vertex -5.15 -8.92006 26
      vertex -5.15 8.92006 26
    endloop
  endfacet
  facet normal 0 0 1
    outer loop
      vertex -5.72237 8.56414 26
      vertex -5.72237 -8.56414 26
      vertex -5.15 -8.92006 26
    endloop
  endfacet
  facet normal -0 0 1
    outer loop
      vertex -6.27024 8.17154 26
      vertex -5.72237 -8.56414 26
      vertex -5.72237 8.56414 26
    endloop
  endfacet
  facet normal 0 0 1
    outer loop
      vertex -6.27024 8.17154 26
      vertex -6.27024 -8.17154 26
      vertex -5.72237 -8.56414 26
    endloop
  endfacet
  facet normal -0 0 1
    outer loop
      vertex -6.79126 7.74395 26
      vertex -6.27024 -8.17154 26
      vertex -6.27024 8.17154 26
    endloop
  endfacet
  facet normal 0 0 1
    outer loop
      vertex -6.79126 7.74395 26
      vertex -6.79126 -7.74395 26
      vertex -6.27024 -8.17154 26
    endloop
  endfacet
  facet normal -0 0 1
    outer loop
      vertex -7.2832 7.2832 26
      vertex -6.79126 -7.74395 26
      vertex -6.79126 7.74395 26
    endloop
  endfacet
  facet normal 0 0 1
    outer loop
      vertex -7.2832 7.2832 26
      vertex -7.2832 -7.2832 26
      vertex -6.79126 -7.74395 26
    endloop
  endfacet
  facet normal -0 0 1
    outer loop
      vertex -7.74395 6.79126 26
      vertex -7.2832 -7.2832 26
      vertex -7.2832 7.2832 26
    endloop
  endfacet
  facet normal 0 0 1
    outer loop
      vertex -7.74395 6.79126 26
      vertex -7.74395 -6.79126 26
      vertex -7.2832 -7.2832 26
    endloop
  endfacet
  facet normal -0 0 1
    outer loop
      vertex -8.17154 6.27024 26
      vertex -7.74395 -6.79126 26
      vertex -7.74395 6.79126 26
    endloop
  endfacet
  facet normal 0 0 1
    outer loop
      vertex -8.17154 6.27024 26
      vertex -8.17154 -6.27024 26
      vertex -7.74395 -6.79126 26
    endloop
  endfacet
  facet normal -0 0 1
    outer loop
      vertex -8.56414 5.72237 26
      vertex -8.17154 -6.27024 26
      vertex -8.17154 6.27024 26
    endloop
  endfacet
  facet normal 0 0 1
    outer loop
      vertex -8.56414 5.72237 26
      vertex -8.56414 -5.72237 26
      vertex -8.17154 -6.27024 26
    endloop
  endfacet
  facet normal -0 0 1
    outer loop
      vertex -8.92006 5.15 26
      vertex -8.56414 -5.72237 26
      vertex -8.56414 5.72237 26
    endloop
  endfacet
  facet normal 0 0 1
    outer loop
      vertex -8.92006 5.15 26
      vertex -8.92006 -5.15 26
      vertex -8.56414 -5.72237 26
    endloop
  endfacet
  facet normal -0 0 1
    outer loop
      vertex -9.23779 4.55557 26
      vertex -8.92006 -5.15 26
      vertex -8.92006 5.15 26
    endloop
  endfacet
  facet normal 0 0 1
    outer loop
      vertex -9.23779 4.55557 26
      vertex -9.23779 -4.55557 26
      vertex -8.92006 -5.15 26
    endloop
  endfacet
  facet normal -0 0 1
    outer loop
      vertex -9.51596 3.94164 26
      vertex -9.23779 -4.55557 26
      vertex -9.23779 4.55557 26
    endloop
  endfacet
  facet normal 0 0 1
    outer loop
      vertex -9.51596 3.94164 26
      vertex -9.51596 -3.94164 26
      vertex -9.23779 -4.55557 26
    endloop
  endfacet
  facet normal -0 0 1
    outer loop
      vertex -9.75338 3.31083 26
      vertex -9.51596 -3.94164 26
      vertex -9.51596 3.94164 26
    endloop
  endfacet
  facet normal 0 0 1
    outer loop
      vertex -9.75338 3.31083 26
      vertex -9.75338 -3.31083 26
      vertex -9.51596 -3.94164 26
    endloop
  endfacet
  facet normal -0 0 1
    outer loop
      vertex -9.94904 2.66584 26
      vertex -9.75338 -3.31083 26
      vertex -9.75338 3.31083 26
    endloop
  endfacet
  facet normal 0 0 1
    outer loop
      vertex -9.94904 2.66584 26
      vertex -9.94904 -2.66584 26
      vertex -9.75338 -3.31083 26
    endloop
  endfacet
  facet normal -0 0 1
    outer loop
      vertex -10.1021 2.00943 26
      vertex -9.94904 -2.66584 26
      vertex -9.94904 2.66584 26
    endloop
  endfacet
  facet normal 0 0 1
    outer loop
      vertex -10.1021 2.00943 26
      vertex -10.1021 -2.00943 26
      vertex -9.94904 -2.66584 26
    endloop
  endfacet
  facet normal -0 0 1
    outer loop
      vertex -10.2119 1.34442 26
      vertex -10.1021 -2.00943 26
      vertex -10.1021 2.00943 26
    endloop
  endfacet
  facet normal 0 0 1
    outer loop
      vertex -10.2119 1.34442 26
      vertex -10.2119 -1.34442 26
      vertex -10.1021 -2.00943 26
    endloop
  endfacet
  facet normal -0 0 1
    outer loop
      vertex -10.2779 0.673652 26
      vertex -10.2119 -1.34442 26
      vertex -10.2119 1.34442 26
    endloop
  endfacet
  facet normal 0 0 1
    outer loop
      vertex -10.2779 0.673652 26
      vertex -10.2779 -0.673652 26
      vertex -10.2119 -1.34442 26
    endloop
  endfacet
  facet normal 0 -0 1
    outer loop
      vertex -10.2779 -0.673652 26
      vertex -10.2779 0.673652 26
      vertex -10.3 0 26
    endloop
  endfacet
  facet normal -0.58248 0.812845 0
    outer loop
      vertex -5.72237 8.56414 24.25
      vertex -6.27024 8.17154 26
      vertex -5.72237 8.56414 26
    endloop
  endfacet
  facet normal -0.58248 0.812845 0
    outer loop
      vertex -6.27024 8.17154 26
      vertex -5.72237 8.56414 24.25
      vertex -6.27024 8.17154 24.25
    endloop
  endfacet
  facet normal -0.528065 0.849204 0
    outer loop
      vertex -5.15 8.92006 24.25
      vertex -5.72237 8.56414 26
      vertex -5.15 8.92006 26
    endloop
  endfacet
  facet normal -0.528065 0.849204 0
    outer loop
      vertex -5.72237 8.56414 26
      vertex -5.15 8.92006 24.25
      vertex -5.72237 8.56414 24.25
    endloop
  endfacet
  facet normal -0.634393 0.77301 0
    outer loop
      vertex -6.27024 8.17154 24.25
      vertex -6.79126 7.74395 26
      vertex -6.27024 8.17154 26
    endloop
  endfacet
  facet normal -0.634393 0.77301 0
    outer loop
      vertex -6.79126 7.74395 26
      vertex -6.27024 8.17154 24.25
      vertex -6.79126 7.74395 24.25
    endloop
  endfacet
  facet normal -0.290291 0.956939 0
    outer loop
      vertex -2.66584 9.94904 24.25
      vertex -3.31083 9.75338 26
      vertex -2.66584 9.94904 26
    endloop
  endfacet
  facet normal -0.290291 0.956939 0
    outer loop
      vertex -3.31083 9.75338 26
      vertex -2.66584 9.94904 24.25
      vertex -3.31083 9.75338 24.25
    endloop
  endfacet
  facet normal -0.0979218 0.995194 0
    outer loop
      vertex -0.673652 10.2779 24.25
      vertex -1.34442 10.2119 26
      vertex -0.673652 10.2779 26
    endloop
  endfacet
  facet normal -0.0979218 0.995194 0
    outer loop
      vertex -1.34442 10.2119 26
      vertex -0.673652 10.2779 24.25
      vertex -1.34442 10.2119 24.25
    endloop
  endfacet
  facet normal 0.729866 -0.683591 0
    outer loop
      vertex 7.2832 -7.2832 26
      vertex 7.74395 -6.79126 24.25
      vertex 7.74395 -6.79126 26
    endloop
  endfacet
  facet normal 0.729866 -0.683591 0
    outer loop
      vertex 7.74395 -6.79126 24.25
      vertex 7.2832 -7.2832 26
      vertex 7.2832 -7.2832 24.25
    endloop
  endfacet
  facet normal 0 0 -1
    outer loop
      vertex 10.2779 -0.673652 24.25
      vertex 10.2779 0.673652 24.25
      vertex 10.3 0 24.25
    endloop
  endfacet
  facet normal 0 0 -1
    outer loop
      vertex 10.2119 -1.34442 24.25
      vertex 10.2779 0.673652 24.25
      vertex 10.2779 -0.673652 24.25
    endloop
  endfacet
  facet normal 0 0 -1
    outer loop
      vertex 10.2119 -1.34442 24.25
      vertex 10.2119 1.34442 24.25
      vertex 10.2779 0.673652 24.25
    endloop
  endfacet
  facet normal 0 0 -1
    outer loop
      vertex 10.1021 -2.00943 24.25
      vertex 10.2119 1.34442 24.25
      vertex 10.2119 -1.34442 24.25
    endloop
  endfacet
  facet normal 0 0 -1
    outer loop
      vertex 10.1021 -2.00943 24.25
      vertex 10.1021 2.00943 24.25
      vertex 10.2119 1.34442 24.25
    endloop
  endfacet
  facet normal 0 0 -1
    outer loop
      vertex 9.94904 -2.66584 24.25
      vertex 10.1021 2.00943 24.25
      vertex 10.1021 -2.00943 24.25
    endloop
  endfacet
  facet normal 0 0 -1
    outer loop
      vertex 9.94904 -2.66584 24.25
      vertex 9.94904 2.66584 24.25
      vertex 10.1021 2.00943 24.25
    endloop
  endfacet
  facet normal 0 0 -1
    outer loop
      vertex 9.75338 -3.31083 24.25
      vertex 9.94904 2.66584 24.25
      vertex 9.94904 -2.66584 24.25
    endloop
  endfacet
  facet normal 0 0 -1
    outer loop
      vertex 9.75338 -3.31083 24.25
      vertex 9.75338 3.31083 24.25
      vertex 9.94904 2.66584 24.25
    endloop
  endfacet
  facet normal 0 0 -1
    outer loop
      vertex 9.51596 -3.94164 24.25
      vertex 9.75338 3.31083 24.25
      vertex 9.75338 -3.31083 24.25
    endloop
  endfacet
  facet normal 0 0 -1
    outer loop
      vertex 9.51596 -3.94164 24.25
      vertex 9.51596 3.94164 24.25
      vertex 9.75338 3.31083 24.25
    endloop
  endfacet
  facet normal 0 0 -1
    outer loop
      vertex 9.23779 -4.55557 24.25
      vertex 9.51596 3.94164 24.25
      vertex 9.51596 -3.94164 24.25
    endloop
  endfacet
  facet normal 0 0 -1
    outer loop
      vertex 9.23779 -4.55557 24.25
      vertex 9.23779 4.55557 24.25
      vertex 9.51596 3.94164 24.25
    endloop
  endfacet
  facet normal 0 0 -1
    outer loop
      vertex 8.92006 -5.15 24.25
      vertex 9.23779 4.55557 24.25
      vertex 9.23779 -4.55557 24.25
    endloop
  endfacet
  facet normal 0 0 -1
    outer loop
      vertex 8.92006 -5.15 24.25
      vertex 8.92006 5.15 24.25
      vertex 9.23779 4.55557 24.25
    endloop
  endfacet
  facet normal 0 0 -1
    outer loop
      vertex 8.56414 -5.72237 24.25
      vertex 8.92006 5.15 24.25
      vertex 8.92006 -5.15 24.25
    endloop
  endfacet
  facet normal 0 0 -1
    outer loop
      vertex 8.56414 -5.72237 24.25
      vertex 8.56414 5.72237 24.25
      vertex 8.92006 5.15 24.25
    endloop
  endfacet
  facet normal 0 0 -1
    outer loop
      vertex 8.17154 -6.27024 24.25
      vertex 8.56414 5.72237 24.25
      vertex 8.56414 -5.72237 24.25
    endloop
  endfacet
  facet normal 0 0 -1
    outer loop
      vertex 8.17154 -6.27024 24.25
      vertex 8.17154 6.27024 24.25
      vertex 8.56414 5.72237 24.25
    endloop
  endfacet
  facet normal 0 0 -1
    outer loop
      vertex 7.74395 -6.79126 24.25
      vertex 8.17154 6.27024 24.25
      vertex 8.17154 -6.27024 24.25
    endloop
  endfacet
  facet normal 0 0 -1
    outer loop
      vertex 7.74395 -6.79126 24.25
      vertex 7.74395 6.79126 24.25
      vertex 8.17154 6.27024 24.25
    endloop
  endfacet
  facet normal 0 0 -1
    outer loop
      vertex 7.2832 -7.2832 24.25
      vertex 7.74395 6.79126 24.25
      vertex 7.74395 -6.79126 24.25
    endloop
  endfacet
  facet normal 0 0 -1
    outer loop
      vertex 7.2832 -7.2832 24.25
      vertex 7.2832 7.2832 24.25
      vertex 7.74395 6.79126 24.25
    endloop
  endfacet
  facet normal 0 0 -1
    outer loop
      vertex 6.79126 -7.74395 24.25
      vertex 7.2832 7.2832 24.25
      vertex 7.2832 -7.2832 24.25
    endloop
  endfacet
  facet normal 0 0 -1
    outer loop
      vertex 6.79126 -7.74395 24.25
      vertex 6.79126 7.74395 24.25
      vertex 7.2832 7.2832 24.25
    endloop
  endfacet
  facet normal 0 0 -1
    outer loop
      vertex 6.27024 -8.17154 24.25
      vertex 6.79126 7.74395 24.25
      vertex 6.79126 -7.74395 24.25
    endloop
  endfacet
  facet normal 0 0 -1
    outer loop
      vertex 6.27024 -8.17154 24.25
      vertex 6.27024 8.17154 24.25
      vertex 6.79126 7.74395 24.25
    endloop
  endfacet
  facet normal 0 0 -1
    outer loop
      vertex 5.72237 -8.56414 24.25
      vertex 6.27024 8.17154 24.25
      vertex 6.27024 -8.17154 24.25
    endloop
  endfacet
  facet normal 0 0 -1
    outer loop
      vertex 5.72237 -8.56414 24.25
      vertex 5.72237 8.56414 24.25
      vertex 6.27024 8.17154 24.25
    endloop
  endfacet
  facet normal 0 0 -1
    outer loop
      vertex 5.15 -8.92006 24.25
      vertex 5.72237 8.56414 24.25
      vertex 5.72237 -8.56414 24.25
    endloop
  endfacet
  facet normal 0 0 -1
    outer loop
      vertex 5.15 -8.92006 24.25
      vertex 5.15 8.92006 24.25
      vertex 5.72237 8.56414 24.25
    endloop
  endfacet
  facet normal 0 0 -1
    outer loop
      vertex 4.55557 -9.23779 24.25
      vertex 5.15 8.92006 24.25
      vertex 5.15 -8.92006 24.25
    endloop
  endfacet
  facet normal 0 0 -1
    outer loop
      vertex 4.55557 -9.23779 24.25
      vertex 4.55557 9.23779 24.25
      vertex 5.15 8.92006 24.25
    endloop
  endfacet
  facet normal 0 0 -1
    outer loop
      vertex 3.94164 -9.51596 24.25
      vertex 4.55557 9.23779 24.25
      vertex 4.55557 -9.23779 24.25
    endloop
  endfacet
  facet normal 0 0 -1
    outer loop
      vertex 3.94164 -9.51596 24.25
      vertex 3.94164 9.51596 24.25
      vertex 4.55557 9.23779 24.25
    endloop
  endfacet
  facet normal 0 0 -1
    outer loop
      vertex 3.31083 -9.75338 24.25
      vertex 3.94164 9.51596 24.25
      vertex 3.94164 -9.51596 24.25
    endloop
  endfacet
  facet normal 0 0 -1
    outer loop
      vertex 3.31083 -9.75338 24.25
      vertex 3.31083 9.75338 24.25
      vertex 3.94164 9.51596 24.25
    endloop
  endfacet
  facet normal 0 0 -1
    outer loop
      vertex 2.66584 -9.94904 24.25
      vertex 3.31083 9.75338 24.25
      vertex 3.31083 -9.75338 24.25
    endloop
  endfacet
  facet normal 0 0 -1
    outer loop
      vertex 2.66584 -9.94904 24.25
      vertex 2.66584 9.94904 24.25
      vertex 3.31083 9.75338 24.25
    endloop
  endfacet
  facet normal 0 0 -1
    outer loop
      vertex 2.00943 -10.1021 24.25
      vertex 2.66584 9.94904 24.25
      vertex 2.66584 -9.94904 24.25
    endloop
  endfacet
  facet normal 0 0 -1
    outer loop
      vertex 2.00943 -10.1021 24.25
      vertex 2.00943 10.1021 24.25
      vertex 2.66584 9.94904 24.25
    endloop
  endfacet
  facet normal 0 0 -1
    outer loop
      vertex 1.34442 -10.2119 24.25
      vertex 2.00943 10.1021 24.25
      vertex 2.00943 -10.1021 24.25
    endloop
  endfacet
  facet normal 0 0 -1
    outer loop
      vertex 1.34442 -10.2119 24.25
      vertex 1.34442 10.2119 24.25
      vertex 2.00943 10.1021 24.25
    endloop
  endfacet
  facet normal 0 0 -1
    outer loop
      vertex 0.673652 -10.2779 24.25
      vertex 1.34442 10.2119 24.25
      vertex 1.34442 -10.2119 24.25
    endloop
  endfacet
  facet normal 0 0 -1
    outer loop
      vertex 0.673652 -10.2779 24.25
      vertex 0.673652 10.2779 24.25
      vertex 1.34442 10.2119 24.25
    endloop
  endfacet
  facet normal 0 0 -1
    outer loop
      vertex 0 -10.3 24.25
      vertex 0.673652 10.2779 24.25
      vertex 0.673652 -10.2779 24.25
    endloop
  endfacet
  facet normal 0 0 -1
    outer loop
      vertex 0 -10.3 24.25
      vertex 0 10.3 24.25
      vertex 0.673652 10.2779 24.25
    endloop
  endfacet
  facet normal 0 0 -1
    outer loop
      vertex -0.673652 -10.2779 24.25
      vertex 0 10.3 24.25
      vertex 0 -10.3 24.25
    endloop
  endfacet
  facet normal 0 0 -1
    outer loop
      vertex -0.673652 -10.2779 24.25
      vertex -0.673652 10.2779 24.25
      vertex 0 10.3 24.25
    endloop
  endfacet
  facet normal 0 0 -1
    outer loop
      vertex -1.34442 -10.2119 24.25
      vertex -0.673652 10.2779 24.25
      vertex -0.673652 -10.2779 24.25
    endloop
  endfacet
  facet normal 0 0 -1
    outer loop
      vertex -1.34442 -10.2119 24.25
      vertex -1.34442 10.2119 24.25
      vertex -0.673652 10.2779 24.25
    endloop
  endfacet
  facet normal 0 0 -1
    outer loop
      vertex -2.00943 -10.1021 24.25
      vertex -1.34442 10.2119 24.25
      vertex -1.34442 -10.2119 24.25
    endloop
  endfacet
  facet normal 0 0 -1
    outer loop
      vertex -2.00943 -10.1021 24.25
      vertex -2.00943 10.1021 24.25
      vertex -1.34442 10.2119 24.25
    endloop
  endfacet
  facet normal 0 0 -1
    outer loop
      vertex -2.66584 -9.94904 24.25
      vertex -2.00943 10.1021 24.25
      vertex -2.00943 -10.1021 24.25
    endloop
  endfacet
  facet normal 0 0 -1
    outer loop
      vertex -2.66584 -9.94904 24.25
      vertex -2.66584 9.94904 24.25
      vertex -2.00943 10.1021 24.25
    endloop
  endfacet
  facet normal 0 0 -1
    outer loop
      vertex -3.31083 -9.75338 24.25
      vertex -2.66584 9.94904 24.25
      vertex -2.66584 -9.94904 24.25
    endloop
  endfacet
  facet normal 0 0 -1
    outer loop
      vertex -3.31083 -9.75338 24.25
      vertex -3.31083 9.75338 24.25
      vertex -2.66584 9.94904 24.25
    endloop
  endfacet
  facet normal 0 0 -1
    outer loop
      vertex -3.94164 -9.51596 24.25
      vertex -3.31083 9.75338 24.25
      vertex -3.31083 -9.75338 24.25
    endloop
  endfacet
  facet normal 0 0 -1
    outer loop
      vertex -3.94164 -9.51596 24.25
      vertex -3.94164 9.51596 24.25
      vertex -3.31083 9.75338 24.25
    endloop
  endfacet
  facet normal 0 0 -1
    outer loop
      vertex -4.55557 -9.23779 24.25
      vertex -3.94164 9.51596 24.25
      vertex -3.94164 -9.51596 24.25
    endloop
  endfacet
  facet normal 0 0 -1
    outer loop
      vertex -4.55557 -9.23779 24.25
      vertex -4.55557 9.23779 24.25
      vertex -3.94164 9.51596 24.25
    endloop
  endfacet
  facet normal 0 0 -1
    outer loop
      vertex -5.15 -8.92006 24.25
      vertex -4.55557 9.23779 24.25
      vertex -4.55557 -9.23779 24.25
    endloop
  endfacet
  facet normal 0 0 -1
    outer loop
      vertex -5.15 -8.92006 24.25
      vertex -5.15 8.92006 24.25
      vertex -4.55557 9.23779 24.25
    endloop
  endfacet
  facet normal 0 0 -1
    outer loop
      vertex -5.72237 -8.56414 24.25
      vertex -5.15 8.92006 24.25
      vertex -5.15 -8.92006 24.25
    endloop
  endfacet
  facet normal 0 0 -1
    outer loop
      vertex -5.72237 -8.56414 24.25
      vertex -5.72237 8.56414 24.25
      vertex -5.15 8.92006 24.25
    endloop
  endfacet
  facet normal 0 0 -1
    outer loop
      vertex -6.27024 -8.17154 24.25
      vertex -5.72237 8.56414 24.25
      vertex -5.72237 -8.56414 24.25
    endloop
  endfacet
  facet normal 0 0 -1
    outer loop
      vertex -6.27024 -8.17154 24.25
      vertex -6.27024 8.17154 24.25
      vertex -5.72237 8.56414 24.25
    endloop
  endfacet
  facet normal 0 0 -1
    outer loop
      vertex -6.79126 -7.74395 24.25
      vertex -6.27024 8.17154 24.25
      vertex -6.27024 -8.17154 24.25
    endloop
  endfacet
  facet normal 0 0 -1
    outer loop
      vertex -6.79126 -7.74395 24.25
      vertex -6.79126 7.74395 24.25
      vertex -6.27024 8.17154 24.25
    endloop
  endfacet
  facet normal 0 0 -1
    outer loop
      vertex -7.2832 -7.2832 24.25
      vertex -6.79126 7.74395 24.25
      vertex -6.79126 -7.74395 24.25
    endloop
  endfacet
  facet normal 0 0 -1
    outer loop
      vertex -7.2832 -7.2832 24.25
      vertex -7.2832 7.2832 24.25
      vertex -6.79126 7.74395 24.25
    endloop
  endfacet
  facet normal 0 0 -1
    outer loop
      vertex -7.74395 -6.79126 24.25
      vertex -7.2832 7.2832 24.25
      vertex -7.2832 -7.2832 24.25
    endloop
  endfacet
  facet normal 0 0 -1
    outer loop
      vertex -7.74395 -6.79126 24.25
      vertex -7.74395 6.79126 24.25
      vertex -7.2832 7.2832 24.25
    endloop
  endfacet
  facet normal 0 0 -1
    outer loop
      vertex -8.17154 -6.27024 24.25
      vertex -7.74395 6.79126 24.25
      vertex -7.74395 -6.79126 24.25
    endloop
  endfacet
  facet normal 0 0 -1
    outer loop
      vertex -8.17154 -6.27024 24.25
      vertex -8.17154 6.27024 24.25
      vertex -7.74395 6.79126 24.25
    endloop
  endfacet
  facet normal 0 0 -1
    outer loop
      vertex -8.56414 -5.72237 24.25
      vertex -8.17154 6.27024 24.25
      vertex -8.17154 -6.27024 24.25
    endloop
  endfacet
  facet normal 0 0 -1
    outer loop
      vertex -8.56414 -5.72237 24.25
      vertex -8.56414 5.72237 24.25
      vertex -8.17154 6.27024 24.25
    endloop
  endfacet
  facet normal 0 0 -1
    outer loop
      vertex -8.92006 -5.15 24.25
      vertex -8.56414 5.72237 24.25
      vertex -8.56414 -5.72237 24.25
    endloop
  endfacet
  facet normal 0 0 -1
    outer loop
      vertex -8.92006 -5.15 24.25
      vertex -8.92006 5.15 24.25
      vertex -8.56414 5.72237 24.25
    endloop
  endfacet
  facet normal 0 0 -1
    outer loop
      vertex -9.23779 -4.55557 24.25
      vertex -8.92006 5.15 24.25
      vertex -8.92006 -5.15 24.25
    endloop
  endfacet
  facet normal 0 0 -1
    outer loop
      vertex -9.23779 -4.55557 24.25
      vertex -9.23779 4.55557 24.25
      vertex -8.92006 5.15 24.25
    endloop
  endfacet
  facet normal 0 0 -1
    outer loop
      vertex -9.51596 -3.94164 24.25
      vertex -9.23779 4.55557 24.25
      vertex -9.23779 -4.55557 24.25
    endloop
  endfacet
  facet normal 0 0 -1
    outer loop
      vertex -9.51596 -3.94164 24.25
      vertex -9.51596 3.94164 24.25
      vertex -9.23779 4.55557 24.25
    endloop
  endfacet
  facet normal 0 0 -1
    outer loop
      vertex -9.75338 -3.31083 24.25
      vertex -9.51596 3.94164 24.25
      vertex -9.51596 -3.94164 24.25
    endloop
  endfacet
  facet normal 0 0 -1
    outer loop
      vertex -9.75338 -3.31083 24.25
      vertex -9.75338 3.31083 24.25
      vertex -9.51596 3.94164 24.25
    endloop
  endfacet
  facet normal 0 0 -1
    outer loop
      vertex -9.94904 -2.66584 24.25
      vertex -9.75338 3.31083 24.25
      vertex -9.75338 -3.31083 24.25
    endloop
  endfacet
  facet normal 0 0 -1
    outer loop
      vertex -9.94904 -2.66584 24.25
      vertex -9.94904 2.66584 24.25
      vertex -9.75338 3.31083 24.25
    endloop
  endfacet
  facet normal 0 0 -1
    outer loop
      vertex -10.1021 -2.00943 24.25
      vertex -9.94904 2.66584 24.25
      vertex -9.94904 -2.66584 24.25
    endloop
  endfacet
  facet normal 0 0 -1
    outer loop
      vertex -10.1021 -2.00943 24.25
      vertex -10.1021 2.00943 24.25
      vertex -9.94904 2.66584 24.25
    endloop
  endfacet
  facet normal 0 0 -1
    outer loop
      vertex -10.2119 -1.34442 24.25
      vertex -10.1021 2.00943 24.25
      vertex -10.1021 -2.00943 24.25
    endloop
  endfacet
  facet normal 0 0 -1
    outer loop
      vertex -10.2119 -1.34442 24.25
      vertex -10.2119 1.34442 24.25
      vertex -10.1021 2.00943 24.25
    endloop
  endfacet
  facet normal 0 0 -1
    outer loop
      vertex -10.2779 -0.673652 24.25
      vertex -10.2119 1.34442 24.25
      vertex -10.2119 -1.34442 24.25
    endloop
  endfacet
  facet normal 0 0 -1
    outer loop
      vertex -10.2779 -0.673652 24.25
      vertex -10.2779 0.673652 24.25
      vertex -10.2119 1.34442 24.25
    endloop
  endfacet
  facet normal 0 -0 -1
    outer loop
      vertex -10.2779 0.673652 24.25
      vertex -10.2779 -0.673652 24.25
      vertex -10.3 0 24.25
    endloop
  endfacet
  facet normal 0.412709 -0.910863 0
    outer loop
      vertex 3.94164 -9.51596 24.25
      vertex 4.55557 -9.23779 26
      vertex 3.94164 -9.51596 26
    endloop
  endfacet
  facet normal 0.412709 -0.910863 0
    outer loop
      vertex 4.55557 -9.23779 26
      vertex 3.94164 -9.51596 24.25
      vertex 4.55557 -9.23779 24.25
    endloop
  endfacet
  facet normal 0.986642 0.162905 0
    outer loop
      vertex 10.2119 1.34442 26
      vertex 10.1021 2.00943 24.25
      vertex 10.1021 2.00943 26
    endloop
  endfacet
  facet normal 0.986642 0.162905 0
    outer loop
      vertex 10.1021 2.00943 24.25
      vertex 10.2119 1.34442 26
      vertex 10.2119 1.34442 24.25
    endloop
  endfacet
  facet normal 0.935906 0.35225 0
    outer loop
      vertex 9.75338 3.31083 26
      vertex 9.51596 3.94164 24.25
      vertex 9.51596 3.94164 26
    endloop
  endfacet
  facet normal 0.935906 0.35225 0
    outer loop
      vertex 9.51596 3.94164 24.25
      vertex 9.75338 3.31083 26
      vertex 9.75338 3.31083 24.25
    endloop
  endfacet
  facet normal 0.729866 0.683591 0
    outer loop
      vertex 7.74395 6.79126 26
      vertex 7.2832 7.2832 24.25
      vertex 7.2832 7.2832 26
    endloop
  endfacet
  facet normal 0.729866 0.683591 0
    outer loop
      vertex 7.2832 7.2832 24.25
      vertex 7.74395 6.79126 26
      vertex 7.74395 6.79126 24.25
    endloop
  endfacet
  facet normal 0.881921 0.471397 0
    outer loop
      vertex 9.23779 4.55557 26
      vertex 8.92006 5.15 24.25
      vertex 8.92006 5.15 26
    endloop
  endfacet
  facet normal 0.881921 0.471397 0
    outer loop
      vertex 8.92006 5.15 24.25
      vertex 9.23779 4.55557 26
      vertex 9.23779 4.55557 24.25
    endloop
  endfacet
  facet normal 0.227086 0.973875 -0
    outer loop
      vertex 2.66584 9.94904 24.25
      vertex 2.00943 10.1021 26
      vertex 2.66584 9.94904 26
    endloop
  endfacet
  facet normal 0.227086 0.973875 0
    outer loop
      vertex 2.00943 10.1021 26
      vertex 2.66584 9.94904 24.25
      vertex 2.00943 10.1021 24.25
    endloop
  endfacet
  facet normal 0.290291 0.956939 -0
    outer loop
      vertex 3.31083 9.75338 24.25
      vertex 2.66584 9.94904 26
      vertex 3.31083 9.75338 26
    endloop
  endfacet
  facet normal 0.290291 0.956939 0
    outer loop
      vertex 2.66584 9.94904 26
      vertex 3.31083 9.75338 24.25
      vertex 2.66584 9.94904 24.25
    endloop
  endfacet
  facet normal 0.0327886 0.999462 -0
    outer loop
      vertex 0.673652 10.2779 24.25
      vertex 0 10.3 26
      vertex 0.673652 10.2779 26
    endloop
  endfacet
  facet normal 0.0327886 0.999462 0
    outer loop
      vertex 0 10.3 26
      vertex 0.673652 10.2779 24.25
      vertex 0 10.3 24.25
    endloop
  endfacet
  facet normal 0.412709 0.910863 -0
    outer loop
      vertex 4.55557 9.23779 24.25
      vertex 3.94164 9.51596 26
      vertex 4.55557 9.23779 26
    endloop
  endfacet
  facet normal 0.412709 0.910863 0
    outer loop
      vertex 3.94164 9.51596 26
      vertex 4.55557 9.23779 24.25
      vertex 3.94164 9.51596 24.25
    endloop
  endfacet
  facet normal 0.58248 0.812845 -0
    outer loop
      vertex 6.27024 8.17154 24.25
      vertex 5.72237 8.56414 26
      vertex 6.27024 8.17154 26
    endloop
  endfacet
  facet normal 0.58248 0.812845 0
    outer loop
      vertex 5.72237 8.56414 26
      vertex 6.27024 8.17154 24.25
      vertex 5.72237 8.56414 24.25
    endloop
  endfacet
  facet normal -0.812845 0.58248 0
    outer loop
      vertex -8.56414 5.72237 24.25
      vertex -8.17154 6.27024 26
      vertex -8.17154 6.27024 24.25
    endloop
  endfacet
  facet normal -0.812845 0.58248 0
    outer loop
      vertex -8.17154 6.27024 26
      vertex -8.56414 5.72237 24.25
      vertex -8.56414 5.72237 26
    endloop
  endfacet
  facet normal -0.956939 0.290291 0
    outer loop
      vertex -9.94904 2.66584 24.25
      vertex -9.75338 3.31083 26
      vertex -9.75338 3.31083 24.25
    endloop
  endfacet
  facet normal -0.956939 0.290291 0
    outer loop
      vertex -9.75338 3.31083 26
      vertex -9.94904 2.66584 24.25
      vertex -9.94904 2.66584 26
    endloop
  endfacet
  facet normal -0.162905 0.986642 0
    outer loop
      vertex -1.34442 10.2119 24.25
      vertex -2.00943 10.1021 26
      vertex -1.34442 10.2119 26
    endloop
  endfacet
  facet normal -0.162905 0.986642 0
    outer loop
      vertex -2.00943 10.1021 26
      vertex -1.34442 10.2119 24.25
      vertex -2.00943 10.1021 24.25
    endloop
  endfacet
  facet normal 0.881921 -0.471397 0
    outer loop
      vertex 8.92006 -5.15 26
      vertex 9.23779 -4.55557 24.25
      vertex 9.23779 -4.55557 26
    endloop
  endfacet
  facet normal 0.881921 -0.471397 0
    outer loop
      vertex 9.23779 -4.55557 24.25
      vertex 8.92006 -5.15 26
      vertex 8.92006 -5.15 24.25
    endloop
  endfacet
  facet normal 0.986642 -0.162905 0
    outer loop
      vertex 10.1021 -2.00943 26
      vertex 10.2119 -1.34442 24.25
      vertex 10.2119 -1.34442 26
    endloop
  endfacet
  facet normal 0.986642 -0.162905 0
    outer loop
      vertex 10.2119 -1.34442 24.25
      vertex 10.1021 -2.00943 26
      vertex 10.1021 -2.00943 24.25
    endloop
  endfacet
  facet normal 0.995194 -0.0979218 0
    outer loop
      vertex 10.2119 -1.34442 26
      vertex 10.2779 -0.673652 24.25
      vertex 10.2779 -0.673652 26
    endloop
  endfacet
  facet normal 0.995194 -0.0979218 0
    outer loop
      vertex 10.2779 -0.673652 24.25
      vertex 10.2119 -1.34442 26
      vertex 10.2119 -1.34442 24.25
    endloop
  endfacet
  facet normal 0.77301 -0.634393 0
    outer loop
      vertex 7.74395 -6.79126 26
      vertex 8.17154 -6.27024 24.25
      vertex 8.17154 -6.27024 26
    endloop
  endfacet
  facet normal 0.77301 -0.634393 0
    outer loop
      vertex 8.17154 -6.27024 24.25
      vertex 7.74395 -6.79126 26
      vertex 7.74395 -6.79126 24.25
    endloop
  endfacet
  facet normal 0.0979218 -0.995194 0
    outer loop
      vertex 0.673652 -10.2779 24.25
      vertex 1.34442 -10.2119 26
      vertex 0.673652 -10.2779 26
    endloop
  endfacet
  facet normal 0.0979218 -0.995194 0
    outer loop
      vertex 1.34442 -10.2119 26
      vertex 0.673652 -10.2779 24.25
      vertex 1.34442 -10.2119 24.25
    endloop
  endfacet
  facet normal 0.35225 -0.935906 0
    outer loop
      vertex 3.31083 -9.75338 24.25
      vertex 3.94164 -9.51596 26
      vertex 3.31083 -9.75338 26
    endloop
  endfacet
  facet normal 0.35225 -0.935906 0
    outer loop
      vertex 3.94164 -9.51596 26
      vertex 3.31083 -9.75338 24.25
      vertex 3.94164 -9.51596 24.25
    endloop
  endfacet
  facet normal -0.910863 0.412709 0
    outer loop
      vertex -9.51596 3.94164 24.25
      vertex -9.23779 4.55557 26
      vertex -9.23779 4.55557 24.25
    endloop
  endfacet
  facet normal -0.910863 0.412709 0
    outer loop
      vertex -9.23779 4.55557 26
      vertex -9.51596 3.94164 24.25
      vertex -9.51596 3.94164 26
    endloop
  endfacet
  facet normal -0.471397 0.881921 0
    outer loop
      vertex -4.55557 9.23779 24.25
      vertex -5.15 8.92006 26
      vertex -4.55557 9.23779 26
    endloop
  endfacet
  facet normal -0.471397 0.881921 0
    outer loop
      vertex -5.15 8.92006 26
      vertex -4.55557 9.23779 24.25
      vertex -5.15 8.92006 24.25
    endloop
  endfacet
  facet normal -0.683591 0.729866 0
    outer loop
      vertex -6.79126 7.74395 24.25
      vertex -7.2832 7.2832 26
      vertex -6.79126 7.74395 26
    endloop
  endfacet
  facet normal -0.683591 0.729866 0
    outer loop
      vertex -7.2832 7.2832 26
      vertex -6.79126 7.74395 24.25
      vertex -7.2832 7.2832 24.25
    endloop
  endfacet
  facet normal -0.35225 0.935906 0
    outer loop
      vertex -3.31083 9.75338 24.25
      vertex -3.94164 9.51596 26
      vertex -3.31083 9.75338 26
    endloop
  endfacet
  facet normal -0.35225 0.935906 0
    outer loop
      vertex -3.94164 9.51596 26
      vertex -3.31083 9.75338 24.25
      vertex -3.94164 9.51596 24.25
    endloop
  endfacet
  facet normal 0.910863 -0.412709 0
    outer loop
      vertex 9.23779 -4.55557 26
      vertex 9.51596 -3.94164 24.25
      vertex 9.51596 -3.94164 26
    endloop
  endfacet
  facet normal 0.910863 -0.412709 0
    outer loop
      vertex 9.51596 -3.94164 24.25
      vertex 9.23779 -4.55557 26
      vertex 9.23779 -4.55557 24.25
    endloop
  endfacet
  facet normal 0.956939 -0.290291 0
    outer loop
      vertex 9.75338 -3.31083 26
      vertex 9.94904 -2.66584 24.25
      vertex 9.94904 -2.66584 26
    endloop
  endfacet
  facet normal 0.956939 -0.290291 0
    outer loop
      vertex 9.94904 -2.66584 24.25
      vertex 9.75338 -3.31083 26
      vertex 9.75338 -3.31083 24.25
    endloop
  endfacet
  facet normal 0.999462 -0.0327886 0
    outer loop
      vertex 10.2779 -0.673652 26
      vertex 10.3 0 24.25
      vertex 10.3 0 26
    endloop
  endfacet
  facet normal 0.999462 -0.0327886 0
    outer loop
      vertex 10.3 0 24.25
      vertex 10.2779 -0.673652 26
      vertex 10.2779 -0.673652 24.25
    endloop
  endfacet
  facet normal 0.471397 -0.881921 0
    outer loop
      vertex 4.55557 -9.23779 24.25
      vertex 5.15 -8.92006 26
      vertex 4.55557 -9.23779 26
    endloop
  endfacet
  facet normal 0.471397 -0.881921 0
    outer loop
      vertex 5.15 -8.92006 26
      vertex 4.55557 -9.23779 24.25
      vertex 5.15 -8.92006 24.25
    endloop
  endfacet
  facet normal 0.683591 -0.729866 0
    outer loop
      vertex 6.79126 -7.74395 24.25
      vertex 7.2832 -7.2832 26
      vertex 6.79126 -7.74395 26
    endloop
  endfacet
  facet normal 0.683591 -0.729866 0
    outer loop
      vertex 7.2832 -7.2832 26
      vertex 6.79126 -7.74395 24.25
      vertex 7.2832 -7.2832 24.25
    endloop
  endfacet
  facet normal 0.634393 -0.77301 0
    outer loop
      vertex 6.27024 -8.17154 24.25
      vertex 6.79126 -7.74395 26
      vertex 6.27024 -8.17154 26
    endloop
  endfacet
  facet normal 0.634393 -0.77301 0
    outer loop
      vertex 6.79126 -7.74395 26
      vertex 6.27024 -8.17154 24.25
      vertex 6.79126 -7.74395 24.25
    endloop
  endfacet
  facet normal 0.58248 -0.812845 0
    outer loop
      vertex 5.72237 -8.56414 24.25
      vertex 6.27024 -8.17154 26
      vertex 5.72237 -8.56414 26
    endloop
  endfacet
  facet normal 0.58248 -0.812845 0
    outer loop
      vertex 6.27024 -8.17154 26
      vertex 5.72237 -8.56414 24.25
      vertex 6.27024 -8.17154 24.25
    endloop
  endfacet
  facet normal -0.162905 -0.986642 0
    outer loop
      vertex -2.00943 -10.1021 24.25
      vertex -1.34442 -10.2119 26
      vertex -2.00943 -10.1021 26
    endloop
  endfacet
  facet normal -0.162905 -0.986642 -0
    outer loop
      vertex -1.34442 -10.2119 26
      vertex -2.00943 -10.1021 24.25
      vertex -1.34442 -10.2119 24.25
    endloop
  endfacet
  facet normal -0.812845 -0.58248 0
    outer loop
      vertex -8.17154 -6.27024 24.25
      vertex -8.56414 -5.72237 26
      vertex -8.56414 -5.72237 24.25
    endloop
  endfacet
  facet normal -0.812845 -0.58248 0
    outer loop
      vertex -8.56414 -5.72237 26
      vertex -8.17154 -6.27024 24.25
      vertex -8.17154 -6.27024 26
    endloop
  endfacet
  facet normal -0.729866 -0.683591 0
    outer loop
      vertex -7.2832 -7.2832 24.25
      vertex -7.74395 -6.79126 26
      vertex -7.74395 -6.79126 24.25
    endloop
  endfacet
  facet normal -0.729866 -0.683591 0
    outer loop
      vertex -7.74395 -6.79126 26
      vertex -7.2832 -7.2832 24.25
      vertex -7.2832 -7.2832 26
    endloop
  endfacet
  facet normal -0.935906 -0.35225 0
    outer loop
      vertex -9.51596 -3.94164 24.25
      vertex -9.75338 -3.31083 26
      vertex -9.75338 -3.31083 24.25
    endloop
  endfacet
  facet normal -0.935906 -0.35225 0
    outer loop
      vertex -9.75338 -3.31083 26
      vertex -9.51596 -3.94164 24.25
      vertex -9.51596 -3.94164 26
    endloop
  endfacet
  facet normal -0.999462 -0.0327886 0
    outer loop
      vertex -10.2779 -0.673652 24.25
      vertex -10.3 0 26
      vertex -10.3 0 24.25
    endloop
  endfacet
  facet normal -0.999462 -0.0327886 0
    outer loop
      vertex -10.3 0 26
      vertex -10.2779 -0.673652 24.25
      vertex -10.2779 -0.673652 26
    endloop
  endfacet
  facet normal -0.995194 -0.0979218 0
    outer loop
      vertex -10.2119 -1.34442 24.25
      vertex -10.2779 -0.673652 26
      vertex -10.2779 -0.673652 24.25
    endloop
  endfacet
  facet normal -0.995194 -0.0979218 0
    outer loop
      vertex -10.2779 -0.673652 26
      vertex -10.2119 -1.34442 24.25
      vertex -10.2119 -1.34442 26
    endloop
  endfacet
  facet normal -0.986642 -0.162905 0
    outer loop
      vertex -10.1021 -2.00943 24.25
      vertex -10.2119 -1.34442 26
      vertex -10.2119 -1.34442 24.25
    endloop
  endfacet
  facet normal -0.986642 -0.162905 0
    outer loop
      vertex -10.2119 -1.34442 26
      vertex -10.1021 -2.00943 24.25
      vertex -10.1021 -2.00943 26
    endloop
  endfacet
  facet normal 0.162905 -0.986642 0
    outer loop
      vertex 1.34442 -10.2119 24.25
      vertex 2.00943 -10.1021 26
      vertex 1.34442 -10.2119 26
    endloop
  endfacet
  facet normal 0.162905 -0.986642 0
    outer loop
      vertex 2.00943 -10.1021 26
      vertex 1.34442 -10.2119 24.25
      vertex 2.00943 -10.1021 24.25
    endloop
  endfacet
  facet normal 0.973875 -0.227086 0
    outer loop
      vertex 9.94904 -2.66584 26
      vertex 10.1021 -2.00943 24.25
      vertex 10.1021 -2.00943 26
    endloop
  endfacet
  facet normal 0.973875 -0.227086 0
    outer loop
      vertex 10.1021 -2.00943 24.25
      vertex 9.94904 -2.66584 26
      vertex 9.94904 -2.66584 24.25
    endloop
  endfacet
  facet normal 0.849204 -0.528065 0
    outer loop
      vertex 8.56414 -5.72237 26
      vertex 8.92006 -5.15 24.25
      vertex 8.92006 -5.15 26
    endloop
  endfacet
  facet normal 0.849204 -0.528065 0
    outer loop
      vertex 8.92006 -5.15 24.25
      vertex 8.56414 -5.72237 26
      vertex 8.56414 -5.72237 24.25
    endloop
  endfacet
  facet normal 0.812845 -0.58248 0
    outer loop
      vertex 8.17154 -6.27024 26
      vertex 8.56414 -5.72237 24.25
      vertex 8.56414 -5.72237 26
    endloop
  endfacet
  facet normal 0.812845 -0.58248 0
    outer loop
      vertex 8.56414 -5.72237 24.25
      vertex 8.17154 -6.27024 26
      vertex 8.17154 -6.27024 24.25
    endloop
  endfacet
  facet normal 0.528065 -0.849204 0
    outer loop
      vertex 5.15 -8.92006 24.25
      vertex 5.72237 -8.56414 26
      vertex 5.15 -8.92006 26
    endloop
  endfacet
  facet normal 0.528065 -0.849204 0
    outer loop
      vertex 5.72237 -8.56414 26
      vertex 5.15 -8.92006 24.25
      vertex 5.72237 -8.56414 24.25
    endloop
  endfacet
  facet normal -0.0327886 -0.999462 0
    outer loop
      vertex -0.673652 -10.2779 24.25
      vertex 0 -10.3 26
      vertex -0.673652 -10.2779 26
    endloop
  endfacet
  facet normal -0.0327886 -0.999462 -0
    outer loop
      vertex 0 -10.3 26
      vertex -0.673652 -10.2779 24.25
      vertex 0 -10.3 24.25
    endloop
  endfacet
  facet normal -0.290291 -0.956939 0
    outer loop
      vertex -3.31083 -9.75338 24.25
      vertex -2.66584 -9.94904 26
      vertex -3.31083 -9.75338 26
    endloop
  endfacet
  facet normal -0.290291 -0.956939 -0
    outer loop
      vertex -2.66584 -9.94904 26
      vertex -3.31083 -9.75338 24.25
      vertex -2.66584 -9.94904 24.25
    endloop
  endfacet
  facet normal -0.0979218 -0.995194 0
    outer loop
      vertex -1.34442 -10.2119 24.25
      vertex -0.673652 -10.2779 26
      vertex -1.34442 -10.2119 26
    endloop
  endfacet
  facet normal -0.0979218 -0.995194 -0
    outer loop
      vertex -0.673652 -10.2779 26
      vertex -1.34442 -10.2119 24.25
      vertex -0.673652 -10.2779 24.25
    endloop
  endfacet
  facet normal -0.881921 -0.471397 0
    outer loop
      vertex -8.92006 -5.15 24.25
      vertex -9.23779 -4.55557 26
      vertex -9.23779 -4.55557 24.25
    endloop
  endfacet
  facet normal -0.881921 -0.471397 0
    outer loop
      vertex -9.23779 -4.55557 26
      vertex -8.92006 -5.15 24.25
      vertex -8.92006 -5.15 26
    endloop
  endfacet
  facet normal -0.683591 -0.729866 0
    outer loop
      vertex -7.2832 -7.2832 24.25
      vertex -6.79126 -7.74395 26
      vertex -7.2832 -7.2832 26
    endloop
  endfacet
  facet normal -0.683591 -0.729866 -0
    outer loop
      vertex -6.79126 -7.74395 26
      vertex -7.2832 -7.2832 24.25
      vertex -6.79126 -7.74395 24.25
    endloop
  endfacet
  facet normal -0.910863 -0.412709 0
    outer loop
      vertex -9.23779 -4.55557 24.25
      vertex -9.51596 -3.94164 26
      vertex -9.51596 -3.94164 24.25
    endloop
  endfacet
  facet normal -0.910863 -0.412709 0
    outer loop
      vertex -9.51596 -3.94164 26
      vertex -9.23779 -4.55557 24.25
      vertex -9.23779 -4.55557 26
    endloop
  endfacet
  facet normal -0.956939 -0.290291 0
    outer loop
      vertex -9.75338 -3.31083 24.25
      vertex -9.94904 -2.66584 26
      vertex -9.94904 -2.66584 24.25
    endloop
  endfacet
  facet normal -0.956939 -0.290291 0
    outer loop
      vertex -9.94904 -2.66584 26
      vertex -9.75338 -3.31083 24.25
      vertex -9.75338 -3.31083 26
    endloop
  endfacet
  facet normal -0.973875 -0.227086 0
    outer loop
      vertex -9.94904 -2.66584 24.25
      vertex -10.1021 -2.00943 26
      vertex -10.1021 -2.00943 24.25
    endloop
  endfacet
  facet normal -0.973875 -0.227086 0
    outer loop
      vertex -10.1021 -2.00943 26
      vertex -9.94904 -2.66584 24.25
      vertex -9.94904 -2.66584 26
    endloop
  endfacet
  facet normal 0.290291 -0.956939 0
    outer loop
      vertex 2.66584 -9.94904 24.25
      vertex 3.31083 -9.75338 26
      vertex 2.66584 -9.94904 26
    endloop
  endfacet
  facet normal 0.290291 -0.956939 0
    outer loop
      vertex 3.31083 -9.75338 26
      vertex 2.66584 -9.94904 24.25
      vertex 3.31083 -9.75338 24.25
    endloop
  endfacet
  facet normal 0.227086 -0.973875 0
    outer loop
      vertex 2.00943 -10.1021 24.25
      vertex 2.66584 -9.94904 26
      vertex 2.00943 -10.1021 26
    endloop
  endfacet
  facet normal 0.227086 -0.973875 0
    outer loop
      vertex 2.66584 -9.94904 26
      vertex 2.00943 -10.1021 24.25
      vertex 2.66584 -9.94904 24.25
    endloop
  endfacet
  facet normal 0.935906 -0.35225 0
    outer loop
      vertex 9.51596 -3.94164 26
      vertex 9.75338 -3.31083 24.25
      vertex 9.75338 -3.31083 26
    endloop
  endfacet
  facet normal 0.935906 -0.35225 0
    outer loop
      vertex 9.75338 -3.31083 24.25
      vertex 9.51596 -3.94164 26
      vertex 9.51596 -3.94164 24.25
    endloop
  endfacet
  facet normal -0.634393 -0.77301 0
    outer loop
      vertex -6.79126 -7.74395 24.25
      vertex -6.27024 -8.17154 26
      vertex -6.79126 -7.74395 26
    endloop
  endfacet
  facet normal -0.634393 -0.77301 -0
    outer loop
      vertex -6.27024 -8.17154 26
      vertex -6.79126 -7.74395 24.25
      vertex -6.27024 -8.17154 24.25
    endloop
  endfacet
  facet normal -0.412709 -0.910863 0
    outer loop
      vertex -4.55557 -9.23779 24.25
      vertex -3.94164 -9.51596 26
      vertex -4.55557 -9.23779 26
    endloop
  endfacet
  facet normal -0.412709 -0.910863 -0
    outer loop
      vertex -3.94164 -9.51596 26
      vertex -4.55557 -9.23779 24.25
      vertex -3.94164 -9.51596 24.25
    endloop
  endfacet
  facet normal -0.528065 -0.849204 0
    outer loop
      vertex -5.72237 -8.56414 24.25
      vertex -5.15 -8.92006 26
      vertex -5.72237 -8.56414 26
    endloop
  endfacet
  facet normal -0.528065 -0.849204 -0
    outer loop
      vertex -5.15 -8.92006 26
      vertex -5.72237 -8.56414 24.25
      vertex -5.15 -8.92006 24.25
    endloop
  endfacet
  facet normal -0.227086 -0.973875 0
    outer loop
      vertex -2.66584 -9.94904 24.25
      vertex -2.00943 -10.1021 26
      vertex -2.66584 -9.94904 26
    endloop
  endfacet
  facet normal -0.227086 -0.973875 -0
    outer loop
      vertex -2.00943 -10.1021 26
      vertex -2.66584 -9.94904 24.25
      vertex -2.00943 -10.1021 24.25
    endloop
  endfacet
  facet normal -0.849204 -0.528065 0
    outer loop
      vertex -8.56414 -5.72237 24.25
      vertex -8.92006 -5.15 26
      vertex -8.92006 -5.15 24.25
    endloop
  endfacet
  facet normal -0.849204 -0.528065 0
    outer loop
      vertex -8.92006 -5.15 26
      vertex -8.56414 -5.72237 24.25
      vertex -8.56414 -5.72237 26
    endloop
  endfacet
  facet normal -0.471397 -0.881921 0
    outer loop
      vertex -5.15 -8.92006 24.25
      vertex -4.55557 -9.23779 26
      vertex -5.15 -8.92006 26
    endloop
  endfacet
  facet normal -0.471397 -0.881921 -0
    outer loop
      vertex -4.55557 -9.23779 26
      vertex -5.15 -8.92006 24.25
      vertex -4.55557 -9.23779 24.25
    endloop
  endfacet
  facet normal -0.58248 -0.812845 0
    outer loop
      vertex -6.27024 -8.17154 24.25
      vertex -5.72237 -8.56414 26
      vertex -6.27024 -8.17154 26
    endloop
  endfacet
  facet normal -0.58248 -0.812845 -0
    outer loop
      vertex -5.72237 -8.56414 26
      vertex -6.27024 -8.17154 24.25
      vertex -5.72237 -8.56414 24.25
    endloop
  endfacet
  facet normal -0.35225 -0.935906 0
    outer loop
      vertex -3.94164 -9.51596 24.25
      vertex -3.31083 -9.75338 26
      vertex -3.94164 -9.51596 26
    endloop
  endfacet
  facet normal -0.35225 -0.935906 -0
    outer loop
      vertex -3.31083 -9.75338 26
      vertex -3.94164 -9.51596 24.25
      vertex -3.31083 -9.75338 24.25
    endloop
  endfacet
  facet normal -0.998795 -0.0490689 0
    outer loop
      vertex 7.8 0 0
      vertex 7.76244 0.764533 2.5
      vertex 7.76244 0.764533 0
    endloop
  endfacet
  facet normal -0.998795 -0.0490689 0
    outer loop
      vertex 7.76244 0.764533 2.5
      vertex 7.8 0 0
      vertex 7.8 0 2.5
    endloop
  endfacet
  facet normal 0.998795 -0.0490689 0
    outer loop
      vertex -7.8 0 2.5
      vertex -7.76244 0.764533 0
      vertex -7.76244 0.764533 2.5
    endloop
  endfacet
  facet normal 0.998795 -0.0490689 0
    outer loop
      vertex -7.76244 0.764533 0
      vertex -7.8 0 2.5
      vertex -7.8 0 0
    endloop
  endfacet
  facet normal 0.0490689 -0.998795 0
    outer loop
      vertex -0.764533 7.76244 0
      vertex 0 7.8 2.5
      vertex -0.764533 7.76244 2.5
    endloop
  endfacet
  facet normal 0.0490689 -0.998795 0
    outer loop
      vertex 0 7.8 2.5
      vertex -0.764533 7.76244 0
      vertex 0 7.8 0
    endloop
  endfacet
  facet normal -0.0490689 0.998795 0
    outer loop
      vertex 0.764533 -7.76244 0
      vertex 0 -7.8 2.5
      vertex 0.764533 -7.76244 2.5
    endloop
  endfacet
  facet normal -0.0490689 0.998795 0
    outer loop
      vertex 0 -7.8 2.5
      vertex 0.764533 -7.76244 0
      vertex 0 -7.8 0
    endloop
  endfacet
  facet normal -0.671563 -0.740947 0
    outer loop
      vertex 4.94827 6.02948 0
      vertex 5.51543 5.51543 2.5
      vertex 4.94827 6.02948 2.5
    endloop
  endfacet
  facet normal -0.671563 -0.740947 -0
    outer loop
      vertex 5.51543 5.51543 2.5
      vertex 4.94827 6.02948 0
      vertex 5.51543 5.51543 0
    endloop
  endfacet
  facet normal 0.671563 -0.740947 0
    outer loop
      vertex -5.51543 5.51543 0
      vertex -4.94827 6.02948 2.5
      vertex -5.51543 5.51543 2.5
    endloop
  endfacet
  facet normal 0.671563 -0.740947 0
    outer loop
      vertex -4.94827 6.02948 2.5
      vertex -5.51543 5.51543 0
      vertex -4.94827 6.02948 0
    endloop
  endfacet
  facet normal 0.427552 -0.903991 0
    outer loop
      vertex -3.67689 6.87899 0
      vertex -2.98493 7.20626 2.5
      vertex -3.67689 6.87899 2.5
    endloop
  endfacet
  facet normal 0.427552 -0.903991 0
    outer loop
      vertex -2.98493 7.20626 2.5
      vertex -3.67689 6.87899 0
      vertex -2.98493 7.20626 0
    endloop
  endfacet
  facet normal -0.903991 -0.427552 0
    outer loop
      vertex 7.20626 2.98493 0
      vertex 6.87899 3.67689 2.5
      vertex 6.87899 3.67689 0
    endloop
  endfacet
  facet normal -0.903991 -0.427552 0
    outer loop
      vertex 6.87899 3.67689 2.5
      vertex 7.20626 2.98493 0
      vertex 7.20626 2.98493 2.5
    endloop
  endfacet
  facet normal -0.336885 -0.941546 0
    outer loop
      vertex 2.26422 7.46413 0
      vertex 2.98493 7.20626 2.5
      vertex 2.26422 7.46413 2.5
    endloop
  endfacet
  facet normal -0.336885 -0.941546 -0
    outer loop
      vertex 2.98493 7.20626 2.5
      vertex 2.26422 7.46413 0
      vertex 2.98493 7.20626 0
    endloop
  endfacet
  facet normal -0.514106 -0.857727 0
    outer loop
      vertex 3.67689 6.87899 0
      vertex 4.33345 6.48546 2.5
      vertex 3.67689 6.87899 2.5
    endloop
  endfacet
  facet normal -0.514106 -0.857727 -0
    outer loop
      vertex 4.33345 6.48546 2.5
      vertex 3.67689 6.87899 0
      vertex 4.33345 6.48546 0
    endloop
  endfacet
  facet normal 0.903991 -0.427552 0
    outer loop
      vertex -7.20626 2.98493 2.5
      vertex -6.87899 3.67689 0
      vertex -6.87899 3.67689 2.5
    endloop
  endfacet
  facet normal 0.903991 -0.427552 0
    outer loop
      vertex -6.87899 3.67689 0
      vertex -7.20626 2.98493 2.5
      vertex -7.20626 2.98493 0
    endloop
  endfacet
  facet normal 0.242978 -0.970032 0
    outer loop
      vertex -2.26422 7.46413 0
      vertex -1.5217 7.65012 2.5
      vertex -2.26422 7.46413 2.5
    endloop
  endfacet
  facet normal 0.242978 -0.970032 0
    outer loop
      vertex -1.5217 7.65012 2.5
      vertex -2.26422 7.46413 0
      vertex -1.5217 7.65012 0
    endloop
  endfacet
  facet normal -0.970032 0.242978 0
    outer loop
      vertex 7.46413 -2.26422 0
      vertex 7.65012 -1.5217 2.5
      vertex 7.65012 -1.5217 0
    endloop
  endfacet
  facet normal -0.970032 0.242978 0
    outer loop
      vertex 7.65012 -1.5217 2.5
      vertex 7.46413 -2.26422 0
      vertex 7.46413 -2.26422 2.5
    endloop
  endfacet
  facet normal -0.336885 0.941546 0
    outer loop
      vertex 2.98493 -7.20626 0
      vertex 2.26422 -7.46413 2.5
      vertex 2.98493 -7.20626 2.5
    endloop
  endfacet
  facet normal -0.336885 0.941546 0
    outer loop
      vertex 2.26422 -7.46413 2.5
      vertex 2.98493 -7.20626 0
      vertex 2.26422 -7.46413 0
    endloop
  endfacet
  facet normal -0.970032 -0.242978 0
    outer loop
      vertex 7.65012 1.5217 0
      vertex 7.46413 2.26422 2.5
      vertex 7.46413 2.26422 0
    endloop
  endfacet
  facet normal -0.970032 -0.242978 0
    outer loop
      vertex 7.46413 2.26422 2.5
      vertex 7.65012 1.5217 0
      vertex 7.65012 1.5217 2.5
    endloop
  endfacet
  facet normal -0.989176 -0.146737 0
    outer loop
      vertex 7.76244 0.764533 0
      vertex 7.65012 1.5217 2.5
      vertex 7.65012 1.5217 0
    endloop
  endfacet
  facet normal -0.989176 -0.146737 0
    outer loop
      vertex 7.65012 1.5217 2.5
      vertex 7.76244 0.764533 0
      vertex 7.76244 0.764533 2.5
    endloop
  endfacet
  facet normal -0.941546 -0.336885 0
    outer loop
      vertex 7.46413 2.26422 0
      vertex 7.20626 2.98493 2.5
      vertex 7.20626 2.98493 0
    endloop
  endfacet
  facet normal -0.941546 -0.336885 0
    outer loop
      vertex 7.20626 2.98493 2.5
      vertex 7.46413 2.26422 0
      vertex 7.46413 2.26422 2.5
    endloop
  endfacet
  facet normal -0.803209 -0.595698 0
    outer loop
      vertex 6.48546 4.33345 0
      vertex 6.02948 4.94827 2.5
      vertex 6.02948 4.94827 0
    endloop
  endfacet
  facet normal -0.803209 -0.595698 0
    outer loop
      vertex 6.02948 4.94827 2.5
      vertex 6.48546 4.33345 0
      vertex 6.48546 4.33345 2.5
    endloop
  endfacet
  facet normal -0.740947 -0.671563 0
    outer loop
      vertex 6.02948 4.94827 0
      vertex 5.51543 5.51543 2.5
      vertex 5.51543 5.51543 0
    endloop
  endfacet
  facet normal -0.740947 -0.671563 0
    outer loop
      vertex 5.51543 5.51543 2.5
      vertex 6.02948 4.94827 0
      vertex 6.02948 4.94827 2.5
    endloop
  endfacet
  facet normal -0.857727 -0.514106 0
    outer loop
      vertex 6.87899 3.67689 0
      vertex 6.48546 4.33345 2.5
      vertex 6.48546 4.33345 0
    endloop
  endfacet
  facet normal -0.857727 -0.514106 0
    outer loop
      vertex 6.48546 4.33345 2.5
      vertex 6.87899 3.67689 0
      vertex 6.87899 3.67689 2.5
    endloop
  endfacet
  facet normal -0.146737 -0.989176 0
    outer loop
      vertex 0.764533 7.76244 0
      vertex 1.5217 7.65012 2.5
      vertex 0.764533 7.76244 2.5
    endloop
  endfacet
  facet normal -0.146737 -0.989176 -0
    outer loop
      vertex 1.5217 7.65012 2.5
      vertex 0.764533 7.76244 0
      vertex 1.5217 7.65012 0
    endloop
  endfacet
  facet normal -0.242978 -0.970032 0
    outer loop
      vertex 1.5217 7.65012 0
      vertex 2.26422 7.46413 2.5
      vertex 1.5217 7.65012 2.5
    endloop
  endfacet
  facet normal -0.242978 -0.970032 -0
    outer loop
      vertex 2.26422 7.46413 2.5
      vertex 1.5217 7.65012 0
      vertex 2.26422 7.46413 0
    endloop
  endfacet
  facet normal -0.0490689 -0.998795 0
    outer loop
      vertex 0 7.8 0
      vertex 0.764533 7.76244 2.5
      vertex 0 7.8 2.5
    endloop
  endfacet
  facet normal -0.0490689 -0.998795 -0
    outer loop
      vertex 0.764533 7.76244 2.5
      vertex 0 7.8 0
      vertex 0.764533 7.76244 0
    endloop
  endfacet
  facet normal -0.427552 -0.903991 0
    outer loop
      vertex 2.98493 7.20626 0
      vertex 3.67689 6.87899 2.5
      vertex 2.98493 7.20626 2.5
    endloop
  endfacet
  facet normal -0.427552 -0.903991 -0
    outer loop
      vertex 3.67689 6.87899 2.5
      vertex 2.98493 7.20626 0
      vertex 3.67689 6.87899 0
    endloop
  endfacet
  facet normal -0.595698 -0.803209 0
    outer loop
      vertex 4.33345 6.48546 0
      vertex 4.94827 6.02948 2.5
      vertex 4.33345 6.48546 2.5
    endloop
  endfacet
  facet normal -0.595698 -0.803209 -0
    outer loop
      vertex 4.94827 6.02948 2.5
      vertex 4.33345 6.48546 0
      vertex 4.94827 6.02948 0
    endloop
  endfacet
  facet normal 0.970032 -0.242978 0
    outer loop
      vertex -7.65012 1.5217 2.5
      vertex -7.46413 2.26422 0
      vertex -7.46413 2.26422 2.5
    endloop
  endfacet
  facet normal 0.970032 -0.242978 0
    outer loop
      vertex -7.46413 2.26422 0
      vertex -7.65012 1.5217 2.5
      vertex -7.65012 1.5217 0
    endloop
  endfacet
  facet normal 0.803209 -0.595698 0
    outer loop
      vertex -6.48546 4.33345 2.5
      vertex -6.02948 4.94827 0
      vertex -6.02948 4.94827 2.5
    endloop
  endfacet
  facet normal 0.803209 -0.595698 0
    outer loop
      vertex -6.02948 4.94827 0
      vertex -6.48546 4.33345 2.5
      vertex -6.48546 4.33345 0
    endloop
  endfacet
  facet normal 0.740947 -0.671563 0
    outer loop
      vertex -6.02948 4.94827 2.5
      vertex -5.51543 5.51543 0
      vertex -5.51543 5.51543 2.5
    endloop
  endfacet
  facet normal 0.740947 -0.671563 0
    outer loop
      vertex -5.51543 5.51543 0
      vertex -6.02948 4.94827 2.5
      vertex -6.02948 4.94827 0
    endloop
  endfacet
  facet normal 0.857727 -0.514106 0
    outer loop
      vertex -6.87899 3.67689 2.5
      vertex -6.48546 4.33345 0
      vertex -6.48546 4.33345 2.5
    endloop
  endfacet
  facet normal 0.857727 -0.514106 0
    outer loop
      vertex -6.48546 4.33345 0
      vertex -6.87899 3.67689 2.5
      vertex -6.87899 3.67689 0
    endloop
  endfacet
  facet normal 0.941546 -0.336885 0
    outer loop
      vertex -7.46413 2.26422 2.5
      vertex -7.20626 2.98493 0
      vertex -7.20626 2.98493 2.5
    endloop
  endfacet
  facet normal 0.941546 -0.336885 0
    outer loop
      vertex -7.20626 2.98493 0
      vertex -7.46413 2.26422 2.5
      vertex -7.46413 2.26422 0
    endloop
  endfacet
  facet normal 0.989176 -0.146737 0
    outer loop
      vertex -7.76244 0.764533 2.5
      vertex -7.65012 1.5217 0
      vertex -7.65012 1.5217 2.5
    endloop
  endfacet
  facet normal 0.989176 -0.146737 0
    outer loop
      vertex -7.65012 1.5217 0
      vertex -7.76244 0.764533 2.5
      vertex -7.76244 0.764533 0
    endloop
  endfacet
  facet normal 0 0 -1
    outer loop
      vertex 7.76244 -0.764533 2.5
      vertex 7.76244 0.764533 2.5
      vertex 7.8 0 2.5
    endloop
  endfacet
  facet normal 0 0 -1
    outer loop
      vertex 7.65012 -1.5217 2.5
      vertex 7.76244 0.764533 2.5
      vertex 7.76244 -0.764533 2.5
    endloop
  endfacet
  facet normal 0 0 -1
    outer loop
      vertex 7.65012 -1.5217 2.5
      vertex 7.65012 1.5217 2.5
      vertex 7.76244 0.764533 2.5
    endloop
  endfacet
  facet normal 0 0 -1
    outer loop
      vertex 7.46413 -2.26422 2.5
      vertex 7.65012 1.5217 2.5
      vertex 7.65012 -1.5217 2.5
    endloop
  endfacet
  facet normal 0 0 -1
    outer loop
      vertex 7.46413 -2.26422 2.5
      vertex 7.46413 2.26422 2.5
      vertex 7.65012 1.5217 2.5
    endloop
  endfacet
  facet normal 0 0 -1
    outer loop
      vertex 7.20626 -2.98493 2.5
      vertex 7.46413 2.26422 2.5
      vertex 7.46413 -2.26422 2.5
    endloop
  endfacet
  facet normal 0 0 -1
    outer loop
      vertex 7.20626 -2.98493 2.5
      vertex 7.20626 2.98493 2.5
      vertex 7.46413 2.26422 2.5
    endloop
  endfacet
  facet normal 0 0 -1
    outer loop
      vertex 6.87899 -3.67689 2.5
      vertex 7.20626 2.98493 2.5
      vertex 7.20626 -2.98493 2.5
    endloop
  endfacet
  facet normal 0 0 -1
    outer loop
      vertex 6.87899 -3.67689 2.5
      vertex 6.87899 3.67689 2.5
      vertex 7.20626 2.98493 2.5
    endloop
  endfacet
  facet normal 0 0 -1
    outer loop
      vertex 6.48546 -4.33345 2.5
      vertex 6.87899 3.67689 2.5
      vertex 6.87899 -3.67689 2.5
    endloop
  endfacet
  facet normal 0 0 -1
    outer loop
      vertex 6.48546 -4.33345 2.5
      vertex 6.48546 4.33345 2.5
      vertex 6.87899 3.67689 2.5
    endloop
  endfacet
  facet normal 0 0 -1
    outer loop
      vertex 6.02948 -4.94827 2.5
      vertex 6.48546 4.33345 2.5
      vertex 6.48546 -4.33345 2.5
    endloop
  endfacet
  facet normal 0 0 -1
    outer loop
      vertex 6.02948 -4.94827 2.5
      vertex 6.02948 4.94827 2.5
      vertex 6.48546 4.33345 2.5
    endloop
  endfacet
  facet normal 0 0 -1
    outer loop
      vertex 5.51543 -5.51543 2.5
      vertex 6.02948 4.94827 2.5
      vertex 6.02948 -4.94827 2.5
    endloop
  endfacet
  facet normal 0 0 -1
    outer loop
      vertex 5.51543 -5.51543 2.5
      vertex 5.51543 5.51543 2.5
      vertex 6.02948 4.94827 2.5
    endloop
  endfacet
  facet normal 0 0 -1
    outer loop
      vertex 4.94827 -6.02948 2.5
      vertex 5.51543 5.51543 2.5
      vertex 5.51543 -5.51543 2.5
    endloop
  endfacet
  facet normal 0 0 -1
    outer loop
      vertex 4.94827 -6.02948 2.5
      vertex 4.94827 6.02948 2.5
      vertex 5.51543 5.51543 2.5
    endloop
  endfacet
  facet normal 0 0 -1
    outer loop
      vertex 4.33345 -6.48546 2.5
      vertex 4.94827 6.02948 2.5
      vertex 4.94827 -6.02948 2.5
    endloop
  endfacet
  facet normal 0 0 -1
    outer loop
      vertex 4.33345 -6.48546 2.5
      vertex 4.33345 6.48546 2.5
      vertex 4.94827 6.02948 2.5
    endloop
  endfacet
  facet normal 0 0 -1
    outer loop
      vertex 3.67689 -6.87899 2.5
      vertex 4.33345 6.48546 2.5
      vertex 4.33345 -6.48546 2.5
    endloop
  endfacet
  facet normal 0 0 -1
    outer loop
      vertex 3.67689 -6.87899 2.5
      vertex 3.67689 6.87899 2.5
      vertex 4.33345 6.48546 2.5
    endloop
  endfacet
  facet normal 0 0 -1
    outer loop
      vertex 2.98493 -7.20626 2.5
      vertex 3.67689 6.87899 2.5
      vertex 3.67689 -6.87899 2.5
    endloop
  endfacet
  facet normal 0 0 -1
    outer loop
      vertex 2.98493 -7.20626 2.5
      vertex 2.98493 7.20626 2.5
      vertex 3.67689 6.87899 2.5
    endloop
  endfacet
  facet normal 0 0 -1
    outer loop
      vertex 2.26422 -7.46413 2.5
      vertex 2.98493 7.20626 2.5
      vertex 2.98493 -7.20626 2.5
    endloop
  endfacet
  facet normal 0 0 -1
    outer loop
      vertex 2.26422 -7.46413 2.5
      vertex 2.26422 7.46413 2.5
      vertex 2.98493 7.20626 2.5
    endloop
  endfacet
  facet normal 0 0 -1
    outer loop
      vertex 1.5217 -7.65012 2.5
      vertex 2.26422 7.46413 2.5
      vertex 2.26422 -7.46413 2.5
    endloop
  endfacet
  facet normal 0 0 -1
    outer loop
      vertex 1.5217 -7.65012 2.5
      vertex 1.5217 7.65012 2.5
      vertex 2.26422 7.46413 2.5
    endloop
  endfacet
  facet normal 0 0 -1
    outer loop
      vertex 0.764533 -7.76244 2.5
      vertex 1.5217 7.65012 2.5
      vertex 1.5217 -7.65012 2.5
    endloop
  endfacet
  facet normal 0 0 -1
    outer loop
      vertex 0.764533 -7.76244 2.5
      vertex 0.764533 7.76244 2.5
      vertex 1.5217 7.65012 2.5
    endloop
  endfacet
  facet normal 0 0 -1
    outer loop
      vertex 0 -7.8 2.5
      vertex 0.764533 7.76244 2.5
      vertex 0.764533 -7.76244 2.5
    endloop
  endfacet
  facet normal 0 0 -1
    outer loop
      vertex 0 -7.8 2.5
      vertex 0 7.8 2.5
      vertex 0.764533 7.76244 2.5
    endloop
  endfacet
  facet normal 0 0 -1
    outer loop
      vertex -0.764533 -7.76244 2.5
      vertex 0 7.8 2.5
      vertex 0 -7.8 2.5
    endloop
  endfacet
  facet normal 0 0 -1
    outer loop
      vertex -0.764533 -7.76244 2.5
      vertex -0.764533 7.76244 2.5
      vertex 0 7.8 2.5
    endloop
  endfacet
  facet normal 0 0 -1
    outer loop
      vertex -1.5217 -7.65012 2.5
      vertex -0.764533 7.76244 2.5
      vertex -0.764533 -7.76244 2.5
    endloop
  endfacet
  facet normal 0 0 -1
    outer loop
      vertex -1.5217 -7.65012 2.5
      vertex -1.5217 7.65012 2.5
      vertex -0.764533 7.76244 2.5
    endloop
  endfacet
  facet normal 0 0 -1
    outer loop
      vertex -2.26422 -7.46413 2.5
      vertex -1.5217 7.65012 2.5
      vertex -1.5217 -7.65012 2.5
    endloop
  endfacet
  facet normal 0 0 -1
    outer loop
      vertex -2.26422 -7.46413 2.5
      vertex -2.26422 7.46413 2.5
      vertex -1.5217 7.65012 2.5
    endloop
  endfacet
  facet normal 0 0 -1
    outer loop
      vertex -2.98493 -7.20626 2.5
      vertex -2.26422 7.46413 2.5
      vertex -2.26422 -7.46413 2.5
    endloop
  endfacet
  facet normal 0 0 -1
    outer loop
      vertex -2.98493 -7.20626 2.5
      vertex -2.98493 7.20626 2.5
      vertex -2.26422 7.46413 2.5
    endloop
  endfacet
  facet normal 0 0 -1
    outer loop
      vertex -3.67689 -6.87899 2.5
      vertex -2.98493 7.20626 2.5
      vertex -2.98493 -7.20626 2.5
    endloop
  endfacet
  facet normal 0 0 -1
    outer loop
      vertex -3.67689 -6.87899 2.5
      vertex -3.67689 6.87899 2.5
      vertex -2.98493 7.20626 2.5
    endloop
  endfacet
  facet normal 0 0 -1
    outer loop
      vertex -4.33345 -6.48546 2.5
      vertex -3.67689 6.87899 2.5
      vertex -3.67689 -6.87899 2.5
    endloop
  endfacet
  facet normal 0 0 -1
    outer loop
      vertex -4.33345 -6.48546 2.5
      vertex -4.33345 6.48546 2.5
      vertex -3.67689 6.87899 2.5
    endloop
  endfacet
  facet normal 0 0 -1
    outer loop
      vertex -4.94827 -6.02948 2.5
      vertex -4.33345 6.48546 2.5
      vertex -4.33345 -6.48546 2.5
    endloop
  endfacet
  facet normal 0 0 -1
    outer loop
      vertex -4.94827 -6.02948 2.5
      vertex -4.94827 6.02948 2.5
      vertex -4.33345 6.48546 2.5
    endloop
  endfacet
  facet normal 0 0 -1
    outer loop
      vertex -5.51543 -5.51543 2.5
      vertex -4.94827 6.02948 2.5
      vertex -4.94827 -6.02948 2.5
    endloop
  endfacet
  facet normal 0 0 -1
    outer loop
      vertex -5.51543 -5.51543 2.5
      vertex -5.51543 5.51543 2.5
      vertex -4.94827 6.02948 2.5
    endloop
  endfacet
  facet normal 0 0 -1
    outer loop
      vertex -6.02948 -4.94827 2.5
      vertex -5.51543 5.51543 2.5
      vertex -5.51543 -5.51543 2.5
    endloop
  endfacet
  facet normal 0 0 -1
    outer loop
      vertex -6.02948 -4.94827 2.5
      vertex -6.02948 4.94827 2.5
      vertex -5.51543 5.51543 2.5
    endloop
  endfacet
  facet normal 0 0 -1
    outer loop
      vertex -6.48546 -4.33345 2.5
      vertex -6.02948 4.94827 2.5
      vertex -6.02948 -4.94827 2.5
    endloop
  endfacet
  facet normal 0 0 -1
    outer loop
      vertex -6.48546 -4.33345 2.5
      vertex -6.48546 4.33345 2.5
      vertex -6.02948 4.94827 2.5
    endloop
  endfacet
  facet normal 0 0 -1
    outer loop
      vertex -6.87899 -3.67689 2.5
      vertex -6.48546 4.33345 2.5
      vertex -6.48546 -4.33345 2.5
    endloop
  endfacet
  facet normal 0 0 -1
    outer loop
      vertex -6.87899 -3.67689 2.5
      vertex -6.87899 3.67689 2.5
      vertex -6.48546 4.33345 2.5
    endloop
  endfacet
  facet normal 0 0 -1
    outer loop
      vertex -7.20626 -2.98493 2.5
      vertex -6.87899 3.67689 2.5
      vertex -6.87899 -3.67689 2.5
    endloop
  endfacet
  facet normal 0 0 -1
    outer loop
      vertex -7.20626 -2.98493 2.5
      vertex -7.20626 2.98493 2.5
      vertex -6.87899 3.67689 2.5
    endloop
  endfacet
  facet normal 0 0 -1
    outer loop
      vertex -7.46413 -2.26422 2.5
      vertex -7.20626 2.98493 2.5
      vertex -7.20626 -2.98493 2.5
    endloop
  endfacet
  facet normal 0 0 -1
    outer loop
      vertex -7.46413 -2.26422 2.5
      vertex -7.46413 2.26422 2.5
      vertex -7.20626 2.98493 2.5
    endloop
  endfacet
  facet normal 0 0 -1
    outer loop
      vertex -7.65012 -1.5217 2.5
      vertex -7.46413 2.26422 2.5
      vertex -7.46413 -2.26422 2.5
    endloop
  endfacet
  facet normal 0 0 -1
    outer loop
      vertex -7.65012 -1.5217 2.5
      vertex -7.65012 1.5217 2.5
      vertex -7.46413 2.26422 2.5
    endloop
  endfacet
  facet normal 0 0 -1
    outer loop
      vertex -7.76244 -0.764533 2.5
      vertex -7.65012 1.5217 2.5
      vertex -7.65012 -1.5217 2.5
    endloop
  endfacet
  facet normal 0 0 -1
    outer loop
      vertex -7.76244 -0.764533 2.5
      vertex -7.76244 0.764533 2.5
      vertex -7.65012 1.5217 2.5
    endloop
  endfacet
  facet normal 0 -0 -1
    outer loop
      vertex -7.76244 0.764533 2.5
      vertex -7.76244 -0.764533 2.5
      vertex -7.8 0 2.5
    endloop
  endfacet
  facet normal 0.514106 -0.857727 0
    outer loop
      vertex -4.33345 6.48546 0
      vertex -3.67689 6.87899 2.5
      vertex -4.33345 6.48546 2.5
    endloop
  endfacet
  facet normal 0.514106 -0.857727 0
    outer loop
      vertex -3.67689 6.87899 2.5
      vertex -4.33345 6.48546 0
      vertex -3.67689 6.87899 0
    endloop
  endfacet
  facet normal 0.595698 -0.803209 0
    outer loop
      vertex -4.94827 6.02948 0
      vertex -4.33345 6.48546 2.5
      vertex -4.94827 6.02948 2.5
    endloop
  endfacet
  facet normal 0.595698 -0.803209 0
    outer loop
      vertex -4.33345 6.48546 2.5
      vertex -4.94827 6.02948 0
      vertex -4.33345 6.48546 0
    endloop
  endfacet
  facet normal 0.336885 -0.941546 0
    outer loop
      vertex -2.98493 7.20626 0
      vertex -2.26422 7.46413 2.5
      vertex -2.98493 7.20626 2.5
    endloop
  endfacet
  facet normal 0.336885 -0.941546 0
    outer loop
      vertex -2.26422 7.46413 2.5
      vertex -2.98493 7.20626 0
      vertex -2.26422 7.46413 0
    endloop
  endfacet
  facet normal 0.146737 -0.989176 0
    outer loop
      vertex -1.5217 7.65012 0
      vertex -0.764533 7.76244 2.5
      vertex -1.5217 7.65012 2.5
    endloop
  endfacet
  facet normal 0.146737 -0.989176 0
    outer loop
      vertex -0.764533 7.76244 2.5
      vertex -1.5217 7.65012 0
      vertex -0.764533 7.76244 0
    endloop
  endfacet
  facet normal -0.998795 0.0490689 0
    outer loop
      vertex 7.76244 -0.764533 0
      vertex 7.8 0 2.5
      vertex 7.8 0 0
    endloop
  endfacet
  facet normal -0.998795 0.0490689 0
    outer loop
      vertex 7.8 0 2.5
      vertex 7.76244 -0.764533 0
      vertex 7.76244 -0.764533 2.5
    endloop
  endfacet
  facet normal -0.740947 0.671563 0
    outer loop
      vertex 5.51543 -5.51543 0
      vertex 6.02948 -4.94827 2.5
      vertex 6.02948 -4.94827 0
    endloop
  endfacet
  facet normal -0.740947 0.671563 0
    outer loop
      vertex 6.02948 -4.94827 2.5
      vertex 5.51543 -5.51543 0
      vertex 5.51543 -5.51543 2.5
    endloop
  endfacet
  facet normal 0.903991 0.427552 0
    outer loop
      vertex -6.87899 -3.67689 2.5
      vertex -7.20626 -2.98493 0
      vertex -7.20626 -2.98493 2.5
    endloop
  endfacet
  facet normal 0.903991 0.427552 0
    outer loop
      vertex -7.20626 -2.98493 0
      vertex -6.87899 -3.67689 2.5
      vertex -6.87899 -3.67689 0
    endloop
  endfacet
  facet normal 0.803209 0.595698 0
    outer loop
      vertex -6.02948 -4.94827 2.5
      vertex -6.48546 -4.33345 0
      vertex -6.48546 -4.33345 2.5
    endloop
  endfacet
  facet normal 0.803209 0.595698 0
    outer loop
      vertex -6.48546 -4.33345 0
      vertex -6.02948 -4.94827 2.5
      vertex -6.02948 -4.94827 0
    endloop
  endfacet
  facet normal -0.989176 0.146737 0
    outer loop
      vertex 7.65012 -1.5217 0
      vertex 7.76244 -0.764533 2.5
      vertex 7.76244 -0.764533 0
    endloop
  endfacet
  facet normal -0.989176 0.146737 0
    outer loop
      vertex 7.76244 -0.764533 2.5
      vertex 7.65012 -1.5217 0
      vertex 7.65012 -1.5217 2.5
    endloop
  endfacet
  facet normal -0.671563 0.740947 0
    outer loop
      vertex 5.51543 -5.51543 0
      vertex 4.94827 -6.02948 2.5
      vertex 5.51543 -5.51543 2.5
    endloop
  endfacet
  facet normal -0.671563 0.740947 0
    outer loop
      vertex 4.94827 -6.02948 2.5
      vertex 5.51543 -5.51543 0
      vertex 4.94827 -6.02948 0
    endloop
  endfacet
  facet normal -0.903991 0.427552 0
    outer loop
      vertex 6.87899 -3.67689 0
      vertex 7.20626 -2.98493 2.5
      vertex 7.20626 -2.98493 0
    endloop
  endfacet
  facet normal -0.903991 0.427552 0
    outer loop
      vertex 7.20626 -2.98493 2.5
      vertex 6.87899 -3.67689 0
      vertex 6.87899 -3.67689 2.5
    endloop
  endfacet
  facet normal -0.803209 0.595698 0
    outer loop
      vertex 6.02948 -4.94827 0
      vertex 6.48546 -4.33345 2.5
      vertex 6.48546 -4.33345 0
    endloop
  endfacet
  facet normal -0.803209 0.595698 0
    outer loop
      vertex 6.48546 -4.33345 2.5
      vertex 6.02948 -4.94827 0
      vertex 6.02948 -4.94827 2.5
    endloop
  endfacet
  facet normal 0.242978 0.970032 -0
    outer loop
      vertex -1.5217 -7.65012 0
      vertex -2.26422 -7.46413 2.5
      vertex -1.5217 -7.65012 2.5
    endloop
  endfacet
  facet normal 0.242978 0.970032 0
    outer loop
      vertex -2.26422 -7.46413 2.5
      vertex -1.5217 -7.65012 0
      vertex -2.26422 -7.46413 0
    endloop
  endfacet
  facet normal 0.740947 0.671563 0
    outer loop
      vertex -5.51543 -5.51543 2.5
      vertex -6.02948 -4.94827 0
      vertex -6.02948 -4.94827 2.5
    endloop
  endfacet
  facet normal 0.740947 0.671563 0
    outer loop
      vertex -6.02948 -4.94827 0
      vertex -5.51543 -5.51543 2.5
      vertex -5.51543 -5.51543 0
    endloop
  endfacet
  facet normal 0.970032 0.242978 0
    outer loop
      vertex -7.46413 -2.26422 2.5
      vertex -7.65012 -1.5217 0
      vertex -7.65012 -1.5217 2.5
    endloop
  endfacet
  facet normal 0.970032 0.242978 0
    outer loop
      vertex -7.65012 -1.5217 0
      vertex -7.46413 -2.26422 2.5
      vertex -7.46413 -2.26422 0
    endloop
  endfacet
  facet normal 0.941546 0.336885 0
    outer loop
      vertex -7.20626 -2.98493 2.5
      vertex -7.46413 -2.26422 0
      vertex -7.46413 -2.26422 2.5
    endloop
  endfacet
  facet normal 0.941546 0.336885 0
    outer loop
      vertex -7.46413 -2.26422 0
      vertex -7.20626 -2.98493 2.5
      vertex -7.20626 -2.98493 0
    endloop
  endfacet
  facet normal -0.146737 0.989176 0
    outer loop
      vertex 1.5217 -7.65012 0
      vertex 0.764533 -7.76244 2.5
      vertex 1.5217 -7.65012 2.5
    endloop
  endfacet
  facet normal -0.146737 0.989176 0
    outer loop
      vertex 0.764533 -7.76244 2.5
      vertex 1.5217 -7.65012 0
      vertex 0.764533 -7.76244 0
    endloop
  endfacet
  facet normal -0.427552 0.903991 0
    outer loop
      vertex 3.67689 -6.87899 0
      vertex 2.98493 -7.20626 2.5
      vertex 3.67689 -6.87899 2.5
    endloop
  endfacet
  facet normal -0.427552 0.903991 0
    outer loop
      vertex 2.98493 -7.20626 2.5
      vertex 3.67689 -6.87899 0
      vertex 2.98493 -7.20626 0
    endloop
  endfacet
  facet normal -0.941546 0.336885 0
    outer loop
      vertex 7.20626 -2.98493 0
      vertex 7.46413 -2.26422 2.5
      vertex 7.46413 -2.26422 0
    endloop
  endfacet
  facet normal -0.941546 0.336885 0
    outer loop
      vertex 7.46413 -2.26422 2.5
      vertex 7.20626 -2.98493 0
      vertex 7.20626 -2.98493 2.5
    endloop
  endfacet
  facet normal -0.857727 0.514106 0
    outer loop
      vertex 6.48546 -4.33345 0
      vertex 6.87899 -3.67689 2.5
      vertex 6.87899 -3.67689 0
    endloop
  endfacet
  facet normal -0.857727 0.514106 0
    outer loop
      vertex 6.87899 -3.67689 2.5
      vertex 6.48546 -4.33345 0
      vertex 6.48546 -4.33345 2.5
    endloop
  endfacet
  facet normal 0.336885 0.941546 -0
    outer loop
      vertex -2.26422 -7.46413 0
      vertex -2.98493 -7.20626 2.5
      vertex -2.26422 -7.46413 2.5
    endloop
  endfacet
  facet normal 0.336885 0.941546 0
    outer loop
      vertex -2.98493 -7.20626 2.5
      vertex -2.26422 -7.46413 0
      vertex -2.98493 -7.20626 0
    endloop
  endfacet
  facet normal 0.857727 0.514106 0
    outer loop
      vertex -6.48546 -4.33345 2.5
      vertex -6.87899 -3.67689 0
      vertex -6.87899 -3.67689 2.5
    endloop
  endfacet
  facet normal 0.857727 0.514106 0
    outer loop
      vertex -6.87899 -3.67689 0
      vertex -6.48546 -4.33345 2.5
      vertex -6.48546 -4.33345 0
    endloop
  endfacet
  facet normal 0.989176 0.146737 0
    outer loop
      vertex -7.65012 -1.5217 2.5
      vertex -7.76244 -0.764533 0
      vertex -7.76244 -0.764533 2.5
    endloop
  endfacet
  facet normal 0.989176 0.146737 0
    outer loop
      vertex -7.76244 -0.764533 0
      vertex -7.65012 -1.5217 2.5
      vertex -7.65012 -1.5217 0
    endloop
  endfacet
  facet normal 0.998795 0.0490689 0
    outer loop
      vertex -7.76244 -0.764533 2.5
      vertex -7.8 0 0
      vertex -7.8 0 2.5
    endloop
  endfacet
  facet normal 0.998795 0.0490689 0
    outer loop
      vertex -7.8 0 0
      vertex -7.76244 -0.764533 2.5
      vertex -7.76244 -0.764533 0
    endloop
  endfacet
  facet normal -0.242978 0.970032 0
    outer loop
      vertex 2.26422 -7.46413 0
      vertex 1.5217 -7.65012 2.5
      vertex 2.26422 -7.46413 2.5
    endloop
  endfacet
  facet normal -0.242978 0.970032 0
    outer loop
      vertex 1.5217 -7.65012 2.5
      vertex 2.26422 -7.46413 0
      vertex 1.5217 -7.65012 0
    endloop
  endfacet
  facet normal -0.595698 0.803209 0
    outer loop
      vertex 4.94827 -6.02948 0
      vertex 4.33345 -6.48546 2.5
      vertex 4.94827 -6.02948 2.5
    endloop
  endfacet
  facet normal -0.595698 0.803209 0
    outer loop
      vertex 4.33345 -6.48546 2.5
      vertex 4.94827 -6.02948 0
      vertex 4.33345 -6.48546 0
    endloop
  endfacet
  facet normal -0.514106 0.857727 0
    outer loop
      vertex 4.33345 -6.48546 0
      vertex 3.67689 -6.87899 2.5
      vertex 4.33345 -6.48546 2.5
    endloop
  endfacet
  facet normal -0.514106 0.857727 0
    outer loop
      vertex 3.67689 -6.87899 2.5
      vertex 4.33345 -6.48546 0
      vertex 3.67689 -6.87899 0
    endloop
  endfacet
  facet normal 0.514106 0.857727 -0
    outer loop
      vertex -3.67689 -6.87899 0
      vertex -4.33345 -6.48546 2.5
      vertex -3.67689 -6.87899 2.5
    endloop
  endfacet
  facet normal 0.514106 0.857727 0
    outer loop
      vertex -4.33345 -6.48546 2.5
      vertex -3.67689 -6.87899 0
      vertex -4.33345 -6.48546 0
    endloop
  endfacet
  facet normal 0.146737 0.989176 -0
    outer loop
      vertex -0.764533 -7.76244 0
      vertex -1.5217 -7.65012 2.5
      vertex -0.764533 -7.76244 2.5
    endloop
  endfacet
  facet normal 0.146737 0.989176 0
    outer loop
      vertex -1.5217 -7.65012 2.5
      vertex -0.764533 -7.76244 0
      vertex -1.5217 -7.65012 0
    endloop
  endfacet
  facet normal 0.0490689 0.998795 -0
    outer loop
      vertex 0 -7.8 0
      vertex -0.764533 -7.76244 2.5
      vertex 0 -7.8 2.5
    endloop
  endfacet
  facet normal 0.0490689 0.998795 0
    outer loop
      vertex -0.764533 -7.76244 2.5
      vertex 0 -7.8 0
      vertex -0.764533 -7.76244 0
    endloop
  endfacet
  facet normal 0.427552 0.903991 -0
    outer loop
      vertex -2.98493 -7.20626 0
      vertex -3.67689 -6.87899 2.5
      vertex -2.98493 -7.20626 2.5
    endloop
  endfacet
  facet normal 0.427552 0.903991 0
    outer loop
      vertex -3.67689 -6.87899 2.5
      vertex -2.98493 -7.20626 0
      vertex -3.67689 -6.87899 0
    endloop
  endfacet
  facet normal 0.595698 0.803209 -0
    outer loop
      vertex -4.33345 -6.48546 0
      vertex -4.94827 -6.02948 2.5
      vertex -4.33345 -6.48546 2.5
    endloop
  endfacet
  facet normal 0.595698 0.803209 0
    outer loop
      vertex -4.94827 -6.02948 2.5
      vertex -4.33345 -6.48546 0
      vertex -4.94827 -6.02948 0
    endloop
  endfacet
  facet normal 0.671563 0.740947 -0
    outer loop
      vertex -4.94827 -6.02948 0
      vertex -5.51543 -5.51543 2.5
      vertex -4.94827 -6.02948 2.5
    endloop
  endfacet
  facet normal 0.671563 0.740947 0
    outer loop
      vertex -5.51543 -5.51543 2.5
      vertex -4.94827 -6.02948 0
      vertex -5.51543 -5.51543 0
    endloop
  endfacet
  facet normal 0 0 -1
    outer loop
      vertex 11.6328 -1.66959 0.69
      vertex 12.8412 -1.50687 0.69
      vertex 12.8111 -1.8154 0.69
    endloop
  endfacet
  facet normal 0 0 -1
    outer loop
      vertex 11.6328 -1.66959 0.69
      vertex 12.8111 -1.8154 0.69
      vertex 12.7209 -2.09004 0.69
    endloop
  endfacet
  facet normal -0 0 -1
    outer loop
      vertex 12.8412 -1.50687 0.69
      vertex 11.6328 -1.66959 0.69
      vertex 11.6054 -1.43677 0.69
    endloop
  endfacet
  facet normal 0 0 -1
    outer loop
      vertex 11.6072 -1.88591 0.69
      vertex 12.7209 -2.09004 0.69
      vertex 12.5706 -2.33078 0.69
    endloop
  endfacet
  facet normal 0 0 -1
    outer loop
      vertex 11.6072 -1.88591 0.69
      vertex 12.5706 -2.33078 0.69
      vertex 12.3588 -2.53036 0.69
    endloop
  endfacet
  facet normal 0 0 -1
    outer loop
      vertex 12.8412 -1.50687 0.69
      vertex 11.6054 -1.43677 0.69
      vertex 12.7813 -1.07083 0.69
    endloop
  endfacet
  facet normal 0 0 -1
    outer loop
      vertex 11.5306 -2.06291 0.69
      vertex 12.3588 -2.53036 0.69
      vertex 12.0842 -2.68158 0.69
    endloop
  endfacet
  facet normal -0 0 -1
    outer loop
      vertex 12.7813 -1.07083 0.69
      vertex 11.6054 -1.43677 0.69
      vertex 12.6016 -0.712112 0.69
    endloop
  endfacet
  facet normal 0 0 -1
    outer loop
      vertex 11.5306 -2.06291 0.69
      vertex 12.0842 -2.68158 0.69
      vertex 11.7467 -2.78444 0.69
    endloop
  endfacet
  facet normal 0 0 -1
    outer loop
      vertex 11.5234 -1.25369 0.69
      vertex 12.6016 -0.712112 0.69
      vertex 11.6054 -1.43677 0.69
    endloop
  endfacet
  facet normal -0 0 -1
    outer loop
      vertex 12.6016 -0.712112 0.69
      vertex 11.5234 -1.25369 0.69
      vertex 12.3021 -0.43071 0.69
    endloop
  endfacet
  facet normal -0 0 -1
    outer loop
      vertex 12.3021 -0.43071 0.69
      vertex 11.5234 -1.25369 0.69
      vertex 11.8859 -0.228363 0.69
    endloop
  endfacet
  facet normal 0 0 -1
    outer loop
      vertex 11.3866 -1.12035 0.69
      vertex 11.8859 -0.228363 0.69
      vertex 11.5234 -1.25369 0.69
    endloop
  endfacet
  facet normal 0 0 -1
    outer loop
      vertex 11.3866 -1.12035 0.69
      vertex 11.3563 -0.106964 0.69
      vertex 11.8859 -0.228363 0.69
    endloop
  endfacet
  facet normal 0 0 -1
    outer loop
      vertex 11.1961 -1.02991 0.69
      vertex 11.3563 -0.106964 0.69
      vertex 11.3866 -1.12035 0.69
    endloop
  endfacet
  facet normal 0 0 -1
    outer loop
      vertex 10.9526 -0.975647 0.69
      vertex 11.3563 -0.106964 0.69
      vertex 11.1961 -1.02991 0.69
    endloop
  endfacet
  facet normal 0 0 -1
    outer loop
      vertex 10.9526 -0.975647 0.69
      vertex 10.7132 -0.0664978 0.69
      vertex 11.3563 -0.106964 0.69
    endloop
  endfacet
  facet normal 0 0 -1
    outer loop
      vertex 10.6563 -0.957565 0.69
      vertex 10.7132 -0.0664978 0.69
      vertex 10.9526 -0.975647 0.69
    endloop
  endfacet
  facet normal 0 0 -1
    outer loop
      vertex 9.2892 -0.957565 0.69
      vertex 10.7132 -0.0664978 0.69
      vertex 10.6563 -0.957565 0.69
    endloop
  endfacet
  facet normal 0 0 -1
    outer loop
      vertex 9.2892 -0.957565 0.69
      vertex 8.0889 -0.0664978 0.69
      vertex 10.7132 -0.0664978 0.69
    endloop
  endfacet
  facet normal 0 0 -1
    outer loop
      vertex 9.2892 -2.37758 0.69
      vertex 8.0889 -0.0664978 0.69
      vertex 9.2892 -0.957565 0.69
    endloop
  endfacet
  facet normal -0 0 -1
    outer loop
      vertex 13.1708 -4.16371 0.69
      vertex 11.9368 -4.32625 0.69
      vertex 11.9664 -4.07016 0.69
    endloop
  endfacet
  facet normal 0 0 -1
    outer loop
      vertex 12.5849 -5.37216 0.69
      vertex 11.848 -4.5358 0.69
      vertex 11.9368 -4.32625 0.69
    endloop
  endfacet
  facet normal 0 0 -1
    outer loop
      vertex 12.5849 -5.37216 0.69
      vertex 11.6999 -4.69879 0.69
      vertex 11.848 -4.5358 0.69
    endloop
  endfacet
  facet normal 0 0 -1
    outer loop
      vertex 11.4877 -4.81519 0.69
      vertex 12.1436 -5.6095 0.69
      vertex 11.6011 -5.75191 0.69
    endloop
  endfacet
  facet normal 0 0 -1
    outer loop
      vertex 12.1436 -5.6095 0.69
      vertex 11.4877 -4.81519 0.69
      vertex 11.6999 -4.69879 0.69
    endloop
  endfacet
  facet normal 0 0 -1
    outer loop
      vertex 11.6011 -5.75191 0.69
      vertex 11.2063 -4.88503 0.69
      vertex 11.4877 -4.81519 0.69
    endloop
  endfacet
  facet normal 0 0 -1
    outer loop
      vertex 10.9574 -5.79936 0.69
      vertex 11.2063 -4.88503 0.69
      vertex 11.6011 -5.75191 0.69
    endloop
  endfacet
  facet normal 0 0 -1
    outer loop
      vertex 10.9574 -5.79936 0.69
      vertex 10.8557 -4.90831 0.69
      vertex 11.2063 -4.88503 0.69
    endloop
  endfacet
  facet normal 0 0 -1
    outer loop
      vertex 10.9574 -5.79936 0.69
      vertex 9.2892 -4.90831 0.69
      vertex 10.8557 -4.90831 0.69
    endloop
  endfacet
  facet normal 0 0 -1
    outer loop
      vertex 8.0889 -5.79936 0.69
      vertex 9.2892 -3.26454 0.69
      vertex 9.2892 -4.90831 0.69
    endloop
  endfacet
  facet normal 0 0 -1
    outer loop
      vertex 8.0889 -0.0664978 0.69
      vertex 9.2892 -3.26454 0.69
      vertex 8.0889 -5.79936 0.69
    endloop
  endfacet
  facet normal 0 0 -1
    outer loop
      vertex 9.2892 -3.26454 0.69
      vertex 8.0889 -0.0664978 0.69
      vertex 9.2892 -2.37758 0.69
    endloop
  endfacet
  facet normal 0 0 -1
    outer loop
      vertex 8.0889 -5.79936 0.69
      vertex 9.2892 -4.90831 0.69
      vertex 10.9574 -5.79936 0.69
    endloop
  endfacet
  facet normal 0 0 -1
    outer loop
      vertex 11.9368 -4.32625 0.69
      vertex 13.1708 -4.16371 0.69
      vertex 13.1057 -4.64519 0.69
    endloop
  endfacet
  facet normal 0 0 -1
    outer loop
      vertex 13.1708 -4.16371 0.69
      vertex 11.9664 -4.07016 0.69
      vertex 13.1303 -3.79866 0.69
    endloop
  endfacet
  facet normal 0 0 -1
    outer loop
      vertex 11.9368 -4.32625 0.69
      vertex 13.1057 -4.64519 0.69
      vertex 12.9104 -5.048 0.69
    endloop
  endfacet
  facet normal -0 0 -1
    outer loop
      vertex 13.1303 -3.79866 0.69
      vertex 11.9664 -4.07016 0.69
      vertex 13.0089 -3.4847 0.69
    endloop
  endfacet
  facet normal 0 0 -1
    outer loop
      vertex 11.9368 -4.32625 0.69
      vertex 12.9104 -5.048 0.69
      vertex 12.5849 -5.37216 0.69
    endloop
  endfacet
  facet normal -0 0 -1
    outer loop
      vertex 13.0089 -3.4847 0.69
      vertex 11.9664 -4.07016 0.69
      vertex 12.8066 -3.22183 0.69
    endloop
  endfacet
  facet normal 0 0 -1
    outer loop
      vertex 11.8381 -3.6226 0.69
      vertex 12.8066 -3.22183 0.69
      vertex 11.9664 -4.07016 0.69
    endloop
  endfacet
  facet normal 0 0 -1
    outer loop
      vertex 11.6999 -4.69879 0.69
      vertex 12.5849 -5.37216 0.69
      vertex 12.1436 -5.6095 0.69
    endloop
  endfacet
  facet normal -0 0 -1
    outer loop
      vertex 12.8066 -3.22183 0.69
      vertex 11.8381 -3.6226 0.69
      vertex 12.527 -3.01498 0.69
    endloop
  endfacet
  facet normal -0 0 -1
    outer loop
      vertex 12.527 -3.01498 0.69
      vertex 11.8381 -3.6226 0.69
      vertex 12.1737 -2.8692 0.69
    endloop
  endfacet
  facet normal 0 0 -1
    outer loop
      vertex 11.8381 -3.6226 0.69
      vertex 11.7467 -2.78444 0.69
      vertex 12.1737 -2.8692 0.69
    endloop
  endfacet
  facet normal 0 0 -1
    outer loop
      vertex 12.7209 -2.09004 0.69
      vertex 11.6072 -1.88591 0.69
      vertex 11.6328 -1.66959 0.69
    endloop
  endfacet
  facet normal 0 0 -1
    outer loop
      vertex 11.4529 -3.35406 0.69
      vertex 11.7467 -2.78444 0.69
      vertex 11.8381 -3.6226 0.69
    endloop
  endfacet
  facet normal 0 0 -1
    outer loop
      vertex 12.3588 -2.53036 0.69
      vertex 11.5306 -2.06291 0.69
      vertex 11.6072 -1.88591 0.69
    endloop
  endfacet
  facet normal 0 0 -1
    outer loop
      vertex 10.9725 -2.35791 0.69
      vertex 11.7467 -2.78444 0.69
      vertex 11.4529 -3.35406 0.69
    endloop
  endfacet
  facet normal 0 0 -1
    outer loop
      vertex 11.7467 -2.78444 0.69
      vertex 11.4029 -2.20058 0.69
      vertex 11.5306 -2.06291 0.69
    endloop
  endfacet
  facet normal 0 0 -1
    outer loop
      vertex 11.7467 -2.78444 0.69
      vertex 11.2187 -2.29892 0.69
      vertex 11.4029 -2.20058 0.69
    endloop
  endfacet
  facet normal 0 0 -1
    outer loop
      vertex 11.7467 -2.78444 0.69
      vertex 10.9725 -2.35791 0.69
      vertex 11.2187 -2.29892 0.69
    endloop
  endfacet
  facet normal 0 0 -1
    outer loop
      vertex 10.8109 -3.26454 0.69
      vertex 10.9725 -2.35791 0.69
      vertex 11.4529 -3.35406 0.69
    endloop
  endfacet
  facet normal 0 0 -1
    outer loop
      vertex 10.8109 -3.26454 0.69
      vertex 10.6644 -2.37758 0.69
      vertex 10.9725 -2.35791 0.69
    endloop
  endfacet
  facet normal 0 0 -1
    outer loop
      vertex 9.2892 -3.26454 0.69
      vertex 10.6644 -2.37758 0.69
      vertex 10.8109 -3.26454 0.69
    endloop
  endfacet
  facet normal -0 0 -1
    outer loop
      vertex 10.6644 -2.37758 0.69
      vertex 9.2892 -3.26454 0.69
      vertex 9.2892 -2.37758 0.69
    endloop
  endfacet
  facet normal -0.253904 0.967229 0
    outer loop
      vertex 12.1436 -5.6095 0
      vertex 11.6011 -5.75191 0.69
      vertex 12.1436 -5.6095 0.69
    endloop
  endfacet
  facet normal -0.253904 0.967229 0
    outer loop
      vertex 11.6011 -5.75191 0.69
      vertex 12.1436 -5.6095 0
      vertex 11.6011 -5.75191 0
    endloop
  endfacet
  facet normal -0.473662 0.880707 0
    outer loop
      vertex 12.5849 -5.37216 0
      vertex 12.1436 -5.6095 0.69
      vertex 12.5849 -5.37216 0.69
    endloop
  endfacet
  facet normal -0.473662 0.880707 0
    outer loop
      vertex 12.1436 -5.6095 0.69
      vertex 12.5849 -5.37216 0
      vertex 12.1436 -5.6095 0
    endloop
  endfacet
  facet normal -0.705647 0.708564 0
    outer loop
      vertex 12.9104 -5.048 0
      vertex 12.5849 -5.37216 0.69
      vertex 12.9104 -5.048 0.69
    endloop
  endfacet
  facet normal -0.705647 0.708564 0
    outer loop
      vertex 12.5849 -5.37216 0.69
      vertex 12.9104 -5.048 0
      vertex 12.5849 -5.37216 0
    endloop
  endfacet
  facet normal -0.899816 0.43627 0
    outer loop
      vertex 12.9104 -5.048 0
      vertex 13.1057 -4.64519 0.69
      vertex 13.1057 -4.64519 0
    endloop
  endfacet
  facet normal -0.899816 0.43627 0
    outer loop
      vertex 13.1057 -4.64519 0.69
      vertex 12.9104 -5.048 0
      vertex 12.9104 -5.048 0.69
    endloop
  endfacet
  facet normal -0.990983 0.133989 0
    outer loop
      vertex 13.1057 -4.64519 0
      vertex 13.1708 -4.16371 0.69
      vertex 13.1708 -4.16371 0
    endloop
  endfacet
  facet normal -0.990983 0.133989 0
    outer loop
      vertex 13.1708 -4.16371 0.69
      vertex 13.1057 -4.64519 0
      vertex 13.1057 -4.64519 0.69
    endloop
  endfacet
  facet normal -0.993902 -0.110267 0
    outer loop
      vertex 13.1708 -4.16371 0
      vertex 13.1303 -3.79866 0.69
      vertex 13.1303 -3.79866 0
    endloop
  endfacet
  facet normal -0.993902 -0.110267 0
    outer loop
      vertex 13.1303 -3.79866 0.69
      vertex 13.1708 -4.16371 0
      vertex 13.1708 -4.16371 0.69
    endloop
  endfacet
  facet normal -0.932701 -0.360651 0
    outer loop
      vertex 13.1303 -3.79866 0
      vertex 13.0089 -3.4847 0.69
      vertex 13.0089 -3.4847 0
    endloop
  endfacet
  facet normal -0.932701 -0.360651 0
    outer loop
      vertex 13.0089 -3.4847 0.69
      vertex 13.1303 -3.79866 0
      vertex 13.1303 -3.79866 0.69
    endloop
  endfacet
  facet normal -0.792489 -0.609886 0
    outer loop
      vertex 13.0089 -3.4847 0
      vertex 12.8066 -3.22183 0.69
      vertex 12.8066 -3.22183 0
    endloop
  endfacet
  facet normal -0.792489 -0.609886 0
    outer loop
      vertex 12.8066 -3.22183 0.69
      vertex 13.0089 -3.4847 0
      vertex 13.0089 -3.4847 0.69
    endloop
  endfacet
  facet normal -0.594743 -0.803916 0
    outer loop
      vertex 12.527 -3.01498 0
      vertex 12.8066 -3.22183 0.69
      vertex 12.527 -3.01498 0.69
    endloop
  endfacet
  facet normal -0.594743 -0.803916 -0
    outer loop
      vertex 12.8066 -3.22183 0.69
      vertex 12.527 -3.01498 0
      vertex 12.8066 -3.22183 0
    endloop
  endfacet
  facet normal -0.381429 -0.924398 0
    outer loop
      vertex 12.1737 -2.8692 0
      vertex 12.527 -3.01498 0.69
      vertex 12.1737 -2.8692 0.69
    endloop
  endfacet
  facet normal -0.381429 -0.924398 -0
    outer loop
      vertex 12.527 -3.01498 0.69
      vertex 12.1737 -2.8692 0
      vertex 12.527 -3.01498 0
    endloop
  endfacet
  facet normal -0.194702 -0.980862 0
    outer loop
      vertex 11.7467 -2.78444 0
      vertex 12.1737 -2.8692 0.69
      vertex 11.7467 -2.78444 0.69
    endloop
  endfacet
  facet normal -0.194702 -0.980862 -0
    outer loop
      vertex 12.1737 -2.8692 0.69
      vertex 11.7467 -2.78444 0
      vertex 12.1737 -2.8692 0
    endloop
  endfacet
  facet normal -0.291532 0.956561 0
    outer loop
      vertex 12.0842 -2.68158 0
      vertex 11.7467 -2.78444 0.69
      vertex 12.0842 -2.68158 0.69
    endloop
  endfacet
  facet normal -0.291532 0.956561 0
    outer loop
      vertex 11.7467 -2.78444 0.69
      vertex 12.0842 -2.68158 0
      vertex 11.7467 -2.78444 0
    endloop
  endfacet
  facet normal -0.482384 0.87596 0
    outer loop
      vertex 12.3588 -2.53036 0
      vertex 12.0842 -2.68158 0.69
      vertex 12.3588 -2.53036 0.69
    endloop
  endfacet
  facet normal -0.482384 0.87596 0
    outer loop
      vertex 12.0842 -2.68158 0.69
      vertex 12.3588 -2.53036 0
      vertex 12.0842 -2.68158 0
    endloop
  endfacet
  facet normal -0.6858 0.72779 0
    outer loop
      vertex 12.5706 -2.33078 0
      vertex 12.3588 -2.53036 0.69
      vertex 12.5706 -2.33078 0.69
    endloop
  endfacet
  facet normal -0.6858 0.72779 0
    outer loop
      vertex 12.3588 -2.53036 0.69
      vertex 12.5706 -2.33078 0
      vertex 12.3588 -2.53036 0
    endloop
  endfacet
  facet normal -0.848256 0.529587 0
    outer loop
      vertex 12.5706 -2.33078 0
      vertex 12.7209 -2.09004 0.69
      vertex 12.7209 -2.09004 0
    endloop
  endfacet
  facet normal -0.848256 0.529587 0
    outer loop
      vertex 12.7209 -2.09004 0.69
      vertex 12.5706 -2.33078 0
      vertex 12.5706 -2.33078 0.69
    endloop
  endfacet
  facet normal -0.950072 0.312032 0
    outer loop
      vertex 12.7209 -2.09004 0
      vertex 12.8111 -1.8154 0.69
      vertex 12.8111 -1.8154 0
    endloop
  endfacet
  facet normal -0.950072 0.312032 0
    outer loop
      vertex 12.8111 -1.8154 0.69
      vertex 12.7209 -2.09004 0
      vertex 12.7209 -2.09004 0.69
    endloop
  endfacet
  facet normal -0.995275 0.0970984 0
    outer loop
      vertex 12.8111 -1.8154 0
      vertex 12.8412 -1.50687 0.69
      vertex 12.8412 -1.50687 0
    endloop
  endfacet
  facet normal -0.995275 0.0970984 0
    outer loop
      vertex 12.8412 -1.50687 0.69
      vertex 12.8111 -1.8154 0
      vertex 12.8111 -1.8154 0.69
    endloop
  endfacet
  facet normal -0.990696 -0.136095 0
    outer loop
      vertex 12.8412 -1.50687 0
      vertex 12.7813 -1.07083 0.69
      vertex 12.7813 -1.07083 0
    endloop
  endfacet
  facet normal -0.990696 -0.136095 0
    outer loop
      vertex 12.7813 -1.07083 0.69
      vertex 12.8412 -1.50687 0
      vertex 12.8412 -1.50687 0.69
    endloop
  endfacet
  facet normal -0.894087 -0.447893 0
    outer loop
      vertex 12.7813 -1.07083 0
      vertex 12.6016 -0.712112 0.69
      vertex 12.6016 -0.712112 0
    endloop
  endfacet
  facet normal -0.894087 -0.447893 0
    outer loop
      vertex 12.6016 -0.712112 0.69
      vertex 12.7813 -1.07083 0
      vertex 12.7813 -1.07083 0.69
    endloop
  endfacet
  facet normal -0.684745 -0.728783 0
    outer loop
      vertex 12.3021 -0.43071 0
      vertex 12.6016 -0.712112 0.69
      vertex 12.3021 -0.43071 0.69
    endloop
  endfacet
  facet normal -0.684745 -0.728783 -0
    outer loop
      vertex 12.6016 -0.712112 0.69
      vertex 12.3021 -0.43071 0
      vertex 12.6016 -0.712112 0
    endloop
  endfacet
  facet normal -0.437241 -0.899344 0
    outer loop
      vertex 11.8859 -0.228363 0
      vertex 12.3021 -0.43071 0.69
      vertex 11.8859 -0.228363 0.69
    endloop
  endfacet
  facet normal -0.437241 -0.899344 -0
    outer loop
      vertex 12.3021 -0.43071 0.69
      vertex 11.8859 -0.228363 0
      vertex 12.3021 -0.43071 0
    endloop
  endfacet
  facet normal -0.223433 -0.974719 0
    outer loop
      vertex 11.3563 -0.106964 0
      vertex 11.8859 -0.228363 0.69
      vertex 11.3563 -0.106964 0.69
    endloop
  endfacet
  facet normal -0.223433 -0.974719 -0
    outer loop
      vertex 11.8859 -0.228363 0.69
      vertex 11.3563 -0.106964 0
      vertex 11.8859 -0.228363 0
    endloop
  endfacet
  facet normal -0.0627995 -0.998026 0
    outer loop
      vertex 10.7132 -0.0664978 0
      vertex 11.3563 -0.106964 0.69
      vertex 10.7132 -0.0664978 0.69
    endloop
  endfacet
  facet normal -0.0627995 -0.998026 -0
    outer loop
      vertex 11.3563 -0.106964 0.69
      vertex 10.7132 -0.0664978 0
      vertex 11.3563 -0.106964 0
    endloop
  endfacet
  facet normal 0 -1 0
    outer loop
      vertex 8.0889 -0.0664978 0
      vertex 10.7132 -0.0664978 0.69
      vertex 8.0889 -0.0664978 0.69
    endloop
  endfacet
  facet normal 0 -1 -0
    outer loop
      vertex 10.7132 -0.0664978 0.69
      vertex 8.0889 -0.0664978 0
      vertex 10.7132 -0.0664978 0
    endloop
  endfacet
  facet normal 1 -0 0
    outer loop
      vertex 8.0889 -5.79936 0.69
      vertex 8.0889 -0.0664978 0
      vertex 8.0889 -0.0664978 0.69
    endloop
  endfacet
  facet normal 1 0 0
    outer loop
      vertex 8.0889 -0.0664978 0
      vertex 8.0889 -5.79936 0.69
      vertex 8.0889 -5.79936 0
    endloop
  endfacet
  facet normal 0 1 -0
    outer loop
      vertex 10.9574 -5.79936 0
      vertex 8.0889 -5.79936 0.69
      vertex 10.9574 -5.79936 0.69
    endloop
  endfacet
  facet normal 0 1 0
    outer loop
      vertex 8.0889 -5.79936 0.69
      vertex 10.9574 -5.79936 0
      vertex 8.0889 -5.79936 0
    endloop
  endfacet
  facet normal -0.073515 0.997294 0
    outer loop
      vertex 11.6011 -5.75191 0
      vertex 10.9574 -5.79936 0.69
      vertex 11.6011 -5.75191 0.69
    endloop
  endfacet
  facet normal -0.073515 0.997294 0
    outer loop
      vertex 10.9574 -5.79936 0.69
      vertex 11.6011 -5.75191 0
      vertex 10.9574 -5.79936 0
    endloop
  endfacet
  facet normal -1 0 0
    outer loop
      vertex 9.2892 -2.37758 0
      vertex 9.2892 -0.957565 0.69
      vertex 9.2892 -0.957565 0
    endloop
  endfacet
  facet normal -1 -0 0
    outer loop
      vertex 9.2892 -0.957565 0.69
      vertex 9.2892 -2.37758 0
      vertex 9.2892 -2.37758 0.69
    endloop
  endfacet
  facet normal 0 1 -0
    outer loop
      vertex 10.6563 -0.957565 0
      vertex 9.2892 -0.957565 0.69
      vertex 10.6563 -0.957565 0.69
    endloop
  endfacet
  facet normal 0 1 0
    outer loop
      vertex 9.2892 -0.957565 0.69
      vertex 10.6563 -0.957565 0
      vertex 9.2892 -0.957565 0
    endloop
  endfacet
  facet normal 0.0609127 0.998143 -0
    outer loop
      vertex 10.9526 -0.975647 0
      vertex 10.6563 -0.957565 0.69
      vertex 10.9526 -0.975647 0.69
    endloop
  endfacet
  facet normal 0.0609127 0.998143 0
    outer loop
      vertex 10.6563 -0.957565 0.69
      vertex 10.9526 -0.975647 0
      vertex 10.6563 -0.957565 0
    endloop
  endfacet
  facet normal 0.217511 0.976058 -0
    outer loop
      vertex 11.1961 -1.02991 0
      vertex 10.9526 -0.975647 0.69
      vertex 11.1961 -1.02991 0.69
    endloop
  endfacet
  facet normal 0.217511 0.976058 0
    outer loop
      vertex 10.9526 -0.975647 0.69
      vertex 11.1961 -1.02991 0
      vertex 10.9526 -0.975647 0
    endloop
  endfacet
  facet normal 0.428873 0.903365 -0
    outer loop
      vertex 11.3866 -1.12035 0
      vertex 11.1961 -1.02991 0.69
      vertex 11.3866 -1.12035 0.69
    endloop
  endfacet
  facet normal 0.428873 0.903365 0
    outer loop
      vertex 11.1961 -1.02991 0.69
      vertex 11.3866 -1.12035 0
      vertex 11.1961 -1.02991 0
    endloop
  endfacet
  facet normal 0.697993 0.716105 -0
    outer loop
      vertex 11.5234 -1.25369 0
      vertex 11.3866 -1.12035 0.69
      vertex 11.5234 -1.25369 0.69
    endloop
  endfacet
  facet normal 0.697993 0.716105 0
    outer loop
      vertex 11.3866 -1.12035 0.69
      vertex 11.5234 -1.25369 0
      vertex 11.3866 -1.12035 0
    endloop
  endfacet
  facet normal 0.91264 0.408764 0
    outer loop
      vertex 11.6054 -1.43677 0.69
      vertex 11.5234 -1.25369 0
      vertex 11.5234 -1.25369 0.69
    endloop
  endfacet
  facet normal 0.91264 0.408764 0
    outer loop
      vertex 11.5234 -1.25369 0
      vertex 11.6054 -1.43677 0.69
      vertex 11.6054 -1.43677 0
    endloop
  endfacet
  facet normal 0.993146 0.116881 0
    outer loop
      vertex 11.6328 -1.66959 0.69
      vertex 11.6054 -1.43677 0
      vertex 11.6054 -1.43677 0.69
    endloop
  endfacet
  facet normal 0.993146 0.116881 0
    outer loop
      vertex 11.6054 -1.43677 0
      vertex 11.6328 -1.66959 0.69
      vertex 11.6328 -1.66959 0
    endloop
  endfacet
  facet normal 0.99307 -0.117523 0
    outer loop
      vertex 11.6072 -1.88591 0.69
      vertex 11.6328 -1.66959 0
      vertex 11.6328 -1.66959 0.69
    endloop
  endfacet
  facet normal 0.99307 -0.117523 0
    outer loop
      vertex 11.6328 -1.66959 0
      vertex 11.6072 -1.88591 0.69
      vertex 11.6072 -1.88591 0
    endloop
  endfacet
  facet normal 0.917745 -0.397171 0
    outer loop
      vertex 11.5306 -2.06291 0.69
      vertex 11.6072 -1.88591 0
      vertex 11.6072 -1.88591 0.69
    endloop
  endfacet
  facet normal 0.917745 -0.397171 0
    outer loop
      vertex 11.6072 -1.88591 0
      vertex 11.5306 -2.06291 0.69
      vertex 11.5306 -2.06291 0
    endloop
  endfacet
  facet normal 0.733156 -0.680061 0
    outer loop
      vertex 11.4029 -2.20058 0.69
      vertex 11.5306 -2.06291 0
      vertex 11.5306 -2.06291 0.69
    endloop
  endfacet
  facet normal 0.733156 -0.680061 0
    outer loop
      vertex 11.5306 -2.06291 0
      vertex 11.4029 -2.20058 0.69
      vertex 11.4029 -2.20058 0
    endloop
  endfacet
  facet normal 0.470961 -0.882154 0
    outer loop
      vertex 11.2187 -2.29892 0
      vertex 11.4029 -2.20058 0.69
      vertex 11.2187 -2.29892 0.69
    endloop
  endfacet
  facet normal 0.470961 -0.882154 0
    outer loop
      vertex 11.4029 -2.20058 0.69
      vertex 11.2187 -2.29892 0
      vertex 11.4029 -2.20058 0
    endloop
  endfacet
  facet normal 0.233007 -0.972475 0
    outer loop
      vertex 10.9725 -2.35791 0
      vertex 11.2187 -2.29892 0.69
      vertex 10.9725 -2.35791 0.69
    endloop
  endfacet
  facet normal 0.233007 -0.972475 0
    outer loop
      vertex 11.2187 -2.29892 0.69
      vertex 10.9725 -2.35791 0
      vertex 11.2187 -2.29892 0
    endloop
  endfacet
  facet normal 0.0637132 -0.997968 0
    outer loop
      vertex 10.6644 -2.37758 0
      vertex 10.9725 -2.35791 0.69
      vertex 10.6644 -2.37758 0.69
    endloop
  endfacet
  facet normal 0.0637132 -0.997968 0
    outer loop
      vertex 10.9725 -2.35791 0.69
      vertex 10.6644 -2.37758 0
      vertex 10.9725 -2.35791 0
    endloop
  endfacet
  facet normal 0 -1 0
    outer loop
      vertex 9.2892 -2.37758 0
      vertex 10.6644 -2.37758 0.69
      vertex 9.2892 -2.37758 0.69
    endloop
  endfacet
  facet normal 0 -1 -0
    outer loop
      vertex 10.6644 -2.37758 0.69
      vertex 9.2892 -2.37758 0
      vertex 10.6644 -2.37758 0
    endloop
  endfacet
  facet normal -1 0 0
    outer loop
      vertex 9.2892 -4.90831 0
      vertex 9.2892 -3.26454 0.69
      vertex 9.2892 -3.26454 0
    endloop
  endfacet
  facet normal -1 -0 0
    outer loop
      vertex 9.2892 -3.26454 0.69
      vertex 9.2892 -4.90831 0
      vertex 9.2892 -4.90831 0.69
    endloop
  endfacet
  facet normal 0 1 -0
    outer loop
      vertex 10.8109 -3.26454 0
      vertex 9.2892 -3.26454 0.69
      vertex 10.8109 -3.26454 0.69
    endloop
  endfacet
  facet normal 0 1 0
    outer loop
      vertex 9.2892 -3.26454 0.69
      vertex 10.8109 -3.26454 0
      vertex 9.2892 -3.26454 0
    endloop
  endfacet
  facet normal 0.138103 0.990418 -0
    outer loop
      vertex 11.4529 -3.35406 0
      vertex 10.8109 -3.26454 0.69
      vertex 11.4529 -3.35406 0.69
    endloop
  endfacet
  facet normal 0.138103 0.990418 0
    outer loop
      vertex 10.8109 -3.26454 0.69
      vertex 11.4529 -3.35406 0
      vertex 10.8109 -3.26454 0
    endloop
  endfacet
  facet normal 0.571889 0.820331 -0
    outer loop
      vertex 11.8381 -3.6226 0
      vertex 11.4529 -3.35406 0.69
      vertex 11.8381 -3.6226 0.69
    endloop
  endfacet
  facet normal 0.571889 0.820331 0
    outer loop
      vertex 11.4529 -3.35406 0.69
      vertex 11.8381 -3.6226 0
      vertex 11.4529 -3.35406 0
    endloop
  endfacet
  facet normal 0.961282 0.275566 0
    outer loop
      vertex 11.9664 -4.07016 0.69
      vertex 11.8381 -3.6226 0
      vertex 11.8381 -3.6226 0.69
    endloop
  endfacet
  facet normal 0.961282 0.275566 0
    outer loop
      vertex 11.8381 -3.6226 0
      vertex 11.9664 -4.07016 0.69
      vertex 11.9664 -4.07016 0
    endloop
  endfacet
  facet normal 0.993386 -0.11482 0
    outer loop
      vertex 11.9368 -4.32625 0.69
      vertex 11.9664 -4.07016 0
      vertex 11.9664 -4.07016 0.69
    endloop
  endfacet
  facet normal 0.993386 -0.11482 0
    outer loop
      vertex 11.9664 -4.07016 0
      vertex 11.9368 -4.32625 0.69
      vertex 11.9368 -4.32625 0
    endloop
  endfacet
  facet normal 0.92074 -0.390177 0
    outer loop
      vertex 11.848 -4.5358 0.69
      vertex 11.9368 -4.32625 0
      vertex 11.9368 -4.32625 0.69
    endloop
  endfacet
  facet normal 0.92074 -0.390177 0
    outer loop
      vertex 11.9368 -4.32625 0
      vertex 11.848 -4.5358 0.69
      vertex 11.848 -4.5358 0
    endloop
  endfacet
  facet normal 0.740104 -0.672492 0
    outer loop
      vertex 11.6999 -4.69879 0.69
      vertex 11.848 -4.5358 0
      vertex 11.848 -4.5358 0.69
    endloop
  endfacet
  facet normal 0.740104 -0.672492 0
    outer loop
      vertex 11.848 -4.5358 0
      vertex 11.6999 -4.69879 0.69
      vertex 11.6999 -4.69879 0
    endloop
  endfacet
  facet normal 0.480935 -0.876756 0
    outer loop
      vertex 11.4877 -4.81519 0
      vertex 11.6999 -4.69879 0.69
      vertex 11.4877 -4.81519 0.69
    endloop
  endfacet
  facet normal 0.480935 -0.876756 0
    outer loop
      vertex 11.6999 -4.69879 0.69
      vertex 11.4877 -4.81519 0
      vertex 11.6999 -4.69879 0
    endloop
  endfacet
  facet normal 0.24088 -0.970555 0
    outer loop
      vertex 11.2063 -4.88503 0
      vertex 11.4877 -4.81519 0.69
      vertex 11.2063 -4.88503 0.69
    endloop
  endfacet
  facet normal 0.24088 -0.970555 0
    outer loop
      vertex 11.4877 -4.81519 0.69
      vertex 11.2063 -4.88503 0
      vertex 11.4877 -4.81519 0
    endloop
  endfacet
  facet normal 0.0662546 -0.997803 0
    outer loop
      vertex 10.8557 -4.90831 0
      vertex 11.2063 -4.88503 0.69
      vertex 10.8557 -4.90831 0.69
    endloop
  endfacet
  facet normal 0.0662546 -0.997803 0
    outer loop
      vertex 11.2063 -4.88503 0.69
      vertex 10.8557 -4.90831 0
      vertex 11.2063 -4.88503 0
    endloop
  endfacet
  facet normal 0 -1 0
    outer loop
      vertex 9.2892 -4.90831 0
      vertex 10.8557 -4.90831 0.69
      vertex 9.2892 -4.90831 0.69
    endloop
  endfacet
  facet normal 0 -1 -0
    outer loop
      vertex 10.8557 -4.90831 0.69
      vertex 9.2892 -4.90831 0
      vertex 10.8557 -4.90831 0
    endloop
  endfacet
endsolid OpenSCAD_Model
