solid OpenSCAD_Model
  facet normal 0.0953486 0.00312607 0.995439
    outer loop
      vertex 14.9379 0.979084 3.2
      vertex 9.75 0 3.7
      vertex 14.97 0 3.2
    endloop
  endfacet
  facet normal 0.0949412 0.00934905 0.995439
    outer loop
      vertex 14.8419 1.95398 3.2
      vertex 9.72912 0.63768 3.7
      vertex 14.9379 0.979084 3.2
    endloop
  endfacet
  facet normal -0.0155332 0.0941261 0.995439
    outer loop
      vertex -1.95398 14.8419 3.2
      vertex -2.9205 14.6824 3.2
      vertex -1.90213 9.56266 3.7
    endloop
  endfacet
  facet normal 0.0652144 0.0696283 0.995439
    outer loop
      vertex 10.5854 10.5854 3.2
      vertex 6.42862 7.33044 3.7
      vertex 6.89429 6.89429 3.7
    endloop
  endfacet
  facet normal -0.0737433 0.0605236 0.995439
    outer loop
      vertex -11.255 9.87041 3.2
      vertex -11.8765 9.11316 3.2
      vertex -7.33044 6.42862 3.7
    endloop
  endfacet
  facet normal -0.0449722 0.0841344 0.995439
    outer loop
      vertex -6.62106 13.4262 3.2
      vertex -7.485 12.9644 3.2
      vertex -4.875 8.44375 3.7
    endloop
  endfacet
  facet normal -0.0696283 0.0652144 0.995439
    outer loop
      vertex -6.89429 6.89429 3.7
      vertex -10.5854 10.5854 3.2
      vertex -7.33044 6.42862 3.7
    endloop
  endfacet
  facet normal -0.0953486 0.00312607 0.995439
    outer loop
      vertex -14.9379 0.979084 3.2
      vertex -14.97 0 3.2
      vertex -9.75 0 3.7
    endloop
  endfacet
  facet normal -0.0912918 -0.0276938 0.995439
    outer loop
      vertex -9.41778 -2.52349 3.7
      vertex -14.4599 -3.87452 3.2
      vertex -9.23257 -3.13403 3.7
    endloop
  endfacet
  facet normal 0.0868962 0.0393713 0.995439
    outer loop
      vertex 13.4262 6.62106 3.2
      vertex 8.74451 4.31231 3.7
      vertex 9.00782 3.73116 3.7
    endloop
  endfacet
  facet normal -0.0775452 0.0555682 0.995439
    outer loop
      vertex -11.8765 9.11316 3.2
      vertex -12.4471 8.31689 3.2
      vertex -8.10683 5.41681 3.7
    endloop
  endfacet
  facet normal -0.0949412 0.00934905 0.995439
    outer loop
      vertex -14.8419 1.95398 3.2
      vertex -14.9379 0.979084 3.2
      vertex -9.72912 0.63768 3.7
    endloop
  endfacet
  facet normal -0.0652144 -0.0696283 0.995439
    outer loop
      vertex -6.89429 -6.89429 3.7
      vertex -10.5854 -10.5854 3.2
      vertex -6.42862 -7.33044 3.7
    endloop
  endfacet
  facet normal 0.0335987 0.0892869 0.995439
    outer loop
      vertex 4.81195 14.1755 3.2
      vertex 3.73116 9.00782 3.7
      vertex 5.72877 13.8305 3.2
    endloop
  endfacet
  facet normal 0.0503776 0.0810136 0.995439
    outer loop
      vertex 7.485 12.9644 3.2
      vertex 4.875 8.44375 3.7
      vertex 5.41681 8.10683 3.7
    endloop
  endfacet
  facet normal -0.0335987 0.0892869 0.995439
    outer loop
      vertex -4.81195 14.1755 3.2
      vertex -5.72877 13.8305 3.2
      vertex -3.73116 9.00782 3.7
    endloop
  endfacet
  facet normal 0.0841344 0.0449722 0.995439
    outer loop
      vertex 12.9644 7.485 3.2
      vertex 8.44375 4.875 3.7
      vertex 13.4262 6.62106 3.2
    endloop
  endfacet
  facet normal 0.0941261 0.0155332 0.995439
    outer loop
      vertex 14.6824 2.9205 3.2
      vertex 9.56266 1.90213 3.7
      vertex 14.8419 1.95398 3.2
    endloop
  endfacet
  facet normal 0.0892869 -0.0335987 0.995439
    outer loop
      vertex 14.1755 -4.81195 3.2
      vertex 9.00782 -3.73116 3.7
      vertex 13.8305 -5.72877 3.2
    endloop
  endfacet
  facet normal 0.094941 -0.00934981 0.995439
    outer loop
      vertex 9.72912 -0.63768 3.7
      vertex 9.66659 -1.27263 3.7
      vertex 14.8419 -1.95398 3.2
    endloop
  endfacet
  facet normal -0.0810137 0.0503773 0.995439
    outer loop
      vertex -12.4471 8.31689 3.2
      vertex -12.9644 7.485 3.2
      vertex -8.10683 5.41681 3.7
    endloop
  endfacet
  facet normal -0.055569 0.0775445 0.995439
    outer loop
      vertex -5.41681 8.10683 3.7
      vertex -9.11316 11.8765 3.2
      vertex -5.93542 7.73519 3.7
    endloop
  endfacet
  facet normal -0.0892869 0.0335987 0.995439
    outer loop
      vertex -13.8305 5.72877 3.2
      vertex -14.1755 4.81195 3.2
      vertex -9.00782 3.73116 3.7
    endloop
  endfacet
  facet normal -0.0941261 0.0155332 0.995439
    outer loop
      vertex -14.6824 2.9205 3.2
      vertex -14.8419 1.95398 3.2
      vertex -9.56266 1.90213 3.7
    endloop
  endfacet
  facet normal -0.0652115 -0.069632 0.995439
    outer loop
      vertex -6.42862 -7.33044 3.7
      vertex -10.5854 -10.5854 3.2
      vertex -9.87041 -11.255 3.2
    endloop
  endfacet
  facet normal -0.0605236 -0.0737433 0.995439
    outer loop
      vertex -6.42862 -7.33044 3.7
      vertex -9.87041 -11.255 3.2
      vertex -9.11316 -11.8765 3.2
    endloop
  endfacet
  facet normal -0.0775452 -0.0555682 0.995439
    outer loop
      vertex -8.10683 -5.41681 3.7
      vertex -12.4471 -8.31689 3.2
      vertex -11.8765 -9.11316 3.2
    endloop
  endfacet
  facet normal 0.00934905 -0.0949412 0.995439
    outer loop
      vertex 1.95398 -14.8419 3.2
      vertex 0.63768 -9.72912 3.7
      vertex 0.979084 -14.9379 3.2
    endloop
  endfacet
  facet normal -0.0216678 -0.0929058 0.995439
    outer loop
      vertex -1.90213 -9.56266 3.7
      vertex -3.87452 -14.4599 3.2
      vertex -2.9205 -14.6824 3.2
    endloop
  endfacet
  facet normal 0.0555682 -0.0775452 0.995439
    outer loop
      vertex 9.11316 -11.8765 3.2
      vertex 5.41681 -8.10683 3.7
      vertex 8.31689 -12.4471 3.2
    endloop
  endfacet
  facet normal 0.0336056 0.0892855 0.995439
    outer loop
      vertex 4.81195 14.1755 3.2
      vertex 3.13403 9.23257 3.7
      vertex 3.73116 9.00782 3.7
    endloop
  endfacet
  facet normal -0.0155401 0.094126 0.995439
    outer loop
      vertex -1.27263 9.66659 3.7
      vertex -1.95398 14.8419 3.2
      vertex -1.90213 9.56266 3.7
    endloop
  endfacet
  facet normal 0.0775445 0.055569 0.995439
    outer loop
      vertex 11.8765 9.11316 3.2
      vertex 7.73519 5.93542 3.7
      vertex 8.10683 5.41681 3.7
    endloop
  endfacet
  facet normal 0.0810136 0.0503776 0.995439
    outer loop
      vertex 12.9644 7.485 3.2
      vertex 8.10683 5.41681 3.7
      vertex 8.44375 4.875 3.7
    endloop
  endfacet
  facet normal 0.0912915 0.0276963 0.995439
    outer loop
      vertex 14.1755 4.81195 3.2
      vertex 9.23257 3.13403 3.7
      vertex 14.4599 3.87452 3.2
    endloop
  endfacet
  facet normal 0.0929078 0.0216629 0.995439
    outer loop
      vertex 14.4599 3.87452 3.2
      vertex 9.41778 2.52349 3.7
      vertex 9.56266 1.90213 3.7
    endloop
  endfacet
  facet normal 0.0652115 -0.069632 0.995439
    outer loop
      vertex 10.5854 -10.5854 3.2
      vertex 6.42862 -7.33044 3.7
      vertex 9.87041 -11.255 3.2
    endloop
  endfacet
  facet normal 0.0775452 -0.0555682 0.995439
    outer loop
      vertex 12.4471 -8.31689 3.2
      vertex 8.10683 -5.41681 3.7
      vertex 11.8765 -9.11316 3.2
    endloop
  endfacet
  facet normal 0.0775445 -0.055569 0.995439
    outer loop
      vertex 8.10683 -5.41681 3.7
      vertex 7.73519 -5.93542 3.7
      vertex 11.8765 -9.11316 3.2
    endloop
  endfacet
  facet normal 0.0810137 -0.0503773 0.995439
    outer loop
      vertex 12.9644 -7.485 3.2
      vertex 8.10683 -5.41681 3.7
      vertex 12.4471 -8.31689 3.2
    endloop
  endfacet
  facet normal 0.0912915 -0.0276963 0.995439
    outer loop
      vertex 14.4599 -3.87452 3.2
      vertex 9.23257 -3.13403 3.7
      vertex 14.1755 -4.81195 3.2
    endloop
  endfacet
  facet normal 0.0953486 -0.00312607 0.995439
    outer loop
      vertex 14.97 0 3.2
      vertex 9.75 0 3.7
      vertex 14.9379 -0.979084 3.2
    endloop
  endfacet
  facet normal -0.069632 0.0652115 0.995439
    outer loop
      vertex -10.5854 10.5854 3.2
      vertex -11.255 9.87041 3.2
      vertex -7.33044 6.42862 3.7
    endloop
  endfacet
  facet normal -0.0503776 0.0810136 0.995439
    outer loop
      vertex -4.875 8.44375 3.7
      vertex -7.485 12.9644 3.2
      vertex -5.41681 8.10683 3.7
    endloop
  endfacet
  facet normal -0.06052 0.0737454 0.995439
    outer loop
      vertex -5.93542 7.73519 3.7
      vertex -9.11316 11.8765 3.2
      vertex -6.42862 7.33044 3.7
    endloop
  endfacet
  facet normal -0.0605236 0.0737433 0.995439
    outer loop
      vertex -9.11316 11.8765 3.2
      vertex -9.87041 11.255 3.2
      vertex -6.42862 7.33044 3.7
    endloop
  endfacet
  facet normal -0.0810136 0.0503776 0.995439
    outer loop
      vertex -8.10683 5.41681 3.7
      vertex -12.9644 7.485 3.2
      vertex -8.44375 4.875 3.7
    endloop
  endfacet
  facet normal -0.0953493 0.00312209 0.995439
    outer loop
      vertex -9.72912 0.63768 3.7
      vertex -14.9379 0.979084 3.2
      vertex -9.75 0 3.7
    endloop
  endfacet
  facet normal -0.094126 0.0155401 0.995439
    outer loop
      vertex -9.56266 1.90213 3.7
      vertex -14.8419 1.95398 3.2
      vertex -9.66659 1.27263 3.7
    endloop
  endfacet
  facet normal -0.0868953 -0.0393726 0.995439
    outer loop
      vertex -9.00782 -3.73116 3.7
      vertex -13.8305 -5.72877 3.2
      vertex -13.4262 -6.62106 3.2
    endloop
  endfacet
  facet normal -0.0737454 -0.06052 0.995439
    outer loop
      vertex -7.73519 -5.93542 3.7
      vertex -11.8765 -9.11316 3.2
      vertex -7.33044 -6.42862 3.7
    endloop
  endfacet
  facet normal -0.0892869 -0.0335987 0.995439
    outer loop
      vertex -9.00782 -3.73116 3.7
      vertex -14.1755 -4.81195 3.2
      vertex -13.8305 -5.72877 3.2
    endloop
  endfacet
  facet normal -0.00312607 -0.0953486 0.995439
    outer loop
      vertex 0 -9.75 3.7
      vertex -0.979084 -14.9379 3.2
      vertex 0 -14.97 3.2
    endloop
  endfacet
  facet normal -0.0335987 -0.0892869 0.995439
    outer loop
      vertex -3.73116 -9.00782 3.7
      vertex -5.72877 -13.8305 3.2
      vertex -4.81195 -14.1755 3.2
    endloop
  endfacet
  facet normal 0.0393726 -0.0868953 0.995439
    outer loop
      vertex 6.62106 -13.4262 3.2
      vertex 3.73116 -9.00782 3.7
      vertex 5.72877 -13.8305 3.2
    endloop
  endfacet
  facet normal 0.0155332 0.0941261 0.995439
    outer loop
      vertex 1.95398 14.8419 3.2
      vertex 1.90213 9.56266 3.7
      vertex 2.9205 14.6824 3.2
    endloop
  endfacet
  facet normal 0.055569 0.0775445 0.995439
    outer loop
      vertex 9.11316 11.8765 3.2
      vertex 5.41681 8.10683 3.7
      vertex 5.93542 7.73519 3.7
    endloop
  endfacet
  facet normal 0.0449722 0.0841344 0.995439
    outer loop
      vertex 6.62106 13.4262 3.2
      vertex 4.875 8.44375 3.7
      vertex 7.485 12.9644 3.2
    endloop
  endfacet
  facet normal 0.0393726 0.0868953 0.995439
    outer loop
      vertex 5.72877 13.8305 3.2
      vertex 3.73116 9.00782 3.7
      vertex 6.62106 13.4262 3.2
    endloop
  endfacet
  facet normal -0.0336056 0.0892855 0.995439
    outer loop
      vertex -3.13403 9.23257 3.7
      vertex -4.81195 14.1755 3.2
      vertex -3.73116 9.00782 3.7
    endloop
  endfacet
  facet normal -0.0216678 0.0929058 0.995439
    outer loop
      vertex -2.9205 14.6824 3.2
      vertex -3.87452 14.4599 3.2
      vertex -1.90213 9.56266 3.7
    endloop
  endfacet
  facet normal -0.00312607 0.0953486 0.995439
    outer loop
      vertex 0 14.97 3.2
      vertex -0.979084 14.9379 3.2
      vertex 0 9.75 3.7
    endloop
  endfacet
  facet normal 0.0737433 0.0605236 0.995439
    outer loop
      vertex 11.255 9.87041 3.2
      vertex 7.33044 6.42862 3.7
      vertex 11.8765 9.11316 3.2
    endloop
  endfacet
  facet normal 0.069632 0.0652115 0.995439
    outer loop
      vertex 10.5854 10.5854 3.2
      vertex 7.33044 6.42862 3.7
      vertex 11.255 9.87041 3.2
    endloop
  endfacet
  facet normal 0.0775452 0.0555682 0.995439
    outer loop
      vertex 11.8765 9.11316 3.2
      vertex 8.10683 5.41681 3.7
      vertex 12.4471 8.31689 3.2
    endloop
  endfacet
  facet normal 0.0810137 0.0503773 0.995439
    outer loop
      vertex 12.4471 8.31689 3.2
      vertex 8.10683 5.41681 3.7
      vertex 12.9644 7.485 3.2
    endloop
  endfacet
  facet normal 0.0605236 0.0737433 0.995439
    outer loop
      vertex 9.11316 11.8765 3.2
      vertex 6.42862 7.33044 3.7
      vertex 9.87041 11.255 3.2
    endloop
  endfacet
  facet normal 0.0652115 0.069632 0.995439
    outer loop
      vertex 9.87041 11.255 3.2
      vertex 6.42862 7.33044 3.7
      vertex 10.5854 10.5854 3.2
    endloop
  endfacet
  facet normal 0.0892855 0.0336056 0.995439
    outer loop
      vertex 14.1755 4.81195 3.2
      vertex 9.00782 3.73116 3.7
      vertex 9.23257 3.13403 3.7
    endloop
  endfacet
  facet normal 0.084135 0.0449705 0.995439
    outer loop
      vertex 13.4262 6.62106 3.2
      vertex 8.44375 4.875 3.7
      vertex 8.74451 4.31231 3.7
    endloop
  endfacet
  facet normal 0.0953493 0.00312209 0.995439
    outer loop
      vertex 14.9379 0.979084 3.2
      vertex 9.72912 0.63768 3.7
      vertex 9.75 0 3.7
    endloop
  endfacet
  facet normal 0.0929058 0.0216678 0.995439
    outer loop
      vertex 14.4599 3.87452 3.2
      vertex 9.56266 1.90213 3.7
      vertex 14.6824 2.9205 3.2
    endloop
  endfacet
  facet normal 0.0912918 0.0276938 0.995439
    outer loop
      vertex 14.4599 3.87452 3.2
      vertex 9.23257 3.13403 3.7
      vertex 9.41778 2.52349 3.7
    endloop
  endfacet
  facet normal 0.0696283 -0.0652144 0.995439
    outer loop
      vertex 7.33044 -6.42862 3.7
      vertex 6.89429 -6.89429 3.7
      vertex 10.5854 -10.5854 3.2
    endloop
  endfacet
  facet normal 0.084135 -0.0449705 0.995439
    outer loop
      vertex 8.74451 -4.31231 3.7
      vertex 8.44375 -4.875 3.7
      vertex 13.4262 -6.62106 3.2
    endloop
  endfacet
  facet normal 0.0868953 -0.0393726 0.995439
    outer loop
      vertex 13.8305 -5.72877 3.2
      vertex 9.00782 -3.73116 3.7
      vertex 13.4262 -6.62106 3.2
    endloop
  endfacet
  facet normal 0.0892855 -0.0336056 0.995439
    outer loop
      vertex 9.23257 -3.13403 3.7
      vertex 9.00782 -3.73116 3.7
      vertex 14.1755 -4.81195 3.2
    endloop
  endfacet
  facet normal 0.0941261 -0.0155332 0.995439
    outer loop
      vertex 14.8419 -1.95398 3.2
      vertex 9.56266 -1.90213 3.7
      vertex 14.6824 -2.9205 3.2
    endloop
  endfacet
  facet normal -0.0503773 0.0810137 0.995439
    outer loop
      vertex -7.485 12.9644 3.2
      vertex -8.31689 12.4471 3.2
      vertex -5.41681 8.10683 3.7
    endloop
  endfacet
  facet normal -0.0555682 0.0775452 0.995439
    outer loop
      vertex -8.31689 12.4471 3.2
      vertex -9.11316 11.8765 3.2
      vertex -5.41681 8.10683 3.7
    endloop
  endfacet
  facet normal -0.0652115 0.069632 0.995439
    outer loop
      vertex -9.87041 11.255 3.2
      vertex -10.5854 10.5854 3.2
      vertex -6.42862 7.33044 3.7
    endloop
  endfacet
  facet normal -0.0652144 0.0696283 0.995439
    outer loop
      vertex -6.42862 7.33044 3.7
      vertex -10.5854 10.5854 3.2
      vertex -6.89429 6.89429 3.7
    endloop
  endfacet
  facet normal -0.0737454 0.06052 0.995439
    outer loop
      vertex -7.33044 6.42862 3.7
      vertex -11.8765 9.11316 3.2
      vertex -7.73519 5.93542 3.7
    endloop
  endfacet
  facet normal -0.0775445 0.055569 0.995439
    outer loop
      vertex -7.73519 5.93542 3.7
      vertex -11.8765 9.11316 3.2
      vertex -8.10683 5.41681 3.7
    endloop
  endfacet
  facet normal -0.0868953 0.0393726 0.995439
    outer loop
      vertex -13.4262 6.62106 3.2
      vertex -13.8305 5.72877 3.2
      vertex -9.00782 3.73116 3.7
    endloop
  endfacet
  facet normal -0.0841344 0.0449722 0.995439
    outer loop
      vertex -12.9644 7.485 3.2
      vertex -13.4262 6.62106 3.2
      vertex -8.44375 4.875 3.7
    endloop
  endfacet
  facet normal -0.094941 0.00934981 0.995439
    outer loop
      vertex -9.66659 1.27263 3.7
      vertex -14.8419 1.95398 3.2
      vertex -9.72912 0.63768 3.7
    endloop
  endfacet
  facet normal -0.0892855 0.0336056 0.995439
    outer loop
      vertex -9.00782 3.73116 3.7
      vertex -14.1755 4.81195 3.2
      vertex -9.23257 3.13403 3.7
    endloop
  endfacet
  facet normal -0.0912915 0.0276963 0.995439
    outer loop
      vertex -14.1755 4.81195 3.2
      vertex -14.4599 3.87452 3.2
      vertex -9.23257 3.13403 3.7
    endloop
  endfacet
  facet normal -0.0929058 0.0216678 0.995439
    outer loop
      vertex -14.4599 3.87452 3.2
      vertex -14.6824 2.9205 3.2
      vertex -9.56266 1.90213 3.7
    endloop
  endfacet
  facet normal -0.0503773 -0.0810137 0.995439
    outer loop
      vertex -5.41681 -8.10683 3.7
      vertex -8.31689 -12.4471 3.2
      vertex -7.485 -12.9644 3.2
    endloop
  endfacet
  facet normal -0.0503776 -0.0810136 0.995439
    outer loop
      vertex -5.41681 -8.10683 3.7
      vertex -7.485 -12.9644 3.2
      vertex -4.875 -8.44375 3.7
    endloop
  endfacet
  facet normal -0.0449722 -0.0841344 0.995439
    outer loop
      vertex -4.875 -8.44375 3.7
      vertex -7.485 -12.9644 3.2
      vertex -6.62106 -13.4262 3.2
    endloop
  endfacet
  facet normal -0.0737433 -0.0605236 0.995439
    outer loop
      vertex -7.33044 -6.42862 3.7
      vertex -11.8765 -9.11316 3.2
      vertex -11.255 -9.87041 3.2
    endloop
  endfacet
  facet normal -0.0868962 -0.0393713 0.995439
    outer loop
      vertex -9.00782 -3.73116 3.7
      vertex -13.4262 -6.62106 3.2
      vertex -8.74451 -4.31231 3.7
    endloop
  endfacet
  facet normal -0.0841344 -0.0449722 0.995439
    outer loop
      vertex -8.44375 -4.875 3.7
      vertex -13.4262 -6.62106 3.2
      vertex -12.9644 -7.485 3.2
    endloop
  endfacet
  facet normal -0.0775445 -0.055569 0.995439
    outer loop
      vertex -8.10683 -5.41681 3.7
      vertex -11.8765 -9.11316 3.2
      vertex -7.73519 -5.93542 3.7
    endloop
  endfacet
  facet normal 0.0335987 -0.0892869 0.995439
    outer loop
      vertex 5.72877 -13.8305 3.2
      vertex 3.73116 -9.00782 3.7
      vertex 4.81195 -14.1755 3.2
    endloop
  endfacet
  facet normal 0.00934981 -0.094941 0.995439
    outer loop
      vertex 1.27263 -9.66659 3.7
      vertex 0.63768 -9.72912 3.7
      vertex 1.95398 -14.8419 3.2
    endloop
  endfacet
  facet normal -0.00312209 -0.0953493 0.995439
    outer loop
      vertex -0.63768 -9.72912 3.7
      vertex -0.979084 -14.9379 3.2
      vertex 0 -9.75 3.7
    endloop
  endfacet
  facet normal -0.0155332 -0.0941261 0.995439
    outer loop
      vertex -1.90213 -9.56266 3.7
      vertex -2.9205 -14.6824 3.2
      vertex -1.95398 -14.8419 3.2
    endloop
  endfacet
  facet normal -0.0276963 -0.0912915 0.995439
    outer loop
      vertex -3.13403 -9.23257 3.7
      vertex -4.81195 -14.1755 3.2
      vertex -3.87452 -14.4599 3.2
    endloop
  endfacet
  facet normal 0.0393713 -0.0868962 0.995439
    outer loop
      vertex 4.31231 -8.74451 3.7
      vertex 3.73116 -9.00782 3.7
      vertex 6.62106 -13.4262 3.2
    endloop
  endfacet
  facet normal 0.0503773 -0.0810137 0.995439
    outer loop
      vertex 8.31689 -12.4471 3.2
      vertex 5.41681 -8.10683 3.7
      vertex 7.485 -12.9644 3.2
    endloop
  endfacet
  facet normal 0.0449722 -0.0841344 0.995439
    outer loop
      vertex 7.485 -12.9644 3.2
      vertex 4.875 -8.44375 3.7
      vertex 6.62106 -13.4262 3.2
    endloop
  endfacet
  facet normal 0.0216678 0.0929058 0.995439
    outer loop
      vertex 2.9205 14.6824 3.2
      vertex 1.90213 9.56266 3.7
      vertex 3.87452 14.4599 3.2
    endloop
  endfacet
  facet normal 0.0276963 0.0912915 0.995439
    outer loop
      vertex 3.87452 14.4599 3.2
      vertex 3.13403 9.23257 3.7
      vertex 4.81195 14.1755 3.2
    endloop
  endfacet
  facet normal 0.00934905 0.0949412 0.995439
    outer loop
      vertex 0.979084 14.9379 3.2
      vertex 0.63768 9.72912 3.7
      vertex 1.95398 14.8419 3.2
    endloop
  endfacet
  facet normal 0.0155401 0.094126 0.995439
    outer loop
      vertex 1.95398 14.8419 3.2
      vertex 1.27263 9.66659 3.7
      vertex 1.90213 9.56266 3.7
    endloop
  endfacet
  facet normal 0.00934981 0.094941 0.995439
    outer loop
      vertex 1.95398 14.8419 3.2
      vertex 0.63768 9.72912 3.7
      vertex 1.27263 9.66659 3.7
    endloop
  endfacet
  facet normal 0.0555682 0.0775452 0.995439
    outer loop
      vertex 8.31689 12.4471 3.2
      vertex 5.41681 8.10683 3.7
      vertex 9.11316 11.8765 3.2
    endloop
  endfacet
  facet normal 0.0503773 0.0810137 0.995439
    outer loop
      vertex 7.485 12.9644 3.2
      vertex 5.41681 8.10683 3.7
      vertex 8.31689 12.4471 3.2
    endloop
  endfacet
  facet normal 0.0449705 0.084135 0.995439
    outer loop
      vertex 6.62106 13.4262 3.2
      vertex 4.31231 8.74451 3.7
      vertex 4.875 8.44375 3.7
    endloop
  endfacet
  facet normal 0.0393713 0.0868962 0.995439
    outer loop
      vertex 6.62106 13.4262 3.2
      vertex 3.73116 9.00782 3.7
      vertex 4.31231 8.74451 3.7
    endloop
  endfacet
  facet normal -0.0393726 0.0868953 0.995439
    outer loop
      vertex -5.72877 13.8305 3.2
      vertex -6.62106 13.4262 3.2
      vertex -3.73116 9.00782 3.7
    endloop
  endfacet
  facet normal -0.0216629 0.0929078 0.995439
    outer loop
      vertex -1.90213 9.56266 3.7
      vertex -3.87452 14.4599 3.2
      vertex -2.52349 9.41778 3.7
    endloop
  endfacet
  facet normal -0.0276963 0.0912915 0.995439
    outer loop
      vertex -3.87452 14.4599 3.2
      vertex -4.81195 14.1755 3.2
      vertex -3.13403 9.23257 3.7
    endloop
  endfacet
  facet normal -0.00934905 0.0949412 0.995439
    outer loop
      vertex -0.979084 14.9379 3.2
      vertex -1.95398 14.8419 3.2
      vertex -0.63768 9.72912 3.7
    endloop
  endfacet
  facet normal -0.00312209 0.0953493 0.995439
    outer loop
      vertex 0 9.75 3.7
      vertex -0.979084 14.9379 3.2
      vertex -0.63768 9.72912 3.7
    endloop
  endfacet
  facet normal -0.00934981 0.094941 0.995439
    outer loop
      vertex -0.63768 9.72912 3.7
      vertex -1.95398 14.8419 3.2
      vertex -1.27263 9.66659 3.7
    endloop
  endfacet
  facet normal 0.00312209 0.0953493 0.995439
    outer loop
      vertex 0.979084 14.9379 3.2
      vertex 0 9.75 3.7
      vertex 0.63768 9.72912 3.7
    endloop
  endfacet
  facet normal 0.00312607 0.0953486 0.995439
    outer loop
      vertex 0 14.97 3.2
      vertex 0 9.75 3.7
      vertex 0.979084 14.9379 3.2
    endloop
  endfacet
  facet normal 0.0696283 0.0652144 0.995439
    outer loop
      vertex 10.5854 10.5854 3.2
      vertex 6.89429 6.89429 3.7
      vertex 7.33044 6.42862 3.7
    endloop
  endfacet
  facet normal 0.0737454 0.06052 0.995439
    outer loop
      vertex 11.8765 9.11316 3.2
      vertex 7.33044 6.42862 3.7
      vertex 7.73519 5.93542 3.7
    endloop
  endfacet
  facet normal 0.0892869 0.0335987 0.995439
    outer loop
      vertex 13.8305 5.72877 3.2
      vertex 9.00782 3.73116 3.7
      vertex 14.1755 4.81195 3.2
    endloop
  endfacet
  facet normal 0.0868953 0.0393726 0.995439
    outer loop
      vertex 13.4262 6.62106 3.2
      vertex 9.00782 3.73116 3.7
      vertex 13.8305 5.72877 3.2
    endloop
  endfacet
  facet normal 0.094941 0.00934981 0.995439
    outer loop
      vertex 14.8419 1.95398 3.2
      vertex 9.66659 1.27263 3.7
      vertex 9.72912 0.63768 3.7
    endloop
  endfacet
  facet normal 0.094126 0.0155401 0.995439
    outer loop
      vertex 14.8419 1.95398 3.2
      vertex 9.56266 1.90213 3.7
      vertex 9.66659 1.27263 3.7
    endloop
  endfacet
  facet normal 0.0737433 -0.0605236 0.995439
    outer loop
      vertex 11.8765 -9.11316 3.2
      vertex 7.33044 -6.42862 3.7
      vertex 11.255 -9.87041 3.2
    endloop
  endfacet
  facet normal 0.069632 -0.0652115 0.995439
    outer loop
      vertex 11.255 -9.87041 3.2
      vertex 7.33044 -6.42862 3.7
      vertex 10.5854 -10.5854 3.2
    endloop
  endfacet
  facet normal 0.0737454 -0.06052 0.995439
    outer loop
      vertex 7.73519 -5.93542 3.7
      vertex 7.33044 -6.42862 3.7
      vertex 11.8765 -9.11316 3.2
    endloop
  endfacet
  facet normal 0.0652144 -0.0696283 0.995439
    outer loop
      vertex 6.89429 -6.89429 3.7
      vertex 6.42862 -7.33044 3.7
      vertex 10.5854 -10.5854 3.2
    endloop
  endfacet
  facet normal 0.0605236 -0.0737433 0.995439
    outer loop
      vertex 9.87041 -11.255 3.2
      vertex 6.42862 -7.33044 3.7
      vertex 9.11316 -11.8765 3.2
    endloop
  endfacet
  facet normal 0.0868962 -0.0393713 0.995439
    outer loop
      vertex 9.00782 -3.73116 3.7
      vertex 8.74451 -4.31231 3.7
      vertex 13.4262 -6.62106 3.2
    endloop
  endfacet
  facet normal 0.0810136 -0.0503776 0.995439
    outer loop
      vertex 8.44375 -4.875 3.7
      vertex 8.10683 -5.41681 3.7
      vertex 12.9644 -7.485 3.2
    endloop
  endfacet
  facet normal 0.0841344 -0.0449722 0.995439
    outer loop
      vertex 13.4262 -6.62106 3.2
      vertex 8.44375 -4.875 3.7
      vertex 12.9644 -7.485 3.2
    endloop
  endfacet
  facet normal 0.0929058 -0.0216678 0.995439
    outer loop
      vertex 14.6824 -2.9205 3.2
      vertex 9.56266 -1.90213 3.7
      vertex 14.4599 -3.87452 3.2
    endloop
  endfacet
  facet normal 0.0912918 -0.0276938 0.995439
    outer loop
      vertex 9.41778 -2.52349 3.7
      vertex 9.23257 -3.13403 3.7
      vertex 14.4599 -3.87452 3.2
    endloop
  endfacet
  facet normal 0.0949412 -0.00934905 0.995439
    outer loop
      vertex 14.9379 -0.979084 3.2
      vertex 9.72912 -0.63768 3.7
      vertex 14.8419 -1.95398 3.2
    endloop
  endfacet
  facet normal 0.0953493 -0.00312209 0.995439
    outer loop
      vertex 9.75 0 3.7
      vertex 9.72912 -0.63768 3.7
      vertex 14.9379 -0.979084 3.2
    endloop
  endfacet
  facet normal -0.084135 0.0449705 0.995439
    outer loop
      vertex -8.44375 4.875 3.7
      vertex -13.4262 6.62106 3.2
      vertex -8.74451 4.31231 3.7
    endloop
  endfacet
  facet normal -0.0868962 0.0393713 0.995439
    outer loop
      vertex -8.74451 4.31231 3.7
      vertex -13.4262 6.62106 3.2
      vertex -9.00782 3.73116 3.7
    endloop
  endfacet
  facet normal -0.0912918 0.0276938 0.995439
    outer loop
      vertex -9.23257 3.13403 3.7
      vertex -14.4599 3.87452 3.2
      vertex -9.41778 2.52349 3.7
    endloop
  endfacet
  facet normal -0.0929078 0.0216629 0.995439
    outer loop
      vertex -9.41778 2.52349 3.7
      vertex -14.4599 3.87452 3.2
      vertex -9.56266 1.90213 3.7
    endloop
  endfacet
  facet normal -0.06052 -0.0737454 0.995439
    outer loop
      vertex -6.42862 -7.33044 3.7
      vertex -9.11316 -11.8765 3.2
      vertex -5.93542 -7.73519 3.7
    endloop
  endfacet
  facet normal -0.055569 -0.0775445 0.995439
    outer loop
      vertex -5.93542 -7.73519 3.7
      vertex -9.11316 -11.8765 3.2
      vertex -5.41681 -8.10683 3.7
    endloop
  endfacet
  facet normal -0.0555682 -0.0775452 0.995439
    outer loop
      vertex -5.41681 -8.10683 3.7
      vertex -9.11316 -11.8765 3.2
      vertex -8.31689 -12.4471 3.2
    endloop
  endfacet
  facet normal -0.0449705 -0.084135 0.995439
    outer loop
      vertex -4.875 -8.44375 3.7
      vertex -6.62106 -13.4262 3.2
      vertex -4.31231 -8.74451 3.7
    endloop
  endfacet
  facet normal -0.0393726 -0.0868953 0.995439
    outer loop
      vertex -3.73116 -9.00782 3.7
      vertex -6.62106 -13.4262 3.2
      vertex -5.72877 -13.8305 3.2
    endloop
  endfacet
  facet normal -0.069632 -0.0652115 0.995439
    outer loop
      vertex -7.33044 -6.42862 3.7
      vertex -11.255 -9.87041 3.2
      vertex -10.5854 -10.5854 3.2
    endloop
  endfacet
  facet normal -0.0696283 -0.0652144 0.995439
    outer loop
      vertex -7.33044 -6.42862 3.7
      vertex -10.5854 -10.5854 3.2
      vertex -6.89429 -6.89429 3.7
    endloop
  endfacet
  facet normal -0.0810136 -0.0503776 0.995439
    outer loop
      vertex -8.44375 -4.875 3.7
      vertex -12.9644 -7.485 3.2
      vertex -8.10683 -5.41681 3.7
    endloop
  endfacet
  facet normal -0.0810137 -0.0503773 0.995439
    outer loop
      vertex -8.10683 -5.41681 3.7
      vertex -12.9644 -7.485 3.2
      vertex -12.4471 -8.31689 3.2
    endloop
  endfacet
  facet normal -0.084135 -0.0449705 0.995439
    outer loop
      vertex -8.74451 -4.31231 3.7
      vertex -13.4262 -6.62106 3.2
      vertex -8.44375 -4.875 3.7
    endloop
  endfacet
  facet normal -0.0953493 -0.00312209 0.995439
    outer loop
      vertex -9.75 0 3.7
      vertex -14.9379 -0.979084 3.2
      vertex -9.72912 -0.63768 3.7
    endloop
  endfacet
  facet normal -0.0953486 -0.00312607 0.995439
    outer loop
      vertex -9.75 0 3.7
      vertex -14.97 0 3.2
      vertex -14.9379 -0.979084 3.2
    endloop
  endfacet
  facet normal -0.094126 -0.0155401 0.995439
    outer loop
      vertex -9.66659 -1.27263 3.7
      vertex -14.8419 -1.95398 3.2
      vertex -9.56266 -1.90213 3.7
    endloop
  endfacet
  facet normal -0.0941261 -0.0155332 0.995439
    outer loop
      vertex -9.56266 -1.90213 3.7
      vertex -14.8419 -1.95398 3.2
      vertex -14.6824 -2.9205 3.2
    endloop
  endfacet
  facet normal -0.0929078 -0.0216629 0.995439
    outer loop
      vertex -9.56266 -1.90213 3.7
      vertex -14.4599 -3.87452 3.2
      vertex -9.41778 -2.52349 3.7
    endloop
  endfacet
  facet normal -0.0929058 -0.0216678 0.995439
    outer loop
      vertex -9.56266 -1.90213 3.7
      vertex -14.6824 -2.9205 3.2
      vertex -14.4599 -3.87452 3.2
    endloop
  endfacet
  facet normal -0.0912915 -0.0276963 0.995439
    outer loop
      vertex -9.23257 -3.13403 3.7
      vertex -14.4599 -3.87452 3.2
      vertex -14.1755 -4.81195 3.2
    endloop
  endfacet
  facet normal -0.0892855 -0.0336056 0.995439
    outer loop
      vertex -9.23257 -3.13403 3.7
      vertex -14.1755 -4.81195 3.2
      vertex -9.00782 -3.73116 3.7
    endloop
  endfacet
  facet normal 0.0216678 -0.0929058 0.995439
    outer loop
      vertex 3.87452 -14.4599 3.2
      vertex 1.90213 -9.56266 3.7
      vertex 2.9205 -14.6824 3.2
    endloop
  endfacet
  facet normal 0.00312209 -0.0953493 0.995439
    outer loop
      vertex 0.63768 -9.72912 3.7
      vertex 0 -9.75 3.7
      vertex 0.979084 -14.9379 3.2
    endloop
  endfacet
  facet normal 0.00312607 -0.0953486 0.995439
    outer loop
      vertex 0 -9.75 3.7
      vertex 0 -14.97 3.2
      vertex 0.979084 -14.9379 3.2
    endloop
  endfacet
  facet normal -0.00934905 -0.0949412 0.995439
    outer loop
      vertex -0.63768 -9.72912 3.7
      vertex -1.95398 -14.8419 3.2
      vertex -0.979084 -14.9379 3.2
    endloop
  endfacet
  facet normal -0.0155401 -0.094126 0.995439
    outer loop
      vertex -1.90213 -9.56266 3.7
      vertex -1.95398 -14.8419 3.2
      vertex -1.27263 -9.66659 3.7
    endloop
  endfacet
  facet normal -0.00934981 -0.094941 0.995439
    outer loop
      vertex -1.27263 -9.66659 3.7
      vertex -1.95398 -14.8419 3.2
      vertex -0.63768 -9.72912 3.7
    endloop
  endfacet
  facet normal -0.0276938 -0.0912918 0.995439
    outer loop
      vertex -3.13403 -9.23257 3.7
      vertex -3.87452 -14.4599 3.2
      vertex -2.52349 -9.41778 3.7
    endloop
  endfacet
  facet normal -0.0216629 -0.0929078 0.995439
    outer loop
      vertex -2.52349 -9.41778 3.7
      vertex -3.87452 -14.4599 3.2
      vertex -1.90213 -9.56266 3.7
    endloop
  endfacet
  facet normal 0.055569 -0.0775445 0.995439
    outer loop
      vertex 5.93542 -7.73519 3.7
      vertex 5.41681 -8.10683 3.7
      vertex 9.11316 -11.8765 3.2
    endloop
  endfacet
  facet normal 0.06052 -0.0737454 0.995439
    outer loop
      vertex 6.42862 -7.33044 3.7
      vertex 5.93542 -7.73519 3.7
      vertex 9.11316 -11.8765 3.2
    endloop
  endfacet
  facet normal 0.0503776 -0.0810136 0.995439
    outer loop
      vertex 5.41681 -8.10683 3.7
      vertex 4.875 -8.44375 3.7
      vertex 7.485 -12.9644 3.2
    endloop
  endfacet
  facet normal 0.0276938 0.0912918 0.995439
    outer loop
      vertex 3.87452 14.4599 3.2
      vertex 2.52349 9.41778 3.7
      vertex 3.13403 9.23257 3.7
    endloop
  endfacet
  facet normal 0.0216629 0.0929078 0.995439
    outer loop
      vertex 3.87452 14.4599 3.2
      vertex 1.90213 9.56266 3.7
      vertex 2.52349 9.41778 3.7
    endloop
  endfacet
  facet normal 0.06052 0.0737454 0.995439
    outer loop
      vertex 9.11316 11.8765 3.2
      vertex 5.93542 7.73519 3.7
      vertex 6.42862 7.33044 3.7
    endloop
  endfacet
  facet normal -0.0393713 0.0868962 0.995439
    outer loop
      vertex -3.73116 9.00782 3.7
      vertex -6.62106 13.4262 3.2
      vertex -4.31231 8.74451 3.7
    endloop
  endfacet
  facet normal -0.0449705 0.084135 0.995439
    outer loop
      vertex -4.31231 8.74451 3.7
      vertex -6.62106 13.4262 3.2
      vertex -4.875 8.44375 3.7
    endloop
  endfacet
  facet normal -0.0276938 0.0912918 0.995439
    outer loop
      vertex -2.52349 9.41778 3.7
      vertex -3.87452 14.4599 3.2
      vertex -3.13403 9.23257 3.7
    endloop
  endfacet
  facet normal 0.0929078 -0.0216629 0.995439
    outer loop
      vertex 9.56266 -1.90213 3.7
      vertex 9.41778 -2.52349 3.7
      vertex 14.4599 -3.87452 3.2
    endloop
  endfacet
  facet normal 0.094126 -0.0155401 0.995439
    outer loop
      vertex 9.66659 -1.27263 3.7
      vertex 9.56266 -1.90213 3.7
      vertex 14.8419 -1.95398 3.2
    endloop
  endfacet
  facet normal -0.0336056 -0.0892855 0.995439
    outer loop
      vertex -3.73116 -9.00782 3.7
      vertex -4.81195 -14.1755 3.2
      vertex -3.13403 -9.23257 3.7
    endloop
  endfacet
  facet normal -0.0949412 -0.00934905 0.995439
    outer loop
      vertex -9.72912 -0.63768 3.7
      vertex -14.9379 -0.979084 3.2
      vertex -14.8419 -1.95398 3.2
    endloop
  endfacet
  facet normal -0.094941 -0.00934981 0.995439
    outer loop
      vertex -9.72912 -0.63768 3.7
      vertex -14.8419 -1.95398 3.2
      vertex -9.66659 -1.27263 3.7
    endloop
  endfacet
  facet normal 0.0276938 -0.0912918 0.995439
    outer loop
      vertex 3.13403 -9.23257 3.7
      vertex 2.52349 -9.41778 3.7
      vertex 3.87452 -14.4599 3.2
    endloop
  endfacet
  facet normal 0.0216629 -0.0929078 0.995439
    outer loop
      vertex 2.52349 -9.41778 3.7
      vertex 1.90213 -9.56266 3.7
      vertex 3.87452 -14.4599 3.2
    endloop
  endfacet
  facet normal 0.0276963 -0.0912915 0.995439
    outer loop
      vertex 4.81195 -14.1755 3.2
      vertex 3.13403 -9.23257 3.7
      vertex 3.87452 -14.4599 3.2
    endloop
  endfacet
  facet normal 0.0336056 -0.0892855 0.995439
    outer loop
      vertex 3.73116 -9.00782 3.7
      vertex 3.13403 -9.23257 3.7
      vertex 4.81195 -14.1755 3.2
    endloop
  endfacet
  facet normal 0.0155401 -0.094126 0.995439
    outer loop
      vertex 1.90213 -9.56266 3.7
      vertex 1.27263 -9.66659 3.7
      vertex 1.95398 -14.8419 3.2
    endloop
  endfacet
  facet normal 0.0155332 -0.0941261 0.995439
    outer loop
      vertex 2.9205 -14.6824 3.2
      vertex 1.90213 -9.56266 3.7
      vertex 1.95398 -14.8419 3.2
    endloop
  endfacet
  facet normal 0.0449705 -0.084135 0.995439
    outer loop
      vertex 4.875 -8.44375 3.7
      vertex 4.31231 -8.74451 3.7
      vertex 6.62106 -13.4262 3.2
    endloop
  endfacet
  facet normal -0.0393713 -0.0868962 0.995439
    outer loop
      vertex -4.31231 -8.74451 3.7
      vertex -6.62106 -13.4262 3.2
      vertex -3.73116 -9.00782 3.7
    endloop
  endfacet
  facet normal 0.999464 0.0327262 0
    outer loop
      vertex 9.75 0 5.8
      vertex 9.72912 0.63768 3.7
      vertex 9.72912 0.63768 5.8
    endloop
  endfacet
  facet normal 0.999464 0.0327262 0
    outer loop
      vertex 9.72912 0.63768 3.7
      vertex 9.75 0 5.8
      vertex 9.75 0 3.7
    endloop
  endfacet
  facet normal -0.999464 0.0327262 0
    outer loop
      vertex -9.75 0 3.7
      vertex -9.72912 0.63768 5.8
      vertex -9.72912 0.63768 3.7
    endloop
  endfacet
  facet normal -0.999464 0.0327262 0
    outer loop
      vertex -9.72912 0.63768 5.8
      vertex -9.75 0 3.7
      vertex -9.75 0 5.8
    endloop
  endfacet
  facet normal 0.0327262 0.999464 -0
    outer loop
      vertex 0.63768 9.72912 3.7
      vertex 0 9.75 5.8
      vertex 0.63768 9.72912 5.8
    endloop
  endfacet
  facet normal 0.0327262 0.999464 0
    outer loop
      vertex 0 9.75 5.8
      vertex 0.63768 9.72912 3.7
      vertex 0 9.75 3.7
    endloop
  endfacet
  facet normal 0.729862 0.683594 0
    outer loop
      vertex 7.33044 6.42862 5.8
      vertex 6.89429 6.89429 3.7
      vertex 6.89429 6.89429 5.8
    endloop
  endfacet
  facet normal 0.729862 0.683594 0
    outer loop
      vertex 6.89429 6.89429 3.7
      vertex 7.33044 6.42862 5.8
      vertex 7.33044 6.42862 3.7
    endloop
  endfacet
  facet normal -0.683594 0.729862 0
    outer loop
      vertex -6.42862 7.33044 3.7
      vertex -6.89429 6.89429 5.8
      vertex -6.42862 7.33044 5.8
    endloop
  endfacet
  facet normal -0.683594 0.729862 0
    outer loop
      vertex -6.89429 6.89429 5.8
      vertex -6.42862 7.33044 3.7
      vertex -6.89429 6.89429 3.7
    endloop
  endfacet
  facet normal -0.352259 0.935903 0
    outer loop
      vertex -3.13403 9.23257 3.7
      vertex -3.73116 9.00782 5.8
      vertex -3.13403 9.23257 5.8
    endloop
  endfacet
  facet normal -0.352259 0.935903 0
    outer loop
      vertex -3.73116 9.00782 5.8
      vertex -3.13403 9.23257 3.7
      vertex -3.73116 9.00782 3.7
    endloop
  endfacet
  facet normal 0.935903 0.352259 0
    outer loop
      vertex 9.23257 3.13403 5.8
      vertex 9.00782 3.73116 3.7
      vertex 9.00782 3.73116 5.8
    endloop
  endfacet
  facet normal 0.935903 0.352259 0
    outer loop
      vertex 9.00782 3.73116 3.7
      vertex 9.23257 3.13403 5.8
      vertex 9.23257 3.13403 3.7
    endloop
  endfacet
  facet normal -0.849202 0.528069 0
    outer loop
      vertex -8.44375 4.875 3.7
      vertex -8.10683 5.41681 5.8
      vertex -8.10683 5.41681 3.7
    endloop
  endfacet
  facet normal -0.849202 0.528069 0
    outer loop
      vertex -8.10683 5.41681 5.8
      vertex -8.44375 4.875 3.7
      vertex -8.44375 4.875 5.8
    endloop
  endfacet
  facet normal -0.773017 0.634385 0
    outer loop
      vertex -7.73519 5.93542 3.7
      vertex -7.33044 6.42862 5.8
      vertex -7.33044 6.42862 3.7
    endloop
  endfacet
  facet normal -0.773017 0.634385 0
    outer loop
      vertex -7.33044 6.42862 5.8
      vertex -7.73519 5.93542 3.7
      vertex -7.73519 5.93542 5.8
    endloop
  endfacet
  facet normal -0.0980061 0.995186 0
    outer loop
      vertex -0.63768 9.72912 3.7
      vertex -1.27263 9.66659 5.8
      vertex -0.63768 9.72912 5.8
    endloop
  endfacet
  facet normal -0.0980061 0.995186 0
    outer loop
      vertex -1.27263 9.66659 5.8
      vertex -0.63768 9.72912 3.7
      vertex -1.27263 9.66659 3.7
    endloop
  endfacet
  facet normal 0.881924 -0.471392 0
    outer loop
      vertex 8.44375 -4.875 5.8
      vertex 8.74451 -4.31231 3.7
      vertex 8.74451 -4.31231 5.8
    endloop
  endfacet
  facet normal 0.881924 -0.471392 0
    outer loop
      vertex 8.74451 -4.31231 3.7
      vertex 8.44375 -4.875 5.8
      vertex 8.44375 -4.875 3.7
    endloop
  endfacet
  facet normal 0.227075 -0.973877 0
    outer loop
      vertex 1.90213 -9.56266 3.7
      vertex 2.52349 -9.41778 5.8
      vertex 1.90213 -9.56266 5.8
    endloop
  endfacet
  facet normal 0.227075 -0.973877 0
    outer loop
      vertex 2.52349 -9.41778 5.8
      vertex 1.90213 -9.56266 3.7
      vertex 2.52349 -9.41778 3.7
    endloop
  endfacet
  facet normal 0.683594 -0.729862 0
    outer loop
      vertex 6.42862 -7.33044 3.7
      vertex 6.89429 -6.89429 5.8
      vertex 6.42862 -7.33044 5.8
    endloop
  endfacet
  facet normal 0.683594 -0.729862 0
    outer loop
      vertex 6.89429 -6.89429 5.8
      vertex 6.42862 -7.33044 3.7
      vertex 6.89429 -6.89429 3.7
    endloop
  endfacet
  facet normal 0.773017 -0.634385 0
    outer loop
      vertex 7.33044 -6.42862 5.8
      vertex 7.73519 -5.93542 3.7
      vertex 7.73519 -5.93542 5.8
    endloop
  endfacet
  facet normal 0.773017 -0.634385 0
    outer loop
      vertex 7.73519 -5.93542 3.7
      vertex 7.33044 -6.42862 5.8
      vertex 7.33044 -6.42862 3.7
    endloop
  endfacet
  facet normal -0.352259 -0.935903 0
    outer loop
      vertex -3.73116 -9.00782 3.7
      vertex -3.13403 -9.23257 5.8
      vertex -3.73116 -9.00782 5.8
    endloop
  endfacet
  facet normal -0.352259 -0.935903 -0
    outer loop
      vertex -3.13403 -9.23257 5.8
      vertex -3.73116 -9.00782 3.7
      vertex -3.13403 -9.23257 3.7
    endloop
  endfacet
  facet normal -0.729862 -0.683594 0
    outer loop
      vertex -6.89429 -6.89429 3.7
      vertex -7.33044 -6.42862 5.8
      vertex -7.33044 -6.42862 3.7
    endloop
  endfacet
  facet normal -0.729862 -0.683594 0
    outer loop
      vertex -7.33044 -6.42862 5.8
      vertex -6.89429 -6.89429 3.7
      vertex -6.89429 -6.89429 5.8
    endloop
  endfacet
  facet normal -0.995186 -0.0980061 0
    outer loop
      vertex -9.66659 -1.27263 3.7
      vertex -9.72912 -0.63768 5.8
      vertex -9.72912 -0.63768 3.7
    endloop
  endfacet
  facet normal -0.995186 -0.0980061 0
    outer loop
      vertex -9.72912 -0.63768 5.8
      vertex -9.66659 -1.27263 3.7
      vertex -9.66659 -1.27263 5.8
    endloop
  endfacet
  facet normal 0.986644 0.162894 0
    outer loop
      vertex 9.66659 1.27263 5.8
      vertex 9.56266 1.90213 3.7
      vertex 9.56266 1.90213 5.8
    endloop
  endfacet
  facet normal 0.986644 0.162894 0
    outer loop
      vertex 9.56266 1.90213 3.7
      vertex 9.66659 1.27263 5.8
      vertex 9.66659 1.27263 3.7
    endloop
  endfacet
  facet normal 0.995186 0.0980061 0
    outer loop
      vertex 9.72912 0.63768 5.8
      vertex 9.66659 1.27263 3.7
      vertex 9.66659 1.27263 5.8
    endloop
  endfacet
  facet normal 0.995186 0.0980061 0
    outer loop
      vertex 9.66659 1.27263 3.7
      vertex 9.72912 0.63768 5.8
      vertex 9.72912 0.63768 3.7
    endloop
  endfacet
  facet normal 0.973877 0.227075 0
    outer loop
      vertex 9.56266 1.90213 5.8
      vertex 9.41778 2.52349 3.7
      vertex 9.41778 2.52349 5.8
    endloop
  endfacet
  facet normal 0.973877 0.227075 0
    outer loop
      vertex 9.41778 2.52349 3.7
      vertex 9.56266 1.90213 5.8
      vertex 9.56266 1.90213 3.7
    endloop
  endfacet
  facet normal 0.849202 0.528069 0
    outer loop
      vertex 8.44375 4.875 5.8
      vertex 8.10683 5.41681 3.7
      vertex 8.10683 5.41681 5.8
    endloop
  endfacet
  facet normal 0.849202 0.528069 0
    outer loop
      vertex 8.10683 5.41681 3.7
      vertex 8.44375 4.875 5.8
      vertex 8.44375 4.875 3.7
    endloop
  endfacet
  facet normal 0.290291 0.956938 -0
    outer loop
      vertex 3.13403 9.23257 3.7
      vertex 2.52349 9.41778 5.8
      vertex 3.13403 9.23257 5.8
    endloop
  endfacet
  facet normal 0.290291 0.956938 0
    outer loop
      vertex 2.52349 9.41778 5.8
      vertex 3.13403 9.23257 3.7
      vertex 2.52349 9.41778 3.7
    endloop
  endfacet
  facet normal 0.528069 0.849202 -0
    outer loop
      vertex 5.41681 8.10683 3.7
      vertex 4.875 8.44375 5.8
      vertex 5.41681 8.10683 5.8
    endloop
  endfacet
  facet normal 0.528069 0.849202 0
    outer loop
      vertex 4.875 8.44375 5.8
      vertex 5.41681 8.10683 3.7
      vertex 4.875 8.44375 3.7
    endloop
  endfacet
  facet normal 0.683594 0.729862 -0
    outer loop
      vertex 6.89429 6.89429 3.7
      vertex 6.42862 7.33044 5.8
      vertex 6.89429 6.89429 5.8
    endloop
  endfacet
  facet normal 0.683594 0.729862 0
    outer loop
      vertex 6.42862 7.33044 5.8
      vertex 6.89429 6.89429 3.7
      vertex 6.42862 7.33044 3.7
    endloop
  endfacet
  facet normal -0.956938 0.290291 0
    outer loop
      vertex -9.41778 2.52349 3.7
      vertex -9.23257 3.13403 5.8
      vertex -9.23257 3.13403 3.7
    endloop
  endfacet
  facet normal -0.956938 0.290291 0
    outer loop
      vertex -9.23257 3.13403 5.8
      vertex -9.41778 2.52349 3.7
      vertex -9.41778 2.52349 5.8
    endloop
  endfacet
  facet normal -0.729862 0.683594 0
    outer loop
      vertex -7.33044 6.42862 3.7
      vertex -6.89429 6.89429 5.8
      vertex -6.89429 6.89429 3.7
    endloop
  endfacet
  facet normal -0.729862 0.683594 0
    outer loop
      vertex -6.89429 6.89429 5.8
      vertex -7.33044 6.42862 3.7
      vertex -7.33044 6.42862 5.8
    endloop
  endfacet
  facet normal -0.471392 0.881924 0
    outer loop
      vertex -4.31231 8.74451 3.7
      vertex -4.875 8.44375 5.8
      vertex -4.31231 8.74451 5.8
    endloop
  endfacet
  facet normal -0.471392 0.881924 0
    outer loop
      vertex -4.875 8.44375 5.8
      vertex -4.31231 8.74451 3.7
      vertex -4.875 8.44375 3.7
    endloop
  endfacet
  facet normal -0.528069 0.849202 0
    outer loop
      vertex -4.875 8.44375 3.7
      vertex -5.41681 8.10683 5.8
      vertex -4.875 8.44375 5.8
    endloop
  endfacet
  facet normal -0.528069 0.849202 0
    outer loop
      vertex -5.41681 8.10683 5.8
      vertex -4.875 8.44375 3.7
      vertex -5.41681 8.10683 3.7
    endloop
  endfacet
  facet normal -0.290291 0.956938 0
    outer loop
      vertex -2.52349 9.41778 3.7
      vertex -3.13403 9.23257 5.8
      vertex -2.52349 9.41778 5.8
    endloop
  endfacet
  facet normal -0.290291 0.956938 0
    outer loop
      vertex -3.13403 9.23257 5.8
      vertex -2.52349 9.41778 3.7
      vertex -3.13403 9.23257 3.7
    endloop
  endfacet
  facet normal -0.0327262 0.999464 0
    outer loop
      vertex 0 9.75 3.7
      vertex -0.63768 9.72912 5.8
      vertex 0 9.75 5.8
    endloop
  endfacet
  facet normal -0.0327262 0.999464 0
    outer loop
      vertex -0.63768 9.72912 5.8
      vertex 0 9.75 3.7
      vertex -0.63768 9.72912 3.7
    endloop
  endfacet
  facet normal 0.986644 -0.162894 0
    outer loop
      vertex 9.56266 -1.90213 5.8
      vertex 9.66659 -1.27263 3.7
      vertex 9.66659 -1.27263 5.8
    endloop
  endfacet
  facet normal 0.986644 -0.162894 0
    outer loop
      vertex 9.66659 -1.27263 3.7
      vertex 9.56266 -1.90213 5.8
      vertex 9.56266 -1.90213 3.7
    endloop
  endfacet
  facet normal 0.0980061 -0.995186 0
    outer loop
      vertex 0.63768 -9.72912 3.7
      vertex 1.27263 -9.66659 5.8
      vertex 0.63768 -9.72912 5.8
    endloop
  endfacet
  facet normal 0.0980061 -0.995186 0
    outer loop
      vertex 1.27263 -9.66659 5.8
      vertex 0.63768 -9.72912 3.7
      vertex 1.27263 -9.66659 3.7
    endloop
  endfacet
  facet normal 0.0327262 -0.999464 0
    outer loop
      vertex 0 -9.75 3.7
      vertex 0.63768 -9.72912 5.8
      vertex 0 -9.75 5.8
    endloop
  endfacet
  facet normal 0.0327262 -0.999464 0
    outer loop
      vertex 0.63768 -9.72912 5.8
      vertex 0 -9.75 3.7
      vertex 0.63768 -9.72912 3.7
    endloop
  endfacet
  facet normal 0.956938 -0.290291 0
    outer loop
      vertex 9.23257 -3.13403 5.8
      vertex 9.41778 -2.52349 3.7
      vertex 9.41778 -2.52349 5.8
    endloop
  endfacet
  facet normal 0.956938 -0.290291 0
    outer loop
      vertex 9.41778 -2.52349 3.7
      vertex 9.23257 -3.13403 5.8
      vertex 9.23257 -3.13403 3.7
    endloop
  endfacet
  facet normal -0.290291 -0.956938 0
    outer loop
      vertex -3.13403 -9.23257 3.7
      vertex -2.52349 -9.41778 5.8
      vertex -3.13403 -9.23257 5.8
    endloop
  endfacet
  facet normal -0.290291 -0.956938 -0
    outer loop
      vertex -2.52349 -9.41778 5.8
      vertex -3.13403 -9.23257 3.7
      vertex -2.52349 -9.41778 3.7
    endloop
  endfacet
  facet normal -0.683594 -0.729862 0
    outer loop
      vertex -6.89429 -6.89429 3.7
      vertex -6.42862 -7.33044 5.8
      vertex -6.89429 -6.89429 5.8
    endloop
  endfacet
  facet normal -0.683594 -0.729862 -0
    outer loop
      vertex -6.42862 -7.33044 5.8
      vertex -6.89429 -6.89429 3.7
      vertex -6.42862 -7.33044 3.7
    endloop
  endfacet
  facet normal -0.634385 -0.773017 0
    outer loop
      vertex -6.42862 -7.33044 3.7
      vertex -5.93542 -7.73519 5.8
      vertex -6.42862 -7.33044 5.8
    endloop
  endfacet
  facet normal -0.634385 -0.773017 -0
    outer loop
      vertex -5.93542 -7.73519 5.8
      vertex -6.42862 -7.33044 3.7
      vertex -5.93542 -7.73519 3.7
    endloop
  endfacet
  facet normal -0.4127 -0.910867 0
    outer loop
      vertex -4.31231 -8.74451 3.7
      vertex -3.73116 -9.00782 5.8
      vertex -4.31231 -8.74451 5.8
    endloop
  endfacet
  facet normal -0.4127 -0.910867 -0
    outer loop
      vertex -3.73116 -9.00782 5.8
      vertex -4.31231 -8.74451 3.7
      vertex -3.73116 -9.00782 3.7
    endloop
  endfacet
  facet normal -0.528069 -0.849202 0
    outer loop
      vertex -5.41681 -8.10683 3.7
      vertex -4.875 -8.44375 5.8
      vertex -5.41681 -8.10683 5.8
    endloop
  endfacet
  facet normal -0.528069 -0.849202 -0
    outer loop
      vertex -4.875 -8.44375 5.8
      vertex -5.41681 -8.10683 3.7
      vertex -4.875 -8.44375 3.7
    endloop
  endfacet
  facet normal -0.0980061 -0.995186 0
    outer loop
      vertex -1.27263 -9.66659 3.7
      vertex -0.63768 -9.72912 5.8
      vertex -1.27263 -9.66659 5.8
    endloop
  endfacet
  facet normal -0.0980061 -0.995186 -0
    outer loop
      vertex -0.63768 -9.72912 5.8
      vertex -1.27263 -9.66659 3.7
      vertex -0.63768 -9.72912 3.7
    endloop
  endfacet
  facet normal -0.849202 -0.528069 0
    outer loop
      vertex -8.10683 -5.41681 3.7
      vertex -8.44375 -4.875 5.8
      vertex -8.44375 -4.875 3.7
    endloop
  endfacet
  facet normal -0.849202 -0.528069 0
    outer loop
      vertex -8.44375 -4.875 5.8
      vertex -8.10683 -5.41681 3.7
      vertex -8.10683 -5.41681 5.8
    endloop
  endfacet
  facet normal -0.935903 -0.352259 0
    outer loop
      vertex -9.00782 -3.73116 3.7
      vertex -9.23257 -3.13403 5.8
      vertex -9.23257 -3.13403 3.7
    endloop
  endfacet
  facet normal -0.935903 -0.352259 0
    outer loop
      vertex -9.23257 -3.13403 5.8
      vertex -9.00782 -3.73116 3.7
      vertex -9.00782 -3.73116 5.8
    endloop
  endfacet
  facet normal -0.999464 -0.0327262 0
    outer loop
      vertex -9.72912 -0.63768 3.7
      vertex -9.75 0 5.8
      vertex -9.75 0 3.7
    endloop
  endfacet
  facet normal -0.999464 -0.0327262 0
    outer loop
      vertex -9.75 0 5.8
      vertex -9.72912 -0.63768 3.7
      vertex -9.72912 -0.63768 5.8
    endloop
  endfacet
  facet normal 0.956938 0.290291 0
    outer loop
      vertex 9.41778 2.52349 5.8
      vertex 9.23257 3.13403 3.7
      vertex 9.23257 3.13403 5.8
    endloop
  endfacet
  facet normal 0.956938 0.290291 0
    outer loop
      vertex 9.23257 3.13403 3.7
      vertex 9.41778 2.52349 5.8
      vertex 9.41778 2.52349 3.7
    endloop
  endfacet
  facet normal 0.81284 0.582487 0
    outer loop
      vertex 8.10683 5.41681 5.8
      vertex 7.73519 5.93542 3.7
      vertex 7.73519 5.93542 5.8
    endloop
  endfacet
  facet normal 0.81284 0.582487 0
    outer loop
      vertex 7.73519 5.93542 3.7
      vertex 8.10683 5.41681 5.8
      vertex 8.10683 5.41681 3.7
    endloop
  endfacet
  facet normal 0.773017 0.634385 0
    outer loop
      vertex 7.73519 5.93542 5.8
      vertex 7.33044 6.42862 3.7
      vertex 7.33044 6.42862 5.8
    endloop
  endfacet
  facet normal 0.773017 0.634385 0
    outer loop
      vertex 7.33044 6.42862 3.7
      vertex 7.73519 5.93542 5.8
      vertex 7.73519 5.93542 3.7
    endloop
  endfacet
  facet normal 0.881924 0.471392 0
    outer loop
      vertex 8.74451 4.31231 5.8
      vertex 8.44375 4.875 3.7
      vertex 8.44375 4.875 5.8
    endloop
  endfacet
  facet normal 0.881924 0.471392 0
    outer loop
      vertex 8.44375 4.875 3.7
      vertex 8.74451 4.31231 5.8
      vertex 8.74451 4.31231 3.7
    endloop
  endfacet
  facet normal 0.910867 0.4127 0
    outer loop
      vertex 9.00782 3.73116 5.8
      vertex 8.74451 4.31231 3.7
      vertex 8.74451 4.31231 5.8
    endloop
  endfacet
  facet normal 0.910867 0.4127 0
    outer loop
      vertex 8.74451 4.31231 3.7
      vertex 9.00782 3.73116 5.8
      vertex 9.00782 3.73116 3.7
    endloop
  endfacet
  facet normal 0.352259 0.935903 -0
    outer loop
      vertex 3.73116 9.00782 3.7
      vertex 3.13403 9.23257 5.8
      vertex 3.73116 9.00782 5.8
    endloop
  endfacet
  facet normal 0.352259 0.935903 0
    outer loop
      vertex 3.13403 9.23257 5.8
      vertex 3.73116 9.00782 3.7
      vertex 3.13403 9.23257 3.7
    endloop
  endfacet
  facet normal 0.227075 0.973877 -0
    outer loop
      vertex 2.52349 9.41778 3.7
      vertex 1.90213 9.56266 5.8
      vertex 2.52349 9.41778 5.8
    endloop
  endfacet
  facet normal 0.227075 0.973877 0
    outer loop
      vertex 1.90213 9.56266 5.8
      vertex 2.52349 9.41778 3.7
      vertex 1.90213 9.56266 3.7
    endloop
  endfacet
  facet normal 0.0980061 0.995186 -0
    outer loop
      vertex 1.27263 9.66659 3.7
      vertex 0.63768 9.72912 5.8
      vertex 1.27263 9.66659 5.8
    endloop
  endfacet
  facet normal 0.0980061 0.995186 0
    outer loop
      vertex 0.63768 9.72912 5.8
      vertex 1.27263 9.66659 3.7
      vertex 0.63768 9.72912 3.7
    endloop
  endfacet
  facet normal 0.4127 0.910867 -0
    outer loop
      vertex 4.31231 8.74451 3.7
      vertex 3.73116 9.00782 5.8
      vertex 4.31231 8.74451 5.8
    endloop
  endfacet
  facet normal 0.4127 0.910867 0
    outer loop
      vertex 3.73116 9.00782 5.8
      vertex 4.31231 8.74451 3.7
      vertex 3.73116 9.00782 3.7
    endloop
  endfacet
  facet normal 0.582487 0.81284 -0
    outer loop
      vertex 5.93542 7.73519 3.7
      vertex 5.41681 8.10683 5.8
      vertex 5.93542 7.73519 5.8
    endloop
  endfacet
  facet normal 0.582487 0.81284 0
    outer loop
      vertex 5.41681 8.10683 5.8
      vertex 5.93542 7.73519 3.7
      vertex 5.41681 8.10683 3.7
    endloop
  endfacet
  facet normal -0.910867 0.4127 0
    outer loop
      vertex -9.00782 3.73116 3.7
      vertex -8.74451 4.31231 5.8
      vertex -8.74451 4.31231 3.7
    endloop
  endfacet
  facet normal -0.910867 0.4127 0
    outer loop
      vertex -8.74451 4.31231 5.8
      vertex -9.00782 3.73116 3.7
      vertex -9.00782 3.73116 5.8
    endloop
  endfacet
  facet normal -0.935903 0.352259 0
    outer loop
      vertex -9.23257 3.13403 3.7
      vertex -9.00782 3.73116 5.8
      vertex -9.00782 3.73116 3.7
    endloop
  endfacet
  facet normal -0.935903 0.352259 0
    outer loop
      vertex -9.00782 3.73116 5.8
      vertex -9.23257 3.13403 3.7
      vertex -9.23257 3.13403 5.8
    endloop
  endfacet
  facet normal -0.973877 0.227075 0
    outer loop
      vertex -9.56266 1.90213 3.7
      vertex -9.41778 2.52349 5.8
      vertex -9.41778 2.52349 3.7
    endloop
  endfacet
  facet normal -0.973877 0.227075 0
    outer loop
      vertex -9.41778 2.52349 5.8
      vertex -9.56266 1.90213 3.7
      vertex -9.56266 1.90213 5.8
    endloop
  endfacet
  facet normal -0.995186 0.0980061 0
    outer loop
      vertex -9.72912 0.63768 3.7
      vertex -9.66659 1.27263 5.8
      vertex -9.66659 1.27263 3.7
    endloop
  endfacet
  facet normal -0.995186 0.0980061 0
    outer loop
      vertex -9.66659 1.27263 5.8
      vertex -9.72912 0.63768 3.7
      vertex -9.72912 0.63768 5.8
    endloop
  endfacet
  facet normal -0.582487 0.81284 0
    outer loop
      vertex -5.41681 8.10683 3.7
      vertex -5.93542 7.73519 5.8
      vertex -5.41681 8.10683 5.8
    endloop
  endfacet
  facet normal -0.582487 0.81284 0
    outer loop
      vertex -5.93542 7.73519 5.8
      vertex -5.41681 8.10683 3.7
      vertex -5.93542 7.73519 3.7
    endloop
  endfacet
  facet normal -0.634385 0.773017 0
    outer loop
      vertex -5.93542 7.73519 3.7
      vertex -6.42862 7.33044 5.8
      vertex -5.93542 7.73519 5.8
    endloop
  endfacet
  facet normal -0.634385 0.773017 0
    outer loop
      vertex -6.42862 7.33044 5.8
      vertex -5.93542 7.73519 3.7
      vertex -6.42862 7.33044 3.7
    endloop
  endfacet
  facet normal -0.162894 0.986644 0
    outer loop
      vertex -1.27263 9.66659 3.7
      vertex -1.90213 9.56266 5.8
      vertex -1.27263 9.66659 5.8
    endloop
  endfacet
  facet normal -0.162894 0.986644 0
    outer loop
      vertex -1.90213 9.56266 5.8
      vertex -1.27263 9.66659 3.7
      vertex -1.90213 9.56266 3.7
    endloop
  endfacet
  facet normal 0.352259 -0.935903 0
    outer loop
      vertex 3.13403 -9.23257 3.7
      vertex 3.73116 -9.00782 5.8
      vertex 3.13403 -9.23257 5.8
    endloop
  endfacet
  facet normal 0.352259 -0.935903 0
    outer loop
      vertex 3.73116 -9.00782 5.8
      vertex 3.13403 -9.23257 3.7
      vertex 3.73116 -9.00782 3.7
    endloop
  endfacet
  facet normal 0.290291 -0.956938 0
    outer loop
      vertex 2.52349 -9.41778 3.7
      vertex 3.13403 -9.23257 5.8
      vertex 2.52349 -9.41778 5.8
    endloop
  endfacet
  facet normal 0.290291 -0.956938 0
    outer loop
      vertex 3.13403 -9.23257 5.8
      vertex 2.52349 -9.41778 3.7
      vertex 3.13403 -9.23257 3.7
    endloop
  endfacet
  facet normal 0.582487 -0.81284 0
    outer loop
      vertex 5.41681 -8.10683 3.7
      vertex 5.93542 -7.73519 5.8
      vertex 5.41681 -8.10683 5.8
    endloop
  endfacet
  facet normal 0.582487 -0.81284 0
    outer loop
      vertex 5.93542 -7.73519 5.8
      vertex 5.41681 -8.10683 3.7
      vertex 5.93542 -7.73519 3.7
    endloop
  endfacet
  facet normal 0.4127 -0.910867 0
    outer loop
      vertex 3.73116 -9.00782 3.7
      vertex 4.31231 -8.74451 5.8
      vertex 3.73116 -9.00782 5.8
    endloop
  endfacet
  facet normal 0.4127 -0.910867 0
    outer loop
      vertex 4.31231 -8.74451 5.8
      vertex 3.73116 -9.00782 3.7
      vertex 4.31231 -8.74451 3.7
    endloop
  endfacet
  facet normal 0.528069 -0.849202 0
    outer loop
      vertex 4.875 -8.44375 3.7
      vertex 5.41681 -8.10683 5.8
      vertex 4.875 -8.44375 5.8
    endloop
  endfacet
  facet normal 0.528069 -0.849202 0
    outer loop
      vertex 5.41681 -8.10683 5.8
      vertex 4.875 -8.44375 3.7
      vertex 5.41681 -8.10683 3.7
    endloop
  endfacet
  facet normal 0.471392 -0.881924 0
    outer loop
      vertex 4.31231 -8.74451 3.7
      vertex 4.875 -8.44375 5.8
      vertex 4.31231 -8.74451 5.8
    endloop
  endfacet
  facet normal 0.471392 -0.881924 0
    outer loop
      vertex 4.875 -8.44375 5.8
      vertex 4.31231 -8.74451 3.7
      vertex 4.875 -8.44375 3.7
    endloop
  endfacet
  facet normal 0.729862 -0.683594 0
    outer loop
      vertex 6.89429 -6.89429 5.8
      vertex 7.33044 -6.42862 3.7
      vertex 7.33044 -6.42862 5.8
    endloop
  endfacet
  facet normal 0.729862 -0.683594 0
    outer loop
      vertex 7.33044 -6.42862 3.7
      vertex 6.89429 -6.89429 5.8
      vertex 6.89429 -6.89429 3.7
    endloop
  endfacet
  facet normal 0.935903 -0.352259 0
    outer loop
      vertex 9.00782 -3.73116 5.8
      vertex 9.23257 -3.13403 3.7
      vertex 9.23257 -3.13403 5.8
    endloop
  endfacet
  facet normal 0.935903 -0.352259 0
    outer loop
      vertex 9.23257 -3.13403 3.7
      vertex 9.00782 -3.73116 5.8
      vertex 9.00782 -3.73116 3.7
    endloop
  endfacet
  facet normal 0.910867 -0.4127 0
    outer loop
      vertex 8.74451 -4.31231 5.8
      vertex 9.00782 -3.73116 3.7
      vertex 9.00782 -3.73116 5.8
    endloop
  endfacet
  facet normal 0.910867 -0.4127 0
    outer loop
      vertex 9.00782 -3.73116 3.7
      vertex 8.74451 -4.31231 5.8
      vertex 8.74451 -4.31231 3.7
    endloop
  endfacet
  facet normal 0.973877 -0.227075 0
    outer loop
      vertex 9.41778 -2.52349 5.8
      vertex 9.56266 -1.90213 3.7
      vertex 9.56266 -1.90213 5.8
    endloop
  endfacet
  facet normal 0.973877 -0.227075 0
    outer loop
      vertex 9.56266 -1.90213 3.7
      vertex 9.41778 -2.52349 5.8
      vertex 9.41778 -2.52349 3.7
    endloop
  endfacet
  facet normal -0.471392 -0.881924 0
    outer loop
      vertex -4.875 -8.44375 3.7
      vertex -4.31231 -8.74451 5.8
      vertex -4.875 -8.44375 5.8
    endloop
  endfacet
  facet normal -0.471392 -0.881924 -0
    outer loop
      vertex -4.31231 -8.74451 5.8
      vertex -4.875 -8.44375 3.7
      vertex -4.31231 -8.74451 3.7
    endloop
  endfacet
  facet normal -0.162894 -0.986644 0
    outer loop
      vertex -1.90213 -9.56266 3.7
      vertex -1.27263 -9.66659 5.8
      vertex -1.90213 -9.56266 5.8
    endloop
  endfacet
  facet normal -0.162894 -0.986644 -0
    outer loop
      vertex -1.27263 -9.66659 5.8
      vertex -1.90213 -9.56266 3.7
      vertex -1.27263 -9.66659 3.7
    endloop
  endfacet
  facet normal -0.0327262 -0.999464 0
    outer loop
      vertex -0.63768 -9.72912 3.7
      vertex 0 -9.75 5.8
      vertex -0.63768 -9.72912 5.8
    endloop
  endfacet
  facet normal -0.0327262 -0.999464 -0
    outer loop
      vertex 0 -9.75 5.8
      vertex -0.63768 -9.72912 3.7
      vertex 0 -9.75 3.7
    endloop
  endfacet
  facet normal -0.910867 -0.4127 0
    outer loop
      vertex -8.74451 -4.31231 3.7
      vertex -9.00782 -3.73116 5.8
      vertex -9.00782 -3.73116 3.7
    endloop
  endfacet
  facet normal -0.910867 -0.4127 0
    outer loop
      vertex -9.00782 -3.73116 5.8
      vertex -8.74451 -4.31231 3.7
      vertex -8.74451 -4.31231 5.8
    endloop
  endfacet
  facet normal -0.881924 -0.471392 0
    outer loop
      vertex -8.44375 -4.875 3.7
      vertex -8.74451 -4.31231 5.8
      vertex -8.74451 -4.31231 3.7
    endloop
  endfacet
  facet normal -0.881924 -0.471392 0
    outer loop
      vertex -8.74451 -4.31231 5.8
      vertex -8.44375 -4.875 3.7
      vertex -8.44375 -4.875 5.8
    endloop
  endfacet
  facet normal -0.81284 -0.582487 0
    outer loop
      vertex -7.73519 -5.93542 3.7
      vertex -8.10683 -5.41681 5.8
      vertex -8.10683 -5.41681 3.7
    endloop
  endfacet
  facet normal -0.81284 -0.582487 0
    outer loop
      vertex -8.10683 -5.41681 5.8
      vertex -7.73519 -5.93542 3.7
      vertex -7.73519 -5.93542 5.8
    endloop
  endfacet
  facet normal -0.973877 -0.227075 0
    outer loop
      vertex -9.41778 -2.52349 3.7
      vertex -9.56266 -1.90213 5.8
      vertex -9.56266 -1.90213 3.7
    endloop
  endfacet
  facet normal -0.973877 -0.227075 0
    outer loop
      vertex -9.56266 -1.90213 5.8
      vertex -9.41778 -2.52349 3.7
      vertex -9.41778 -2.52349 5.8
    endloop
  endfacet
  facet normal 0.162894 0.986644 -0
    outer loop
      vertex 1.90213 9.56266 3.7
      vertex 1.27263 9.66659 5.8
      vertex 1.90213 9.56266 5.8
    endloop
  endfacet
  facet normal 0.162894 0.986644 0
    outer loop
      vertex 1.27263 9.66659 5.8
      vertex 1.90213 9.56266 3.7
      vertex 1.27263 9.66659 3.7
    endloop
  endfacet
  facet normal 0.471392 0.881924 -0
    outer loop
      vertex 4.875 8.44375 3.7
      vertex 4.31231 8.74451 5.8
      vertex 4.875 8.44375 5.8
    endloop
  endfacet
  facet normal 0.471392 0.881924 0
    outer loop
      vertex 4.31231 8.74451 5.8
      vertex 4.875 8.44375 3.7
      vertex 4.31231 8.74451 3.7
    endloop
  endfacet
  facet normal 0.634385 0.773017 -0
    outer loop
      vertex 6.42862 7.33044 3.7
      vertex 5.93542 7.73519 5.8
      vertex 6.42862 7.33044 5.8
    endloop
  endfacet
  facet normal 0.634385 0.773017 0
    outer loop
      vertex 5.93542 7.73519 5.8
      vertex 6.42862 7.33044 3.7
      vertex 5.93542 7.73519 3.7
    endloop
  endfacet
  facet normal -0.81284 0.582487 0
    outer loop
      vertex -8.10683 5.41681 3.7
      vertex -7.73519 5.93542 5.8
      vertex -7.73519 5.93542 3.7
    endloop
  endfacet
  facet normal -0.81284 0.582487 0
    outer loop
      vertex -7.73519 5.93542 5.8
      vertex -8.10683 5.41681 3.7
      vertex -8.10683 5.41681 5.8
    endloop
  endfacet
  facet normal -0.881924 0.471392 0
    outer loop
      vertex -8.74451 4.31231 3.7
      vertex -8.44375 4.875 5.8
      vertex -8.44375 4.875 3.7
    endloop
  endfacet
  facet normal -0.881924 0.471392 0
    outer loop
      vertex -8.44375 4.875 5.8
      vertex -8.74451 4.31231 3.7
      vertex -8.74451 4.31231 5.8
    endloop
  endfacet
  facet normal -0.986644 0.162894 0
    outer loop
      vertex -9.66659 1.27263 3.7
      vertex -9.56266 1.90213 5.8
      vertex -9.56266 1.90213 3.7
    endloop
  endfacet
  facet normal -0.986644 0.162894 0
    outer loop
      vertex -9.56266 1.90213 5.8
      vertex -9.66659 1.27263 3.7
      vertex -9.66659 1.27263 5.8
    endloop
  endfacet
  facet normal -0.4127 0.910867 0
    outer loop
      vertex -3.73116 9.00782 3.7
      vertex -4.31231 8.74451 5.8
      vertex -3.73116 9.00782 5.8
    endloop
  endfacet
  facet normal -0.4127 0.910867 0
    outer loop
      vertex -4.31231 8.74451 5.8
      vertex -3.73116 9.00782 3.7
      vertex -4.31231 8.74451 3.7
    endloop
  endfacet
  facet normal -0.227075 0.973877 0
    outer loop
      vertex -1.90213 9.56266 3.7
      vertex -2.52349 9.41778 5.8
      vertex -1.90213 9.56266 5.8
    endloop
  endfacet
  facet normal -0.227075 0.973877 0
    outer loop
      vertex -2.52349 9.41778 5.8
      vertex -1.90213 9.56266 3.7
      vertex -2.52349 9.41778 3.7
    endloop
  endfacet
  facet normal 0.162894 -0.986644 0
    outer loop
      vertex 1.27263 -9.66659 3.7
      vertex 1.90213 -9.56266 5.8
      vertex 1.27263 -9.66659 5.8
    endloop
  endfacet
  facet normal 0.162894 -0.986644 0
    outer loop
      vertex 1.90213 -9.56266 5.8
      vertex 1.27263 -9.66659 3.7
      vertex 1.90213 -9.56266 3.7
    endloop
  endfacet
  facet normal 0.634385 -0.773017 0
    outer loop
      vertex 5.93542 -7.73519 3.7
      vertex 6.42862 -7.33044 5.8
      vertex 5.93542 -7.73519 5.8
    endloop
  endfacet
  facet normal 0.634385 -0.773017 0
    outer loop
      vertex 6.42862 -7.33044 5.8
      vertex 5.93542 -7.73519 3.7
      vertex 6.42862 -7.33044 3.7
    endloop
  endfacet
  facet normal 0.849202 -0.528069 0
    outer loop
      vertex 8.10683 -5.41681 5.8
      vertex 8.44375 -4.875 3.7
      vertex 8.44375 -4.875 5.8
    endloop
  endfacet
  facet normal 0.849202 -0.528069 0
    outer loop
      vertex 8.44375 -4.875 3.7
      vertex 8.10683 -5.41681 5.8
      vertex 8.10683 -5.41681 3.7
    endloop
  endfacet
  facet normal 0.995186 -0.0980061 0
    outer loop
      vertex 9.66659 -1.27263 5.8
      vertex 9.72912 -0.63768 3.7
      vertex 9.72912 -0.63768 5.8
    endloop
  endfacet
  facet normal 0.995186 -0.0980061 0
    outer loop
      vertex 9.72912 -0.63768 3.7
      vertex 9.66659 -1.27263 5.8
      vertex 9.66659 -1.27263 3.7
    endloop
  endfacet
  facet normal -0.582487 -0.81284 0
    outer loop
      vertex -5.93542 -7.73519 3.7
      vertex -5.41681 -8.10683 5.8
      vertex -5.93542 -7.73519 5.8
    endloop
  endfacet
  facet normal -0.582487 -0.81284 -0
    outer loop
      vertex -5.41681 -8.10683 5.8
      vertex -5.93542 -7.73519 3.7
      vertex -5.41681 -8.10683 3.7
    endloop
  endfacet
  facet normal -0.227075 -0.973877 0
    outer loop
      vertex -2.52349 -9.41778 3.7
      vertex -1.90213 -9.56266 5.8
      vertex -2.52349 -9.41778 5.8
    endloop
  endfacet
  facet normal -0.227075 -0.973877 -0
    outer loop
      vertex -1.90213 -9.56266 5.8
      vertex -2.52349 -9.41778 3.7
      vertex -1.90213 -9.56266 3.7
    endloop
  endfacet
  facet normal -0.773017 -0.634385 0
    outer loop
      vertex -7.33044 -6.42862 3.7
      vertex -7.73519 -5.93542 5.8
      vertex -7.73519 -5.93542 3.7
    endloop
  endfacet
  facet normal -0.773017 -0.634385 0
    outer loop
      vertex -7.73519 -5.93542 5.8
      vertex -7.33044 -6.42862 3.7
      vertex -7.33044 -6.42862 5.8
    endloop
  endfacet
  facet normal -0.956938 -0.290291 0
    outer loop
      vertex -9.23257 -3.13403 3.7
      vertex -9.41778 -2.52349 5.8
      vertex -9.41778 -2.52349 3.7
    endloop
  endfacet
  facet normal -0.956938 -0.290291 0
    outer loop
      vertex -9.41778 -2.52349 5.8
      vertex -9.23257 -3.13403 3.7
      vertex -9.23257 -3.13403 5.8
    endloop
  endfacet
  facet normal -0.986644 -0.162894 0
    outer loop
      vertex -9.56266 -1.90213 3.7
      vertex -9.66659 -1.27263 5.8
      vertex -9.66659 -1.27263 3.7
    endloop
  endfacet
  facet normal -0.986644 -0.162894 0
    outer loop
      vertex -9.66659 -1.27263 5.8
      vertex -9.56266 -1.90213 3.7
      vertex -9.56266 -1.90213 5.8
    endloop
  endfacet
  facet normal 0.81284 -0.582487 0
    outer loop
      vertex 7.73519 -5.93542 5.8
      vertex 8.10683 -5.41681 3.7
      vertex 8.10683 -5.41681 5.8
    endloop
  endfacet
  facet normal 0.81284 -0.582487 0
    outer loop
      vertex 8.10683 -5.41681 3.7
      vertex 7.73519 -5.93542 5.8
      vertex 7.73519 -5.93542 3.7
    endloop
  endfacet
  facet normal 0.999464 -0.0327262 0
    outer loop
      vertex 9.72912 -0.63768 5.8
      vertex 9.75 0 3.7
      vertex 9.75 0 5.8
    endloop
  endfacet
  facet normal 0.999464 -0.0327262 0
    outer loop
      vertex 9.75 0 3.7
      vertex 9.72912 -0.63768 5.8
      vertex 9.72912 -0.63768 3.7
    endloop
  endfacet
  facet normal 0.00385038 -0.11766 -0.993047
    outer loop
      vertex 0.913681 -13.9401 6.3
      vertex 0 -13.97 6.3
      vertex 0 -9.75 5.8
    endloop
  endfacet
  facet normal 0.11766 0.00385038 -0.993047
    outer loop
      vertex 13.97 0 6.3
      vertex 9.75 0 5.8
      vertex 13.9401 0.913681 6.3
    endloop
  endfacet
  facet normal 0.117659 0.00385259 -0.993047
    outer loop
      vertex 9.75 0 5.8
      vertex 9.72912 0.63768 5.8
      vertex 13.9401 0.913681 6.3
    endloop
  endfacet
  facet normal 0.117659 -0.00385259 -0.993047
    outer loop
      vertex 13.9401 -0.913681 6.3
      vertex 9.72912 -0.63768 5.8
      vertex 9.75 0 5.8
    endloop
  endfacet
  facet normal -0.117659 -0.00385259 -0.993047
    outer loop
      vertex -9.72912 -0.63768 5.8
      vertex -13.9401 -0.913681 6.3
      vertex -9.75 0 5.8
    endloop
  endfacet
  facet normal -0.00385259 0.117659 -0.993047
    outer loop
      vertex -0.63768 9.72912 5.8
      vertex -0.913681 13.9401 6.3
      vertex 0 9.75 5.8
    endloop
  endfacet
  facet normal 0.0859213 -0.0804745 -0.993047
    outer loop
      vertex 9.87828 -9.87828 6.3
      vertex 6.89429 -6.89429 5.8
      vertex 7.33044 -6.42862 5.8
    endloop
  endfacet
  facet normal -0.0910021 0.0746819 -0.993046
    outer loop
      vertex -7.73519 5.93542 5.8
      vertex -11.0831 8.5044 6.3
      vertex -7.33044 6.42862 5.8
    endloop
  endfacet
  facet normal 0.11615 -0.0191746 -0.993047
    outer loop
      vertex 13.7016 -2.72541 6.3
      vertex 9.56266 -1.90213 5.8
      vertex 13.8505 -1.82345 6.3
    endloop
  endfacet
  facet normal 0.0485867 -0.107228 -0.993047
    outer loop
      vertex 5.34609 -12.9066 6.3
      vertex 3.73116 -9.00782 5.8
      vertex 6.17877 -12.5293 6.3
    endloop
  endfacet
  facet normal -0.0804743 -0.0859215 -0.993047
    outer loop
      vertex -9.21106 -10.5032 6.3
      vertex -9.87828 -9.87828 6.3
      vertex -6.42862 -7.33044 5.8
    endloop
  endfacet
  facet normal -0.117659 0.00385259 -0.993047
    outer loop
      vertex -9.75 0 5.8
      vertex -13.9401 0.913681 6.3
      vertex -9.72912 0.63768 5.8
    endloop
  endfacet
  facet normal 0.110178 -0.0414657 -0.993047
    outer loop
      vertex 12.9066 -5.34609 6.3
      vertex 9.00782 -3.73116 5.8
      vertex 13.2286 -4.49051 6.3
    endloop
  endfacet
  facet normal 0.110177 -0.0414689 -0.993046
    outer loop
      vertex 13.2286 -4.49051 6.3
      vertex 9.00782 -3.73116 5.8
      vertex 9.23257 -3.13403 5.8
    endloop
  endfacet
  facet normal 0.0999708 -0.062166 -0.993046
    outer loop
      vertex 11.6156 -7.76132 6.3
      vertex 8.10683 -5.41681 5.8
      vertex 8.44375 -4.875 5.8
    endloop
  endfacet
  facet normal 0.0267335 -0.114646 -0.993047
    outer loop
      vertex 2.72541 -13.7016 6.3
      vertex 1.90213 -9.56266 5.8
      vertex 3.6157 -13.494 6.3
    endloop
  endfacet
  facet normal 0.0414657 -0.110178 -0.993047
    outer loop
      vertex 4.49051 -13.2286 6.3
      vertex 3.73116 -9.00782 5.8
      vertex 5.34609 -12.9066 6.3
    endloop
  endfacet
  facet normal 0.0685726 -0.09569 -0.993046
    outer loop
      vertex 7.76132 -11.6156 6.3
      vertex 5.41681 -8.10683 5.8
      vertex 8.5044 -11.0831 6.3
    endloop
  endfacet
  facet normal 0.062166 -0.0999708 -0.993046
    outer loop
      vertex 7.76132 -11.6156 6.3
      vertex 4.875 -8.44375 5.8
      vertex 5.41681 -8.10683 5.8
    endloop
  endfacet
  facet normal -0.112653 -0.0341738 -0.993047
    outer loop
      vertex -9.23257 -3.13403 5.8
      vertex -13.494 -3.6157 6.3
      vertex -9.41778 -2.52349 5.8
    endloop
  endfacet
  facet normal -0.117155 -0.0115382 -0.993047
    outer loop
      vertex -13.8505 -1.82345 6.3
      vertex -13.9401 -0.913681 6.3
      vertex -9.72912 -0.63768 5.8
    endloop
  endfacet
  facet normal -0.0685726 -0.09569 -0.993046
    outer loop
      vertex -7.76132 -11.6156 6.3
      vertex -8.5044 -11.0831 6.3
      vertex -5.41681 -8.10683 5.8
    endloop
  endfacet
  facet normal 0.10723 0.0485842 -0.993046
    outer loop
      vertex 9.00782 3.73116 5.8
      vertex 8.74451 4.31231 5.8
      vertex 12.5293 6.17877 6.3
    endloop
  endfacet
  facet normal 0.0414689 0.110177 -0.993046
    outer loop
      vertex 3.73116 9.00782 5.8
      vertex 3.13403 9.23257 5.8
      vertex 4.49051 13.2286 6.3
    endloop
  endfacet
  facet normal -0.0115382 0.117155 -0.993047
    outer loop
      vertex -0.63768 9.72912 5.8
      vertex -1.82345 13.8505 6.3
      vertex -0.913681 13.9401 6.3
    endloop
  endfacet
  facet normal -0.0746819 0.0910021 -0.993046
    outer loop
      vertex -6.42862 7.33044 5.8
      vertex -8.5044 11.0831 6.3
      vertex -5.93542 7.73519 5.8
    endloop
  endfacet
  facet normal -0.110177 0.0414689 -0.993046
    outer loop
      vertex -9.23257 3.13403 5.8
      vertex -13.2286 4.49051 6.3
      vertex -9.00782 3.73116 5.8
    endloop
  endfacet
  facet normal 0.117155 -0.0115382 -0.993047
    outer loop
      vertex 13.8505 -1.82345 6.3
      vertex 9.72912 -0.63768 5.8
      vertex 13.9401 -0.913681 6.3
    endloop
  endfacet
  facet normal 0.11766 -0.00385038 -0.993047
    outer loop
      vertex 13.9401 -0.913681 6.3
      vertex 9.75 0 5.8
      vertex 13.97 0 6.3
    endloop
  endfacet
  facet normal 0.117156 -0.0115375 -0.993047
    outer loop
      vertex 13.8505 -1.82345 6.3
      vertex 9.66659 -1.27263 5.8
      vertex 9.72912 -0.63768 5.8
    endloop
  endfacet
  facet normal 0.112653 -0.0341766 -0.993046
    outer loop
      vertex 13.2286 -4.49051 6.3
      vertex 9.23257 -3.13403 5.8
      vertex 13.494 -3.6157 6.3
    endloop
  endfacet
  facet normal 0.103823 -0.0554936 -0.993046
    outer loop
      vertex 12.5293 -6.17877 6.3
      vertex 8.44375 -4.875 5.8
      vertex 8.74451 -4.31231 5.8
    endloop
  endfacet
  facet normal 0.107228 -0.0485867 -0.993047
    outer loop
      vertex 12.5293 -6.17877 6.3
      vertex 9.00782 -3.73116 5.8
      vertex 12.9066 -5.34609 6.3
    endloop
  endfacet
  facet normal 0.09569 -0.0685726 -0.993046
    outer loop
      vertex 11.0831 -8.5044 6.3
      vertex 8.10683 -5.41681 5.8
      vertex 11.6156 -7.76132 6.3
    endloop
  endfacet
  facet normal 0.0956902 -0.0685724 -0.993046
    outer loop
      vertex 11.0831 -8.5044 6.3
      vertex 7.73519 -5.93542 5.8
      vertex 8.10683 -5.41681 5.8
    endloop
  endfacet
  facet normal 0.0115375 -0.117156 -0.993047
    outer loop
      vertex 1.82345 -13.8505 6.3
      vertex 0.63768 -9.72912 5.8
      vertex 1.27263 -9.66659 5.8
    endloop
  endfacet
  facet normal 0.0804743 -0.0859215 -0.993047
    outer loop
      vertex 9.21106 -10.5032 6.3
      vertex 6.42862 -7.33044 5.8
      vertex 9.87828 -9.87828 6.3
    endloop
  endfacet
  facet normal 0.0621703 -0.0999669 -0.993047
    outer loop
      vertex 6.985 -12.0984 6.3
      vertex 4.875 -8.44375 5.8
      vertex 7.76132 -11.6156 6.3
    endloop
  endfacet
  facet normal 0.0554936 -0.103823 -0.993046
    outer loop
      vertex 6.17877 -12.5293 6.3
      vertex 4.31231 -8.74451 5.8
      vertex 4.875 -8.44375 5.8
    endloop
  endfacet
  facet normal -0.114647 -0.0267318 -0.993047
    outer loop
      vertex -9.41778 -2.52349 5.8
      vertex -13.494 -3.6157 6.3
      vertex -9.56266 -1.90213 5.8
    endloop
  endfacet
  facet normal -0.0746819 -0.0910021 -0.993046
    outer loop
      vertex -5.93542 -7.73519 5.8
      vertex -8.5044 -11.0831 6.3
      vertex -6.42862 -7.33044 5.8
    endloop
  endfacet
  facet normal -0.0956902 -0.0685724 -0.993046
    outer loop
      vertex -7.73519 -5.93542 5.8
      vertex -11.0831 -8.5044 6.3
      vertex -8.10683 -5.41681 5.8
    endloop
  endfacet
  facet normal -0.0859213 -0.0804745 -0.993047
    outer loop
      vertex -6.89429 -6.89429 5.8
      vertex -9.87828 -9.87828 6.3
      vertex -7.33044 -6.42862 5.8
    endloop
  endfacet
  facet normal 0.0621703 0.0999669 -0.993047
    outer loop
      vertex 7.76132 11.6156 6.3
      vertex 4.875 8.44375 5.8
      vertex 6.985 12.0984 6.3
    endloop
  endfacet
  facet normal -0.0267318 0.114647 -0.993047
    outer loop
      vertex -2.52349 9.41778 5.8
      vertex -3.6157 13.494 6.3
      vertex -1.90213 9.56266 5.8
    endloop
  endfacet
  facet normal -0.0341738 0.112653 -0.993047
    outer loop
      vertex -3.13403 9.23257 5.8
      vertex -3.6157 13.494 6.3
      vertex -2.52349 9.41778 5.8
    endloop
  endfacet
  facet normal -0.0956902 0.0685724 -0.993046
    outer loop
      vertex -8.10683 5.41681 5.8
      vertex -11.0831 8.5044 6.3
      vertex -7.73519 5.93542 5.8
    endloop
  endfacet
  facet normal -0.107228 0.0485867 -0.993047
    outer loop
      vertex -9.00782 3.73116 5.8
      vertex -12.9066 5.34609 6.3
      vertex -12.5293 6.17877 6.3
    endloop
  endfacet
  facet normal -0.103824 0.0554899 -0.993047
    outer loop
      vertex -8.44375 4.875 5.8
      vertex -12.5293 6.17877 6.3
      vertex -12.0984 6.985 6.3
    endloop
  endfacet
  facet normal -0.11615 0.0191746 -0.993047
    outer loop
      vertex -9.56266 1.90213 5.8
      vertex -13.8505 1.82345 6.3
      vertex -13.7016 2.72541 6.3
    endloop
  endfacet
  facet normal -0.11766 0.00385038 -0.993047
    outer loop
      vertex -9.75 0 5.8
      vertex -13.97 0 6.3
      vertex -13.9401 0.913681 6.3
    endloop
  endfacet
  facet normal -0.11766 -0.00385038 -0.993047
    outer loop
      vertex -13.9401 -0.913681 6.3
      vertex -13.97 0 6.3
      vertex -9.75 0 5.8
    endloop
  endfacet
  facet normal 0.11615 -0.0191763 -0.993047
    outer loop
      vertex 13.8505 -1.82345 6.3
      vertex 9.56266 -1.90213 5.8
      vertex 9.66659 -1.27263 5.8
    endloop
  endfacet
  facet normal 0.114646 -0.0267335 -0.993047
    outer loop
      vertex 13.494 -3.6157 6.3
      vertex 9.56266 -1.90213 5.8
      vertex 13.7016 -2.72541 6.3
    endloop
  endfacet
  facet normal 0.0910035 -0.0746794 -0.993046
    outer loop
      vertex 10.5032 -9.21106 6.3
      vertex 7.33044 -6.42862 5.8
      vertex 11.0831 -8.5044 6.3
    endloop
  endfacet
  facet normal 0.0859215 -0.0804743 -0.993047
    outer loop
      vertex 9.87828 -9.87828 6.3
      vertex 7.33044 -6.42862 5.8
      vertex 10.5032 -9.21106 6.3
    endloop
  endfacet
  facet normal 0.0999669 -0.0621703 -0.993047
    outer loop
      vertex 11.6156 -7.76132 6.3
      vertex 8.44375 -4.875 5.8
      vertex 12.0984 -6.985 6.3
    endloop
  endfacet
  facet normal 0.103824 -0.0554899 -0.993047
    outer loop
      vertex 12.0984 -6.985 6.3
      vertex 8.44375 -4.875 5.8
      vertex 12.5293 -6.17877 6.3
    endloop
  endfacet
  facet normal 0.10723 -0.0485842 -0.993046
    outer loop
      vertex 12.5293 -6.17877 6.3
      vertex 8.74451 -4.31231 5.8
      vertex 9.00782 -3.73116 5.8
    endloop
  endfacet
  facet normal 0.0341738 -0.112653 -0.993047
    outer loop
      vertex 3.6157 -13.494 6.3
      vertex 2.52349 -9.41778 5.8
      vertex 3.13403 -9.23257 5.8
    endloop
  endfacet
  facet normal 0.0115382 -0.117155 -0.993047
    outer loop
      vertex 0.913681 -13.9401 6.3
      vertex 0.63768 -9.72912 5.8
      vertex 1.82345 -13.8505 6.3
    endloop
  endfacet
  facet normal 0.00385259 -0.117659 -0.993047
    outer loop
      vertex 0.913681 -13.9401 6.3
      vertex 0 -9.75 5.8
      vertex 0.63768 -9.72912 5.8
    endloop
  endfacet
  facet normal 0.0746794 -0.0910035 -0.993046
    outer loop
      vertex 8.5044 -11.0831 6.3
      vertex 6.42862 -7.33044 5.8
      vertex 9.21106 -10.5032 6.3
    endloop
  endfacet
  facet normal 0.0746819 -0.0910021 -0.993046
    outer loop
      vertex 8.5044 -11.0831 6.3
      vertex 5.93542 -7.73519 5.8
      vertex 6.42862 -7.33044 5.8
    endloop
  endfacet
  facet normal 0.0685724 -0.0956902 -0.993046
    outer loop
      vertex 8.5044 -11.0831 6.3
      vertex 5.41681 -8.10683 5.8
      vertex 5.93542 -7.73519 5.8
    endloop
  endfacet
  facet normal 0.0554899 -0.103824 -0.993047
    outer loop
      vertex 6.17877 -12.5293 6.3
      vertex 4.875 -8.44375 5.8
      vertex 6.985 -12.0984 6.3
    endloop
  endfacet
  facet normal 0.0485842 -0.10723 -0.993046
    outer loop
      vertex 6.17877 -12.5293 6.3
      vertex 3.73116 -9.00782 5.8
      vertex 4.31231 -8.74451 5.8
    endloop
  endfacet
  facet normal -0.117156 -0.0115375 -0.993047
    outer loop
      vertex -9.66659 -1.27263 5.8
      vertex -13.8505 -1.82345 6.3
      vertex -9.72912 -0.63768 5.8
    endloop
  endfacet
  facet normal -0.0191746 -0.11615 -0.993047
    outer loop
      vertex -1.82345 -13.8505 6.3
      vertex -2.72541 -13.7016 6.3
      vertex -1.90213 -9.56266 5.8
    endloop
  endfacet
  facet normal -0.0414689 -0.110177 -0.993046
    outer loop
      vertex -3.13403 -9.23257 5.8
      vertex -4.49051 -13.2286 6.3
      vertex -3.73116 -9.00782 5.8
    endloop
  endfacet
  facet normal -0.0621703 -0.0999669 -0.993047
    outer loop
      vertex -6.985 -12.0984 6.3
      vertex -7.76132 -11.6156 6.3
      vertex -4.875 -8.44375 5.8
    endloop
  endfacet
  facet normal -0.0999708 -0.062166 -0.993046
    outer loop
      vertex -8.10683 -5.41681 5.8
      vertex -11.6156 -7.76132 6.3
      vertex -8.44375 -4.875 5.8
    endloop
  endfacet
  facet normal -0.09569 -0.0685726 -0.993046
    outer loop
      vertex -11.0831 -8.5044 6.3
      vertex -11.6156 -7.76132 6.3
      vertex -8.10683 -5.41681 5.8
    endloop
  endfacet
  facet normal -0.107228 -0.0485867 -0.993047
    outer loop
      vertex -12.5293 -6.17877 6.3
      vertex -12.9066 -5.34609 6.3
      vertex -9.00782 -3.73116 5.8
    endloop
  endfacet
  facet normal -0.103824 -0.0554899 -0.993047
    outer loop
      vertex -12.0984 -6.985 6.3
      vertex -12.5293 -6.17877 6.3
      vertex -8.44375 -4.875 5.8
    endloop
  endfacet
  facet normal -0.0910035 -0.0746794 -0.993046
    outer loop
      vertex -10.5032 -9.21106 6.3
      vertex -11.0831 -8.5044 6.3
      vertex -7.33044 -6.42862 5.8
    endloop
  endfacet
  facet normal -0.0859215 -0.0804743 -0.993047
    outer loop
      vertex -9.87828 -9.87828 6.3
      vertex -10.5032 -9.21106 6.3
      vertex -7.33044 -6.42862 5.8
    endloop
  endfacet
  facet normal -0.0910021 -0.0746819 -0.993046
    outer loop
      vertex -7.33044 -6.42862 5.8
      vertex -11.0831 -8.5044 6.3
      vertex -7.73519 -5.93542 5.8
    endloop
  endfacet
  facet normal -0.0804745 -0.0859213 -0.993047
    outer loop
      vertex -6.42862 -7.33044 5.8
      vertex -9.87828 -9.87828 6.3
      vertex -6.89429 -6.89429 5.8
    endloop
  endfacet
  facet normal 0.0804743 0.0859215 -0.993047
    outer loop
      vertex 9.87828 9.87828 6.3
      vertex 6.42862 7.33044 5.8
      vertex 9.21106 10.5032 6.3
    endloop
  endfacet
  facet normal 0.0115375 0.117156 -0.993047
    outer loop
      vertex 1.27263 9.66659 5.8
      vertex 0.63768 9.72912 5.8
      vertex 1.82345 13.8505 6.3
    endloop
  endfacet
  facet normal -0.00385038 0.11766 -0.993047
    outer loop
      vertex 0 9.75 5.8
      vertex -0.913681 13.9401 6.3
      vertex 0 13.97 6.3
    endloop
  endfacet
  facet normal -0.0115375 0.117156 -0.993047
    outer loop
      vertex -1.27263 9.66659 5.8
      vertex -1.82345 13.8505 6.3
      vertex -0.63768 9.72912 5.8
    endloop
  endfacet
  facet normal -0.0485842 0.10723 -0.993046
    outer loop
      vertex -4.31231 8.74451 5.8
      vertex -6.17877 12.5293 6.3
      vertex -3.73116 9.00782 5.8
    endloop
  endfacet
  facet normal -0.0685726 0.09569 -0.993046
    outer loop
      vertex -5.41681 8.10683 5.8
      vertex -8.5044 11.0831 6.3
      vertex -7.76132 11.6156 6.3
    endloop
  endfacet
  facet normal -0.062166 0.0999708 -0.993046
    outer loop
      vertex -5.41681 8.10683 5.8
      vertex -7.76132 11.6156 6.3
      vertex -4.875 8.44375 5.8
    endloop
  endfacet
  facet normal -0.0859213 0.0804745 -0.993047
    outer loop
      vertex -7.33044 6.42862 5.8
      vertex -9.87828 9.87828 6.3
      vertex -6.89429 6.89429 5.8
    endloop
  endfacet
  facet normal -0.0910035 0.0746794 -0.993046
    outer loop
      vertex -7.33044 6.42862 5.8
      vertex -11.0831 8.5044 6.3
      vertex -10.5032 9.21106 6.3
    endloop
  endfacet
  facet normal -0.0999669 0.0621703 -0.993047
    outer loop
      vertex -8.44375 4.875 5.8
      vertex -12.0984 6.985 6.3
      vertex -11.6156 7.76132 6.3
    endloop
  endfacet
  facet normal -0.110178 0.0414657 -0.993047
    outer loop
      vertex -9.00782 3.73116 5.8
      vertex -13.2286 4.49051 6.3
      vertex -12.9066 5.34609 6.3
    endloop
  endfacet
  facet normal -0.114646 0.0267335 -0.993047
    outer loop
      vertex -9.56266 1.90213 5.8
      vertex -13.7016 2.72541 6.3
      vertex -13.494 3.6157 6.3
    endloop
  endfacet
  facet normal -0.117155 0.0115382 -0.993047
    outer loop
      vertex -9.72912 0.63768 5.8
      vertex -13.9401 0.913681 6.3
      vertex -13.8505 1.82345 6.3
    endloop
  endfacet
  facet normal 0.114647 -0.0267318 -0.993047
    outer loop
      vertex 13.494 -3.6157 6.3
      vertex 9.41778 -2.52349 5.8
      vertex 9.56266 -1.90213 5.8
    endloop
  endfacet
  facet normal 0.112653 -0.0341738 -0.993047
    outer loop
      vertex 13.494 -3.6157 6.3
      vertex 9.23257 -3.13403 5.8
      vertex 9.41778 -2.52349 5.8
    endloop
  endfacet
  facet normal 0.0910021 -0.0746819 -0.993046
    outer loop
      vertex 11.0831 -8.5044 6.3
      vertex 7.33044 -6.42862 5.8
      vertex 7.73519 -5.93542 5.8
    endloop
  endfacet
  facet normal 0.0414689 -0.110177 -0.993046
    outer loop
      vertex 4.49051 -13.2286 6.3
      vertex 3.13403 -9.23257 5.8
      vertex 3.73116 -9.00782 5.8
    endloop
  endfacet
  facet normal 0.0341766 -0.112653 -0.993046
    outer loop
      vertex 3.6157 -13.494 6.3
      vertex 3.13403 -9.23257 5.8
      vertex 4.49051 -13.2286 6.3
    endloop
  endfacet
  facet normal 0.0267318 -0.114647 -0.993047
    outer loop
      vertex 3.6157 -13.494 6.3
      vertex 1.90213 -9.56266 5.8
      vertex 2.52349 -9.41778 5.8
    endloop
  endfacet
  facet normal 0.0191746 -0.11615 -0.993047
    outer loop
      vertex 2.72541 -13.7016 6.3
      vertex 1.82345 -13.8505 6.3
      vertex 1.90213 -9.56266 5.8
    endloop
  endfacet
  facet normal 0.0191763 -0.11615 -0.993047
    outer loop
      vertex 1.82345 -13.8505 6.3
      vertex 1.27263 -9.66659 5.8
      vertex 1.90213 -9.56266 5.8
    endloop
  endfacet
  facet normal 0.0804745 -0.0859213 -0.993047
    outer loop
      vertex 9.87828 -9.87828 6.3
      vertex 6.42862 -7.33044 5.8
      vertex 6.89429 -6.89429 5.8
    endloop
  endfacet
  facet normal -0.114646 -0.0267335 -0.993047
    outer loop
      vertex -13.494 -3.6157 6.3
      vertex -13.7016 -2.72541 6.3
      vertex -9.56266 -1.90213 5.8
    endloop
  endfacet
  facet normal -0.0746794 -0.0910035 -0.993046
    outer loop
      vertex -8.5044 -11.0831 6.3
      vertex -9.21106 -10.5032 6.3
      vertex -6.42862 -7.33044 5.8
    endloop
  endfacet
  facet normal -0.0414657 -0.110178 -0.993047
    outer loop
      vertex -4.49051 -13.2286 6.3
      vertex -5.34609 -12.9066 6.3
      vertex -3.73116 -9.00782 5.8
    endloop
  endfacet
  facet normal -0.0267335 -0.114646 -0.993047
    outer loop
      vertex -2.72541 -13.7016 6.3
      vertex -3.6157 -13.494 6.3
      vertex -1.90213 -9.56266 5.8
    endloop
  endfacet
  facet normal -0.062166 -0.0999708 -0.993046
    outer loop
      vertex -4.875 -8.44375 5.8
      vertex -7.76132 -11.6156 6.3
      vertex -5.41681 -8.10683 5.8
    endloop
  endfacet
  facet normal -0.0554899 -0.103824 -0.993047
    outer loop
      vertex -6.17877 -12.5293 6.3
      vertex -6.985 -12.0984 6.3
      vertex -4.875 -8.44375 5.8
    endloop
  endfacet
  facet normal -0.110177 -0.0414689 -0.993046
    outer loop
      vertex -9.00782 -3.73116 5.8
      vertex -13.2286 -4.49051 6.3
      vertex -9.23257 -3.13403 5.8
    endloop
  endfacet
  facet normal -0.112653 -0.0341766 -0.993046
    outer loop
      vertex -13.2286 -4.49051 6.3
      vertex -13.494 -3.6157 6.3
      vertex -9.23257 -3.13403 5.8
    endloop
  endfacet
  facet normal -0.110178 -0.0414657 -0.993047
    outer loop
      vertex -12.9066 -5.34609 6.3
      vertex -13.2286 -4.49051 6.3
      vertex -9.00782 -3.73116 5.8
    endloop
  endfacet
  facet normal -0.0999669 -0.0621703 -0.993047
    outer loop
      vertex -11.6156 -7.76132 6.3
      vertex -12.0984 -6.985 6.3
      vertex -8.44375 -4.875 5.8
    endloop
  endfacet
  facet normal -0.103823 -0.0554936 -0.993046
    outer loop
      vertex -8.44375 -4.875 5.8
      vertex -12.5293 -6.17877 6.3
      vertex -8.74451 -4.31231 5.8
    endloop
  endfacet
  facet normal -0.10723 -0.0485842 -0.993046
    outer loop
      vertex -8.74451 -4.31231 5.8
      vertex -12.5293 -6.17877 6.3
      vertex -9.00782 -3.73116 5.8
    endloop
  endfacet
  facet normal 0.110177 0.0414689 -0.993046
    outer loop
      vertex 9.23257 3.13403 5.8
      vertex 9.00782 3.73116 5.8
      vertex 13.2286 4.49051 6.3
    endloop
  endfacet
  facet normal 0.103824 0.0554899 -0.993047
    outer loop
      vertex 12.5293 6.17877 6.3
      vertex 8.44375 4.875 5.8
      vertex 12.0984 6.985 6.3
    endloop
  endfacet
  facet normal 0.0859213 0.0804745 -0.993047
    outer loop
      vertex 7.33044 6.42862 5.8
      vertex 6.89429 6.89429 5.8
      vertex 9.87828 9.87828 6.3
    endloop
  endfacet
  facet normal 0.0804745 0.0859213 -0.993047
    outer loop
      vertex 6.89429 6.89429 5.8
      vertex 6.42862 7.33044 5.8
      vertex 9.87828 9.87828 6.3
    endloop
  endfacet
  facet normal 0.0191746 0.11615 -0.993047
    outer loop
      vertex 1.90213 9.56266 5.8
      vertex 1.82345 13.8505 6.3
      vertex 2.72541 13.7016 6.3
    endloop
  endfacet
  facet normal 0.0267335 0.114646 -0.993047
    outer loop
      vertex 3.6157 13.494 6.3
      vertex 1.90213 9.56266 5.8
      vertex 2.72541 13.7016 6.3
    endloop
  endfacet
  facet normal 0.0746794 0.0910035 -0.993046
    outer loop
      vertex 9.21106 10.5032 6.3
      vertex 6.42862 7.33044 5.8
      vertex 8.5044 11.0831 6.3
    endloop
  endfacet
  facet normal 0.062166 0.0999708 -0.993046
    outer loop
      vertex 5.41681 8.10683 5.8
      vertex 4.875 8.44375 5.8
      vertex 7.76132 11.6156 6.3
    endloop
  endfacet
  facet normal 0.0746819 0.0910021 -0.993046
    outer loop
      vertex 6.42862 7.33044 5.8
      vertex 5.93542 7.73519 5.8
      vertex 8.5044 11.0831 6.3
    endloop
  endfacet
  facet normal 0.00385038 0.11766 -0.993047
    outer loop
      vertex 0.913681 13.9401 6.3
      vertex 0 9.75 5.8
      vertex 0 13.97 6.3
    endloop
  endfacet
  facet normal -0.0267335 0.114646 -0.993047
    outer loop
      vertex -1.90213 9.56266 5.8
      vertex -3.6157 13.494 6.3
      vertex -2.72541 13.7016 6.3
    endloop
  endfacet
  facet normal -0.0341766 0.112653 -0.993046
    outer loop
      vertex -3.13403 9.23257 5.8
      vertex -4.49051 13.2286 6.3
      vertex -3.6157 13.494 6.3
    endloop
  endfacet
  facet normal -0.0621703 0.0999669 -0.993047
    outer loop
      vertex -4.875 8.44375 5.8
      vertex -7.76132 11.6156 6.3
      vertex -6.985 12.0984 6.3
    endloop
  endfacet
  facet normal -0.0859215 0.0804743 -0.993047
    outer loop
      vertex -7.33044 6.42862 5.8
      vertex -10.5032 9.21106 6.3
      vertex -9.87828 9.87828 6.3
    endloop
  endfacet
  facet normal -0.0746794 0.0910035 -0.993046
    outer loop
      vertex -6.42862 7.33044 5.8
      vertex -9.21106 10.5032 6.3
      vertex -8.5044 11.0831 6.3
    endloop
  endfacet
  facet normal -0.0804743 0.0859215 -0.993047
    outer loop
      vertex -6.42862 7.33044 5.8
      vertex -9.87828 9.87828 6.3
      vertex -9.21106 10.5032 6.3
    endloop
  endfacet
  facet normal -0.0804745 0.0859213 -0.993047
    outer loop
      vertex -6.89429 6.89429 5.8
      vertex -9.87828 9.87828 6.3
      vertex -6.42862 7.33044 5.8
    endloop
  endfacet
  facet normal -0.0999708 0.062166 -0.993046
    outer loop
      vertex -8.44375 4.875 5.8
      vertex -11.6156 7.76132 6.3
      vertex -8.10683 5.41681 5.8
    endloop
  endfacet
  facet normal -0.09569 0.0685726 -0.993046
    outer loop
      vertex -8.10683 5.41681 5.8
      vertex -11.6156 7.76132 6.3
      vertex -11.0831 8.5044 6.3
    endloop
  endfacet
  facet normal -0.103823 0.0554936 -0.993046
    outer loop
      vertex -8.74451 4.31231 5.8
      vertex -12.5293 6.17877 6.3
      vertex -8.44375 4.875 5.8
    endloop
  endfacet
  facet normal -0.11615 0.0191763 -0.993047
    outer loop
      vertex -9.66659 1.27263 5.8
      vertex -13.8505 1.82345 6.3
      vertex -9.56266 1.90213 5.8
    endloop
  endfacet
  facet normal -0.112653 0.0341766 -0.993046
    outer loop
      vertex -9.23257 3.13403 5.8
      vertex -13.494 3.6157 6.3
      vertex -13.2286 4.49051 6.3
    endloop
  endfacet
  facet normal -0.11615 -0.0191746 -0.993047
    outer loop
      vertex -13.7016 -2.72541 6.3
      vertex -13.8505 -1.82345 6.3
      vertex -9.56266 -1.90213 5.8
    endloop
  endfacet
  facet normal -0.11615 -0.0191763 -0.993047
    outer loop
      vertex -9.56266 -1.90213 5.8
      vertex -13.8505 -1.82345 6.3
      vertex -9.66659 -1.27263 5.8
    endloop
  endfacet
  facet normal -0.0341766 -0.112653 -0.993046
    outer loop
      vertex -3.6157 -13.494 6.3
      vertex -4.49051 -13.2286 6.3
      vertex -3.13403 -9.23257 5.8
    endloop
  endfacet
  facet normal -0.0115382 -0.117155 -0.993047
    outer loop
      vertex -0.913681 -13.9401 6.3
      vertex -1.82345 -13.8505 6.3
      vertex -0.63768 -9.72912 5.8
    endloop
  endfacet
  facet normal -0.0685724 -0.0956902 -0.993046
    outer loop
      vertex -5.41681 -8.10683 5.8
      vertex -8.5044 -11.0831 6.3
      vertex -5.93542 -7.73519 5.8
    endloop
  endfacet
  facet normal -0.0485867 -0.107228 -0.993047
    outer loop
      vertex -5.34609 -12.9066 6.3
      vertex -6.17877 -12.5293 6.3
      vertex -3.73116 -9.00782 5.8
    endloop
  endfacet
  facet normal 0.112653 0.0341766 -0.993046
    outer loop
      vertex 13.494 3.6157 6.3
      vertex 9.23257 3.13403 5.8
      vertex 13.2286 4.49051 6.3
    endloop
  endfacet
  facet normal 0.103823 0.0554936 -0.993046
    outer loop
      vertex 8.74451 4.31231 5.8
      vertex 8.44375 4.875 5.8
      vertex 12.5293 6.17877 6.3
    endloop
  endfacet
  facet normal 0.09569 0.0685726 -0.993046
    outer loop
      vertex 11.6156 7.76132 6.3
      vertex 8.10683 5.41681 5.8
      vertex 11.0831 8.5044 6.3
    endloop
  endfacet
  facet normal 0.0999708 0.062166 -0.993046
    outer loop
      vertex 8.44375 4.875 5.8
      vertex 8.10683 5.41681 5.8
      vertex 11.6156 7.76132 6.3
    endloop
  endfacet
  facet normal 0.0910035 0.0746794 -0.993046
    outer loop
      vertex 11.0831 8.5044 6.3
      vertex 7.33044 6.42862 5.8
      vertex 10.5032 9.21106 6.3
    endloop
  endfacet
  facet normal 0.0859215 0.0804743 -0.993047
    outer loop
      vertex 10.5032 9.21106 6.3
      vertex 7.33044 6.42862 5.8
      vertex 9.87828 9.87828 6.3
    endloop
  endfacet
  facet normal 0.0267318 0.114647 -0.993047
    outer loop
      vertex 2.52349 9.41778 5.8
      vertex 1.90213 9.56266 5.8
      vertex 3.6157 13.494 6.3
    endloop
  endfacet
  facet normal 0.0191763 0.11615 -0.993047
    outer loop
      vertex 1.90213 9.56266 5.8
      vertex 1.27263 9.66659 5.8
      vertex 1.82345 13.8505 6.3
    endloop
  endfacet
  facet normal 0.0341738 0.112653 -0.993047
    outer loop
      vertex 3.13403 9.23257 5.8
      vertex 2.52349 9.41778 5.8
      vertex 3.6157 13.494 6.3
    endloop
  endfacet
  facet normal 0.0341766 0.112653 -0.993046
    outer loop
      vertex 4.49051 13.2286 6.3
      vertex 3.13403 9.23257 5.8
      vertex 3.6157 13.494 6.3
    endloop
  endfacet
  facet normal 0.0554899 0.103824 -0.993047
    outer loop
      vertex 6.985 12.0984 6.3
      vertex 4.875 8.44375 5.8
      vertex 6.17877 12.5293 6.3
    endloop
  endfacet
  facet normal 0.0685726 0.09569 -0.993046
    outer loop
      vertex 8.5044 11.0831 6.3
      vertex 5.41681 8.10683 5.8
      vertex 7.76132 11.6156 6.3
    endloop
  endfacet
  facet normal 0.0685724 0.0956902 -0.993046
    outer loop
      vertex 5.93542 7.73519 5.8
      vertex 5.41681 8.10683 5.8
      vertex 8.5044 11.0831 6.3
    endloop
  endfacet
  facet normal 0.00385259 0.117659 -0.993047
    outer loop
      vertex 0.63768 9.72912 5.8
      vertex 0 9.75 5.8
      vertex 0.913681 13.9401 6.3
    endloop
  endfacet
  facet normal 0.0115382 0.117155 -0.993047
    outer loop
      vertex 1.82345 13.8505 6.3
      vertex 0.63768 9.72912 5.8
      vertex 0.913681 13.9401 6.3
    endloop
  endfacet
  facet normal -0.0191746 0.11615 -0.993047
    outer loop
      vertex -1.90213 9.56266 5.8
      vertex -2.72541 13.7016 6.3
      vertex -1.82345 13.8505 6.3
    endloop
  endfacet
  facet normal -0.0191763 0.11615 -0.993047
    outer loop
      vertex -1.27263 9.66659 5.8
      vertex -1.90213 9.56266 5.8
      vertex -1.82345 13.8505 6.3
    endloop
  endfacet
  facet normal -0.0414657 0.110178 -0.993047
    outer loop
      vertex -3.73116 9.00782 5.8
      vertex -5.34609 12.9066 6.3
      vertex -4.49051 13.2286 6.3
    endloop
  endfacet
  facet normal -0.0485867 0.107228 -0.993047
    outer loop
      vertex -3.73116 9.00782 5.8
      vertex -6.17877 12.5293 6.3
      vertex -5.34609 12.9066 6.3
    endloop
  endfacet
  facet normal -0.0554899 0.103824 -0.993047
    outer loop
      vertex -4.875 8.44375 5.8
      vertex -6.985 12.0984 6.3
      vertex -6.17877 12.5293 6.3
    endloop
  endfacet
  facet normal -0.0554936 0.103823 -0.993046
    outer loop
      vertex -4.875 8.44375 5.8
      vertex -6.17877 12.5293 6.3
      vertex -4.31231 8.74451 5.8
    endloop
  endfacet
  facet normal -0.10723 0.0485842 -0.993046
    outer loop
      vertex -9.00782 3.73116 5.8
      vertex -12.5293 6.17877 6.3
      vertex -8.74451 4.31231 5.8
    endloop
  endfacet
  facet normal -0.117156 0.0115375 -0.993047
    outer loop
      vertex -9.72912 0.63768 5.8
      vertex -13.8505 1.82345 6.3
      vertex -9.66659 1.27263 5.8
    endloop
  endfacet
  facet normal -0.114647 0.0267318 -0.993047
    outer loop
      vertex -9.56266 1.90213 5.8
      vertex -13.494 3.6157 6.3
      vertex -9.41778 2.52349 5.8
    endloop
  endfacet
  facet normal -0.112653 0.0341738 -0.993047
    outer loop
      vertex -9.41778 2.52349 5.8
      vertex -13.494 3.6157 6.3
      vertex -9.23257 3.13403 5.8
    endloop
  endfacet
  facet normal -0.0267318 -0.114647 -0.993047
    outer loop
      vertex -1.90213 -9.56266 5.8
      vertex -3.6157 -13.494 6.3
      vertex -2.52349 -9.41778 5.8
    endloop
  endfacet
  facet normal -0.0341738 -0.112653 -0.993047
    outer loop
      vertex -2.52349 -9.41778 5.8
      vertex -3.6157 -13.494 6.3
      vertex -3.13403 -9.23257 5.8
    endloop
  endfacet
  facet normal -0.00385259 -0.117659 -0.993047
    outer loop
      vertex 0 -9.75 5.8
      vertex -0.913681 -13.9401 6.3
      vertex -0.63768 -9.72912 5.8
    endloop
  endfacet
  facet normal -0.00385038 -0.11766 -0.993047
    outer loop
      vertex 0 -13.97 6.3
      vertex -0.913681 -13.9401 6.3
      vertex 0 -9.75 5.8
    endloop
  endfacet
  facet normal -0.0115375 -0.117156 -0.993047
    outer loop
      vertex -0.63768 -9.72912 5.8
      vertex -1.82345 -13.8505 6.3
      vertex -1.27263 -9.66659 5.8
    endloop
  endfacet
  facet normal -0.0191763 -0.11615 -0.993047
    outer loop
      vertex -1.82345 -13.8505 6.3
      vertex -1.90213 -9.56266 5.8
      vertex -1.27263 -9.66659 5.8
    endloop
  endfacet
  facet normal -0.0485842 -0.10723 -0.993046
    outer loop
      vertex -3.73116 -9.00782 5.8
      vertex -6.17877 -12.5293 6.3
      vertex -4.31231 -8.74451 5.8
    endloop
  endfacet
  facet normal -0.0554936 -0.103823 -0.993046
    outer loop
      vertex -4.31231 -8.74451 5.8
      vertex -6.17877 -12.5293 6.3
      vertex -4.875 -8.44375 5.8
    endloop
  endfacet
  facet normal 0.117155 0.0115382 -0.993047
    outer loop
      vertex 13.9401 0.913681 6.3
      vertex 9.72912 0.63768 5.8
      vertex 13.8505 1.82345 6.3
    endloop
  endfacet
  facet normal 0.114647 0.0267318 -0.993047
    outer loop
      vertex 9.56266 1.90213 5.8
      vertex 9.41778 2.52349 5.8
      vertex 13.494 3.6157 6.3
    endloop
  endfacet
  facet normal 0.110178 0.0414657 -0.993047
    outer loop
      vertex 13.2286 4.49051 6.3
      vertex 9.00782 3.73116 5.8
      vertex 12.9066 5.34609 6.3
    endloop
  endfacet
  facet normal 0.107228 0.0485867 -0.993047
    outer loop
      vertex 12.9066 5.34609 6.3
      vertex 9.00782 3.73116 5.8
      vertex 12.5293 6.17877 6.3
    endloop
  endfacet
  facet normal 0.0999669 0.0621703 -0.993047
    outer loop
      vertex 12.0984 6.985 6.3
      vertex 8.44375 4.875 5.8
      vertex 11.6156 7.76132 6.3
    endloop
  endfacet
  facet normal 0.0956902 0.0685724 -0.993046
    outer loop
      vertex 8.10683 5.41681 5.8
      vertex 7.73519 5.93542 5.8
      vertex 11.0831 8.5044 6.3
    endloop
  endfacet
  facet normal 0.0910021 0.0746819 -0.993046
    outer loop
      vertex 7.73519 5.93542 5.8
      vertex 7.33044 6.42862 5.8
      vertex 11.0831 8.5044 6.3
    endloop
  endfacet
  facet normal 0.0485842 0.10723 -0.993046
    outer loop
      vertex 4.31231 8.74451 5.8
      vertex 3.73116 9.00782 5.8
      vertex 6.17877 12.5293 6.3
    endloop
  endfacet
  facet normal 0.0554936 0.103823 -0.993046
    outer loop
      vertex 4.875 8.44375 5.8
      vertex 4.31231 8.74451 5.8
      vertex 6.17877 12.5293 6.3
    endloop
  endfacet
  facet normal 0.0485867 0.107228 -0.993047
    outer loop
      vertex 6.17877 12.5293 6.3
      vertex 3.73116 9.00782 5.8
      vertex 5.34609 12.9066 6.3
    endloop
  endfacet
  facet normal 0.0414657 0.110178 -0.993047
    outer loop
      vertex 5.34609 12.9066 6.3
      vertex 3.73116 9.00782 5.8
      vertex 4.49051 13.2286 6.3
    endloop
  endfacet
  facet normal -0.0414689 0.110177 -0.993046
    outer loop
      vertex -3.73116 9.00782 5.8
      vertex -4.49051 13.2286 6.3
      vertex -3.13403 9.23257 5.8
    endloop
  endfacet
  facet normal -0.0685724 0.0956902 -0.993046
    outer loop
      vertex -5.93542 7.73519 5.8
      vertex -8.5044 11.0831 6.3
      vertex -5.41681 8.10683 5.8
    endloop
  endfacet
  facet normal 0.11615 0.0191763 -0.993047
    outer loop
      vertex 9.66659 1.27263 5.8
      vertex 9.56266 1.90213 5.8
      vertex 13.8505 1.82345 6.3
    endloop
  endfacet
  facet normal 0.117156 0.0115375 -0.993047
    outer loop
      vertex 9.72912 0.63768 5.8
      vertex 9.66659 1.27263 5.8
      vertex 13.8505 1.82345 6.3
    endloop
  endfacet
  facet normal 0.11615 0.0191746 -0.993047
    outer loop
      vertex 13.8505 1.82345 6.3
      vertex 9.56266 1.90213 5.8
      vertex 13.7016 2.72541 6.3
    endloop
  endfacet
  facet normal 0.114646 0.0267335 -0.993047
    outer loop
      vertex 13.7016 2.72541 6.3
      vertex 9.56266 1.90213 5.8
      vertex 13.494 3.6157 6.3
    endloop
  endfacet
  facet normal 0.112653 0.0341738 -0.993047
    outer loop
      vertex 9.41778 2.52349 5.8
      vertex 9.23257 3.13403 5.8
      vertex 13.494 3.6157 6.3
    endloop
  endfacet
  facet normal 0.999465 0.0327073 0
    outer loop
      vertex 13.97 0 7.3
      vertex 13.9401 0.913681 6.3
      vertex 13.9401 0.913681 7.3
    endloop
  endfacet
  facet normal 0.999465 0.0327073 0
    outer loop
      vertex 13.9401 0.913681 6.3
      vertex 13.97 0 7.3
      vertex 13.97 0 6.3
    endloop
  endfacet
  facet normal -0.999465 0.0327073 0
    outer loop
      vertex -13.97 0 6.3
      vertex -13.9401 0.913681 7.3
      vertex -13.9401 0.913681 6.3
    endloop
  endfacet
  facet normal -0.999465 0.0327073 0
    outer loop
      vertex -13.9401 0.913681 7.3
      vertex -13.97 0 6.3
      vertex -13.97 0 7.3
    endloop
  endfacet
  facet normal 0.0327073 0.999465 -0
    outer loop
      vertex 0.913681 13.9401 6.3
      vertex 0 13.97 7.3
      vertex 0.913681 13.9401 7.3
    endloop
  endfacet
  facet normal 0.0327073 0.999465 0
    outer loop
      vertex 0 13.97 7.3
      vertex 0.913681 13.9401 6.3
      vertex 0 13.97 6.3
    endloop
  endfacet
  facet normal -0.0327073 -0.999465 0
    outer loop
      vertex -0.913681 -13.9401 6.3
      vertex 0 -13.97 7.3
      vertex -0.913681 -13.9401 7.3
    endloop
  endfacet
  facet normal -0.0327073 -0.999465 -0
    outer loop
      vertex 0 -13.97 7.3
      vertex -0.913681 -13.9401 6.3
      vertex 0 -13.97 6.3
    endloop
  endfacet
  facet normal -0.729864 -0.683592 0
    outer loop
      vertex -9.87828 -9.87828 6.3
      vertex -10.5032 -9.21106 7.3
      vertex -10.5032 -9.21106 6.3
    endloop
  endfacet
  facet normal -0.729864 -0.683592 0
    outer loop
      vertex -10.5032 -9.21106 7.3
      vertex -9.87828 -9.87828 6.3
      vertex -9.87828 -9.87828 7.3
    endloop
  endfacet
  facet normal 0.729864 0.683592 0
    outer loop
      vertex 10.5032 9.21106 7.3
      vertex 9.87828 9.87828 6.3
      vertex 9.87828 9.87828 7.3
    endloop
  endfacet
  facet normal 0.729864 0.683592 0
    outer loop
      vertex 9.87828 9.87828 6.3
      vertex 10.5032 9.21106 7.3
      vertex 10.5032 9.21106 6.3
    endloop
  endfacet
  facet normal -0.683592 0.729864 0
    outer loop
      vertex -9.21106 10.5032 6.3
      vertex -9.87828 9.87828 7.3
      vertex -9.21106 10.5032 7.3
    endloop
  endfacet
  facet normal -0.683592 0.729864 0
    outer loop
      vertex -9.87828 9.87828 7.3
      vertex -9.21106 10.5032 6.3
      vertex -9.87828 9.87828 6.3
    endloop
  endfacet
  facet normal -0.352233 0.935912 0
    outer loop
      vertex -4.49051 13.2286 6.3
      vertex -5.34609 12.9066 7.3
      vertex -4.49051 13.2286 7.3
    endloop
  endfacet
  facet normal -0.352233 0.935912 0
    outer loop
      vertex -5.34609 12.9066 7.3
      vertex -4.49051 13.2286 6.3
      vertex -5.34609 12.9066 6.3
    endloop
  endfacet
  facet normal 0.910857 0.412723 0
    outer loop
      vertex 12.9066 5.34609 7.3
      vertex 12.5293 6.17877 6.3
      vertex 12.5293 6.17877 7.3
    endloop
  endfacet
  facet normal 0.910857 0.412723 0
    outer loop
      vertex 12.5293 6.17877 6.3
      vertex 12.9066 5.34609 7.3
      vertex 12.9066 5.34609 6.3
    endloop
  endfacet
  facet normal 0.412723 0.910857 -0
    outer loop
      vertex 6.17877 12.5293 6.3
      vertex 5.34609 12.9066 7.3
      vertex 6.17877 12.5293 7.3
    endloop
  endfacet
  facet normal 0.412723 0.910857 0
    outer loop
      vertex 5.34609 12.9066 7.3
      vertex 6.17877 12.5293 6.3
      vertex 5.34609 12.9066 6.3
    endloop
  endfacet
  facet normal -0.849176 0.52811 0
    outer loop
      vertex -12.0984 6.985 6.3
      vertex -11.6156 7.76132 7.3
      vertex -11.6156 7.76132 6.3
    endloop
  endfacet
  facet normal -0.849176 0.52811 0
    outer loop
      vertex -11.6156 7.76132 7.3
      vertex -12.0984 6.985 6.3
      vertex -12.0984 6.985 7.3
    endloop
  endfacet
  facet normal -0.812838 0.58249 0
    outer loop
      vertex -11.6156 7.76132 6.3
      vertex -11.0831 8.5044 7.3
      vertex -11.0831 8.5044 6.3
    endloop
  endfacet
  facet normal -0.812838 0.58249 0
    outer loop
      vertex -11.0831 8.5044 7.3
      vertex -11.6156 7.76132 6.3
      vertex -11.6156 7.76132 7.3
    endloop
  endfacet
  facet normal -0.634367 0.773032 0
    outer loop
      vertex -8.5044 11.0831 6.3
      vertex -9.21106 10.5032 7.3
      vertex -8.5044 11.0831 7.3
    endloop
  endfacet
  facet normal -0.634367 0.773032 0
    outer loop
      vertex -9.21106 10.5032 7.3
      vertex -8.5044 11.0831 6.3
      vertex -9.21106 10.5032 6.3
    endloop
  endfacet
  facet normal -0.16288 0.986646 0
    outer loop
      vertex -1.82345 13.8505 6.3
      vertex -2.72541 13.7016 7.3
      vertex -1.82345 13.8505 7.3
    endloop
  endfacet
  facet normal -0.16288 0.986646 0
    outer loop
      vertex -2.72541 13.7016 7.3
      vertex -1.82345 13.8505 6.3
      vertex -2.72541 13.7016 6.3
    endloop
  endfacet
  facet normal 0.881939 -0.471364 0
    outer loop
      vertex 12.0984 -6.985 7.3
      vertex 12.5293 -6.17877 6.3
      vertex 12.5293 -6.17877 7.3
    endloop
  endfacet
  facet normal 0.881939 -0.471364 0
    outer loop
      vertex 12.5293 -6.17877 6.3
      vertex 12.0984 -6.985 7.3
      vertex 12.0984 -6.985 6.3
    endloop
  endfacet
  facet normal 0.22709 -0.973874 0
    outer loop
      vertex 2.72541 -13.7016 6.3
      vertex 3.6157 -13.494 7.3
      vertex 2.72541 -13.7016 7.3
    endloop
  endfacet
  facet normal 0.22709 -0.973874 0
    outer loop
      vertex 3.6157 -13.494 7.3
      vertex 2.72541 -13.7016 6.3
      vertex 3.6157 -13.494 6.3
    endloop
  endfacet
  facet normal 0.634367 -0.773032 0
    outer loop
      vertex 8.5044 -11.0831 6.3
      vertex 9.21106 -10.5032 7.3
      vertex 8.5044 -11.0831 7.3
    endloop
  endfacet
  facet normal 0.634367 -0.773032 0
    outer loop
      vertex 9.21106 -10.5032 7.3
      vertex 8.5044 -11.0831 6.3
      vertex 9.21106 -10.5032 6.3
    endloop
  endfacet
  facet normal -0.352233 -0.935912 0
    outer loop
      vertex -5.34609 -12.9066 6.3
      vertex -4.49051 -13.2286 7.3
      vertex -5.34609 -12.9066 7.3
    endloop
  endfacet
  facet normal -0.352233 -0.935912 -0
    outer loop
      vertex -4.49051 -13.2286 7.3
      vertex -5.34609 -12.9066 6.3
      vertex -4.49051 -13.2286 6.3
    endloop
  endfacet
  facet normal -0.812838 -0.58249 0
    outer loop
      vertex -11.0831 -8.5044 6.3
      vertex -11.6156 -7.76132 7.3
      vertex -11.6156 -7.76132 6.3
    endloop
  endfacet
  facet normal -0.812838 -0.58249 0
    outer loop
      vertex -11.6156 -7.76132 7.3
      vertex -11.0831 -8.5044 6.3
      vertex -11.0831 -8.5044 7.3
    endloop
  endfacet
  facet normal 0.995185 0.0980123 0
    outer loop
      vertex 13.9401 0.913681 7.3
      vertex 13.8505 1.82345 6.3
      vertex 13.8505 1.82345 7.3
    endloop
  endfacet
  facet normal 0.995185 0.0980123 0
    outer loop
      vertex 13.8505 1.82345 6.3
      vertex 13.9401 0.913681 7.3
      vertex 13.9401 0.913681 6.3
    endloop
  endfacet
  facet normal 0.956931 0.290314 0
    outer loop
      vertex 13.494 3.6157 7.3
      vertex 13.2286 4.49051 6.3
      vertex 13.2286 4.49051 7.3
    endloop
  endfacet
  facet normal 0.956931 0.290314 0
    outer loop
      vertex 13.2286 4.49051 6.3
      vertex 13.494 3.6157 7.3
      vertex 13.494 3.6157 6.3
    endloop
  endfacet
  facet normal 0.812838 0.58249 0
    outer loop
      vertex 11.6156 7.76132 7.3
      vertex 11.0831 8.5044 6.3
      vertex 11.0831 8.5044 7.3
    endloop
  endfacet
  facet normal 0.812838 0.58249 0
    outer loop
      vertex 11.0831 8.5044 6.3
      vertex 11.6156 7.76132 7.3
      vertex 11.6156 7.76132 6.3
    endloop
  endfacet
  facet normal 0.773032 0.634367 0
    outer loop
      vertex 11.0831 8.5044 7.3
      vertex 10.5032 9.21106 6.3
      vertex 10.5032 9.21106 7.3
    endloop
  endfacet
  facet normal 0.773032 0.634367 0
    outer loop
      vertex 10.5032 9.21106 6.3
      vertex 11.0831 8.5044 7.3
      vertex 11.0831 8.5044 6.3
    endloop
  endfacet
  facet normal 0.22709 0.973874 -0
    outer loop
      vertex 3.6157 13.494 6.3
      vertex 2.72541 13.7016 7.3
      vertex 3.6157 13.494 7.3
    endloop
  endfacet
  facet normal 0.22709 0.973874 0
    outer loop
      vertex 2.72541 13.7016 7.3
      vertex 3.6157 13.494 6.3
      vertex 2.72541 13.7016 6.3
    endloop
  endfacet
  facet normal 0.352233 0.935912 -0
    outer loop
      vertex 5.34609 12.9066 6.3
      vertex 4.49051 13.2286 7.3
      vertex 5.34609 12.9066 7.3
    endloop
  endfacet
  facet normal 0.352233 0.935912 0
    outer loop
      vertex 4.49051 13.2286 7.3
      vertex 5.34609 12.9066 6.3
      vertex 4.49051 13.2286 6.3
    endloop
  endfacet
  facet normal 0.16288 0.986646 -0
    outer loop
      vertex 2.72541 13.7016 6.3
      vertex 1.82345 13.8505 7.3
      vertex 2.72541 13.7016 7.3
    endloop
  endfacet
  facet normal 0.16288 0.986646 0
    outer loop
      vertex 1.82345 13.8505 7.3
      vertex 2.72541 13.7016 6.3
      vertex 1.82345 13.8505 6.3
    endloop
  endfacet
  facet normal 0.58249 0.812838 -0
    outer loop
      vertex 8.5044 11.0831 6.3
      vertex 7.76132 11.6156 7.3
      vertex 8.5044 11.0831 7.3
    endloop
  endfacet
  facet normal 0.58249 0.812838 0
    outer loop
      vertex 7.76132 11.6156 7.3
      vertex 8.5044 11.0831 6.3
      vertex 7.76132 11.6156 6.3
    endloop
  endfacet
  facet normal 0.471364 0.881939 -0
    outer loop
      vertex 6.985 12.0984 6.3
      vertex 6.17877 12.5293 7.3
      vertex 6.985 12.0984 7.3
    endloop
  endfacet
  facet normal 0.471364 0.881939 0
    outer loop
      vertex 6.17877 12.5293 7.3
      vertex 6.985 12.0984 6.3
      vertex 6.17877 12.5293 6.3
    endloop
  endfacet
  facet normal -0.910857 0.412723 0
    outer loop
      vertex -12.9066 5.34609 6.3
      vertex -12.5293 6.17877 7.3
      vertex -12.5293 6.17877 6.3
    endloop
  endfacet
  facet normal -0.910857 0.412723 0
    outer loop
      vertex -12.5293 6.17877 7.3
      vertex -12.9066 5.34609 6.3
      vertex -12.9066 5.34609 7.3
    endloop
  endfacet
  facet normal -0.973874 0.22709 0
    outer loop
      vertex -13.7016 2.72541 6.3
      vertex -13.494 3.6157 7.3
      vertex -13.494 3.6157 6.3
    endloop
  endfacet
  facet normal -0.973874 0.22709 0
    outer loop
      vertex -13.494 3.6157 7.3
      vertex -13.7016 2.72541 6.3
      vertex -13.7016 2.72541 7.3
    endloop
  endfacet
  facet normal -0.935912 0.352233 0
    outer loop
      vertex -13.2286 4.49051 6.3
      vertex -12.9066 5.34609 7.3
      vertex -12.9066 5.34609 6.3
    endloop
  endfacet
  facet normal -0.935912 0.352233 0
    outer loop
      vertex -12.9066 5.34609 7.3
      vertex -13.2286 4.49051 6.3
      vertex -13.2286 4.49051 7.3
    endloop
  endfacet
  facet normal -0.986646 0.16288 0
    outer loop
      vertex -13.8505 1.82345 6.3
      vertex -13.7016 2.72541 7.3
      vertex -13.7016 2.72541 6.3
    endloop
  endfacet
  facet normal -0.986646 0.16288 0
    outer loop
      vertex -13.7016 2.72541 7.3
      vertex -13.8505 1.82345 6.3
      vertex -13.8505 1.82345 7.3
    endloop
  endfacet
  facet normal -0.52811 0.849176 0
    outer loop
      vertex -6.985 12.0984 6.3
      vertex -7.76132 11.6156 7.3
      vertex -6.985 12.0984 7.3
    endloop
  endfacet
  facet normal -0.52811 0.849176 0
    outer loop
      vertex -7.76132 11.6156 7.3
      vertex -6.985 12.0984 6.3
      vertex -7.76132 11.6156 6.3
    endloop
  endfacet
  facet normal -0.412723 0.910857 0
    outer loop
      vertex -5.34609 12.9066 6.3
      vertex -6.17877 12.5293 7.3
      vertex -5.34609 12.9066 7.3
    endloop
  endfacet
  facet normal -0.412723 0.910857 0
    outer loop
      vertex -6.17877 12.5293 7.3
      vertex -5.34609 12.9066 6.3
      vertex -6.17877 12.5293 6.3
    endloop
  endfacet
  facet normal -0.58249 0.812838 0
    outer loop
      vertex -7.76132 11.6156 6.3
      vertex -8.5044 11.0831 7.3
      vertex -7.76132 11.6156 7.3
    endloop
  endfacet
  facet normal -0.58249 0.812838 0
    outer loop
      vertex -8.5044 11.0831 7.3
      vertex -7.76132 11.6156 6.3
      vertex -8.5044 11.0831 6.3
    endloop
  endfacet
  facet normal -0.0980123 0.995185 0
    outer loop
      vertex -0.913681 13.9401 6.3
      vertex -1.82345 13.8505 7.3
      vertex -0.913681 13.9401 7.3
    endloop
  endfacet
  facet normal -0.0980123 0.995185 0
    outer loop
      vertex -1.82345 13.8505 7.3
      vertex -0.913681 13.9401 6.3
      vertex -1.82345 13.8505 6.3
    endloop
  endfacet
  facet normal 0.412723 -0.910857 0
    outer loop
      vertex 5.34609 -12.9066 6.3
      vertex 6.17877 -12.5293 7.3
      vertex 5.34609 -12.9066 7.3
    endloop
  endfacet
  facet normal 0.412723 -0.910857 0
    outer loop
      vertex 6.17877 -12.5293 7.3
      vertex 5.34609 -12.9066 6.3
      vertex 6.17877 -12.5293 6.3
    endloop
  endfacet
  facet normal 0.58249 -0.812838 0
    outer loop
      vertex 7.76132 -11.6156 6.3
      vertex 8.5044 -11.0831 7.3
      vertex 7.76132 -11.6156 7.3
    endloop
  endfacet
  facet normal 0.58249 -0.812838 0
    outer loop
      vertex 8.5044 -11.0831 7.3
      vertex 7.76132 -11.6156 6.3
      vertex 8.5044 -11.0831 6.3
    endloop
  endfacet
  facet normal 0.986646 -0.16288 0
    outer loop
      vertex 13.7016 -2.72541 7.3
      vertex 13.8505 -1.82345 6.3
      vertex 13.8505 -1.82345 7.3
    endloop
  endfacet
  facet normal 0.986646 -0.16288 0
    outer loop
      vertex 13.8505 -1.82345 6.3
      vertex 13.7016 -2.72541 7.3
      vertex 13.7016 -2.72541 6.3
    endloop
  endfacet
  facet normal 0.995185 -0.0980123 0
    outer loop
      vertex 13.8505 -1.82345 7.3
      vertex 13.9401 -0.913681 6.3
      vertex 13.9401 -0.913681 7.3
    endloop
  endfacet
  facet normal 0.995185 -0.0980123 0
    outer loop
      vertex 13.9401 -0.913681 6.3
      vertex 13.8505 -1.82345 7.3
      vertex 13.8505 -1.82345 6.3
    endloop
  endfacet
  facet normal -0.58249 -0.812838 0
    outer loop
      vertex -8.5044 -11.0831 6.3
      vertex -7.76132 -11.6156 7.3
      vertex -8.5044 -11.0831 7.3
    endloop
  endfacet
  facet normal -0.58249 -0.812838 -0
    outer loop
      vertex -7.76132 -11.6156 7.3
      vertex -8.5044 -11.0831 6.3
      vertex -7.76132 -11.6156 6.3
    endloop
  endfacet
  facet normal -0.16288 -0.986646 0
    outer loop
      vertex -2.72541 -13.7016 6.3
      vertex -1.82345 -13.8505 7.3
      vertex -2.72541 -13.7016 7.3
    endloop
  endfacet
  facet normal -0.16288 -0.986646 -0
    outer loop
      vertex -1.82345 -13.8505 7.3
      vertex -2.72541 -13.7016 6.3
      vertex -1.82345 -13.8505 6.3
    endloop
  endfacet
  facet normal -0.910857 -0.412723 0
    outer loop
      vertex -12.5293 -6.17877 6.3
      vertex -12.9066 -5.34609 7.3
      vertex -12.9066 -5.34609 6.3
    endloop
  endfacet
  facet normal -0.910857 -0.412723 0
    outer loop
      vertex -12.9066 -5.34609 7.3
      vertex -12.5293 -6.17877 6.3
      vertex -12.5293 -6.17877 7.3
    endloop
  endfacet
  facet normal -0.849176 -0.52811 0
    outer loop
      vertex -11.6156 -7.76132 6.3
      vertex -12.0984 -6.985 7.3
      vertex -12.0984 -6.985 6.3
    endloop
  endfacet
  facet normal -0.849176 -0.52811 0
    outer loop
      vertex -12.0984 -6.985 7.3
      vertex -11.6156 -7.76132 6.3
      vertex -11.6156 -7.76132 7.3
    endloop
  endfacet
  facet normal -0.935912 -0.352233 0
    outer loop
      vertex -12.9066 -5.34609 6.3
      vertex -13.2286 -4.49051 7.3
      vertex -13.2286 -4.49051 6.3
    endloop
  endfacet
  facet normal -0.935912 -0.352233 0
    outer loop
      vertex -13.2286 -4.49051 7.3
      vertex -12.9066 -5.34609 6.3
      vertex -12.9066 -5.34609 7.3
    endloop
  endfacet
  facet normal 0.973874 0.22709 0
    outer loop
      vertex 13.7016 2.72541 7.3
      vertex 13.494 3.6157 6.3
      vertex 13.494 3.6157 7.3
    endloop
  endfacet
  facet normal 0.973874 0.22709 0
    outer loop
      vertex 13.494 3.6157 6.3
      vertex 13.7016 2.72541 7.3
      vertex 13.7016 2.72541 6.3
    endloop
  endfacet
  facet normal 0.986646 0.16288 0
    outer loop
      vertex 13.8505 1.82345 7.3
      vertex 13.7016 2.72541 6.3
      vertex 13.7016 2.72541 7.3
    endloop
  endfacet
  facet normal 0.986646 0.16288 0
    outer loop
      vertex 13.7016 2.72541 6.3
      vertex 13.8505 1.82345 7.3
      vertex 13.8505 1.82345 6.3
    endloop
  endfacet
  facet normal 0.935912 0.352233 0
    outer loop
      vertex 13.2286 4.49051 7.3
      vertex 12.9066 5.34609 6.3
      vertex 12.9066 5.34609 7.3
    endloop
  endfacet
  facet normal 0.935912 0.352233 0
    outer loop
      vertex 12.9066 5.34609 6.3
      vertex 13.2286 4.49051 7.3
      vertex 13.2286 4.49051 6.3
    endloop
  endfacet
  facet normal 0.849176 0.52811 0
    outer loop
      vertex 12.0984 6.985 7.3
      vertex 11.6156 7.76132 6.3
      vertex 11.6156 7.76132 7.3
    endloop
  endfacet
  facet normal 0.849176 0.52811 0
    outer loop
      vertex 11.6156 7.76132 6.3
      vertex 12.0984 6.985 7.3
      vertex 12.0984 6.985 6.3
    endloop
  endfacet
  facet normal 0.881939 0.471364 0
    outer loop
      vertex 12.5293 6.17877 7.3
      vertex 12.0984 6.985 6.3
      vertex 12.0984 6.985 7.3
    endloop
  endfacet
  facet normal 0.881939 0.471364 0
    outer loop
      vertex 12.0984 6.985 6.3
      vertex 12.5293 6.17877 7.3
      vertex 12.5293 6.17877 6.3
    endloop
  endfacet
  facet normal 0.290314 0.956931 -0
    outer loop
      vertex 4.49051 13.2286 6.3
      vertex 3.6157 13.494 7.3
      vertex 4.49051 13.2286 7.3
    endloop
  endfacet
  facet normal 0.290314 0.956931 0
    outer loop
      vertex 3.6157 13.494 7.3
      vertex 4.49051 13.2286 6.3
      vertex 3.6157 13.494 6.3
    endloop
  endfacet
  facet normal 0.0980123 0.995185 -0
    outer loop
      vertex 1.82345 13.8505 6.3
      vertex 0.913681 13.9401 7.3
      vertex 1.82345 13.8505 7.3
    endloop
  endfacet
  facet normal 0.0980123 0.995185 0
    outer loop
      vertex 0.913681 13.9401 7.3
      vertex 1.82345 13.8505 6.3
      vertex 0.913681 13.9401 6.3
    endloop
  endfacet
  facet normal 0.52811 0.849176 -0
    outer loop
      vertex 7.76132 11.6156 6.3
      vertex 6.985 12.0984 7.3
      vertex 7.76132 11.6156 7.3
    endloop
  endfacet
  facet normal 0.52811 0.849176 0
    outer loop
      vertex 6.985 12.0984 7.3
      vertex 7.76132 11.6156 6.3
      vertex 6.985 12.0984 6.3
    endloop
  endfacet
  facet normal 0.634367 0.773032 -0
    outer loop
      vertex 9.21106 10.5032 6.3
      vertex 8.5044 11.0831 7.3
      vertex 9.21106 10.5032 7.3
    endloop
  endfacet
  facet normal 0.634367 0.773032 0
    outer loop
      vertex 8.5044 11.0831 7.3
      vertex 9.21106 10.5032 6.3
      vertex 8.5044 11.0831 6.3
    endloop
  endfacet
  facet normal 0.683592 0.729864 -0
    outer loop
      vertex 9.87828 9.87828 6.3
      vertex 9.21106 10.5032 7.3
      vertex 9.87828 9.87828 7.3
    endloop
  endfacet
  facet normal 0.683592 0.729864 0
    outer loop
      vertex 9.21106 10.5032 7.3
      vertex 9.87828 9.87828 6.3
      vertex 9.21106 10.5032 6.3
    endloop
  endfacet
  facet normal -0.729864 0.683592 0
    outer loop
      vertex -10.5032 9.21106 6.3
      vertex -9.87828 9.87828 7.3
      vertex -9.87828 9.87828 6.3
    endloop
  endfacet
  facet normal -0.729864 0.683592 0
    outer loop
      vertex -9.87828 9.87828 7.3
      vertex -10.5032 9.21106 6.3
      vertex -10.5032 9.21106 7.3
    endloop
  endfacet
  facet normal -0.773032 0.634367 0
    outer loop
      vertex -11.0831 8.5044 6.3
      vertex -10.5032 9.21106 7.3
      vertex -10.5032 9.21106 6.3
    endloop
  endfacet
  facet normal -0.773032 0.634367 0
    outer loop
      vertex -10.5032 9.21106 7.3
      vertex -11.0831 8.5044 6.3
      vertex -11.0831 8.5044 7.3
    endloop
  endfacet
  facet normal -0.881939 0.471364 0
    outer loop
      vertex -12.5293 6.17877 6.3
      vertex -12.0984 6.985 7.3
      vertex -12.0984 6.985 6.3
    endloop
  endfacet
  facet normal -0.881939 0.471364 0
    outer loop
      vertex -12.0984 6.985 7.3
      vertex -12.5293 6.17877 6.3
      vertex -12.5293 6.17877 7.3
    endloop
  endfacet
  facet normal -0.956931 0.290314 0
    outer loop
      vertex -13.494 3.6157 6.3
      vertex -13.2286 4.49051 7.3
      vertex -13.2286 4.49051 6.3
    endloop
  endfacet
  facet normal -0.956931 0.290314 0
    outer loop
      vertex -13.2286 4.49051 7.3
      vertex -13.494 3.6157 6.3
      vertex -13.494 3.6157 7.3
    endloop
  endfacet
  facet normal -0.995185 0.0980123 0
    outer loop
      vertex -13.9401 0.913681 6.3
      vertex -13.8505 1.82345 7.3
      vertex -13.8505 1.82345 6.3
    endloop
  endfacet
  facet normal -0.995185 0.0980123 0
    outer loop
      vertex -13.8505 1.82345 7.3
      vertex -13.9401 0.913681 6.3
      vertex -13.9401 0.913681 7.3
    endloop
  endfacet
  facet normal -0.471364 0.881939 0
    outer loop
      vertex -6.17877 12.5293 6.3
      vertex -6.985 12.0984 7.3
      vertex -6.17877 12.5293 7.3
    endloop
  endfacet
  facet normal -0.471364 0.881939 0
    outer loop
      vertex -6.985 12.0984 7.3
      vertex -6.17877 12.5293 6.3
      vertex -6.985 12.0984 6.3
    endloop
  endfacet
  facet normal -0.22709 0.973874 0
    outer loop
      vertex -2.72541 13.7016 6.3
      vertex -3.6157 13.494 7.3
      vertex -2.72541 13.7016 7.3
    endloop
  endfacet
  facet normal -0.22709 0.973874 0
    outer loop
      vertex -3.6157 13.494 7.3
      vertex -2.72541 13.7016 6.3
      vertex -3.6157 13.494 6.3
    endloop
  endfacet
  facet normal -0.290314 0.956931 0
    outer loop
      vertex -3.6157 13.494 6.3
      vertex -4.49051 13.2286 7.3
      vertex -3.6157 13.494 7.3
    endloop
  endfacet
  facet normal -0.290314 0.956931 0
    outer loop
      vertex -4.49051 13.2286 7.3
      vertex -3.6157 13.494 6.3
      vertex -4.49051 13.2286 6.3
    endloop
  endfacet
  facet normal -0.0327073 0.999465 0
    outer loop
      vertex 0 13.97 6.3
      vertex -0.913681 13.9401 7.3
      vertex 0 13.97 7.3
    endloop
  endfacet
  facet normal -0.0327073 0.999465 0
    outer loop
      vertex -0.913681 13.9401 7.3
      vertex 0 13.97 6.3
      vertex -0.913681 13.9401 6.3
    endloop
  endfacet
  facet normal 0.999465 -0.0327073 0
    outer loop
      vertex 13.9401 -0.913681 7.3
      vertex 13.97 0 6.3
      vertex 13.97 0 7.3
    endloop
  endfacet
  facet normal 0.999465 -0.0327073 0
    outer loop
      vertex 13.97 0 6.3
      vertex 13.9401 -0.913681 7.3
      vertex 13.9401 -0.913681 6.3
    endloop
  endfacet
  facet normal 0.0327073 -0.999465 0
    outer loop
      vertex 0 -13.97 6.3
      vertex 0.913681 -13.9401 7.3
      vertex 0 -13.97 7.3
    endloop
  endfacet
  facet normal 0.0327073 -0.999465 0
    outer loop
      vertex 0.913681 -13.9401 7.3
      vertex 0 -13.97 6.3
      vertex 0.913681 -13.9401 6.3
    endloop
  endfacet
  facet normal 0.16288 -0.986646 0
    outer loop
      vertex 1.82345 -13.8505 6.3
      vertex 2.72541 -13.7016 7.3
      vertex 1.82345 -13.8505 7.3
    endloop
  endfacet
  facet normal 0.16288 -0.986646 0
    outer loop
      vertex 2.72541 -13.7016 7.3
      vertex 1.82345 -13.8505 6.3
      vertex 2.72541 -13.7016 6.3
    endloop
  endfacet
  facet normal 0.352233 -0.935912 0
    outer loop
      vertex 4.49051 -13.2286 6.3
      vertex 5.34609 -12.9066 7.3
      vertex 4.49051 -13.2286 7.3
    endloop
  endfacet
  facet normal 0.352233 -0.935912 0
    outer loop
      vertex 5.34609 -12.9066 7.3
      vertex 4.49051 -13.2286 6.3
      vertex 5.34609 -12.9066 6.3
    endloop
  endfacet
  facet normal 0.471364 -0.881939 0
    outer loop
      vertex 6.17877 -12.5293 6.3
      vertex 6.985 -12.0984 7.3
      vertex 6.17877 -12.5293 7.3
    endloop
  endfacet
  facet normal 0.471364 -0.881939 0
    outer loop
      vertex 6.985 -12.0984 7.3
      vertex 6.17877 -12.5293 6.3
      vertex 6.985 -12.0984 6.3
    endloop
  endfacet
  facet normal 0.52811 -0.849176 0
    outer loop
      vertex 6.985 -12.0984 6.3
      vertex 7.76132 -11.6156 7.3
      vertex 6.985 -12.0984 7.3
    endloop
  endfacet
  facet normal 0.52811 -0.849176 0
    outer loop
      vertex 7.76132 -11.6156 7.3
      vertex 6.985 -12.0984 6.3
      vertex 7.76132 -11.6156 6.3
    endloop
  endfacet
  facet normal 0.729864 -0.683592 0
    outer loop
      vertex 9.87828 -9.87828 7.3
      vertex 10.5032 -9.21106 6.3
      vertex 10.5032 -9.21106 7.3
    endloop
  endfacet
  facet normal 0.729864 -0.683592 0
    outer loop
      vertex 10.5032 -9.21106 6.3
      vertex 9.87828 -9.87828 7.3
      vertex 9.87828 -9.87828 6.3
    endloop
  endfacet
  facet normal 0.812838 -0.58249 0
    outer loop
      vertex 11.0831 -8.5044 7.3
      vertex 11.6156 -7.76132 6.3
      vertex 11.6156 -7.76132 7.3
    endloop
  endfacet
  facet normal 0.812838 -0.58249 0
    outer loop
      vertex 11.6156 -7.76132 6.3
      vertex 11.0831 -8.5044 7.3
      vertex 11.0831 -8.5044 6.3
    endloop
  endfacet
  facet normal 0.910857 -0.412723 0
    outer loop
      vertex 12.5293 -6.17877 7.3
      vertex 12.9066 -5.34609 6.3
      vertex 12.9066 -5.34609 7.3
    endloop
  endfacet
  facet normal 0.910857 -0.412723 0
    outer loop
      vertex 12.9066 -5.34609 6.3
      vertex 12.5293 -6.17877 7.3
      vertex 12.5293 -6.17877 6.3
    endloop
  endfacet
  facet normal 0.956931 -0.290314 0
    outer loop
      vertex 13.2286 -4.49051 7.3
      vertex 13.494 -3.6157 6.3
      vertex 13.494 -3.6157 7.3
    endloop
  endfacet
  facet normal 0.956931 -0.290314 0
    outer loop
      vertex 13.494 -3.6157 6.3
      vertex 13.2286 -4.49051 7.3
      vertex 13.2286 -4.49051 6.3
    endloop
  endfacet
  facet normal -0.683592 -0.729864 0
    outer loop
      vertex -9.87828 -9.87828 6.3
      vertex -9.21106 -10.5032 7.3
      vertex -9.87828 -9.87828 7.3
    endloop
  endfacet
  facet normal -0.683592 -0.729864 -0
    outer loop
      vertex -9.21106 -10.5032 7.3
      vertex -9.87828 -9.87828 6.3
      vertex -9.21106 -10.5032 6.3
    endloop
  endfacet
  facet normal -0.412723 -0.910857 0
    outer loop
      vertex -6.17877 -12.5293 6.3
      vertex -5.34609 -12.9066 7.3
      vertex -6.17877 -12.5293 7.3
    endloop
  endfacet
  facet normal -0.412723 -0.910857 -0
    outer loop
      vertex -5.34609 -12.9066 7.3
      vertex -6.17877 -12.5293 6.3
      vertex -5.34609 -12.9066 6.3
    endloop
  endfacet
  facet normal -0.52811 -0.849176 0
    outer loop
      vertex -7.76132 -11.6156 6.3
      vertex -6.985 -12.0984 7.3
      vertex -7.76132 -11.6156 7.3
    endloop
  endfacet
  facet normal -0.52811 -0.849176 -0
    outer loop
      vertex -6.985 -12.0984 7.3
      vertex -7.76132 -11.6156 6.3
      vertex -6.985 -12.0984 6.3
    endloop
  endfacet
  facet normal -0.22709 -0.973874 0
    outer loop
      vertex -3.6157 -13.494 6.3
      vertex -2.72541 -13.7016 7.3
      vertex -3.6157 -13.494 7.3
    endloop
  endfacet
  facet normal -0.22709 -0.973874 -0
    outer loop
      vertex -2.72541 -13.7016 7.3
      vertex -3.6157 -13.494 6.3
      vertex -2.72541 -13.7016 6.3
    endloop
  endfacet
  facet normal -0.290314 -0.956931 0
    outer loop
      vertex -4.49051 -13.2286 6.3
      vertex -3.6157 -13.494 7.3
      vertex -4.49051 -13.2286 7.3
    endloop
  endfacet
  facet normal -0.290314 -0.956931 -0
    outer loop
      vertex -3.6157 -13.494 7.3
      vertex -4.49051 -13.2286 6.3
      vertex -3.6157 -13.494 6.3
    endloop
  endfacet
  facet normal -0.0980123 -0.995185 0
    outer loop
      vertex -1.82345 -13.8505 6.3
      vertex -0.913681 -13.9401 7.3
      vertex -1.82345 -13.8505 7.3
    endloop
  endfacet
  facet normal -0.0980123 -0.995185 -0
    outer loop
      vertex -0.913681 -13.9401 7.3
      vertex -1.82345 -13.8505 6.3
      vertex -0.913681 -13.9401 6.3
    endloop
  endfacet
  facet normal -0.773032 -0.634367 0
    outer loop
      vertex -10.5032 -9.21106 6.3
      vertex -11.0831 -8.5044 7.3
      vertex -11.0831 -8.5044 6.3
    endloop
  endfacet
  facet normal -0.773032 -0.634367 0
    outer loop
      vertex -11.0831 -8.5044 7.3
      vertex -10.5032 -9.21106 6.3
      vertex -10.5032 -9.21106 7.3
    endloop
  endfacet
  facet normal -0.881939 -0.471364 0
    outer loop
      vertex -12.0984 -6.985 6.3
      vertex -12.5293 -6.17877 7.3
      vertex -12.5293 -6.17877 6.3
    endloop
  endfacet
  facet normal -0.881939 -0.471364 0
    outer loop
      vertex -12.5293 -6.17877 7.3
      vertex -12.0984 -6.985 6.3
      vertex -12.0984 -6.985 7.3
    endloop
  endfacet
  facet normal -0.973874 -0.22709 0
    outer loop
      vertex -13.494 -3.6157 6.3
      vertex -13.7016 -2.72541 7.3
      vertex -13.7016 -2.72541 6.3
    endloop
  endfacet
  facet normal -0.973874 -0.22709 0
    outer loop
      vertex -13.7016 -2.72541 7.3
      vertex -13.494 -3.6157 6.3
      vertex -13.494 -3.6157 7.3
    endloop
  endfacet
  facet normal -0.986646 -0.16288 0
    outer loop
      vertex -13.7016 -2.72541 6.3
      vertex -13.8505 -1.82345 7.3
      vertex -13.8505 -1.82345 6.3
    endloop
  endfacet
  facet normal -0.986646 -0.16288 0
    outer loop
      vertex -13.8505 -1.82345 7.3
      vertex -13.7016 -2.72541 6.3
      vertex -13.7016 -2.72541 7.3
    endloop
  endfacet
  facet normal -0.999465 -0.0327073 0
    outer loop
      vertex -13.9401 -0.913681 6.3
      vertex -13.97 0 7.3
      vertex -13.97 0 6.3
    endloop
  endfacet
  facet normal -0.999465 -0.0327073 0
    outer loop
      vertex -13.97 0 7.3
      vertex -13.9401 -0.913681 6.3
      vertex -13.9401 -0.913681 7.3
    endloop
  endfacet
  facet normal 0.0980123 -0.995185 0
    outer loop
      vertex 0.913681 -13.9401 6.3
      vertex 1.82345 -13.8505 7.3
      vertex 0.913681 -13.9401 7.3
    endloop
  endfacet
  facet normal 0.0980123 -0.995185 0
    outer loop
      vertex 1.82345 -13.8505 7.3
      vertex 0.913681 -13.9401 6.3
      vertex 1.82345 -13.8505 6.3
    endloop
  endfacet
  facet normal 0.290314 -0.956931 0
    outer loop
      vertex 3.6157 -13.494 6.3
      vertex 4.49051 -13.2286 7.3
      vertex 3.6157 -13.494 7.3
    endloop
  endfacet
  facet normal 0.290314 -0.956931 0
    outer loop
      vertex 4.49051 -13.2286 7.3
      vertex 3.6157 -13.494 6.3
      vertex 4.49051 -13.2286 6.3
    endloop
  endfacet
  facet normal 0.683592 -0.729864 0
    outer loop
      vertex 9.21106 -10.5032 6.3
      vertex 9.87828 -9.87828 7.3
      vertex 9.21106 -10.5032 7.3
    endloop
  endfacet
  facet normal 0.683592 -0.729864 0
    outer loop
      vertex 9.87828 -9.87828 7.3
      vertex 9.21106 -10.5032 6.3
      vertex 9.87828 -9.87828 6.3
    endloop
  endfacet
  facet normal 0.849176 -0.52811 0
    outer loop
      vertex 11.6156 -7.76132 7.3
      vertex 12.0984 -6.985 6.3
      vertex 12.0984 -6.985 7.3
    endloop
  endfacet
  facet normal 0.849176 -0.52811 0
    outer loop
      vertex 12.0984 -6.985 6.3
      vertex 11.6156 -7.76132 7.3
      vertex 11.6156 -7.76132 6.3
    endloop
  endfacet
  facet normal 0.935912 -0.352233 0
    outer loop
      vertex 12.9066 -5.34609 7.3
      vertex 13.2286 -4.49051 6.3
      vertex 13.2286 -4.49051 7.3
    endloop
  endfacet
  facet normal 0.935912 -0.352233 0
    outer loop
      vertex 13.2286 -4.49051 6.3
      vertex 12.9066 -5.34609 7.3
      vertex 12.9066 -5.34609 6.3
    endloop
  endfacet
  facet normal 0.973874 -0.22709 0
    outer loop
      vertex 13.494 -3.6157 7.3
      vertex 13.7016 -2.72541 6.3
      vertex 13.7016 -2.72541 7.3
    endloop
  endfacet
  facet normal 0.973874 -0.22709 0
    outer loop
      vertex 13.7016 -2.72541 6.3
      vertex 13.494 -3.6157 7.3
      vertex 13.494 -3.6157 6.3
    endloop
  endfacet
  facet normal -0.634367 -0.773032 0
    outer loop
      vertex -9.21106 -10.5032 6.3
      vertex -8.5044 -11.0831 7.3
      vertex -9.21106 -10.5032 7.3
    endloop
  endfacet
  facet normal -0.634367 -0.773032 -0
    outer loop
      vertex -8.5044 -11.0831 7.3
      vertex -9.21106 -10.5032 6.3
      vertex -8.5044 -11.0831 6.3
    endloop
  endfacet
  facet normal -0.471364 -0.881939 0
    outer loop
      vertex -6.985 -12.0984 6.3
      vertex -6.17877 -12.5293 7.3
      vertex -6.985 -12.0984 7.3
    endloop
  endfacet
  facet normal -0.471364 -0.881939 -0
    outer loop
      vertex -6.17877 -12.5293 7.3
      vertex -6.985 -12.0984 6.3
      vertex -6.17877 -12.5293 6.3
    endloop
  endfacet
  facet normal -0.956931 -0.290314 0
    outer loop
      vertex -13.2286 -4.49051 6.3
      vertex -13.494 -3.6157 7.3
      vertex -13.494 -3.6157 6.3
    endloop
  endfacet
  facet normal -0.956931 -0.290314 0
    outer loop
      vertex -13.494 -3.6157 7.3
      vertex -13.2286 -4.49051 6.3
      vertex -13.2286 -4.49051 7.3
    endloop
  endfacet
  facet normal -0.995185 -0.0980123 0
    outer loop
      vertex -13.8505 -1.82345 6.3
      vertex -13.9401 -0.913681 7.3
      vertex -13.9401 -0.913681 6.3
    endloop
  endfacet
  facet normal -0.995185 -0.0980123 0
    outer loop
      vertex -13.9401 -0.913681 7.3
      vertex -13.8505 -1.82345 6.3
      vertex -13.8505 -1.82345 7.3
    endloop
  endfacet
  facet normal 0.773032 -0.634367 0
    outer loop
      vertex 10.5032 -9.21106 7.3
      vertex 11.0831 -8.5044 6.3
      vertex 11.0831 -8.5044 7.3
    endloop
  endfacet
  facet normal 0.773032 -0.634367 0
    outer loop
      vertex 11.0831 -8.5044 6.3
      vertex 10.5032 -9.21106 7.3
      vertex 10.5032 -9.21106 6.3
    endloop
  endfacet
  facet normal 0.0801271 0.00262214 0.996781
    outer loop
      vertex 13.9401 0.913681 7.3
      vertex 7.75 0 7.8
      vertex 13.97 0 7.3
    endloop
  endfacet
  facet normal 0.0797839 0.00785764 0.996781
    outer loop
      vertex 13.8505 1.82345 7.3
      vertex 7.73341 0.506874 7.8
      vertex 13.9401 0.913681 7.3
    endloop
  endfacet
  facet normal -0.0619741 0.0508573 0.996781
    outer loop
      vertex -10.5032 9.21106 7.3
      vertex -11.0831 8.5044 7.3
      vertex -5.82676 5.10993 7.8
    endloop
  endfacet
  facet normal -0.0330878 0.0730236 0.996781
    outer loop
      vertex -2.9658 7.16007 7.8
      vertex -5.34609 12.9066 7.3
      vertex -3.42774 6.95076 7.8
    endloop
  endfacet
  facet normal -0.0585136 0.0548034 0.996781
    outer loop
      vertex -5.48008 5.48008 7.8
      vertex -9.87828 9.87828 7.3
      vertex -5.82676 5.10993 7.8
    endloop
  endfacet
  facet normal -0.0801271 0.00262214 0.996781
    outer loop
      vertex -13.9401 0.913681 7.3
      vertex -13.97 0 7.3
      vertex -7.75 0 7.8
    endloop
  endfacet
  facet normal -0.0750319 -0.0282397 0.996781
    outer loop
      vertex -7.33871 -2.49116 7.8
      vertex -13.2286 -4.49051 7.3
      vertex -7.16007 -2.9658 7.8
    endloop
  endfacet
  facet normal 0.0466974 0.0651662 0.996781
    outer loop
      vertex 7.76132 11.6156 7.3
      vertex 4.30567 6.44389 7.8
      vertex 4.7179 6.14849 7.8
    endloop
  endfacet
  facet normal 0.0651662 0.0466974 0.996781
    outer loop
      vertex 11.6156 7.76132 7.3
      vertex 6.14849 4.7179 7.8
      vertex 6.44389 4.30567 7.8
    endloop
  endfacet
  facet normal 0.0780752 -0.0182059 0.996781
    outer loop
      vertex 7.60109 -1.51195 7.8
      vertex 7.48592 -2.00585 7.8
      vertex 13.494 -3.6157 7.3
    endloop
  endfacet
  facet normal -0.0680807 0.0423356 0.996781
    outer loop
      vertex -6.44389 4.30567 7.8
      vertex -11.6156 7.76132 7.3
      vertex -6.7117 3.875 7.8
    endloop
  endfacet
  facet normal -0.0797839 0.00785764 0.996781
    outer loop
      vertex -13.8505 1.82345 7.3
      vertex -13.9401 0.913681 7.3
      vertex -7.73341 0.506874 7.8
    endloop
  endfacet
  facet normal -0.0548034 -0.0585136 0.996781
    outer loop
      vertex -5.48008 -5.48008 7.8
      vertex -9.87828 -9.87828 7.3
      vertex -5.10993 -5.82676 7.8
    endloop
  endfacet
  facet normal 0.0282386 0.0750322 0.996781
    outer loop
      vertex 4.49051 13.2286 7.3
      vertex 2.9658 7.16007 7.8
      vertex 5.34609 12.9066 7.3
    endloop
  endfacet
  facet normal -0.0282386 0.0750322 0.996781
    outer loop
      vertex -4.49051 13.2286 7.3
      vertex -5.34609 12.9066 7.3
      vertex -2.9658 7.16007 7.8
    endloop
  endfacet
  facet normal 0.0790992 0.0130581 0.996781
    outer loop
      vertex 13.7016 2.72541 7.3
      vertex 7.60109 1.51195 7.8
      vertex 13.8505 1.82345 7.3
    endloop
  endfacet
  facet normal 0.0750319 -0.0282397 0.996781
    outer loop
      vertex 7.33871 -2.49116 7.8
      vertex 7.16007 -2.9658 7.8
      vertex 13.2286 -4.49051 7.3
    endloop
  endfacet
  facet normal 0.0750322 -0.0282386 0.996781
    outer loop
      vertex 13.2286 -4.49051 7.3
      vertex 7.16007 -2.9658 7.8
      vertex 12.9066 -5.34609 7.3
    endloop
  endfacet
  facet normal 0.0790992 -0.0130581 0.996781
    outer loop
      vertex 13.8505 -1.82345 7.3
      vertex 7.60109 -1.51195 7.8
      vertex 13.7016 -2.72541 7.3
    endloop
  endfacet
  facet normal -0.0619727 0.0508595 0.996781
    outer loop
      vertex -5.82676 5.10993 7.8
      vertex -11.0831 8.5044 7.3
      vertex -6.14849 4.7179 7.8
    endloop
  endfacet
  facet normal -0.0377892 0.0707049 0.996781
    outer loop
      vertex -6.17877 12.5293 7.3
      vertex -6.985 12.0984 7.3
      vertex -3.875 6.7117 7.8
    endloop
  endfacet
  facet normal -0.0466985 0.0651656 0.996781
    outer loop
      vertex -7.76132 11.6156 7.3
      vertex -8.5044 11.0831 7.3
      vertex -4.7179 6.14849 7.8
    endloop
  endfacet
  facet normal -0.0730236 0.0330878 0.996781
    outer loop
      vertex -6.95076 3.42774 7.8
      vertex -12.9066 5.34609 7.3
      vertex -7.16007 2.9658 7.8
    endloop
  endfacet
  facet normal -0.0707049 0.0377892 0.996781
    outer loop
      vertex -12.0984 6.985 7.3
      vertex -12.5293 6.17877 7.3
      vertex -6.7117 3.875 7.8
    endloop
  endfacet
  facet normal -0.0750322 0.0282386 0.996781
    outer loop
      vertex -12.9066 5.34609 7.3
      vertex -13.2286 4.49051 7.3
      vertex -7.16007 2.9658 7.8
    endloop
  endfacet
  facet normal -0.0790992 0.0130581 0.996781
    outer loop
      vertex -13.7016 2.72541 7.3
      vertex -13.8505 1.82345 7.3
      vertex -7.60109 1.51195 7.8
    endloop
  endfacet
  facet normal -0.0508573 -0.0619741 0.996781
    outer loop
      vertex -5.10993 -5.82676 7.8
      vertex -9.21106 -10.5032 7.3
      vertex -8.5044 -11.0831 7.3
    endloop
  endfacet
  facet normal -0.0790992 -0.0130581 0.996781
    outer loop
      vertex -7.60109 -1.51195 7.8
      vertex -13.8505 -1.82345 7.3
      vertex -13.7016 -2.72541 7.3
    endloop
  endfacet
  facet normal 0.00785764 -0.0797839 0.996781
    outer loop
      vertex 1.82345 -13.8505 7.3
      vertex 0.506874 -7.73341 7.8
      vertex 0.913681 -13.9401 7.3
    endloop
  endfacet
  facet normal -0.0182058 -0.0780752 0.996781
    outer loop
      vertex -1.51195 -7.60109 7.8
      vertex -3.6157 -13.494 7.3
      vertex -2.72541 -13.7016 7.3
    endloop
  endfacet
  facet normal 0.0282397 0.0750319 0.996781
    outer loop
      vertex 4.49051 13.2286 7.3
      vertex 2.49116 7.33871 7.8
      vertex 2.9658 7.16007 7.8
    endloop
  endfacet
  facet normal 0.00262214 0.0801271 0.996781
    outer loop
      vertex 0 13.97 7.3
      vertex 0 7.75 7.8
      vertex 0.913681 13.9401 7.3
    endloop
  endfacet
  facet normal 0.0377913 0.0707041 0.996781
    outer loop
      vertex 6.17877 12.5293 7.3
      vertex 3.42774 6.95076 7.8
      vertex 3.875 6.7117 7.8
    endloop
  endfacet
  facet normal 0.0548037 0.0585132 0.996781
    outer loop
      vertex 9.21106 10.5032 7.3
      vertex 5.10993 5.82676 7.8
      vertex 9.87828 9.87828 7.3
    endloop
  endfacet
  facet normal -0.0130581 0.0790992 0.996781
    outer loop
      vertex -1.82345 13.8505 7.3
      vertex -2.72541 13.7016 7.3
      vertex -1.51195 7.60109 7.8
    endloop
  endfacet
  facet normal -0.0130591 0.0790991 0.996781
    outer loop
      vertex -1.01158 7.6837 7.8
      vertex -1.82345 13.8505 7.3
      vertex -1.51195 7.60109 7.8
    endloop
  endfacet
  facet normal 0.0619727 0.0508595 0.996781
    outer loop
      vertex 11.0831 8.5044 7.3
      vertex 5.82676 5.10993 7.8
      vertex 6.14849 4.7179 7.8
    endloop
  endfacet
  facet normal 0.0651656 0.0466985 0.996781
    outer loop
      vertex 11.0831 8.5044 7.3
      vertex 6.14849 4.7179 7.8
      vertex 11.6156 7.76132 7.3
    endloop
  endfacet
  facet normal 0.0730235 0.033088 0.996781
    outer loop
      vertex 12.5293 6.17877 7.3
      vertex 6.95076 3.42774 7.8
      vertex 12.9066 5.34609 7.3
    endloop
  endfacet
  facet normal 0.0750322 0.0282386 0.996781
    outer loop
      vertex 12.9066 5.34609 7.3
      vertex 7.16007 2.9658 7.8
      vertex 13.2286 4.49051 7.3
    endloop
  endfacet
  facet normal 0.0767185 0.0232712 0.996781
    outer loop
      vertex 13.2286 4.49051 7.3
      vertex 7.33871 2.49116 7.8
      vertex 7.48592 2.00585 7.8
    endloop
  endfacet
  facet normal 0.0466985 -0.0651656 0.996781
    outer loop
      vertex 8.5044 -11.0831 7.3
      vertex 4.7179 -6.14849 7.8
      vertex 7.76132 -11.6156 7.3
    endloop
  endfacet
  facet normal 0.0548037 -0.0585132 0.996781
    outer loop
      vertex 9.87828 -9.87828 7.3
      vertex 5.10993 -5.82676 7.8
      vertex 9.21106 -10.5032 7.3
    endloop
  endfacet
  facet normal 0.0651656 -0.0466985 0.996781
    outer loop
      vertex 11.6156 -7.76132 7.3
      vertex 6.14849 -4.7179 7.8
      vertex 11.0831 -8.5044 7.3
    endloop
  endfacet
  facet normal 0.0651662 -0.0466974 0.996781
    outer loop
      vertex 6.44389 -4.30567 7.8
      vertex 6.14849 -4.7179 7.8
      vertex 11.6156 -7.76132 7.3
    endloop
  endfacet
  facet normal 0.0707041 -0.0377913 0.996781
    outer loop
      vertex 6.95076 -3.42774 7.8
      vertex 6.7117 -3.875 7.8
      vertex 12.5293 -6.17877 7.3
    endloop
  endfacet
  facet normal 0.0767185 -0.0232712 0.996781
    outer loop
      vertex 7.48592 -2.00585 7.8
      vertex 7.33871 -2.49116 7.8
      vertex 13.2286 -4.49051 7.3
    endloop
  endfacet
  facet normal 0.0801271 -0.00262214 0.996781
    outer loop
      vertex 13.97 0 7.3
      vertex 7.75 0 7.8
      vertex 13.9401 -0.913681 7.3
    endloop
  endfacet
  facet normal -0.0585132 0.0548037 0.996781
    outer loop
      vertex -9.87828 9.87828 7.3
      vertex -10.5032 9.21106 7.3
      vertex -5.82676 5.10993 7.8
    endloop
  endfacet
  facet normal -0.033088 0.0730235 0.996781
    outer loop
      vertex -5.34609 12.9066 7.3
      vertex -6.17877 12.5293 7.3
      vertex -3.42774 6.95076 7.8
    endloop
  endfacet
  facet normal -0.0508595 0.0619727 0.996781
    outer loop
      vertex -4.7179 6.14849 7.8
      vertex -8.5044 11.0831 7.3
      vertex -5.10993 5.82676 7.8
    endloop
  endfacet
  facet normal -0.0680784 0.0423385 0.996781
    outer loop
      vertex -11.6156 7.76132 7.3
      vertex -12.0984 6.985 7.3
      vertex -6.7117 3.875 7.8
    endloop
  endfacet
  facet normal -0.080127 0.00262256 0.996781
    outer loop
      vertex -7.73341 0.506874 7.8
      vertex -13.9401 0.913681 7.3
      vertex -7.75 0 7.8
    endloop
  endfacet
  facet normal -0.0790991 0.0130591 0.996781
    outer loop
      vertex -7.60109 1.51195 7.8
      vertex -13.8505 1.82345 7.3
      vertex -7.6837 1.01158 7.8
    endloop
  endfacet
  facet normal -0.0330878 -0.0730236 0.996781
    outer loop
      vertex -3.42774 -6.95076 7.8
      vertex -5.34609 -12.9066 7.3
      vertex -2.9658 -7.16007 7.8
    endloop
  endfacet
  facet normal -0.0651656 -0.0466985 0.996781
    outer loop
      vertex -6.14849 -4.7179 7.8
      vertex -11.6156 -7.76132 7.3
      vertex -11.0831 -8.5044 7.3
    endloop
  endfacet
  facet normal -0.0651662 -0.0466974 0.996781
    outer loop
      vertex -6.44389 -4.30567 7.8
      vertex -11.6156 -7.76132 7.3
      vertex -6.14849 -4.7179 7.8
    endloop
  endfacet
  facet normal -0.00262214 -0.0801271 0.996781
    outer loop
      vertex 0 -7.75 7.8
      vertex -0.913681 -13.9401 7.3
      vertex 0 -13.97 7.3
    endloop
  endfacet
  facet normal -0.0282386 -0.0750322 0.996781
    outer loop
      vertex -2.9658 -7.16007 7.8
      vertex -5.34609 -12.9066 7.3
      vertex -4.49051 -13.2286 7.3
    endloop
  endfacet
  facet normal -0.00262214 0.0801271 0.996781
    outer loop
      vertex 0 13.97 7.3
      vertex -0.913681 13.9401 7.3
      vertex 0 7.75 7.8
    endloop
  endfacet
  facet normal 0.0130581 0.0790992 0.996781
    outer loop
      vertex 1.82345 13.8505 7.3
      vertex 1.51195 7.60109 7.8
      vertex 2.72541 13.7016 7.3
    endloop
  endfacet
  facet normal 0.0466985 0.0651656 0.996781
    outer loop
      vertex 7.76132 11.6156 7.3
      vertex 4.7179 6.14849 7.8
      vertex 8.5044 11.0831 7.3
    endloop
  endfacet
  facet normal 0.0377892 0.0707049 0.996781
    outer loop
      vertex 6.17877 12.5293 7.3
      vertex 3.875 6.7117 7.8
      vertex 6.985 12.0984 7.3
    endloop
  endfacet
  facet normal 0.0585136 0.0548034 0.996781
    outer loop
      vertex 9.87828 9.87828 7.3
      vertex 5.48008 5.48008 7.8
      vertex 5.82676 5.10993 7.8
    endloop
  endfacet
  facet normal -0.0282397 0.0750319 0.996781
    outer loop
      vertex -2.49116 7.33871 7.8
      vertex -4.49051 13.2286 7.3
      vertex -2.9658 7.16007 7.8
    endloop
  endfacet
  facet normal -0.0182058 0.0780752 0.996781
    outer loop
      vertex -2.72541 13.7016 7.3
      vertex -3.6157 13.494 7.3
      vertex -1.51195 7.60109 7.8
    endloop
  endfacet
  facet normal 0.0680807 0.0423356 0.996781
    outer loop
      vertex 11.6156 7.76132 7.3
      vertex 6.44389 4.30567 7.8
      vertex 6.7117 3.875 7.8
    endloop
  endfacet
  facet normal 0.0707049 0.0377892 0.996781
    outer loop
      vertex 12.0984 6.985 7.3
      vertex 6.7117 3.875 7.8
      vertex 12.5293 6.17877 7.3
    endloop
  endfacet
  facet normal 0.0680784 0.0423385 0.996781
    outer loop
      vertex 11.6156 7.76132 7.3
      vertex 6.7117 3.875 7.8
      vertex 12.0984 6.985 7.3
    endloop
  endfacet
  facet normal 0.0730236 0.0330878 0.996781
    outer loop
      vertex 12.9066 5.34609 7.3
      vertex 6.95076 3.42774 7.8
      vertex 7.16007 2.9658 7.8
    endloop
  endfacet
  facet normal 0.080127 0.00262256 0.996781
    outer loop
      vertex 13.9401 0.913681 7.3
      vertex 7.73341 0.506874 7.8
      vertex 7.75 0 7.8
    endloop
  endfacet
  facet normal 0.0780752 0.0182058 0.996781
    outer loop
      vertex 13.494 3.6157 7.3
      vertex 7.60109 1.51195 7.8
      vertex 13.7016 2.72541 7.3
    endloop
  endfacet
  facet normal 0.0780752 0.0182059 0.996781
    outer loop
      vertex 13.494 3.6157 7.3
      vertex 7.48592 2.00585 7.8
      vertex 7.60109 1.51195 7.8
    endloop
  endfacet
  facet normal 0.0767171 0.0232744 0.996781
    outer loop
      vertex 13.2286 4.49051 7.3
      vertex 7.48592 2.00585 7.8
      vertex 13.494 3.6157 7.3
    endloop
  endfacet
  facet normal 0.0377913 -0.0707041 0.996781
    outer loop
      vertex 3.875 -6.7117 7.8
      vertex 3.42774 -6.95076 7.8
      vertex 6.17877 -12.5293 7.3
    endloop
  endfacet
  facet normal 0.0423385 -0.0680784 0.996781
    outer loop
      vertex 7.76132 -11.6156 7.3
      vertex 3.875 -6.7117 7.8
      vertex 6.985 -12.0984 7.3
    endloop
  endfacet
  facet normal 0.0508595 -0.0619727 0.996781
    outer loop
      vertex 5.10993 -5.82676 7.8
      vertex 4.7179 -6.14849 7.8
      vertex 8.5044 -11.0831 7.3
    endloop
  endfacet
  facet normal 0.0619727 -0.0508595 0.996781
    outer loop
      vertex 6.14849 -4.7179 7.8
      vertex 5.82676 -5.10993 7.8
      vertex 11.0831 -8.5044 7.3
    endloop
  endfacet
  facet normal 0.0680807 -0.0423356 0.996781
    outer loop
      vertex 6.7117 -3.875 7.8
      vertex 6.44389 -4.30567 7.8
      vertex 11.6156 -7.76132 7.3
    endloop
  endfacet
  facet normal 0.0730235 -0.033088 0.996781
    outer loop
      vertex 12.9066 -5.34609 7.3
      vertex 6.95076 -3.42774 7.8
      vertex 12.5293 -6.17877 7.3
    endloop
  endfacet
  facet normal 0.0767171 -0.0232744 0.996781
    outer loop
      vertex 13.494 -3.6157 7.3
      vertex 7.48592 -2.00585 7.8
      vertex 13.2286 -4.49051 7.3
    endloop
  endfacet
  facet normal 0.0797838 -0.00785815 0.996781
    outer loop
      vertex 7.73341 -0.506874 7.8
      vertex 7.6837 -1.01158 7.8
      vertex 13.8505 -1.82345 7.3
    endloop
  endfacet
  facet normal -0.0423385 0.0680784 0.996781
    outer loop
      vertex -6.985 12.0984 7.3
      vertex -7.76132 11.6156 7.3
      vertex -3.875 6.7117 7.8
    endloop
  endfacet
  facet normal -0.0377913 0.0707041 0.996781
    outer loop
      vertex -3.42774 6.95076 7.8
      vertex -6.17877 12.5293 7.3
      vertex -3.875 6.7117 7.8
    endloop
  endfacet
  facet normal -0.0508573 0.0619741 0.996781
    outer loop
      vertex -8.5044 11.0831 7.3
      vertex -9.21106 10.5032 7.3
      vertex -5.10993 5.82676 7.8
    endloop
  endfacet
  facet normal -0.0651656 0.0466985 0.996781
    outer loop
      vertex -11.0831 8.5044 7.3
      vertex -11.6156 7.76132 7.3
      vertex -6.14849 4.7179 7.8
    endloop
  endfacet
  facet normal -0.0651662 0.0466974 0.996781
    outer loop
      vertex -6.14849 4.7179 7.8
      vertex -11.6156 7.76132 7.3
      vertex -6.44389 4.30567 7.8
    endloop
  endfacet
  facet normal -0.0730235 0.033088 0.996781
    outer loop
      vertex -12.5293 6.17877 7.3
      vertex -12.9066 5.34609 7.3
      vertex -6.95076 3.42774 7.8
    endloop
  endfacet
  facet normal -0.0797838 0.00785815 0.996781
    outer loop
      vertex -7.6837 1.01158 7.8
      vertex -13.8505 1.82345 7.3
      vertex -7.73341 0.506874 7.8
    endloop
  endfacet
  facet normal -0.0750319 0.0282397 0.996781
    outer loop
      vertex -7.16007 2.9658 7.8
      vertex -13.2286 4.49051 7.3
      vertex -7.33871 2.49116 7.8
    endloop
  endfacet
  facet normal -0.0767185 0.0232712 0.996781
    outer loop
      vertex -7.33871 2.49116 7.8
      vertex -13.2286 4.49051 7.3
      vertex -7.48592 2.00585 7.8
    endloop
  endfacet
  facet normal -0.0780752 0.0182058 0.996781
    outer loop
      vertex -13.494 3.6157 7.3
      vertex -13.7016 2.72541 7.3
      vertex -7.60109 1.51195 7.8
    endloop
  endfacet
  facet normal -0.0548037 -0.0585132 0.996781
    outer loop
      vertex -5.10993 -5.82676 7.8
      vertex -9.87828 -9.87828 7.3
      vertex -9.21106 -10.5032 7.3
    endloop
  endfacet
  facet normal -0.033088 -0.0730235 0.996781
    outer loop
      vertex -3.42774 -6.95076 7.8
      vertex -6.17877 -12.5293 7.3
      vertex -5.34609 -12.9066 7.3
    endloop
  endfacet
  facet normal -0.0377913 -0.0707041 0.996781
    outer loop
      vertex -3.875 -6.7117 7.8
      vertex -6.17877 -12.5293 7.3
      vertex -3.42774 -6.95076 7.8
    endloop
  endfacet
  facet normal -0.0619741 -0.0508573 0.996781
    outer loop
      vertex -5.82676 -5.10993 7.8
      vertex -11.0831 -8.5044 7.3
      vertex -10.5032 -9.21106 7.3
    endloop
  endfacet
  facet normal -0.0750322 -0.0282386 0.996781
    outer loop
      vertex -7.16007 -2.9658 7.8
      vertex -13.2286 -4.49051 7.3
      vertex -12.9066 -5.34609 7.3
    endloop
  endfacet
  facet normal -0.0780752 -0.0182058 0.996781
    outer loop
      vertex -7.60109 -1.51195 7.8
      vertex -13.7016 -2.72541 7.3
      vertex -13.494 -3.6157 7.3
    endloop
  endfacet
  facet normal -0.0797838 -0.00785815 0.996781
    outer loop
      vertex -7.73341 -0.506874 7.8
      vertex -13.8505 -1.82345 7.3
      vertex -7.6837 -1.01158 7.8
    endloop
  endfacet
  facet normal -0.0730236 -0.0330878 0.996781
    outer loop
      vertex -7.16007 -2.9658 7.8
      vertex -12.9066 -5.34609 7.3
      vertex -6.95076 -3.42774 7.8
    endloop
  endfacet
  facet normal -0.0730235 -0.033088 0.996781
    outer loop
      vertex -6.95076 -3.42774 7.8
      vertex -12.9066 -5.34609 7.3
      vertex -12.5293 -6.17877 7.3
    endloop
  endfacet
  facet normal -0.0619727 -0.0508595 0.996781
    outer loop
      vertex -6.14849 -4.7179 7.8
      vertex -11.0831 -8.5044 7.3
      vertex -5.82676 -5.10993 7.8
    endloop
  endfacet
  facet normal 0.0282386 -0.0750322 0.996781
    outer loop
      vertex 5.34609 -12.9066 7.3
      vertex 2.9658 -7.16007 7.8
      vertex 4.49051 -13.2286 7.3
    endloop
  endfacet
  facet normal 0.0232712 -0.0767185 0.996781
    outer loop
      vertex 2.49116 -7.33871 7.8
      vertex 2.00585 -7.48592 7.8
      vertex 4.49051 -13.2286 7.3
    endloop
  endfacet
  facet normal 0.00785815 -0.0797838 0.996781
    outer loop
      vertex 1.01158 -7.6837 7.8
      vertex 0.506874 -7.73341 7.8
      vertex 1.82345 -13.8505 7.3
    endloop
  endfacet
  facet normal -0.00262256 -0.080127 0.996781
    outer loop
      vertex -0.506874 -7.73341 7.8
      vertex -0.913681 -13.9401 7.3
      vertex 0 -7.75 7.8
    endloop
  endfacet
  facet normal -0.0130581 -0.0790992 0.996781
    outer loop
      vertex -1.51195 -7.60109 7.8
      vertex -2.72541 -13.7016 7.3
      vertex -1.82345 -13.8505 7.3
    endloop
  endfacet
  facet normal -0.0232744 -0.0767171 0.996781
    outer loop
      vertex -2.00585 -7.48592 7.8
      vertex -4.49051 -13.2286 7.3
      vertex -3.6157 -13.494 7.3
    endloop
  endfacet
  facet normal -0.0182059 -0.0780752 0.996781
    outer loop
      vertex -2.00585 -7.48592 7.8
      vertex -3.6157 -13.494 7.3
      vertex -1.51195 -7.60109 7.8
    endloop
  endfacet
  facet normal -0.00785764 0.0797839 0.996781
    outer loop
      vertex -0.913681 13.9401 7.3
      vertex -1.82345 13.8505 7.3
      vertex -0.506874 7.73341 7.8
    endloop
  endfacet
  facet normal -0.00262256 0.080127 0.996781
    outer loop
      vertex 0 7.75 7.8
      vertex -0.913681 13.9401 7.3
      vertex -0.506874 7.73341 7.8
    endloop
  endfacet
  facet normal -0.00785815 0.0797838 0.996781
    outer loop
      vertex -0.506874 7.73341 7.8
      vertex -1.82345 13.8505 7.3
      vertex -1.01158 7.6837 7.8
    endloop
  endfacet
  facet normal 0.00262256 0.080127 0.996781
    outer loop
      vertex 0.913681 13.9401 7.3
      vertex 0 7.75 7.8
      vertex 0.506874 7.73341 7.8
    endloop
  endfacet
  facet normal 0.0182058 0.0780752 0.996781
    outer loop
      vertex 2.72541 13.7016 7.3
      vertex 1.51195 7.60109 7.8
      vertex 3.6157 13.494 7.3
    endloop
  endfacet
  facet normal 0.0232744 0.0767171 0.996781
    outer loop
      vertex 3.6157 13.494 7.3
      vertex 2.00585 7.48592 7.8
      vertex 4.49051 13.2286 7.3
    endloop
  endfacet
  facet normal 0.0182059 0.0780752 0.996781
    outer loop
      vertex 3.6157 13.494 7.3
      vertex 1.51195 7.60109 7.8
      vertex 2.00585 7.48592 7.8
    endloop
  endfacet
  facet normal 0.00785764 0.0797839 0.996781
    outer loop
      vertex 0.913681 13.9401 7.3
      vertex 0.506874 7.73341 7.8
      vertex 1.82345 13.8505 7.3
    endloop
  endfacet
  facet normal 0.0130591 0.0790991 0.996781
    outer loop
      vertex 1.82345 13.8505 7.3
      vertex 1.01158 7.6837 7.8
      vertex 1.51195 7.60109 7.8
    endloop
  endfacet
  facet normal 0.00785815 0.0797838 0.996781
    outer loop
      vertex 1.82345 13.8505 7.3
      vertex 0.506874 7.73341 7.8
      vertex 1.01158 7.6837 7.8
    endloop
  endfacet
  facet normal 0.0508573 0.0619741 0.996781
    outer loop
      vertex 8.5044 11.0831 7.3
      vertex 5.10993 5.82676 7.8
      vertex 9.21106 10.5032 7.3
    endloop
  endfacet
  facet normal 0.0508595 0.0619727 0.996781
    outer loop
      vertex 8.5044 11.0831 7.3
      vertex 4.7179 6.14849 7.8
      vertex 5.10993 5.82676 7.8
    endloop
  endfacet
  facet normal 0.0423356 0.0680807 0.996781
    outer loop
      vertex 7.76132 11.6156 7.3
      vertex 3.875 6.7117 7.8
      vertex 4.30567 6.44389 7.8
    endloop
  endfacet
  facet normal 0.0423385 0.0680784 0.996781
    outer loop
      vertex 6.985 12.0984 7.3
      vertex 3.875 6.7117 7.8
      vertex 7.76132 11.6156 7.3
    endloop
  endfacet
  facet normal 0.033088 0.0730235 0.996781
    outer loop
      vertex 5.34609 12.9066 7.3
      vertex 3.42774 6.95076 7.8
      vertex 6.17877 12.5293 7.3
    endloop
  endfacet
  facet normal 0.0330878 0.0730236 0.996781
    outer loop
      vertex 5.34609 12.9066 7.3
      vertex 2.9658 7.16007 7.8
      vertex 3.42774 6.95076 7.8
    endloop
  endfacet
  facet normal 0.0619741 0.0508573 0.996781
    outer loop
      vertex 10.5032 9.21106 7.3
      vertex 5.82676 5.10993 7.8
      vertex 11.0831 8.5044 7.3
    endloop
  endfacet
  facet normal 0.0585132 0.0548037 0.996781
    outer loop
      vertex 9.87828 9.87828 7.3
      vertex 5.82676 5.10993 7.8
      vertex 10.5032 9.21106 7.3
    endloop
  endfacet
  facet normal -0.0232712 0.0767185 0.996781
    outer loop
      vertex -2.00585 7.48592 7.8
      vertex -4.49051 13.2286 7.3
      vertex -2.49116 7.33871 7.8
    endloop
  endfacet
  facet normal 0.0707041 0.0377913 0.996781
    outer loop
      vertex 12.5293 6.17877 7.3
      vertex 6.7117 3.875 7.8
      vertex 6.95076 3.42774 7.8
    endloop
  endfacet
  facet normal 0.0750319 0.0282397 0.996781
    outer loop
      vertex 13.2286 4.49051 7.3
      vertex 7.16007 2.9658 7.8
      vertex 7.33871 2.49116 7.8
    endloop
  endfacet
  facet normal 0.0797838 0.00785815 0.996781
    outer loop
      vertex 13.8505 1.82345 7.3
      vertex 7.6837 1.01158 7.8
      vertex 7.73341 0.506874 7.8
    endloop
  endfacet
  facet normal 0.0790991 0.0130591 0.996781
    outer loop
      vertex 13.8505 1.82345 7.3
      vertex 7.60109 1.51195 7.8
      vertex 7.6837 1.01158 7.8
    endloop
  endfacet
  facet normal 0.0330878 -0.0730236 0.996781
    outer loop
      vertex 3.42774 -6.95076 7.8
      vertex 2.9658 -7.16007 7.8
      vertex 5.34609 -12.9066 7.3
    endloop
  endfacet
  facet normal 0.033088 -0.0730235 0.996781
    outer loop
      vertex 6.17877 -12.5293 7.3
      vertex 3.42774 -6.95076 7.8
      vertex 5.34609 -12.9066 7.3
    endloop
  endfacet
  facet normal 0.0377892 -0.0707049 0.996781
    outer loop
      vertex 6.985 -12.0984 7.3
      vertex 3.875 -6.7117 7.8
      vertex 6.17877 -12.5293 7.3
    endloop
  endfacet
  facet normal 0.0508573 -0.0619741 0.996781
    outer loop
      vertex 9.21106 -10.5032 7.3
      vertex 5.10993 -5.82676 7.8
      vertex 8.5044 -11.0831 7.3
    endloop
  endfacet
  facet normal 0.0466974 -0.0651662 0.996781
    outer loop
      vertex 4.7179 -6.14849 7.8
      vertex 4.30567 -6.44389 7.8
      vertex 7.76132 -11.6156 7.3
    endloop
  endfacet
  facet normal 0.0585132 -0.0548037 0.996781
    outer loop
      vertex 10.5032 -9.21106 7.3
      vertex 5.82676 -5.10993 7.8
      vertex 9.87828 -9.87828 7.3
    endloop
  endfacet
  facet normal 0.0619741 -0.0508573 0.996781
    outer loop
      vertex 11.0831 -8.5044 7.3
      vertex 5.82676 -5.10993 7.8
      vertex 10.5032 -9.21106 7.3
    endloop
  endfacet
  facet normal 0.0548034 -0.0585136 0.996781
    outer loop
      vertex 5.48008 -5.48008 7.8
      vertex 5.10993 -5.82676 7.8
      vertex 9.87828 -9.87828 7.3
    endloop
  endfacet
  facet normal 0.0730236 -0.0330878 0.996781
    outer loop
      vertex 7.16007 -2.9658 7.8
      vertex 6.95076 -3.42774 7.8
      vertex 12.9066 -5.34609 7.3
    endloop
  endfacet
  facet normal 0.0680784 -0.0423385 0.996781
    outer loop
      vertex 12.0984 -6.985 7.3
      vertex 6.7117 -3.875 7.8
      vertex 11.6156 -7.76132 7.3
    endloop
  endfacet
  facet normal 0.0707049 -0.0377892 0.996781
    outer loop
      vertex 12.5293 -6.17877 7.3
      vertex 6.7117 -3.875 7.8
      vertex 12.0984 -6.985 7.3
    endloop
  endfacet
  facet normal 0.0780752 -0.0182058 0.996781
    outer loop
      vertex 13.7016 -2.72541 7.3
      vertex 7.60109 -1.51195 7.8
      vertex 13.494 -3.6157 7.3
    endloop
  endfacet
  facet normal 0.0797839 -0.00785764 0.996781
    outer loop
      vertex 13.9401 -0.913681 7.3
      vertex 7.73341 -0.506874 7.8
      vertex 13.8505 -1.82345 7.3
    endloop
  endfacet
  facet normal 0.080127 -0.00262256 0.996781
    outer loop
      vertex 7.75 0 7.8
      vertex 7.73341 -0.506874 7.8
      vertex 13.9401 -0.913681 7.3
    endloop
  endfacet
  facet normal -0.0423356 0.0680807 0.996781
    outer loop
      vertex -3.875 6.7117 7.8
      vertex -7.76132 11.6156 7.3
      vertex -4.30567 6.44389 7.8
    endloop
  endfacet
  facet normal -0.0466974 0.0651662 0.996781
    outer loop
      vertex -4.30567 6.44389 7.8
      vertex -7.76132 11.6156 7.3
      vertex -4.7179 6.14849 7.8
    endloop
  endfacet
  facet normal -0.0548037 0.0585132 0.996781
    outer loop
      vertex -9.21106 10.5032 7.3
      vertex -9.87828 9.87828 7.3
      vertex -5.10993 5.82676 7.8
    endloop
  endfacet
  facet normal -0.0548034 0.0585136 0.996781
    outer loop
      vertex -5.10993 5.82676 7.8
      vertex -9.87828 9.87828 7.3
      vertex -5.48008 5.48008 7.8
    endloop
  endfacet
  facet normal -0.0707041 0.0377913 0.996781
    outer loop
      vertex -6.7117 3.875 7.8
      vertex -12.5293 6.17877 7.3
      vertex -6.95076 3.42774 7.8
    endloop
  endfacet
  facet normal -0.0767171 0.0232744 0.996781
    outer loop
      vertex -13.2286 4.49051 7.3
      vertex -13.494 3.6157 7.3
      vertex -7.48592 2.00585 7.8
    endloop
  endfacet
  facet normal -0.0780752 0.0182059 0.996781
    outer loop
      vertex -7.48592 2.00585 7.8
      vertex -13.494 3.6157 7.3
      vertex -7.60109 1.51195 7.8
    endloop
  endfacet
  facet normal -0.0466974 -0.0651662 0.996781
    outer loop
      vertex -4.7179 -6.14849 7.8
      vertex -7.76132 -11.6156 7.3
      vertex -4.30567 -6.44389 7.8
    endloop
  endfacet
  facet normal -0.0423356 -0.0680807 0.996781
    outer loop
      vertex -4.30567 -6.44389 7.8
      vertex -7.76132 -11.6156 7.3
      vertex -3.875 -6.7117 7.8
    endloop
  endfacet
  facet normal -0.0780752 -0.0182059 0.996781
    outer loop
      vertex -7.60109 -1.51195 7.8
      vertex -13.494 -3.6157 7.3
      vertex -7.48592 -2.00585 7.8
    endloop
  endfacet
  facet normal -0.0797839 -0.00785764 0.996781
    outer loop
      vertex -7.73341 -0.506874 7.8
      vertex -13.9401 -0.913681 7.3
      vertex -13.8505 -1.82345 7.3
    endloop
  endfacet
  facet normal -0.0707041 -0.0377913 0.996781
    outer loop
      vertex -6.95076 -3.42774 7.8
      vertex -12.5293 -6.17877 7.3
      vertex -6.7117 -3.875 7.8
    endloop
  endfacet
  facet normal -0.0707049 -0.0377892 0.996781
    outer loop
      vertex -6.7117 -3.875 7.8
      vertex -12.5293 -6.17877 7.3
      vertex -12.0984 -6.985 7.3
    endloop
  endfacet
  facet normal -0.0680784 -0.0423385 0.996781
    outer loop
      vertex -6.7117 -3.875 7.8
      vertex -12.0984 -6.985 7.3
      vertex -11.6156 -7.76132 7.3
    endloop
  endfacet
  facet normal -0.0585132 -0.0548037 0.996781
    outer loop
      vertex -5.82676 -5.10993 7.8
      vertex -10.5032 -9.21106 7.3
      vertex -9.87828 -9.87828 7.3
    endloop
  endfacet
  facet normal -0.0585136 -0.0548034 0.996781
    outer loop
      vertex -5.82676 -5.10993 7.8
      vertex -9.87828 -9.87828 7.3
      vertex -5.48008 -5.48008 7.8
    endloop
  endfacet
  facet normal 0.0182058 -0.0780752 0.996781
    outer loop
      vertex 3.6157 -13.494 7.3
      vertex 1.51195 -7.60109 7.8
      vertex 2.72541 -13.7016 7.3
    endloop
  endfacet
  facet normal 0.00262256 -0.080127 0.996781
    outer loop
      vertex 0.506874 -7.73341 7.8
      vertex 0 -7.75 7.8
      vertex 0.913681 -13.9401 7.3
    endloop
  endfacet
  facet normal 0.00262214 -0.0801271 0.996781
    outer loop
      vertex 0 -7.75 7.8
      vertex 0 -13.97 7.3
      vertex 0.913681 -13.9401 7.3
    endloop
  endfacet
  facet normal -0.00785764 -0.0797839 0.996781
    outer loop
      vertex -0.506874 -7.73341 7.8
      vertex -1.82345 -13.8505 7.3
      vertex -0.913681 -13.9401 7.3
    endloop
  endfacet
  facet normal -0.0130591 -0.0790991 0.996781
    outer loop
      vertex -1.51195 -7.60109 7.8
      vertex -1.82345 -13.8505 7.3
      vertex -1.01158 -7.6837 7.8
    endloop
  endfacet
  facet normal -0.00785815 -0.0797838 0.996781
    outer loop
      vertex -1.01158 -7.6837 7.8
      vertex -1.82345 -13.8505 7.3
      vertex -0.506874 -7.73341 7.8
    endloop
  endfacet
  facet normal -0.0282397 -0.0750319 0.996781
    outer loop
      vertex -2.9658 -7.16007 7.8
      vertex -4.49051 -13.2286 7.3
      vertex -2.49116 -7.33871 7.8
    endloop
  endfacet
  facet normal -0.0232712 -0.0767185 0.996781
    outer loop
      vertex -2.49116 -7.33871 7.8
      vertex -4.49051 -13.2286 7.3
      vertex -2.00585 -7.48592 7.8
    endloop
  endfacet
  facet normal 0.0232712 0.0767185 0.996781
    outer loop
      vertex 4.49051 13.2286 7.3
      vertex 2.00585 7.48592 7.8
      vertex 2.49116 7.33871 7.8
    endloop
  endfacet
  facet normal 0.0548034 0.0585136 0.996781
    outer loop
      vertex 9.87828 9.87828 7.3
      vertex 5.10993 5.82676 7.8
      vertex 5.48008 5.48008 7.8
    endloop
  endfacet
  facet normal -0.0182059 0.0780752 0.996781
    outer loop
      vertex -1.51195 7.60109 7.8
      vertex -3.6157 13.494 7.3
      vertex -2.00585 7.48592 7.8
    endloop
  endfacet
  facet normal -0.0232744 0.0767171 0.996781
    outer loop
      vertex -3.6157 13.494 7.3
      vertex -4.49051 13.2286 7.3
      vertex -2.00585 7.48592 7.8
    endloop
  endfacet
  facet normal 0.0423356 -0.0680807 0.996781
    outer loop
      vertex 4.30567 -6.44389 7.8
      vertex 3.875 -6.7117 7.8
      vertex 7.76132 -11.6156 7.3
    endloop
  endfacet
  facet normal 0.0585136 -0.0548034 0.996781
    outer loop
      vertex 5.82676 -5.10993 7.8
      vertex 5.48008 -5.48008 7.8
      vertex 9.87828 -9.87828 7.3
    endloop
  endfacet
  facet normal 0.0790991 -0.0130591 0.996781
    outer loop
      vertex 7.6837 -1.01158 7.8
      vertex 7.60109 -1.51195 7.8
      vertex 13.8505 -1.82345 7.3
    endloop
  endfacet
  facet normal -0.0508595 -0.0619727 0.996781
    outer loop
      vertex -5.10993 -5.82676 7.8
      vertex -8.5044 -11.0831 7.3
      vertex -4.7179 -6.14849 7.8
    endloop
  endfacet
  facet normal -0.0466985 -0.0651656 0.996781
    outer loop
      vertex -4.7179 -6.14849 7.8
      vertex -8.5044 -11.0831 7.3
      vertex -7.76132 -11.6156 7.3
    endloop
  endfacet
  facet normal -0.0377892 -0.0707049 0.996781
    outer loop
      vertex -3.875 -6.7117 7.8
      vertex -6.985 -12.0984 7.3
      vertex -6.17877 -12.5293 7.3
    endloop
  endfacet
  facet normal -0.0423385 -0.0680784 0.996781
    outer loop
      vertex -3.875 -6.7117 7.8
      vertex -7.76132 -11.6156 7.3
      vertex -6.985 -12.0984 7.3
    endloop
  endfacet
  facet normal -0.0767171 -0.0232744 0.996781
    outer loop
      vertex -7.48592 -2.00585 7.8
      vertex -13.494 -3.6157 7.3
      vertex -13.2286 -4.49051 7.3
    endloop
  endfacet
  facet normal -0.0767185 -0.0232712 0.996781
    outer loop
      vertex -7.48592 -2.00585 7.8
      vertex -13.2286 -4.49051 7.3
      vertex -7.33871 -2.49116 7.8
    endloop
  endfacet
  facet normal -0.080127 -0.00262256 0.996781
    outer loop
      vertex -7.75 0 7.8
      vertex -13.9401 -0.913681 7.3
      vertex -7.73341 -0.506874 7.8
    endloop
  endfacet
  facet normal -0.0801271 -0.00262214 0.996781
    outer loop
      vertex -7.75 0 7.8
      vertex -13.97 0 7.3
      vertex -13.9401 -0.913681 7.3
    endloop
  endfacet
  facet normal -0.0790991 -0.0130591 0.996781
    outer loop
      vertex -7.6837 -1.01158 7.8
      vertex -13.8505 -1.82345 7.3
      vertex -7.60109 -1.51195 7.8
    endloop
  endfacet
  facet normal -0.0680807 -0.0423356 0.996781
    outer loop
      vertex -6.7117 -3.875 7.8
      vertex -11.6156 -7.76132 7.3
      vertex -6.44389 -4.30567 7.8
    endloop
  endfacet
  facet normal 0.0232744 -0.0767171 0.996781
    outer loop
      vertex 4.49051 -13.2286 7.3
      vertex 2.00585 -7.48592 7.8
      vertex 3.6157 -13.494 7.3
    endloop
  endfacet
  facet normal 0.0182059 -0.0780752 0.996781
    outer loop
      vertex 2.00585 -7.48592 7.8
      vertex 1.51195 -7.60109 7.8
      vertex 3.6157 -13.494 7.3
    endloop
  endfacet
  facet normal 0.0282397 -0.0750319 0.996781
    outer loop
      vertex 2.9658 -7.16007 7.8
      vertex 2.49116 -7.33871 7.8
      vertex 4.49051 -13.2286 7.3
    endloop
  endfacet
  facet normal 0.0130591 -0.0790991 0.996781
    outer loop
      vertex 1.51195 -7.60109 7.8
      vertex 1.01158 -7.6837 7.8
      vertex 1.82345 -13.8505 7.3
    endloop
  endfacet
  facet normal 0.0130581 -0.0790992 0.996781
    outer loop
      vertex 2.72541 -13.7016 7.3
      vertex 1.51195 -7.60109 7.8
      vertex 1.82345 -13.8505 7.3
    endloop
  endfacet
  facet normal 0.999465 0.0327125 0
    outer loop
      vertex 7.75 0 9.7
      vertex 7.73341 0.506874 7.8
      vertex 7.73341 0.506874 9.7
    endloop
  endfacet
  facet normal 0.999465 0.0327125 0
    outer loop
      vertex 7.73341 0.506874 7.8
      vertex 7.75 0 9.7
      vertex 7.75 0 7.8
    endloop
  endfacet
  facet normal -0.999465 0.0327125 0
    outer loop
      vertex -7.75 0 7.8
      vertex -7.73341 0.506874 9.7
      vertex -7.73341 0.506874 7.8
    endloop
  endfacet
  facet normal -0.999465 0.0327125 0
    outer loop
      vertex -7.73341 0.506874 9.7
      vertex -7.75 0 7.8
      vertex -7.75 0 9.7
    endloop
  endfacet
  facet normal 0.0327125 0.999465 -0
    outer loop
      vertex 0.506874 7.73341 7.8
      vertex 0 7.75 9.7
      vertex 0.506874 7.73341 9.7
    endloop
  endfacet
  facet normal 0.0327125 0.999465 0
    outer loop
      vertex 0 7.75 9.7
      vertex 0.506874 7.73341 7.8
      vertex 0 7.75 7.8
    endloop
  endfacet
  facet normal -0.0327125 -0.999465 0
    outer loop
      vertex -0.506874 -7.73341 7.8
      vertex 0 -7.75 9.7
      vertex -0.506874 -7.73341 9.7
    endloop
  endfacet
  facet normal -0.0327125 -0.999465 -0
    outer loop
      vertex 0 -7.75 9.7
      vertex -0.506874 -7.73341 7.8
      vertex 0 -7.75 7.8
    endloop
  endfacet
  facet normal -0.729867 -0.683589 0
    outer loop
      vertex -5.48008 -5.48008 7.8
      vertex -5.82676 -5.10993 9.7
      vertex -5.82676 -5.10993 7.8
    endloop
  endfacet
  facet normal -0.729867 -0.683589 0
    outer loop
      vertex -5.82676 -5.10993 9.7
      vertex -5.48008 -5.48008 7.8
      vertex -5.48008 -5.48008 9.7
    endloop
  endfacet
  facet normal 0.683589 0.729867 -0
    outer loop
      vertex 5.48008 5.48008 7.8
      vertex 5.10993 5.82676 9.7
      vertex 5.48008 5.48008 9.7
    endloop
  endfacet
  facet normal 0.683589 0.729867 0
    outer loop
      vertex 5.10993 5.82676 9.7
      vertex 5.48008 5.48008 7.8
      vertex 5.10993 5.82676 7.8
    endloop
  endfacet
  facet normal -0.683589 0.729867 0
    outer loop
      vertex -5.10993 5.82676 7.8
      vertex -5.48008 5.48008 9.7
      vertex -5.10993 5.82676 9.7
    endloop
  endfacet
  facet normal -0.683589 0.729867 0
    outer loop
      vertex -5.48008 5.48008 9.7
      vertex -5.10993 5.82676 7.8
      vertex -5.48008 5.48008 7.8
    endloop
  endfacet
  facet normal -0.352247 0.935907 0
    outer loop
      vertex -2.49116 7.33871 7.8
      vertex -2.9658 7.16007 9.7
      vertex -2.49116 7.33871 9.7
    endloop
  endfacet
  facet normal -0.352247 0.935907 0
    outer loop
      vertex -2.9658 7.16007 9.7
      vertex -2.49116 7.33871 7.8
      vertex -2.9658 7.16007 7.8
    endloop
  endfacet
  facet normal 0.910858 0.41272 0
    outer loop
      vertex 7.16007 2.9658 9.7
      vertex 6.95076 3.42774 7.8
      vertex 6.95076 3.42774 9.7
    endloop
  endfacet
  facet normal 0.910858 0.41272 0
    outer loop
      vertex 6.95076 3.42774 7.8
      vertex 7.16007 2.9658 9.7
      vertex 7.16007 2.9658 7.8
    endloop
  endfacet
  facet normal 0.729867 0.683589 0
    outer loop
      vertex 5.82676 5.10993 9.7
      vertex 5.48008 5.48008 7.8
      vertex 5.48008 5.48008 9.7
    endloop
  endfacet
  facet normal 0.729867 0.683589 0
    outer loop
      vertex 5.48008 5.48008 7.8
      vertex 5.82676 5.10993 9.7
      vertex 5.82676 5.10993 7.8
    endloop
  endfacet
  facet normal 0.41272 0.910858 -0
    outer loop
      vertex 3.42774 6.95076 7.8
      vertex 2.9658 7.16007 9.7
      vertex 3.42774 6.95076 9.7
    endloop
  endfacet
  facet normal 0.41272 0.910858 0
    outer loop
      vertex 2.9658 7.16007 9.7
      vertex 3.42774 6.95076 7.8
      vertex 2.9658 7.16007 7.8
    endloop
  endfacet
  facet normal -0.8492 0.528071 0
    outer loop
      vertex -6.7117 3.875 7.8
      vertex -6.44389 4.30567 9.7
      vertex -6.44389 4.30567 7.8
    endloop
  endfacet
  facet normal -0.8492 0.528071 0
    outer loop
      vertex -6.44389 4.30567 9.7
      vertex -6.7117 3.875 7.8
      vertex -6.7117 3.875 9.7
    endloop
  endfacet
  facet normal -0.0980187 0.995185 0
    outer loop
      vertex -0.506874 7.73341 7.8
      vertex -1.01158 7.6837 9.7
      vertex -0.506874 7.73341 9.7
    endloop
  endfacet
  facet normal -0.0980187 0.995185 0
    outer loop
      vertex -1.01158 7.6837 9.7
      vertex -0.506874 7.73341 7.8
      vertex -1.01158 7.6837 7.8
    endloop
  endfacet
  facet normal 0.881926 -0.471388 0
    outer loop
      vertex 6.7117 -3.875 9.7
      vertex 6.95076 -3.42774 7.8
      vertex 6.95076 -3.42774 9.7
    endloop
  endfacet
  facet normal 0.881926 -0.471388 0
    outer loop
      vertex 6.95076 -3.42774 7.8
      vertex 6.7117 -3.875 9.7
      vertex 6.7117 -3.875 7.8
    endloop
  endfacet
  facet normal 0.227092 -0.973873 0
    outer loop
      vertex 1.51195 -7.60109 7.8
      vertex 2.00585 -7.48592 9.7
      vertex 1.51195 -7.60109 9.7
    endloop
  endfacet
  facet normal 0.227092 -0.973873 0
    outer loop
      vertex 2.00585 -7.48592 9.7
      vertex 1.51195 -7.60109 7.8
      vertex 2.00585 -7.48592 7.8
    endloop
  endfacet
  facet normal 0.683589 -0.729867 0
    outer loop
      vertex 5.10993 -5.82676 7.8
      vertex 5.48008 -5.48008 9.7
      vertex 5.10993 -5.82676 9.7
    endloop
  endfacet
  facet normal 0.683589 -0.729867 0
    outer loop
      vertex 5.48008 -5.48008 9.7
      vertex 5.10993 -5.82676 7.8
      vertex 5.48008 -5.48008 7.8
    endloop
  endfacet
  facet normal -0.352247 -0.935907 0
    outer loop
      vertex -2.9658 -7.16007 7.8
      vertex -2.49116 -7.33871 9.7
      vertex -2.9658 -7.16007 9.7
    endloop
  endfacet
  facet normal -0.352247 -0.935907 -0
    outer loop
      vertex -2.49116 -7.33871 9.7
      vertex -2.9658 -7.16007 7.8
      vertex -2.49116 -7.33871 7.8
    endloop
  endfacet
  facet normal 0.973873 0.227092 0
    outer loop
      vertex 7.60109 1.51195 9.7
      vertex 7.48592 2.00585 7.8
      vertex 7.48592 2.00585 9.7
    endloop
  endfacet
  facet normal 0.973873 0.227092 0
    outer loop
      vertex 7.48592 2.00585 7.8
      vertex 7.60109 1.51195 9.7
      vertex 7.60109 1.51195 7.8
    endloop
  endfacet
  facet normal 0.956944 0.290272 0
    outer loop
      vertex 7.48592 2.00585 9.7
      vertex 7.33871 2.49116 7.8
      vertex 7.33871 2.49116 9.7
    endloop
  endfacet
  facet normal 0.956944 0.290272 0
    outer loop
      vertex 7.33871 2.49116 7.8
      vertex 7.48592 2.00585 9.7
      vertex 7.48592 2.00585 7.8
    endloop
  endfacet
  facet normal 0.773011 0.634392 0
    outer loop
      vertex 6.14849 4.7179 9.7
      vertex 5.82676 5.10993 7.8
      vertex 5.82676 5.10993 9.7
    endloop
  endfacet
  facet normal 0.773011 0.634392 0
    outer loop
      vertex 5.82676 5.10993 7.8
      vertex 6.14849 4.7179 9.7
      vertex 6.14849 4.7179 7.8
    endloop
  endfacet
  facet normal 0.881926 0.471388 0
    outer loop
      vertex 6.95076 3.42774 9.7
      vertex 6.7117 3.875 7.8
      vertex 6.7117 3.875 9.7
    endloop
  endfacet
  facet normal 0.881926 0.471388 0
    outer loop
      vertex 6.7117 3.875 7.8
      vertex 6.95076 3.42774 9.7
      vertex 6.95076 3.42774 7.8
    endloop
  endfacet
  facet normal 0.227092 0.973873 -0
    outer loop
      vertex 2.00585 7.48592 7.8
      vertex 1.51195 7.60109 9.7
      vertex 2.00585 7.48592 9.7
    endloop
  endfacet
  facet normal 0.227092 0.973873 0
    outer loop
      vertex 1.51195 7.60109 9.7
      vertex 2.00585 7.48592 7.8
      vertex 1.51195 7.60109 7.8
    endloop
  endfacet
  facet normal 0.290272 0.956944 -0
    outer loop
      vertex 2.49116 7.33871 7.8
      vertex 2.00585 7.48592 9.7
      vertex 2.49116 7.33871 9.7
    endloop
  endfacet
  facet normal 0.290272 0.956944 0
    outer loop
      vertex 2.00585 7.48592 9.7
      vertex 2.49116 7.33871 7.8
      vertex 2.00585 7.48592 7.8
    endloop
  endfacet
  facet normal 0.471388 0.881926 -0
    outer loop
      vertex 3.875 6.7117 7.8
      vertex 3.42774 6.95076 9.7
      vertex 3.875 6.7117 9.7
    endloop
  endfacet
  facet normal 0.471388 0.881926 0
    outer loop
      vertex 3.42774 6.95076 9.7
      vertex 3.875 6.7117 7.8
      vertex 3.42774 6.95076 7.8
    endloop
  endfacet
  facet normal 0.634392 0.773011 -0
    outer loop
      vertex 5.10993 5.82676 7.8
      vertex 4.7179 6.14849 9.7
      vertex 5.10993 5.82676 9.7
    endloop
  endfacet
  facet normal 0.634392 0.773011 0
    outer loop
      vertex 4.7179 6.14849 9.7
      vertex 5.10993 5.82676 7.8
      vertex 4.7179 6.14849 7.8
    endloop
  endfacet
  facet normal -0.910858 0.41272 0
    outer loop
      vertex -7.16007 2.9658 7.8
      vertex -6.95076 3.42774 9.7
      vertex -6.95076 3.42774 7.8
    endloop
  endfacet
  facet normal -0.910858 0.41272 0
    outer loop
      vertex -6.95076 3.42774 9.7
      vertex -7.16007 2.9658 7.8
      vertex -7.16007 2.9658 9.7
    endloop
  endfacet
  facet normal -0.973873 0.227092 0
    outer loop
      vertex -7.60109 1.51195 7.8
      vertex -7.48592 2.00585 9.7
      vertex -7.48592 2.00585 7.8
    endloop
  endfacet
  facet normal -0.973873 0.227092 0
    outer loop
      vertex -7.48592 2.00585 9.7
      vertex -7.60109 1.51195 7.8
      vertex -7.60109 1.51195 9.7
    endloop
  endfacet
  facet normal -0.935907 0.352247 0
    outer loop
      vertex -7.33871 2.49116 7.8
      vertex -7.16007 2.9658 9.7
      vertex -7.16007 2.9658 7.8
    endloop
  endfacet
  facet normal -0.935907 0.352247 0
    outer loop
      vertex -7.16007 2.9658 9.7
      vertex -7.33871 2.49116 7.8
      vertex -7.33871 2.49116 9.7
    endloop
  endfacet
  facet normal 0 0 -1
    outer loop
      vertex -7.75 0 9.7
      vertex -9.64099 0 9.7
      vertex -7.73341 0.506874 9.7
    endloop
  endfacet
  facet normal 0 0 -1
    outer loop
      vertex -10.491 0.687607 9.7
      vertex -7.73341 0.506874 9.7
      vertex -9.64099 0 9.7
    endloop
  endfacet
  facet normal 0 0 -1
    outer loop
      vertex -10.491 -0.687607 9.7
      vertex -8.45146 -5.64708 9.7
      vertex -9.55832 -5.51849 9.7
    endloop
  endfacet
  facet normal 0 0 -1
    outer loop
      vertex -7.73341 0.506874 9.7
      vertex -8.45146 5.64708 9.7
      vertex -7.9256 6.08151 9.7
    endloop
  endfacet
  facet normal 0 -0 -1
    outer loop
      vertex -9.55832 5.51849 9.7
      vertex -7.73341 0.506874 9.7
      vertex -10.491 0.687607 9.7
    endloop
  endfacet
  facet normal 0 0 -1
    outer loop
      vertex -8.45146 -5.64708 9.7
      vertex -10.491 -0.687607 9.7
      vertex -9.64099 0 9.7
    endloop
  endfacet
  facet normal 0 0 -1
    outer loop
      vertex -11.2886 -1.48616 9.7
      vertex -9.55832 -5.51849 9.7
      vertex -10.6813 -5.26743 9.7
    endloop
  endfacet
  facet normal 0 0 -1
    outer loop
      vertex -9.55832 -5.51849 9.7
      vertex -11.2886 -1.48616 9.7
      vertex -10.491 -0.687607 9.7
    endloop
  endfacet
  facet normal 0 0 -1
    outer loop
      vertex -12.0229 -2.39151 9.7
      vertex -10.6813 -5.26743 9.7
      vertex -11.809 -4.89145 9.7
    endloop
  endfacet
  facet normal 0 0 -1
    outer loop
      vertex -10.6813 -5.26743 9.7
      vertex -12.0229 -2.39151 9.7
      vertex -11.2886 -1.48616 9.7
    endloop
  endfacet
  facet normal 0 0 -1
    outer loop
      vertex -11.809 -4.89145 9.7
      vertex -12.6836 -3.39854 9.7
      vertex -12.0229 -2.39151 9.7
    endloop
  endfacet
  facet normal 0 -0 -1
    outer loop
      vertex -12.6836 -3.39854 9.7
      vertex -11.809 -4.89145 9.7
      vertex -12.9299 -4.38908 9.7
    endloop
  endfacet
  facet normal 0 0 -1
    outer loop
      vertex 7.39214 -11.0631 9.7
      vertex 8.3127 -9.47881 9.7
      vertex 8.2061 -10.6944 9.7
    endloop
  endfacet
  facet normal -0 0 -1
    outer loop
      vertex 8.3127 -9.47881 9.7
      vertex 6.21649 -10.7673 9.7
      vertex 8.2979 -8.2979 9.7
    endloop
  endfacet
  facet normal 0 0 -1
    outer loop
      vertex 5.11307 -10.3683 9.7
      vertex 8.2979 -8.2979 9.7
      vertex 6.21649 -10.7673 9.7
    endloop
  endfacet
  facet normal 0 0 -1
    outer loop
      vertex 7.48592 2.00585 9.7
      vertex 10.491 0.687607 9.7
      vertex 7.60109 1.51195 9.7
    endloop
  endfacet
  facet normal 0 0 -1
    outer loop
      vertex 8.45146 -5.64708 9.7
      vertex 7.73341 -0.506874 9.7
      vertex 7.75 0 9.7
    endloop
  endfacet
  facet normal 0 0 -1
    outer loop
      vertex 8.45146 -5.64708 9.7
      vertex 7.6837 -1.01158 9.7
      vertex 7.73341 -0.506874 9.7
    endloop
  endfacet
  facet normal 0 0 -1
    outer loop
      vertex 8.45146 -5.64708 9.7
      vertex 7.60109 -1.51195 9.7
      vertex 7.6837 -1.01158 9.7
    endloop
  endfacet
  facet normal 0 0 -1
    outer loop
      vertex 4.7179 -6.14849 9.7
      vertex 8.2979 -8.2979 9.7
      vertex 5.11307 -10.3683 9.7
    endloop
  endfacet
  facet normal 0 0 -1
    outer loop
      vertex 8.45146 -5.64708 9.7
      vertex 7.48592 -2.00585 9.7
      vertex 7.60109 -1.51195 9.7
    endloop
  endfacet
  facet normal 0 0 -1
    outer loop
      vertex 8.3127 -9.47881 9.7
      vertex 7.39214 -11.0631 9.7
      vertex 6.21649 -10.7673 9.7
    endloop
  endfacet
  facet normal 0 0 -1
    outer loop
      vertex 8.45146 -5.64708 9.7
      vertex 7.33871 -2.49116 9.7
      vertex 7.48592 -2.00585 9.7
    endloop
  endfacet
  facet normal 0 0 -1
    outer loop
      vertex 8.45146 -5.64708 9.7
      vertex 7.16007 -2.9658 9.7
      vertex 7.33871 -2.49116 9.7
    endloop
  endfacet
  facet normal 0 0 -1
    outer loop
      vertex 8.45146 -5.64708 9.7
      vertex 6.95076 -3.42774 9.7
      vertex 7.16007 -2.9658 9.7
    endloop
  endfacet
  facet normal 0 0 -1
    outer loop
      vertex 8.45146 -5.64708 9.7
      vertex 6.7117 -3.875 9.7
      vertex 6.95076 -3.42774 9.7
    endloop
  endfacet
  facet normal 0 0 -1
    outer loop
      vertex 8.45146 -5.64708 9.7
      vertex 6.44389 -4.30567 9.7
      vertex 6.7117 -3.875 9.7
    endloop
  endfacet
  facet normal 0 0 -1
    outer loop
      vertex 8.2979 -8.2979 9.7
      vertex 4.7179 -6.14849 9.7
      vertex 8.16685 -7.16214 9.7
    endloop
  endfacet
  facet normal 0 0 -1
    outer loop
      vertex 7.9256 -6.08151 9.7
      vertex 6.14849 -4.7179 9.7
      vertex 6.44389 -4.30567 9.7
    endloop
  endfacet
  facet normal 0 0 -1
    outer loop
      vertex 7.9256 -6.08151 9.7
      vertex 5.82676 -5.10993 9.7
      vertex 6.14849 -4.7179 9.7
    endloop
  endfacet
  facet normal 0 0 -1
    outer loop
      vertex 7.9256 -6.08151 9.7
      vertex 5.48008 -5.48008 9.7
      vertex 5.82676 -5.10993 9.7
    endloop
  endfacet
  facet normal 0 -0 -1
    outer loop
      vertex 5.10993 -5.82676 9.7
      vertex 8.16685 -7.16214 9.7
      vertex 4.7179 -6.14849 9.7
    endloop
  endfacet
  facet normal 0 0 -1
    outer loop
      vertex 7.9256 -6.08151 9.7
      vertex 5.10993 -5.82676 9.7
      vertex 5.48008 -5.48008 9.7
    endloop
  endfacet
  facet normal 0 0 -1
    outer loop
      vertex 8.16685 -7.16214 9.7
      vertex 5.10993 -5.82676 9.7
      vertex 7.9256 -6.08151 9.7
    endloop
  endfacet
  facet normal 0 0 -1
    outer loop
      vertex 5.11307 -10.3683 9.7
      vertex 4.30567 -6.44389 9.7
      vertex 4.7179 -6.14849 9.7
    endloop
  endfacet
  facet normal 0 0 -1
    outer loop
      vertex 4.09012 -9.87442 9.7
      vertex 4.30567 -6.44389 9.7
      vertex 5.11307 -10.3683 9.7
    endloop
  endfacet
  facet normal 0 0 -1
    outer loop
      vertex 4.09012 -9.87442 9.7
      vertex 3.875 -6.7117 9.7
      vertex 4.30567 -6.44389 9.7
    endloop
  endfacet
  facet normal 0 0 -1
    outer loop
      vertex 3.15508 -9.29459 9.7
      vertex 3.875 -6.7117 9.7
      vertex 4.09012 -9.87442 9.7
    endloop
  endfacet
  facet normal 0 0 -1
    outer loop
      vertex 3.875 -6.7117 9.7
      vertex 3.15508 -9.29459 9.7
      vertex 3.42774 -6.95076 9.7
    endloop
  endfacet
  facet normal 0 0 -1
    outer loop
      vertex 3.15508 -9.29459 9.7
      vertex 2.9658 -7.16007 9.7
      vertex 3.42774 -6.95076 9.7
    endloop
  endfacet
  facet normal 0 0 -1
    outer loop
      vertex 1.51195 -7.60109 9.7
      vertex 3.15508 -9.29459 9.7
      vertex 2.67592 -9.98669 9.7
    endloop
  endfacet
  facet normal 0 0 -1
    outer loop
      vertex 3.15508 -9.29459 9.7
      vertex 2.49116 -7.33871 9.7
      vertex 2.9658 -7.16007 9.7
    endloop
  endfacet
  facet normal 0 0 -1
    outer loop
      vertex 0.506874 -7.73341 9.7
      vertex 2.67592 -9.98669 9.7
      vertex 2.18724 -10.9961 9.7
    endloop
  endfacet
  facet normal 0 0 -1
    outer loop
      vertex 3.15508 -9.29459 9.7
      vertex 2.00585 -7.48592 9.7
      vertex 2.49116 -7.33871 9.7
    endloop
  endfacet
  facet normal 0 0 -1
    outer loop
      vertex -2.18724 -10.9961 9.7
      vertex 2.18724 -10.9961 9.7
      vertex 1.57727 -11.9806 9.7
    endloop
  endfacet
  facet normal 0 0 -1
    outer loop
      vertex 3.15508 -9.29459 9.7
      vertex 1.51195 -7.60109 9.7
      vertex 2.00585 -7.48592 9.7
    endloop
  endfacet
  facet normal 0 0 -1
    outer loop
      vertex 2.67592 -9.98669 9.7
      vertex 1.01158 -7.6837 9.7
      vertex 1.51195 -7.60109 9.7
    endloop
  endfacet
  facet normal 0 0 -1
    outer loop
      vertex -1.57727 -11.9806 9.7
      vertex 1.57727 -11.9806 9.7
      vertex 0.847382 -12.9288 9.7
    endloop
  endfacet
  facet normal 0 0 -1
    outer loop
      vertex 2.67592 -9.98669 9.7
      vertex 0.506874 -7.73341 9.7
      vertex 1.01158 -7.6837 9.7
    endloop
  endfacet
  facet normal 0 0 -1
    outer loop
      vertex -0.847382 -12.9288 9.7
      vertex 0.847382 -12.9288 9.7
      vertex 0 -13.829 9.7
    endloop
  endfacet
  facet normal 0 0 -1
    outer loop
      vertex -1.57727 -11.9806 9.7
      vertex 0.847382 -12.9288 9.7
      vertex -0.847382 -12.9288 9.7
    endloop
  endfacet
  facet normal 0 0 -1
    outer loop
      vertex -2.18724 -10.9961 9.7
      vertex 1.57727 -11.9806 9.7
      vertex -1.57727 -11.9806 9.7
    endloop
  endfacet
  facet normal 0 0 -1
    outer loop
      vertex 2.18724 -10.9961 9.7
      vertex 0 -7.75 9.7
      vertex 0.506874 -7.73341 9.7
    endloop
  endfacet
  facet normal 0 0 -1
    outer loop
      vertex 2.18724 -10.9961 9.7
      vertex -2.18724 -10.9961 9.7
      vertex 0 -7.75 9.7
    endloop
  endfacet
  facet normal -0 0 -1
    outer loop
      vertex 0 -7.75 9.7
      vertex -2.18724 -10.9961 9.7
      vertex -0.506874 -7.73341 9.7
    endloop
  endfacet
  facet normal 0 0 -1
    outer loop
      vertex -2.67592 -9.98669 9.7
      vertex -0.506874 -7.73341 9.7
      vertex -2.18724 -10.9961 9.7
    endloop
  endfacet
  facet normal -0 0 -1
    outer loop
      vertex -0.506874 -7.73341 9.7
      vertex -2.67592 -9.98669 9.7
      vertex -1.01158 -7.6837 9.7
    endloop
  endfacet
  facet normal -0 0 -1
    outer loop
      vertex -1.01158 -7.6837 9.7
      vertex -2.67592 -9.98669 9.7
      vertex -1.51195 -7.60109 9.7
    endloop
  endfacet
  facet normal 0 0 -1
    outer loop
      vertex -3.15508 -9.29459 9.7
      vertex -1.51195 -7.60109 9.7
      vertex -2.67592 -9.98669 9.7
    endloop
  endfacet
  facet normal -0 0 -1
    outer loop
      vertex -1.51195 -7.60109 9.7
      vertex -3.15508 -9.29459 9.7
      vertex -2.00585 -7.48592 9.7
    endloop
  endfacet
  facet normal -0 0 -1
    outer loop
      vertex -2.00585 -7.48592 9.7
      vertex -3.15508 -9.29459 9.7
      vertex -2.49116 -7.33871 9.7
    endloop
  endfacet
  facet normal -0 0 -1
    outer loop
      vertex -2.49116 -7.33871 9.7
      vertex -3.15508 -9.29459 9.7
      vertex -2.9658 -7.16007 9.7
    endloop
  endfacet
  facet normal 0 0 -1
    outer loop
      vertex -3.15508 -9.29459 9.7
      vertex -3.42774 -6.95076 9.7
      vertex -2.9658 -7.16007 9.7
    endloop
  endfacet
  facet normal 0 0 -1
    outer loop
      vertex -3.15508 -9.29459 9.7
      vertex -3.875 -6.7117 9.7
      vertex -3.42774 -6.95076 9.7
    endloop
  endfacet
  facet normal 0 0 -1
    outer loop
      vertex -4.09012 -9.87442 9.7
      vertex -3.875 -6.7117 9.7
      vertex -3.15508 -9.29459 9.7
    endloop
  endfacet
  facet normal 0 0 -1
    outer loop
      vertex -4.09012 -9.87442 9.7
      vertex -4.30567 -6.44389 9.7
      vertex -3.875 -6.7117 9.7
    endloop
  endfacet
  facet normal 0 0 -1
    outer loop
      vertex -5.11307 -10.3683 9.7
      vertex -4.30567 -6.44389 9.7
      vertex -4.09012 -9.87442 9.7
    endloop
  endfacet
  facet normal -0 0 -1
    outer loop
      vertex -4.30567 -6.44389 9.7
      vertex -5.11307 -10.3683 9.7
      vertex -4.7179 -6.14849 9.7
    endloop
  endfacet
  facet normal 0 0 -1
    outer loop
      vertex -8.2979 -8.2979 9.7
      vertex -4.7179 -6.14849 9.7
      vertex -5.11307 -10.3683 9.7
    endloop
  endfacet
  facet normal 0 -0 -1
    outer loop
      vertex -8.16685 -7.16214 9.7
      vertex -4.7179 -6.14849 9.7
      vertex -8.2979 -8.2979 9.7
    endloop
  endfacet
  facet normal 0 -0 -1
    outer loop
      vertex -7.9256 -6.08151 9.7
      vertex -5.10993 -5.82676 9.7
      vertex -8.16685 -7.16214 9.7
    endloop
  endfacet
  facet normal -0 0 -1
    outer loop
      vertex -5.10993 -5.82676 9.7
      vertex -7.9256 -6.08151 9.7
      vertex -5.48008 -5.48008 9.7
    endloop
  endfacet
  facet normal 0 0 -1
    outer loop
      vertex -8.2979 -8.2979 9.7
      vertex -5.11307 -10.3683 9.7
      vertex -6.21649 -10.7673 9.7
    endloop
  endfacet
  facet normal -0 0 -1
    outer loop
      vertex -5.48008 -5.48008 9.7
      vertex -7.9256 -6.08151 9.7
      vertex -5.82676 -5.10993 9.7
    endloop
  endfacet
  facet normal -0 0 -1
    outer loop
      vertex -5.82676 -5.10993 9.7
      vertex -7.9256 -6.08151 9.7
      vertex -6.14849 -4.7179 9.7
    endloop
  endfacet
  facet normal 0 0 -1
    outer loop
      vertex -8.45146 -5.64708 9.7
      vertex -6.44389 -4.30567 9.7
      vertex -7.9256 -6.08151 9.7
    endloop
  endfacet
  facet normal -0 0 -1
    outer loop
      vertex -6.44389 -4.30567 9.7
      vertex -8.45146 -5.64708 9.7
      vertex -6.7117 -3.875 9.7
    endloop
  endfacet
  facet normal -0 0 -1
    outer loop
      vertex -6.7117 -3.875 9.7
      vertex -8.45146 -5.64708 9.7
      vertex -6.95076 -3.42774 9.7
    endloop
  endfacet
  facet normal 0 0 -1
    outer loop
      vertex -8.3127 -9.47881 9.7
      vertex -6.21649 -10.7673 9.7
      vertex -7.39214 -11.0631 9.7
    endloop
  endfacet
  facet normal -0 0 -1
    outer loop
      vertex -6.95076 -3.42774 9.7
      vertex -8.45146 -5.64708 9.7
      vertex -7.16007 -2.9658 9.7
    endloop
  endfacet
  facet normal -0 0 -1
    outer loop
      vertex -7.16007 -2.9658 9.7
      vertex -8.45146 -5.64708 9.7
      vertex -7.33871 -2.49116 9.7
    endloop
  endfacet
  facet normal -0 0 -1
    outer loop
      vertex -7.33871 -2.49116 9.7
      vertex -8.45146 -5.64708 9.7
      vertex -7.48592 -2.00585 9.7
    endloop
  endfacet
  facet normal 0 0 -1
    outer loop
      vertex -9.64099 0 9.7
      vertex -7.48592 -2.00585 9.7
      vertex -8.45146 -5.64708 9.7
    endloop
  endfacet
  facet normal 0 0 -1
    outer loop
      vertex -7.48592 -2.00585 9.7
      vertex -9.64099 0 9.7
      vertex -7.60109 -1.51195 9.7
    endloop
  endfacet
  facet normal 0 0 -1
    outer loop
      vertex -7.60109 -1.51195 9.7
      vertex -9.64099 0 9.7
      vertex -7.6837 -1.01158 9.7
    endloop
  endfacet
  facet normal -0 0 -1
    outer loop
      vertex -6.14849 -4.7179 9.7
      vertex -7.9256 -6.08151 9.7
      vertex -6.44389 -4.30567 9.7
    endloop
  endfacet
  facet normal 0 0 -1
    outer loop
      vertex -8.3127 -9.47881 9.7
      vertex -7.39214 -11.0631 9.7
      vertex -8.2061 -10.6944 9.7
    endloop
  endfacet
  facet normal -0 0 -1
    outer loop
      vertex -4.7179 -6.14849 9.7
      vertex -8.16685 -7.16214 9.7
      vertex -5.10993 -5.82676 9.7
    endloop
  endfacet
  facet normal 0 0 -1
    outer loop
      vertex -6.21649 -10.7673 9.7
      vertex -8.3127 -9.47881 9.7
      vertex -8.2979 -8.2979 9.7
    endloop
  endfacet
  facet normal 0 0 -1
    outer loop
      vertex 11.809 -4.89145 9.7
      vertex 12.6836 -3.39854 9.7
      vertex 12.9299 -4.38908 9.7
    endloop
  endfacet
  facet normal -0 0 -1
    outer loop
      vertex 12.6836 -3.39854 9.7
      vertex 11.809 -4.89145 9.7
      vertex 12.0229 -2.39151 9.7
    endloop
  endfacet
  facet normal 0 0 -1
    outer loop
      vertex 10.6813 -5.26743 9.7
      vertex 12.0229 -2.39151 9.7
      vertex 11.809 -4.89145 9.7
    endloop
  endfacet
  facet normal -0 0 -1
    outer loop
      vertex 12.0229 -2.39151 9.7
      vertex 10.6813 -5.26743 9.7
      vertex 11.2886 -1.48616 9.7
    endloop
  endfacet
  facet normal 0 0 -1
    outer loop
      vertex 9.55832 -5.51849 9.7
      vertex 11.2886 -1.48616 9.7
      vertex 10.6813 -5.26743 9.7
    endloop
  endfacet
  facet normal -0 0 -1
    outer loop
      vertex 11.2886 -1.48616 9.7
      vertex 9.55832 -5.51849 9.7
      vertex 10.491 -0.687607 9.7
    endloop
  endfacet
  facet normal 0 0 -1
    outer loop
      vertex 8.45146 -5.64708 9.7
      vertex 10.491 -0.687607 9.7
      vertex 9.55832 -5.51849 9.7
    endloop
  endfacet
  facet normal 0 0 -1
    outer loop
      vertex 11.809 4.89145 9.7
      vertex 12.6836 3.39854 9.7
      vertex 12.0229 2.39151 9.7
    endloop
  endfacet
  facet normal 0 0 -1
    outer loop
      vertex 12.6836 3.39854 9.7
      vertex 11.809 4.89145 9.7
      vertex 12.9299 4.38908 9.7
    endloop
  endfacet
  facet normal 0 0 -1
    outer loop
      vertex 10.6813 5.26743 9.7
      vertex 12.0229 2.39151 9.7
      vertex 11.2886 1.48616 9.7
    endloop
  endfacet
  facet normal 0 0 -1
    outer loop
      vertex 12.0229 2.39151 9.7
      vertex 10.6813 5.26743 9.7
      vertex 11.809 4.89145 9.7
    endloop
  endfacet
  facet normal 0 0 -1
    outer loop
      vertex 7.60109 1.51195 9.7
      vertex 10.491 0.687607 9.7
      vertex 7.6837 1.01158 9.7
    endloop
  endfacet
  facet normal 0 0 -1
    outer loop
      vertex 7.73341 0.506874 9.7
      vertex 9.64099 0 9.7
      vertex 7.75 0 9.7
    endloop
  endfacet
  facet normal 0 0 -1
    outer loop
      vertex 11.2886 1.48616 9.7
      vertex 9.55832 5.51849 9.7
      vertex 10.6813 5.26743 9.7
    endloop
  endfacet
  facet normal 0 0 -1
    outer loop
      vertex 7.75 0 9.7
      vertex 10.491 -0.687607 9.7
      vertex 8.45146 -5.64708 9.7
    endloop
  endfacet
  facet normal 0 0 -1
    outer loop
      vertex 6.44389 -4.30567 9.7
      vertex 8.45146 -5.64708 9.7
      vertex 7.9256 -6.08151 9.7
    endloop
  endfacet
  facet normal 0 0 -1
    outer loop
      vertex 9.64099 0 9.7
      vertex 7.6837 1.01158 9.7
      vertex 10.491 0.687607 9.7
    endloop
  endfacet
  facet normal 0 0 -1
    outer loop
      vertex 10.491 -0.687607 9.7
      vertex 7.75 0 9.7
      vertex 9.64099 0 9.7
    endloop
  endfacet
  facet normal 0 0 -1
    outer loop
      vertex 7.6837 1.01158 9.7
      vertex 9.64099 0 9.7
      vertex 7.73341 0.506874 9.7
    endloop
  endfacet
  facet normal 0 0 -1
    outer loop
      vertex 6.21649 10.7673 9.7
      vertex 8.3127 9.47881 9.7
      vertex 8.2979 8.2979 9.7
    endloop
  endfacet
  facet normal 0 0 -1
    outer loop
      vertex 4.7179 6.14849 9.7
      vertex 8.2979 8.2979 9.7
      vertex 8.16685 7.16214 9.7
    endloop
  endfacet
  facet normal 0 0 -1
    outer loop
      vertex 5.10993 5.82676 9.7
      vertex 8.16685 7.16214 9.7
      vertex 7.9256 6.08151 9.7
    endloop
  endfacet
  facet normal 0 0 -1
    outer loop
      vertex 10.491 0.687607 9.7
      vertex 7.48592 2.00585 9.7
      vertex 11.2886 1.48616 9.7
    endloop
  endfacet
  facet normal 0 0 -1
    outer loop
      vertex 7.33871 2.49116 9.7
      vertex 11.2886 1.48616 9.7
      vertex 7.48592 2.00585 9.7
    endloop
  endfacet
  facet normal 0 0 -1
    outer loop
      vertex 11.2886 1.48616 9.7
      vertex 7.33871 2.49116 9.7
      vertex 9.55832 5.51849 9.7
    endloop
  endfacet
  facet normal 0 0 -1
    outer loop
      vertex 7.16007 2.9658 9.7
      vertex 9.55832 5.51849 9.7
      vertex 7.33871 2.49116 9.7
    endloop
  endfacet
  facet normal -0 0 -1
    outer loop
      vertex 9.55832 5.51849 9.7
      vertex 7.16007 2.9658 9.7
      vertex 8.45146 5.64708 9.7
    endloop
  endfacet
  facet normal 0 0 -1
    outer loop
      vertex 6.95076 3.42774 9.7
      vertex 8.45146 5.64708 9.7
      vertex 7.16007 2.9658 9.7
    endloop
  endfacet
  facet normal 0 0 -1
    outer loop
      vertex 6.7117 3.875 9.7
      vertex 8.45146 5.64708 9.7
      vertex 6.95076 3.42774 9.7
    endloop
  endfacet
  facet normal 0 0 -1
    outer loop
      vertex 6.44389 4.30567 9.7
      vertex 8.45146 5.64708 9.7
      vertex 6.7117 3.875 9.7
    endloop
  endfacet
  facet normal -0 0 -1
    outer loop
      vertex 8.45146 5.64708 9.7
      vertex 6.44389 4.30567 9.7
      vertex 7.9256 6.08151 9.7
    endloop
  endfacet
  facet normal 0 0 -1
    outer loop
      vertex 6.14849 4.7179 9.7
      vertex 7.9256 6.08151 9.7
      vertex 6.44389 4.30567 9.7
    endloop
  endfacet
  facet normal 0 0 -1
    outer loop
      vertex 5.82676 5.10993 9.7
      vertex 7.9256 6.08151 9.7
      vertex 6.14849 4.7179 9.7
    endloop
  endfacet
  facet normal 0 0 -1
    outer loop
      vertex 5.48008 5.48008 9.7
      vertex 7.9256 6.08151 9.7
      vertex 5.82676 5.10993 9.7
    endloop
  endfacet
  facet normal 0 0 -1
    outer loop
      vertex 5.10993 5.82676 9.7
      vertex 7.9256 6.08151 9.7
      vertex 5.48008 5.48008 9.7
    endloop
  endfacet
  facet normal 0 0 -1
    outer loop
      vertex 8.16685 7.16214 9.7
      vertex 5.10993 5.82676 9.7
      vertex 4.7179 6.14849 9.7
    endloop
  endfacet
  facet normal 0 0 -1
    outer loop
      vertex 8.3127 9.47881 9.7
      vertex 7.39214 11.0631 9.7
      vertex 8.2061 10.6944 9.7
    endloop
  endfacet
  facet normal 0 -0 -1
    outer loop
      vertex 7.39214 11.0631 9.7
      vertex 8.3127 9.47881 9.7
      vertex 6.21649 10.7673 9.7
    endloop
  endfacet
  facet normal -0 0 -1
    outer loop
      vertex 8.2979 8.2979 9.7
      vertex 4.7179 6.14849 9.7
      vertex 5.11307 10.3683 9.7
    endloop
  endfacet
  facet normal 0 0 -1
    outer loop
      vertex 8.2979 8.2979 9.7
      vertex 5.11307 10.3683 9.7
      vertex 6.21649 10.7673 9.7
    endloop
  endfacet
  facet normal 0 0 -1
    outer loop
      vertex 4.30567 6.44389 9.7
      vertex 5.11307 10.3683 9.7
      vertex 4.7179 6.14849 9.7
    endloop
  endfacet
  facet normal 0 0 -1
    outer loop
      vertex 4.30567 6.44389 9.7
      vertex 4.09012 9.87442 9.7
      vertex 5.11307 10.3683 9.7
    endloop
  endfacet
  facet normal 0 0 -1
    outer loop
      vertex 3.875 6.7117 9.7
      vertex 4.09012 9.87442 9.7
      vertex 4.30567 6.44389 9.7
    endloop
  endfacet
  facet normal 0 0 -1
    outer loop
      vertex 3.15508 9.29459 9.7
      vertex 3.875 6.7117 9.7
      vertex 3.42774 6.95076 9.7
    endloop
  endfacet
  facet normal 0 0 -1
    outer loop
      vertex 3.875 6.7117 9.7
      vertex 3.15508 9.29459 9.7
      vertex 4.09012 9.87442 9.7
    endloop
  endfacet
  facet normal 0 0 -1
    outer loop
      vertex 2.9658 7.16007 9.7
      vertex 3.15508 9.29459 9.7
      vertex 3.42774 6.95076 9.7
    endloop
  endfacet
  facet normal 0 0 -1
    outer loop
      vertex 2.49116 7.33871 9.7
      vertex 3.15508 9.29459 9.7
      vertex 2.9658 7.16007 9.7
    endloop
  endfacet
  facet normal 0 0 -1
    outer loop
      vertex 2.00585 7.48592 9.7
      vertex 3.15508 9.29459 9.7
      vertex 2.49116 7.33871 9.7
    endloop
  endfacet
  facet normal 0 0 -1
    outer loop
      vertex 1.51195 7.60109 9.7
      vertex 3.15508 9.29459 9.7
      vertex 2.00585 7.48592 9.7
    endloop
  endfacet
  facet normal -0 0 -1
    outer loop
      vertex 3.15508 9.29459 9.7
      vertex 1.51195 7.60109 9.7
      vertex 2.67592 9.98669 9.7
    endloop
  endfacet
  facet normal 0 0 -1
    outer loop
      vertex 1.01158 7.6837 9.7
      vertex 2.67592 9.98669 9.7
      vertex 1.51195 7.60109 9.7
    endloop
  endfacet
  facet normal 0 0 -1
    outer loop
      vertex 0.506874 7.73341 9.7
      vertex 2.67592 9.98669 9.7
      vertex 1.01158 7.6837 9.7
    endloop
  endfacet
  facet normal -0 0 -1
    outer loop
      vertex 2.67592 9.98669 9.7
      vertex 0.506874 7.73341 9.7
      vertex 2.18724 10.9961 9.7
    endloop
  endfacet
  facet normal 0 0 -1
    outer loop
      vertex 0 7.75 9.7
      vertex 2.18724 10.9961 9.7
      vertex 0.506874 7.73341 9.7
    endloop
  endfacet
  facet normal 0 0 -1
    outer loop
      vertex -2.18724 10.9961 9.7
      vertex 2.18724 10.9961 9.7
      vertex 0 7.75 9.7
    endloop
  endfacet
  facet normal 0 0 -1
    outer loop
      vertex 2.18724 10.9961 9.7
      vertex -2.18724 10.9961 9.7
      vertex 1.57727 11.9806 9.7
    endloop
  endfacet
  facet normal 0 0 -1
    outer loop
      vertex 1.57727 11.9806 9.7
      vertex -1.57727 11.9806 9.7
      vertex 0.847382 12.9288 9.7
    endloop
  endfacet
  facet normal 0 0 -1
    outer loop
      vertex -2.18724 10.9961 9.7
      vertex 0 7.75 9.7
      vertex -0.506874 7.73341 9.7
    endloop
  endfacet
  facet normal 0 0 -1
    outer loop
      vertex 0.847382 12.9288 9.7
      vertex -0.847382 12.9288 9.7
      vertex 0 13.829 9.7
    endloop
  endfacet
  facet normal 0 0 -1
    outer loop
      vertex -2.67592 9.98669 9.7
      vertex -0.506874 7.73341 9.7
      vertex -1.01158 7.6837 9.7
    endloop
  endfacet
  facet normal 0 0 -1
    outer loop
      vertex -2.67592 9.98669 9.7
      vertex -1.01158 7.6837 9.7
      vertex -1.51195 7.60109 9.7
    endloop
  endfacet
  facet normal -0 0 -1
    outer loop
      vertex 0.847382 12.9288 9.7
      vertex -1.57727 11.9806 9.7
      vertex -0.847382 12.9288 9.7
    endloop
  endfacet
  facet normal 0 0 -1
    outer loop
      vertex -3.15508 9.29459 9.7
      vertex -1.51195 7.60109 9.7
      vertex -2.00585 7.48592 9.7
    endloop
  endfacet
  facet normal -0 0 -1
    outer loop
      vertex 1.57727 11.9806 9.7
      vertex -2.18724 10.9961 9.7
      vertex -1.57727 11.9806 9.7
    endloop
  endfacet
  facet normal 0 0 -1
    outer loop
      vertex -3.15508 9.29459 9.7
      vertex -2.00585 7.48592 9.7
      vertex -2.49116 7.33871 9.7
    endloop
  endfacet
  facet normal 0 0 -1
    outer loop
      vertex -0.506874 7.73341 9.7
      vertex -2.67592 9.98669 9.7
      vertex -2.18724 10.9961 9.7
    endloop
  endfacet
  facet normal 0 0 -1
    outer loop
      vertex -3.15508 9.29459 9.7
      vertex -2.49116 7.33871 9.7
      vertex -2.9658 7.16007 9.7
    endloop
  endfacet
  facet normal 0 0 -1
    outer loop
      vertex -1.51195 7.60109 9.7
      vertex -3.15508 9.29459 9.7
      vertex -2.67592 9.98669 9.7
    endloop
  endfacet
  facet normal 0 0 -1
    outer loop
      vertex -3.42774 6.95076 9.7
      vertex -3.15508 9.29459 9.7
      vertex -2.9658 7.16007 9.7
    endloop
  endfacet
  facet normal 0 0 -1
    outer loop
      vertex -3.875 6.7117 9.7
      vertex -3.15508 9.29459 9.7
      vertex -3.42774 6.95076 9.7
    endloop
  endfacet
  facet normal 0 0 -1
    outer loop
      vertex -3.875 6.7117 9.7
      vertex -4.09012 9.87442 9.7
      vertex -3.15508 9.29459 9.7
    endloop
  endfacet
  facet normal 0 0 -1
    outer loop
      vertex -4.30567 6.44389 9.7
      vertex -4.09012 9.87442 9.7
      vertex -3.875 6.7117 9.7
    endloop
  endfacet
  facet normal 0 0 -1
    outer loop
      vertex -5.11307 10.3683 9.7
      vertex -4.30567 6.44389 9.7
      vertex -4.7179 6.14849 9.7
    endloop
  endfacet
  facet normal 0 0 -1
    outer loop
      vertex -8.16685 7.16214 9.7
      vertex -4.7179 6.14849 9.7
      vertex -5.10993 5.82676 9.7
    endloop
  endfacet
  facet normal 0 0 -1
    outer loop
      vertex -4.30567 6.44389 9.7
      vertex -5.11307 10.3683 9.7
      vertex -4.09012 9.87442 9.7
    endloop
  endfacet
  facet normal 0 0 -1
    outer loop
      vertex -7.9256 6.08151 9.7
      vertex -5.10993 5.82676 9.7
      vertex -5.48008 5.48008 9.7
    endloop
  endfacet
  facet normal 0 0 -1
    outer loop
      vertex -7.9256 6.08151 9.7
      vertex -5.48008 5.48008 9.7
      vertex -5.82676 5.10993 9.7
    endloop
  endfacet
  facet normal 0 0 -1
    outer loop
      vertex -7.9256 6.08151 9.7
      vertex -5.82676 5.10993 9.7
      vertex -6.14849 4.7179 9.7
    endloop
  endfacet
  facet normal 0 0 -1
    outer loop
      vertex -4.7179 6.14849 9.7
      vertex -8.16685 7.16214 9.7
      vertex -8.2979 8.2979 9.7
    endloop
  endfacet
  facet normal 0 0 -1
    outer loop
      vertex -7.9256 6.08151 9.7
      vertex -6.14849 4.7179 9.7
      vertex -6.44389 4.30567 9.7
    endloop
  endfacet
  facet normal 0 0 -1
    outer loop
      vertex -7.9256 6.08151 9.7
      vertex -6.44389 4.30567 9.7
      vertex -6.7117 3.875 9.7
    endloop
  endfacet
  facet normal 0 0 -1
    outer loop
      vertex -7.9256 6.08151 9.7
      vertex -6.7117 3.875 9.7
      vertex -6.95076 3.42774 9.7
    endloop
  endfacet
  facet normal 0 0 -1
    outer loop
      vertex -7.9256 6.08151 9.7
      vertex -6.95076 3.42774 9.7
      vertex -7.16007 2.9658 9.7
    endloop
  endfacet
  facet normal 0 0 -1
    outer loop
      vertex -7.9256 6.08151 9.7
      vertex -7.16007 2.9658 9.7
      vertex -7.33871 2.49116 9.7
    endloop
  endfacet
  facet normal 0 0 -1
    outer loop
      vertex -5.10993 5.82676 9.7
      vertex -7.9256 6.08151 9.7
      vertex -8.16685 7.16214 9.7
    endloop
  endfacet
  facet normal 0 0 -1
    outer loop
      vertex -7.9256 6.08151 9.7
      vertex -7.33871 2.49116 9.7
      vertex -7.48592 2.00585 9.7
    endloop
  endfacet
  facet normal 0 0 -1
    outer loop
      vertex -7.9256 6.08151 9.7
      vertex -7.48592 2.00585 9.7
      vertex -7.60109 1.51195 9.7
    endloop
  endfacet
  facet normal 0 0 -1
    outer loop
      vertex -7.9256 6.08151 9.7
      vertex -7.60109 1.51195 9.7
      vertex -7.6837 1.01158 9.7
    endloop
  endfacet
  facet normal 0 0 -1
    outer loop
      vertex -7.9256 6.08151 9.7
      vertex -7.6837 1.01158 9.7
      vertex -7.73341 0.506874 9.7
    endloop
  endfacet
  facet normal 0 0 -1
    outer loop
      vertex -7.73341 -0.506874 9.7
      vertex -9.64099 0 9.7
      vertex -7.75 0 9.7
    endloop
  endfacet
  facet normal 0 0 -1
    outer loop
      vertex -7.6837 -1.01158 9.7
      vertex -9.64099 0 9.7
      vertex -7.73341 -0.506874 9.7
    endloop
  endfacet
  facet normal 0 0 -1
    outer loop
      vertex -4.7179 6.14849 9.7
      vertex -8.2979 8.2979 9.7
      vertex -5.11307 10.3683 9.7
    endloop
  endfacet
  facet normal -0 0 -1
    outer loop
      vertex -5.11307 10.3683 9.7
      vertex -8.2979 8.2979 9.7
      vertex -6.21649 10.7673 9.7
    endloop
  endfacet
  facet normal 0 0 -1
    outer loop
      vertex -8.3127 9.47881 9.7
      vertex -6.21649 10.7673 9.7
      vertex -8.2979 8.2979 9.7
    endloop
  endfacet
  facet normal -0 0 -1
    outer loop
      vertex -6.21649 10.7673 9.7
      vertex -8.3127 9.47881 9.7
      vertex -7.39214 11.0631 9.7
    endloop
  endfacet
  facet normal 0 0 -1
    outer loop
      vertex -7.39214 11.0631 9.7
      vertex -8.3127 9.47881 9.7
      vertex -8.2061 10.6944 9.7
    endloop
  endfacet
  facet normal 0 0 -1
    outer loop
      vertex -7.73341 0.506874 9.7
      vertex -9.55832 5.51849 9.7
      vertex -8.45146 5.64708 9.7
    endloop
  endfacet
  facet normal 0 0 -1
    outer loop
      vertex -11.2886 1.48616 9.7
      vertex -9.55832 5.51849 9.7
      vertex -10.491 0.687607 9.7
    endloop
  endfacet
  facet normal 0 0 -1
    outer loop
      vertex -9.55832 5.51849 9.7
      vertex -11.2886 1.48616 9.7
      vertex -10.6813 5.26743 9.7
    endloop
  endfacet
  facet normal 0 0 -1
    outer loop
      vertex -12.0229 2.39151 9.7
      vertex -10.6813 5.26743 9.7
      vertex -11.2886 1.48616 9.7
    endloop
  endfacet
  facet normal 0 0 -1
    outer loop
      vertex -10.6813 5.26743 9.7
      vertex -12.0229 2.39151 9.7
      vertex -11.809 4.89145 9.7
    endloop
  endfacet
  facet normal 0 0 -1
    outer loop
      vertex -12.6836 3.39854 9.7
      vertex -11.809 4.89145 9.7
      vertex -12.0229 2.39151 9.7
    endloop
  endfacet
  facet normal 0 0 -1
    outer loop
      vertex -11.809 4.89145 9.7
      vertex -12.6836 3.39854 9.7
      vertex -12.9299 4.38908 9.7
    endloop
  endfacet
  facet normal -0.528071 0.8492 0
    outer loop
      vertex -3.875 6.7117 7.8
      vertex -4.30567 6.44389 9.7
      vertex -3.875 6.7117 9.7
    endloop
  endfacet
  facet normal -0.528071 0.8492 0
    outer loop
      vertex -4.30567 6.44389 9.7
      vertex -3.875 6.7117 7.8
      vertex -4.30567 6.44389 7.8
    endloop
  endfacet
  facet normal -0.41272 0.910858 0
    outer loop
      vertex -2.9658 7.16007 7.8
      vertex -3.42774 6.95076 9.7
      vertex -2.9658 7.16007 9.7
    endloop
  endfacet
  facet normal -0.41272 0.910858 0
    outer loop
      vertex -3.42774 6.95076 9.7
      vertex -2.9658 7.16007 7.8
      vertex -3.42774 6.95076 7.8
    endloop
  endfacet
  facet normal -0.634392 0.773011 0
    outer loop
      vertex -4.7179 6.14849 7.8
      vertex -5.10993 5.82676 9.7
      vertex -4.7179 6.14849 9.7
    endloop
  endfacet
  facet normal -0.634392 0.773011 0
    outer loop
      vertex -5.10993 5.82676 9.7
      vertex -4.7179 6.14849 7.8
      vertex -5.10993 5.82676 7.8
    endloop
  endfacet
  facet normal -0.0327125 0.999465 0
    outer loop
      vertex 0 7.75 7.8
      vertex -0.506874 7.73341 9.7
      vertex 0 7.75 9.7
    endloop
  endfacet
  facet normal -0.0327125 0.999465 0
    outer loop
      vertex -0.506874 7.73341 9.7
      vertex 0 7.75 7.8
      vertex -0.506874 7.73341 7.8
    endloop
  endfacet
  facet normal 0.986644 -0.162893 0
    outer loop
      vertex 7.60109 -1.51195 9.7
      vertex 7.6837 -1.01158 7.8
      vertex 7.6837 -1.01158 9.7
    endloop
  endfacet
  facet normal 0.986644 -0.162893 0
    outer loop
      vertex 7.6837 -1.01158 7.8
      vertex 7.60109 -1.51195 9.7
      vertex 7.60109 -1.51195 7.8
    endloop
  endfacet
  facet normal 0.0327125 -0.999465 0
    outer loop
      vertex 0 -7.75 7.8
      vertex 0.506874 -7.73341 9.7
      vertex 0 -7.75 9.7
    endloop
  endfacet
  facet normal 0.0327125 -0.999465 0
    outer loop
      vertex 0.506874 -7.73341 9.7
      vertex 0 -7.75 7.8
      vertex 0.506874 -7.73341 7.8
    endloop
  endfacet
  facet normal 0.471388 -0.881926 0
    outer loop
      vertex 3.42774 -6.95076 7.8
      vertex 3.875 -6.7117 9.7
      vertex 3.42774 -6.95076 9.7
    endloop
  endfacet
  facet normal 0.471388 -0.881926 0
    outer loop
      vertex 3.875 -6.7117 9.7
      vertex 3.42774 -6.95076 7.8
      vertex 3.875 -6.7117 7.8
    endloop
  endfacet
  facet normal 0.634392 -0.773011 0
    outer loop
      vertex 4.7179 -6.14849 7.8
      vertex 5.10993 -5.82676 9.7
      vertex 4.7179 -6.14849 9.7
    endloop
  endfacet
  facet normal 0.634392 -0.773011 0
    outer loop
      vertex 5.10993 -5.82676 9.7
      vertex 4.7179 -6.14849 7.8
      vertex 5.10993 -5.82676 7.8
    endloop
  endfacet
  facet normal 0.773011 -0.634392 0
    outer loop
      vertex 5.82676 -5.10993 9.7
      vertex 6.14849 -4.7179 7.8
      vertex 6.14849 -4.7179 9.7
    endloop
  endfacet
  facet normal 0.773011 -0.634392 0
    outer loop
      vertex 6.14849 -4.7179 7.8
      vertex 5.82676 -5.10993 9.7
      vertex 5.82676 -5.10993 7.8
    endloop
  endfacet
  facet normal -0.683589 -0.729867 0
    outer loop
      vertex -5.48008 -5.48008 7.8
      vertex -5.10993 -5.82676 9.7
      vertex -5.48008 -5.48008 9.7
    endloop
  endfacet
  facet normal -0.683589 -0.729867 -0
    outer loop
      vertex -5.10993 -5.82676 9.7
      vertex -5.48008 -5.48008 7.8
      vertex -5.10993 -5.82676 7.8
    endloop
  endfacet
  facet normal -0.910858 -0.41272 0
    outer loop
      vertex -6.95076 -3.42774 7.8
      vertex -7.16007 -2.9658 9.7
      vertex -7.16007 -2.9658 7.8
    endloop
  endfacet
  facet normal -0.910858 -0.41272 0
    outer loop
      vertex -7.16007 -2.9658 9.7
      vertex -6.95076 -3.42774 7.8
      vertex -6.95076 -3.42774 9.7
    endloop
  endfacet
  facet normal -0.999465 -0.0327125 0
    outer loop
      vertex -7.73341 -0.506874 7.8
      vertex -7.75 0 9.7
      vertex -7.75 0 7.8
    endloop
  endfacet
  facet normal -0.999465 -0.0327125 0
    outer loop
      vertex -7.75 0 9.7
      vertex -7.73341 -0.506874 7.8
      vertex -7.73341 -0.506874 9.7
    endloop
  endfacet
  facet normal 0.986644 0.162893 0
    outer loop
      vertex 7.6837 1.01158 9.7
      vertex 7.60109 1.51195 7.8
      vertex 7.60109 1.51195 9.7
    endloop
  endfacet
  facet normal 0.986644 0.162893 0
    outer loop
      vertex 7.60109 1.51195 7.8
      vertex 7.6837 1.01158 9.7
      vertex 7.6837 1.01158 7.8
    endloop
  endfacet
  facet normal 0.995185 0.0980187 0
    outer loop
      vertex 7.73341 0.506874 9.7
      vertex 7.6837 1.01158 7.8
      vertex 7.6837 1.01158 9.7
    endloop
  endfacet
  facet normal 0.995185 0.0980187 0
    outer loop
      vertex 7.6837 1.01158 7.8
      vertex 7.73341 0.506874 9.7
      vertex 7.73341 0.506874 7.8
    endloop
  endfacet
  facet normal 0.935907 0.352247 0
    outer loop
      vertex 7.33871 2.49116 9.7
      vertex 7.16007 2.9658 7.8
      vertex 7.16007 2.9658 9.7
    endloop
  endfacet
  facet normal 0.935907 0.352247 0
    outer loop
      vertex 7.16007 2.9658 7.8
      vertex 7.33871 2.49116 9.7
      vertex 7.33871 2.49116 7.8
    endloop
  endfacet
  facet normal 0.812847 0.582478 0
    outer loop
      vertex 6.44389 4.30567 9.7
      vertex 6.14849 4.7179 7.8
      vertex 6.14849 4.7179 9.7
    endloop
  endfacet
  facet normal 0.812847 0.582478 0
    outer loop
      vertex 6.14849 4.7179 7.8
      vertex 6.44389 4.30567 9.7
      vertex 6.44389 4.30567 7.8
    endloop
  endfacet
  facet normal 0.8492 0.528071 0
    outer loop
      vertex 6.7117 3.875 9.7
      vertex 6.44389 4.30567 7.8
      vertex 6.44389 4.30567 9.7
    endloop
  endfacet
  facet normal 0.8492 0.528071 0
    outer loop
      vertex 6.44389 4.30567 7.8
      vertex 6.7117 3.875 9.7
      vertex 6.7117 3.875 7.8
    endloop
  endfacet
  facet normal 0.162893 0.986644 -0
    outer loop
      vertex 1.51195 7.60109 7.8
      vertex 1.01158 7.6837 9.7
      vertex 1.51195 7.60109 9.7
    endloop
  endfacet
  facet normal 0.162893 0.986644 0
    outer loop
      vertex 1.01158 7.6837 9.7
      vertex 1.51195 7.60109 7.8
      vertex 1.01158 7.6837 7.8
    endloop
  endfacet
  facet normal 0.0980187 0.995185 -0
    outer loop
      vertex 1.01158 7.6837 7.8
      vertex 0.506874 7.73341 9.7
      vertex 1.01158 7.6837 9.7
    endloop
  endfacet
  facet normal 0.0980187 0.995185 0
    outer loop
      vertex 0.506874 7.73341 9.7
      vertex 1.01158 7.6837 7.8
      vertex 0.506874 7.73341 7.8
    endloop
  endfacet
  facet normal 0.352247 0.935907 -0
    outer loop
      vertex 2.9658 7.16007 7.8
      vertex 2.49116 7.33871 9.7
      vertex 2.9658 7.16007 9.7
    endloop
  endfacet
  facet normal 0.352247 0.935907 0
    outer loop
      vertex 2.49116 7.33871 9.7
      vertex 2.9658 7.16007 7.8
      vertex 2.49116 7.33871 7.8
    endloop
  endfacet
  facet normal 0.528071 0.8492 -0
    outer loop
      vertex 4.30567 6.44389 7.8
      vertex 3.875 6.7117 9.7
      vertex 4.30567 6.44389 9.7
    endloop
  endfacet
  facet normal 0.528071 0.8492 0
    outer loop
      vertex 3.875 6.7117 9.7
      vertex 4.30567 6.44389 7.8
      vertex 3.875 6.7117 7.8
    endloop
  endfacet
  facet normal 0.582478 0.812847 -0
    outer loop
      vertex 4.7179 6.14849 7.8
      vertex 4.30567 6.44389 9.7
      vertex 4.7179 6.14849 9.7
    endloop
  endfacet
  facet normal 0.582478 0.812847 0
    outer loop
      vertex 4.30567 6.44389 9.7
      vertex 4.7179 6.14849 7.8
      vertex 4.30567 6.44389 7.8
    endloop
  endfacet
  facet normal -0.881926 0.471388 0
    outer loop
      vertex -6.95076 3.42774 7.8
      vertex -6.7117 3.875 9.7
      vertex -6.7117 3.875 7.8
    endloop
  endfacet
  facet normal -0.881926 0.471388 0
    outer loop
      vertex -6.7117 3.875 9.7
      vertex -6.95076 3.42774 7.8
      vertex -6.95076 3.42774 9.7
    endloop
  endfacet
  facet normal -0.956944 0.290272 0
    outer loop
      vertex -7.48592 2.00585 7.8
      vertex -7.33871 2.49116 9.7
      vertex -7.33871 2.49116 7.8
    endloop
  endfacet
  facet normal -0.956944 0.290272 0
    outer loop
      vertex -7.33871 2.49116 9.7
      vertex -7.48592 2.00585 7.8
      vertex -7.48592 2.00585 9.7
    endloop
  endfacet
  facet normal -0.986644 0.162893 0
    outer loop
      vertex -7.6837 1.01158 7.8
      vertex -7.60109 1.51195 9.7
      vertex -7.60109 1.51195 7.8
    endloop
  endfacet
  facet normal -0.986644 0.162893 0
    outer loop
      vertex -7.60109 1.51195 9.7
      vertex -7.6837 1.01158 7.8
      vertex -7.6837 1.01158 9.7
    endloop
  endfacet
  facet normal -0.995185 0.0980187 0
    outer loop
      vertex -7.73341 0.506874 7.8
      vertex -7.6837 1.01158 9.7
      vertex -7.6837 1.01158 7.8
    endloop
  endfacet
  facet normal -0.995185 0.0980187 0
    outer loop
      vertex -7.6837 1.01158 9.7
      vertex -7.73341 0.506874 7.8
      vertex -7.73341 0.506874 9.7
    endloop
  endfacet
  facet normal -0.471388 0.881926 0
    outer loop
      vertex -3.42774 6.95076 7.8
      vertex -3.875 6.7117 9.7
      vertex -3.42774 6.95076 9.7
    endloop
  endfacet
  facet normal -0.471388 0.881926 0
    outer loop
      vertex -3.875 6.7117 9.7
      vertex -3.42774 6.95076 7.8
      vertex -3.875 6.7117 7.8
    endloop
  endfacet
  facet normal -0.582478 0.812847 0
    outer loop
      vertex -4.30567 6.44389 7.8
      vertex -4.7179 6.14849 9.7
      vertex -4.30567 6.44389 9.7
    endloop
  endfacet
  facet normal -0.582478 0.812847 0
    outer loop
      vertex -4.7179 6.14849 9.7
      vertex -4.30567 6.44389 7.8
      vertex -4.7179 6.14849 7.8
    endloop
  endfacet
  facet normal -0.227092 0.973873 0
    outer loop
      vertex -1.51195 7.60109 7.8
      vertex -2.00585 7.48592 9.7
      vertex -1.51195 7.60109 9.7
    endloop
  endfacet
  facet normal -0.227092 0.973873 0
    outer loop
      vertex -2.00585 7.48592 9.7
      vertex -1.51195 7.60109 7.8
      vertex -2.00585 7.48592 7.8
    endloop
  endfacet
  facet normal -0.290272 0.956944 0
    outer loop
      vertex -2.00585 7.48592 7.8
      vertex -2.49116 7.33871 9.7
      vertex -2.00585 7.48592 9.7
    endloop
  endfacet
  facet normal -0.290272 0.956944 0
    outer loop
      vertex -2.49116 7.33871 9.7
      vertex -2.00585 7.48592 7.8
      vertex -2.49116 7.33871 7.8
    endloop
  endfacet
  facet normal -0.162893 0.986644 0
    outer loop
      vertex -1.01158 7.6837 7.8
      vertex -1.51195 7.60109 9.7
      vertex -1.01158 7.6837 9.7
    endloop
  endfacet
  facet normal -0.162893 0.986644 0
    outer loop
      vertex -1.51195 7.60109 9.7
      vertex -1.01158 7.6837 7.8
      vertex -1.51195 7.60109 7.8
    endloop
  endfacet
  facet normal 0.0980187 -0.995185 0
    outer loop
      vertex 0.506874 -7.73341 7.8
      vertex 1.01158 -7.6837 9.7
      vertex 0.506874 -7.73341 9.7
    endloop
  endfacet
  facet normal 0.0980187 -0.995185 0
    outer loop
      vertex 1.01158 -7.6837 9.7
      vertex 0.506874 -7.73341 7.8
      vertex 1.01158 -7.6837 7.8
    endloop
  endfacet
  facet normal 0.41272 -0.910858 0
    outer loop
      vertex 2.9658 -7.16007 7.8
      vertex 3.42774 -6.95076 9.7
      vertex 2.9658 -7.16007 9.7
    endloop
  endfacet
  facet normal 0.41272 -0.910858 0
    outer loop
      vertex 3.42774 -6.95076 9.7
      vertex 2.9658 -7.16007 7.8
      vertex 3.42774 -6.95076 7.8
    endloop
  endfacet
  facet normal 0.352247 -0.935907 0
    outer loop
      vertex 2.49116 -7.33871 7.8
      vertex 2.9658 -7.16007 9.7
      vertex 2.49116 -7.33871 9.7
    endloop
  endfacet
  facet normal 0.352247 -0.935907 0
    outer loop
      vertex 2.9658 -7.16007 9.7
      vertex 2.49116 -7.33871 7.8
      vertex 2.9658 -7.16007 7.8
    endloop
  endfacet
  facet normal 0.528071 -0.8492 0
    outer loop
      vertex 3.875 -6.7117 7.8
      vertex 4.30567 -6.44389 9.7
      vertex 3.875 -6.7117 9.7
    endloop
  endfacet
  facet normal 0.528071 -0.8492 0
    outer loop
      vertex 4.30567 -6.44389 9.7
      vertex 3.875 -6.7117 7.8
      vertex 4.30567 -6.44389 7.8
    endloop
  endfacet
  facet normal 0.582478 -0.812847 0
    outer loop
      vertex 4.30567 -6.44389 7.8
      vertex 4.7179 -6.14849 9.7
      vertex 4.30567 -6.44389 9.7
    endloop
  endfacet
  facet normal 0.582478 -0.812847 0
    outer loop
      vertex 4.7179 -6.14849 9.7
      vertex 4.30567 -6.44389 7.8
      vertex 4.7179 -6.14849 7.8
    endloop
  endfacet
  facet normal 0.812847 -0.582478 0
    outer loop
      vertex 6.14849 -4.7179 9.7
      vertex 6.44389 -4.30567 7.8
      vertex 6.44389 -4.30567 9.7
    endloop
  endfacet
  facet normal 0.812847 -0.582478 0
    outer loop
      vertex 6.44389 -4.30567 7.8
      vertex 6.14849 -4.7179 9.7
      vertex 6.14849 -4.7179 7.8
    endloop
  endfacet
  facet normal 0.910858 -0.41272 0
    outer loop
      vertex 6.95076 -3.42774 9.7
      vertex 7.16007 -2.9658 7.8
      vertex 7.16007 -2.9658 9.7
    endloop
  endfacet
  facet normal 0.910858 -0.41272 0
    outer loop
      vertex 7.16007 -2.9658 7.8
      vertex 6.95076 -3.42774 9.7
      vertex 6.95076 -3.42774 7.8
    endloop
  endfacet
  facet normal 0.956944 -0.290272 0
    outer loop
      vertex 7.33871 -2.49116 9.7
      vertex 7.48592 -2.00585 7.8
      vertex 7.48592 -2.00585 9.7
    endloop
  endfacet
  facet normal 0.956944 -0.290272 0
    outer loop
      vertex 7.48592 -2.00585 7.8
      vertex 7.33871 -2.49116 9.7
      vertex 7.33871 -2.49116 7.8
    endloop
  endfacet
  facet normal -0.634392 -0.773011 0
    outer loop
      vertex -5.10993 -5.82676 7.8
      vertex -4.7179 -6.14849 9.7
      vertex -5.10993 -5.82676 9.7
    endloop
  endfacet
  facet normal -0.634392 -0.773011 -0
    outer loop
      vertex -4.7179 -6.14849 9.7
      vertex -5.10993 -5.82676 7.8
      vertex -4.7179 -6.14849 7.8
    endloop
  endfacet
  facet normal -0.41272 -0.910858 0
    outer loop
      vertex -3.42774 -6.95076 7.8
      vertex -2.9658 -7.16007 9.7
      vertex -3.42774 -6.95076 9.7
    endloop
  endfacet
  facet normal -0.41272 -0.910858 -0
    outer loop
      vertex -2.9658 -7.16007 9.7
      vertex -3.42774 -6.95076 7.8
      vertex -2.9658 -7.16007 7.8
    endloop
  endfacet
  facet normal -0.528071 -0.8492 0
    outer loop
      vertex -4.30567 -6.44389 7.8
      vertex -3.875 -6.7117 9.7
      vertex -4.30567 -6.44389 9.7
    endloop
  endfacet
  facet normal -0.528071 -0.8492 -0
    outer loop
      vertex -3.875 -6.7117 9.7
      vertex -4.30567 -6.44389 7.8
      vertex -3.875 -6.7117 7.8
    endloop
  endfacet
  facet normal -0.290272 -0.956944 0
    outer loop
      vertex -2.49116 -7.33871 7.8
      vertex -2.00585 -7.48592 9.7
      vertex -2.49116 -7.33871 9.7
    endloop
  endfacet
  facet normal -0.290272 -0.956944 -0
    outer loop
      vertex -2.00585 -7.48592 9.7
      vertex -2.49116 -7.33871 7.8
      vertex -2.00585 -7.48592 7.8
    endloop
  endfacet
  facet normal -0.162893 -0.986644 0
    outer loop
      vertex -1.51195 -7.60109 7.8
      vertex -1.01158 -7.6837 9.7
      vertex -1.51195 -7.60109 9.7
    endloop
  endfacet
  facet normal -0.162893 -0.986644 -0
    outer loop
      vertex -1.01158 -7.6837 9.7
      vertex -1.51195 -7.60109 7.8
      vertex -1.01158 -7.6837 7.8
    endloop
  endfacet
  facet normal -0.812847 -0.582478 0
    outer loop
      vertex -6.14849 -4.7179 7.8
      vertex -6.44389 -4.30567 9.7
      vertex -6.44389 -4.30567 7.8
    endloop
  endfacet
  facet normal -0.812847 -0.582478 0
    outer loop
      vertex -6.44389 -4.30567 9.7
      vertex -6.14849 -4.7179 7.8
      vertex -6.14849 -4.7179 9.7
    endloop
  endfacet
  facet normal -0.8492 -0.528071 0
    outer loop
      vertex -6.44389 -4.30567 7.8
      vertex -6.7117 -3.875 9.7
      vertex -6.7117 -3.875 7.8
    endloop
  endfacet
  facet normal -0.8492 -0.528071 0
    outer loop
      vertex -6.7117 -3.875 9.7
      vertex -6.44389 -4.30567 7.8
      vertex -6.44389 -4.30567 9.7
    endloop
  endfacet
  facet normal -0.881926 -0.471388 0
    outer loop
      vertex -6.7117 -3.875 7.8
      vertex -6.95076 -3.42774 9.7
      vertex -6.95076 -3.42774 7.8
    endloop
  endfacet
  facet normal -0.881926 -0.471388 0
    outer loop
      vertex -6.95076 -3.42774 9.7
      vertex -6.7117 -3.875 7.8
      vertex -6.7117 -3.875 9.7
    endloop
  endfacet
  facet normal -0.956944 -0.290272 0
    outer loop
      vertex -7.33871 -2.49116 7.8
      vertex -7.48592 -2.00585 9.7
      vertex -7.48592 -2.00585 7.8
    endloop
  endfacet
  facet normal -0.956944 -0.290272 0
    outer loop
      vertex -7.48592 -2.00585 9.7
      vertex -7.33871 -2.49116 7.8
      vertex -7.33871 -2.49116 9.7
    endloop
  endfacet
  facet normal -0.973873 -0.227092 0
    outer loop
      vertex -7.48592 -2.00585 7.8
      vertex -7.60109 -1.51195 9.7
      vertex -7.60109 -1.51195 7.8
    endloop
  endfacet
  facet normal -0.973873 -0.227092 0
    outer loop
      vertex -7.60109 -1.51195 9.7
      vertex -7.48592 -2.00585 7.8
      vertex -7.48592 -2.00585 9.7
    endloop
  endfacet
  facet normal -0.935907 -0.352247 0
    outer loop
      vertex -7.16007 -2.9658 7.8
      vertex -7.33871 -2.49116 9.7
      vertex -7.33871 -2.49116 7.8
    endloop
  endfacet
  facet normal -0.935907 -0.352247 0
    outer loop
      vertex -7.33871 -2.49116 9.7
      vertex -7.16007 -2.9658 7.8
      vertex -7.16007 -2.9658 9.7
    endloop
  endfacet
  facet normal -0.995185 -0.0980187 0
    outer loop
      vertex -7.6837 -1.01158 7.8
      vertex -7.73341 -0.506874 9.7
      vertex -7.73341 -0.506874 7.8
    endloop
  endfacet
  facet normal -0.995185 -0.0980187 0
    outer loop
      vertex -7.73341 -0.506874 9.7
      vertex -7.6837 -1.01158 7.8
      vertex -7.6837 -1.01158 9.7
    endloop
  endfacet
  facet normal -0.986644 -0.162893 0
    outer loop
      vertex -7.60109 -1.51195 7.8
      vertex -7.6837 -1.01158 9.7
      vertex -7.6837 -1.01158 7.8
    endloop
  endfacet
  facet normal -0.986644 -0.162893 0
    outer loop
      vertex -7.6837 -1.01158 9.7
      vertex -7.60109 -1.51195 7.8
      vertex -7.60109 -1.51195 9.7
    endloop
  endfacet
  facet normal -0.812847 0.582478 0
    outer loop
      vertex -6.44389 4.30567 7.8
      vertex -6.14849 4.7179 9.7
      vertex -6.14849 4.7179 7.8
    endloop
  endfacet
  facet normal -0.812847 0.582478 0
    outer loop
      vertex -6.14849 4.7179 9.7
      vertex -6.44389 4.30567 7.8
      vertex -6.44389 4.30567 9.7
    endloop
  endfacet
  facet normal -0.773011 0.634392 0
    outer loop
      vertex -6.14849 4.7179 7.8
      vertex -5.82676 5.10993 9.7
      vertex -5.82676 5.10993 7.8
    endloop
  endfacet
  facet normal -0.773011 0.634392 0
    outer loop
      vertex -5.82676 5.10993 9.7
      vertex -6.14849 4.7179 7.8
      vertex -6.14849 4.7179 9.7
    endloop
  endfacet
  facet normal -0.729867 0.683589 0
    outer loop
      vertex -5.82676 5.10993 7.8
      vertex -5.48008 5.48008 9.7
      vertex -5.48008 5.48008 7.8
    endloop
  endfacet
  facet normal -0.729867 0.683589 0
    outer loop
      vertex -5.48008 5.48008 9.7
      vertex -5.82676 5.10993 7.8
      vertex -5.82676 5.10993 9.7
    endloop
  endfacet
  facet normal 0.162893 -0.986644 0
    outer loop
      vertex 1.01158 -7.6837 7.8
      vertex 1.51195 -7.60109 9.7
      vertex 1.01158 -7.6837 9.7
    endloop
  endfacet
  facet normal 0.162893 -0.986644 0
    outer loop
      vertex 1.51195 -7.60109 9.7
      vertex 1.01158 -7.6837 7.8
      vertex 1.51195 -7.60109 7.8
    endloop
  endfacet
  facet normal 0.290272 -0.956944 0
    outer loop
      vertex 2.00585 -7.48592 7.8
      vertex 2.49116 -7.33871 9.7
      vertex 2.00585 -7.48592 9.7
    endloop
  endfacet
  facet normal 0.290272 -0.956944 0
    outer loop
      vertex 2.49116 -7.33871 9.7
      vertex 2.00585 -7.48592 7.8
      vertex 2.49116 -7.33871 7.8
    endloop
  endfacet
  facet normal 0.729867 -0.683589 0
    outer loop
      vertex 5.48008 -5.48008 9.7
      vertex 5.82676 -5.10993 7.8
      vertex 5.82676 -5.10993 9.7
    endloop
  endfacet
  facet normal 0.729867 -0.683589 0
    outer loop
      vertex 5.82676 -5.10993 7.8
      vertex 5.48008 -5.48008 9.7
      vertex 5.48008 -5.48008 7.8
    endloop
  endfacet
  facet normal 0.8492 -0.528071 0
    outer loop
      vertex 6.44389 -4.30567 9.7
      vertex 6.7117 -3.875 7.8
      vertex 6.7117 -3.875 9.7
    endloop
  endfacet
  facet normal 0.8492 -0.528071 0
    outer loop
      vertex 6.7117 -3.875 7.8
      vertex 6.44389 -4.30567 9.7
      vertex 6.44389 -4.30567 7.8
    endloop
  endfacet
  facet normal 0.935907 -0.352247 0
    outer loop
      vertex 7.16007 -2.9658 9.7
      vertex 7.33871 -2.49116 7.8
      vertex 7.33871 -2.49116 9.7
    endloop
  endfacet
  facet normal 0.935907 -0.352247 0
    outer loop
      vertex 7.33871 -2.49116 7.8
      vertex 7.16007 -2.9658 9.7
      vertex 7.16007 -2.9658 7.8
    endloop
  endfacet
  facet normal 0.995185 -0.0980187 0
    outer loop
      vertex 7.6837 -1.01158 9.7
      vertex 7.73341 -0.506874 7.8
      vertex 7.73341 -0.506874 9.7
    endloop
  endfacet
  facet normal 0.995185 -0.0980187 0
    outer loop
      vertex 7.73341 -0.506874 7.8
      vertex 7.6837 -1.01158 9.7
      vertex 7.6837 -1.01158 7.8
    endloop
  endfacet
  facet normal 0.973873 -0.227092 0
    outer loop
      vertex 7.48592 -2.00585 9.7
      vertex 7.60109 -1.51195 7.8
      vertex 7.60109 -1.51195 9.7
    endloop
  endfacet
  facet normal 0.973873 -0.227092 0
    outer loop
      vertex 7.60109 -1.51195 7.8
      vertex 7.48592 -2.00585 9.7
      vertex 7.48592 -2.00585 7.8
    endloop
  endfacet
  facet normal -0.582478 -0.812847 0
    outer loop
      vertex -4.7179 -6.14849 7.8
      vertex -4.30567 -6.44389 9.7
      vertex -4.7179 -6.14849 9.7
    endloop
  endfacet
  facet normal -0.582478 -0.812847 -0
    outer loop
      vertex -4.30567 -6.44389 9.7
      vertex -4.7179 -6.14849 7.8
      vertex -4.30567 -6.44389 7.8
    endloop
  endfacet
  facet normal -0.471388 -0.881926 0
    outer loop
      vertex -3.875 -6.7117 7.8
      vertex -3.42774 -6.95076 9.7
      vertex -3.875 -6.7117 9.7
    endloop
  endfacet
  facet normal -0.471388 -0.881926 -0
    outer loop
      vertex -3.42774 -6.95076 9.7
      vertex -3.875 -6.7117 7.8
      vertex -3.42774 -6.95076 7.8
    endloop
  endfacet
  facet normal -0.227092 -0.973873 0
    outer loop
      vertex -2.00585 -7.48592 7.8
      vertex -1.51195 -7.60109 9.7
      vertex -2.00585 -7.48592 9.7
    endloop
  endfacet
  facet normal -0.227092 -0.973873 -0
    outer loop
      vertex -1.51195 -7.60109 9.7
      vertex -2.00585 -7.48592 7.8
      vertex -1.51195 -7.60109 7.8
    endloop
  endfacet
  facet normal -0.0980187 -0.995185 0
    outer loop
      vertex -1.01158 -7.6837 7.8
      vertex -0.506874 -7.73341 9.7
      vertex -1.01158 -7.6837 9.7
    endloop
  endfacet
  facet normal -0.0980187 -0.995185 -0
    outer loop
      vertex -0.506874 -7.73341 9.7
      vertex -1.01158 -7.6837 7.8
      vertex -0.506874 -7.73341 7.8
    endloop
  endfacet
  facet normal -0.773011 -0.634392 0
    outer loop
      vertex -5.82676 -5.10993 7.8
      vertex -6.14849 -4.7179 9.7
      vertex -6.14849 -4.7179 7.8
    endloop
  endfacet
  facet normal -0.773011 -0.634392 0
    outer loop
      vertex -6.14849 -4.7179 9.7
      vertex -5.82676 -5.10993 7.8
      vertex -5.82676 -5.10993 9.7
    endloop
  endfacet
  facet normal 0.999465 -0.0327125 0
    outer loop
      vertex 7.73341 -0.506874 9.7
      vertex 7.75 0 7.8
      vertex 7.75 0 9.7
    endloop
  endfacet
  facet normal 0.999465 -0.0327125 0
    outer loop
      vertex 7.75 0 7.8
      vertex 7.73341 -0.506874 9.7
      vertex 7.73341 -0.506874 7.8
    endloop
  endfacet
  facet normal 0 0 1
    outer loop
      vertex 8.31093 -9.499 12.61
      vertex 7.39214 -11.0631 12.61
      vertex 8.2061 -10.6944 12.61
    endloop
  endfacet
  facet normal 0 0 1
    outer loop
      vertex 8.31093 -9.499 12.61
      vertex 6.24795 -10.7752 12.61
      vertex 7.39214 -11.0631 12.61
    endloop
  endfacet
  facet normal 0 0 1
    outer loop
      vertex 6.18774 -8.06403 12.61
      vertex 6.24795 -10.7752 12.61
      vertex 8.31093 -9.499 12.61
    endloop
  endfacet
  facet normal 0 0 1
    outer loop
      vertex 6.24795 -10.7752 12.61
      vertex 6.18774 -8.06403 12.61
      vertex 4.34619 -6.50453 12.61
    endloop
  endfacet
  facet normal -0 0 1
    outer loop
      vertex 0.829132 -12.6501 12.61
      vertex 0.847382 -12.9288 12.61
      vertex 1.08095 -12.6253 12.61
    endloop
  endfacet
  facet normal -0 0 1
    outer loop
      vertex 0 -12.6773 12.61
      vertex 0.847382 -12.9288 12.61
      vertex 0.829132 -12.6501 12.61
    endloop
  endfacet
  facet normal 0 0 1
    outer loop
      vertex 0 -12.6773 12.61
      vertex 0 -13.829 12.61
      vertex 0.847382 -12.9288 12.61
    endloop
  endfacet
  facet normal 0 0 1
    outer loop
      vertex -0.847382 -12.9288 12.61
      vertex 0 -12.6773 12.61
      vertex -0.829132 -12.6501 12.61
    endloop
  endfacet
  facet normal 0 0 1
    outer loop
      vertex 0 -12.6773 12.61
      vertex -0.847382 -12.9288 12.61
      vertex 0 -13.829 12.61
    endloop
  endfacet
  facet normal 0 -0 1
    outer loop
      vertex -0.847382 -12.9288 12.61
      vertex -0.829132 -12.6501 12.61
      vertex -1.08095 -12.6253 12.61
    endloop
  endfacet
  facet normal 0 0 -1
    outer loop
      vertex 6.33864 -10.9789 12.61
      vertex 6.21649 -10.7673 12.61
      vertex 6.24795 -10.7752 12.61
    endloop
  endfacet
  facet normal 0 0 -1
    outer loop
      vertex 5.60703 -11.3699 12.61
      vertex 6.21649 -10.7673 12.61
      vertex 6.33864 -10.9789 12.61
    endloop
  endfacet
  facet normal 0 0 -1
    outer loop
      vertex 5.60703 -11.3699 12.61
      vertex 5.11307 -10.3683 12.61
      vertex 6.21649 -10.7673 12.61
    endloop
  endfacet
  facet normal 0 0 -1
    outer loop
      vertex 4.85138 -11.7123 12.61
      vertex 5.11307 -10.3683 12.61
      vertex 5.60703 -11.3699 12.61
    endloop
  endfacet
  facet normal 0 0 -1
    outer loop
      vertex 4.85138 -11.7123 12.61
      vertex 4.09012 -9.87442 12.61
      vertex 5.11307 -10.3683 12.61
    endloop
  endfacet
  facet normal 0 0 -1
    outer loop
      vertex 4.07498 -12.0045 12.61
      vertex 4.09012 -9.87442 12.61
      vertex 4.85138 -11.7123 12.61
    endloop
  endfacet
  facet normal 0 0 -1
    outer loop
      vertex 2.18724 -10.9961 12.61
      vertex 4.07498 -12.0045 12.61
      vertex 3.28111 -12.2453 12.61
    endloop
  endfacet
  facet normal 0 0 -1
    outer loop
      vertex 4.07498 -12.0045 12.61
      vertex 2.67592 -9.98669 12.61
      vertex 4.09012 -9.87442 12.61
    endloop
  endfacet
  facet normal -0 0 -1
    outer loop
      vertex 4.09012 -9.87442 12.61
      vertex 2.67592 -9.98669 12.61
      vertex 3.15508 -9.29459 12.61
    endloop
  endfacet
  facet normal 0 0 -1
    outer loop
      vertex 2.18724 -10.9961 12.61
      vertex 3.28111 -12.2453 12.61
      vertex 2.47321 -12.4337 12.61
    endloop
  endfacet
  facet normal 0 0 -1
    outer loop
      vertex 4.07498 -12.0045 12.61
      vertex 2.18724 -10.9961 12.61
      vertex 2.67592 -9.98669 12.61
    endloop
  endfacet
  facet normal 0 0 -1
    outer loop
      vertex 1.57727 -11.9806 12.61
      vertex 2.47321 -12.4337 12.61
      vertex 1.65471 -12.5688 12.61
    endloop
  endfacet
  facet normal 0 0 -1
    outer loop
      vertex 2.47321 -12.4337 12.61
      vertex 1.57727 -11.9806 12.61
      vertex 2.18724 -10.9961 12.61
    endloop
  endfacet
  facet normal 0 -0 -1
    outer loop
      vertex 1.57727 -11.9806 12.61
      vertex 1.65471 -12.5688 12.61
      vertex 1.08095 -12.6253 12.61
    endloop
  endfacet
  facet normal 0 0 1
    outer loop
      vertex -3.88977 -9.39076 12.61
      vertex -4.09012 -9.87442 12.61
      vertex -3.91641 -9.7667 12.61
    endloop
  endfacet
  facet normal 0 0 1
    outer loop
      vertex -5.11307 -10.3683 12.61
      vertex -3.88977 -9.39076 12.61
      vertex -3.45999 -7.01617 12.61
    endloop
  endfacet
  facet normal 0 0 1
    outer loop
      vertex -3.88977 -9.39076 12.61
      vertex -5.11307 -10.3683 12.61
      vertex -4.09012 -9.87442 12.61
    endloop
  endfacet
  facet normal 0 -0 1
    outer loop
      vertex -5.11307 -10.3683 12.61
      vertex -3.45999 -7.01617 12.61
      vertex -6.17371 -10.7518 12.61
    endloop
  endfacet
  facet normal 0 0 1
    outer loop
      vertex 3.88977 9.39076 12.61
      vertex 5.11307 10.3683 12.61
      vertex 4.09012 9.87442 12.61
    endloop
  endfacet
  facet normal 0 0 1
    outer loop
      vertex 3.88977 9.39076 12.61
      vertex 4.09012 9.87442 12.61
      vertex 3.91641 9.7667 12.61
    endloop
  endfacet
  facet normal 0 0 1
    outer loop
      vertex 3.45999 7.01617 12.61
      vertex 5.11307 10.3683 12.61
      vertex 3.88977 9.39076 12.61
    endloop
  endfacet
  facet normal -0 0 1
    outer loop
      vertex 5.11307 10.3683 12.61
      vertex 3.45999 7.01617 12.61
      vertex 6.17371 10.7518 12.61
    endloop
  endfacet
  facet normal 0 0 -1
    outer loop
      vertex 10.6813 5.26743 12.61
      vertex 11.3699 5.60703 12.61
      vertex 11.6737 4.93656 12.61
    endloop
  endfacet
  facet normal -0 0 -1
    outer loop
      vertex 11.3699 5.60703 12.61
      vertex 10.6813 5.26743 12.61
      vertex 10.9789 6.33864 12.61
    endloop
  endfacet
  facet normal 0 0 -1
    outer loop
      vertex 9.55832 5.51849 12.61
      vertex 10.9789 6.33864 12.61
      vertex 10.6813 5.26743 12.61
    endloop
  endfacet
  facet normal -0 0 -1
    outer loop
      vertex 10.9789 6.33864 12.61
      vertex 9.55832 5.51849 12.61
      vertex 10.5408 7.04312 12.61
    endloop
  endfacet
  facet normal -0 0 -1
    outer loop
      vertex 10.5408 7.04312 12.61
      vertex 9.55832 5.51849 12.61
      vertex 10.0576 7.71744 12.61
    endloop
  endfacet
  facet normal 0 0 -1
    outer loop
      vertex 8.16685 7.16214 12.61
      vertex 10.0576 7.71744 12.61
      vertex 9.55832 5.51849 12.61
    endloop
  endfacet
  facet normal -0 0 -1
    outer loop
      vertex 10.0576 7.71744 12.61
      vertex 8.16685 7.16214 12.61
      vertex 9.5313 8.35872 12.61
    endloop
  endfacet
  facet normal 0 0 -1
    outer loop
      vertex 8.16685 7.16214 12.61
      vertex 9.55832 5.51849 12.61
      vertex 8.45146 5.64708 12.61
    endloop
  endfacet
  facet normal 0 -0 -1
    outer loop
      vertex 8.2979 8.2979 12.61
      vertex 9.5313 8.35872 12.61
      vertex 8.16685 7.16214 12.61
    endloop
  endfacet
  facet normal 0 -0 -1
    outer loop
      vertex 8.3127 9.47881 12.61
      vertex 8.9642 8.9642 12.61
      vertex 8.2979 8.2979 12.61
    endloop
  endfacet
  facet normal 0 0 -1
    outer loop
      vertex 8.9642 8.9642 12.61
      vertex 8.3127 9.47881 12.61
      vertex 8.35872 9.5313 12.61
    endloop
  endfacet
  facet normal -0 0 -1
    outer loop
      vertex 9.5313 8.35872 12.61
      vertex 8.2979 8.2979 12.61
      vertex 8.9642 8.9642 12.61
    endloop
  endfacet
  facet normal 0 -0 -1
    outer loop
      vertex 8.16685 7.16214 12.61
      vertex 8.45146 5.64708 12.61
      vertex 7.9256 6.08151 12.61
    endloop
  endfacet
  facet normal -0 0 -1
    outer loop
      vertex 8.35872 9.5313 12.61
      vertex 8.3127 9.47881 12.61
      vertex 8.30417 9.57606 12.61
    endloop
  endfacet
  facet normal 0 0 -1
    outer loop
      vertex 8.35872 -9.5313 12.61
      vertex 8.31093 -9.499 12.61
      vertex 8.3127 -9.47881 12.61
    endloop
  endfacet
  facet normal 0 0 -1
    outer loop
      vertex 10.6813 -5.26743 12.61
      vertex 11.3699 -5.60703 12.61
      vertex 10.9789 -6.33864 12.61
    endloop
  endfacet
  facet normal 0 0 -1
    outer loop
      vertex 11.3699 -5.60703 12.61
      vertex 10.6813 -5.26743 12.61
      vertex 11.6737 -4.93656 12.61
    endloop
  endfacet
  facet normal 0 0 -1
    outer loop
      vertex 9.55832 -5.51849 12.61
      vertex 10.9789 -6.33864 12.61
      vertex 10.5408 -7.04312 12.61
    endloop
  endfacet
  facet normal 0 0 -1
    outer loop
      vertex 9.55832 -5.51849 12.61
      vertex 10.5408 -7.04312 12.61
      vertex 10.0576 -7.71744 12.61
    endloop
  endfacet
  facet normal 0 0 -1
    outer loop
      vertex 10.9789 -6.33864 12.61
      vertex 9.55832 -5.51849 12.61
      vertex 10.6813 -5.26743 12.61
    endloop
  endfacet
  facet normal 0 0 -1
    outer loop
      vertex 8.16685 -7.16214 12.61
      vertex 10.0576 -7.71744 12.61
      vertex 9.5313 -8.35872 12.61
    endloop
  endfacet
  facet normal 0 0 -1
    outer loop
      vertex 8.2979 -8.2979 12.61
      vertex 9.5313 -8.35872 12.61
      vertex 8.9642 -8.9642 12.61
    endloop
  endfacet
  facet normal 0 0 -1
    outer loop
      vertex 10.0576 -7.71744 12.61
      vertex 8.16685 -7.16214 12.61
      vertex 9.55832 -5.51849 12.61
    endloop
  endfacet
  facet normal 0 0 -1
    outer loop
      vertex 8.3127 -9.47881 12.61
      vertex 8.9642 -8.9642 12.61
      vertex 8.35872 -9.5313 12.61
    endloop
  endfacet
  facet normal -0 0 -1
    outer loop
      vertex 8.9642 -8.9642 12.61
      vertex 8.3127 -9.47881 12.61
      vertex 8.2979 -8.2979 12.61
    endloop
  endfacet
  facet normal 0 0 -1
    outer loop
      vertex 9.5313 -8.35872 12.61
      vertex 8.2979 -8.2979 12.61
      vertex 8.16685 -7.16214 12.61
    endloop
  endfacet
  facet normal 0 0 -1
    outer loop
      vertex 9.55832 -5.51849 12.61
      vertex 8.16685 -7.16214 12.61
      vertex 8.45146 -5.64708 12.61
    endloop
  endfacet
  facet normal 0 0 -1
    outer loop
      vertex 8.45146 -5.64708 12.61
      vertex 8.16685 -7.16214 12.61
      vertex 7.9256 -6.08151 12.61
    endloop
  endfacet
  facet normal -0 0 1
    outer loop
      vertex 12.2453 -3.28111 12.61
      vertex 12.6836 -3.39854 12.61
      vertex 12.34 -2.87489 12.61
    endloop
  endfacet
  facet normal 0 0 1
    outer loop
      vertex 12.0045 -4.07498 12.61
      vertex 12.6836 -3.39854 12.61
      vertex 12.2453 -3.28111 12.61
    endloop
  endfacet
  facet normal 0 0 1
    outer loop
      vertex 12.6836 -3.39854 12.61
      vertex 12.0045 -4.07498 12.61
      vertex 12.9299 -4.38908 12.61
    endloop
  endfacet
  facet normal 0 0 1
    outer loop
      vertex 12.0045 -4.07498 12.61
      vertex 11.809 -4.89145 12.61
      vertex 12.9299 -4.38908 12.61
    endloop
  endfacet
  facet normal -0 0 1
    outer loop
      vertex 11.7123 -4.85138 12.61
      vertex 11.809 -4.89145 12.61
      vertex 12.0045 -4.07498 12.61
    endloop
  endfacet
  facet normal 0 0 1
    outer loop
      vertex 11.809 -4.89145 12.61
      vertex 11.7123 -4.85138 12.61
      vertex 11.6737 -4.93656 12.61
    endloop
  endfacet
  facet normal 0 0 1
    outer loop
      vertex 10.0775 1.32672 12.61
      vertex 11.2886 1.48616 12.61
      vertex 11.8646 2.19629 12.61
    endloop
  endfacet
  facet normal 0 0 1
    outer loop
      vertex 11.2886 1.48616 12.61
      vertex 10.0775 1.32672 12.61
      vertex 10.491 0.687607 12.61
    endloop
  endfacet
  facet normal 0 0 1
    outer loop
      vertex 10.0775 1.32672 12.61
      vertex 9.98992 0.282271 12.61
      vertex 10.491 0.687607 12.61
    endloop
  endfacet
  facet normal 0 -0 1
    outer loop
      vertex 9.98992 0.282271 12.61
      vertex 10.0775 1.32672 12.61
      vertex 7.80618 0.511642 12.61
    endloop
  endfacet
  facet normal 0 0 -1
    outer loop
      vertex 11.2886 -1.48616 12.61
      vertex 12.6501 -0.829132 12.61
      vertex 12.5688 -1.65471 12.61
    endloop
  endfacet
  facet normal 0 0 -1
    outer loop
      vertex 12.0229 -2.39151 12.61
      vertex 12.5688 -1.65471 12.61
      vertex 12.4337 -2.47321 12.61
    endloop
  endfacet
  facet normal 0 0 -1
    outer loop
      vertex 12.0229 -2.39151 12.61
      vertex 12.4337 -2.47321 12.61
      vertex 12.34 -2.87489 12.61
    endloop
  endfacet
  facet normal -0 0 -1
    outer loop
      vertex 12.5688 -1.65471 12.61
      vertex 12.0229 -2.39151 12.61
      vertex 11.2886 -1.48616 12.61
    endloop
  endfacet
  facet normal -0 0 -1
    outer loop
      vertex 12.6501 -0.829132 12.61
      vertex 11.2886 -1.48616 12.61
      vertex 12.6773 0 12.61
    endloop
  endfacet
  facet normal 0 0 -1
    outer loop
      vertex 10.491 -0.687607 12.61
      vertex 12.6773 0 12.61
      vertex 11.2886 -1.48616 12.61
    endloop
  endfacet
  facet normal 0 0 -1
    outer loop
      vertex 10.491 -0.687607 12.61
      vertex 9.98992 0.282271 12.61
      vertex 12.6773 0 12.61
    endloop
  endfacet
  facet normal 0 -0 -1
    outer loop
      vertex 9.98992 0.282271 12.61
      vertex 10.491 -0.687607 12.61
      vertex 9.64099 0 12.61
    endloop
  endfacet
  facet normal -0 0 -1
    outer loop
      vertex 12.4337 2.47321 12.61
      vertex 12.0229 2.39151 12.61
      vertex 12.34 2.87489 12.61
    endloop
  endfacet
  facet normal 0 -0 -1
    outer loop
      vertex 12.0229 2.39151 12.61
      vertex 12.4337 2.47321 12.61
      vertex 11.8646 2.19629 12.61
    endloop
  endfacet
  facet normal -0 0 1
    outer loop
      vertex 12.0045 4.07498 12.61
      vertex 12.6836 3.39854 12.61
      vertex 12.9299 4.38908 12.61
    endloop
  endfacet
  facet normal 0 0 1
    outer loop
      vertex 12.6836 3.39854 12.61
      vertex 12.2453 3.28111 12.61
      vertex 12.34 2.87489 12.61
    endloop
  endfacet
  facet normal 0 0 1
    outer loop
      vertex 12.6836 3.39854 12.61
      vertex 12.0045 4.07498 12.61
      vertex 12.2453 3.28111 12.61
    endloop
  endfacet
  facet normal 0 0 1
    outer loop
      vertex 11.809 4.89145 12.61
      vertex 12.0045 4.07498 12.61
      vertex 12.9299 4.38908 12.61
    endloop
  endfacet
  facet normal 0 0 1
    outer loop
      vertex 11.809 4.89145 12.61
      vertex 11.7123 4.85138 12.61
      vertex 12.0045 4.07498 12.61
    endloop
  endfacet
  facet normal 0 -0 1
    outer loop
      vertex 11.7123 4.85138 12.61
      vertex 11.809 4.89145 12.61
      vertex 11.6737 4.93656 12.61
    endloop
  endfacet
  facet normal 0 0 1
    outer loop
      vertex 8.2061 10.6944 12.61
      vertex 7.71744 10.0576 12.61
      vertex 8.30417 9.57606 12.61
    endloop
  endfacet
  facet normal 0 0 1
    outer loop
      vertex 7.39214 11.0631 12.61
      vertex 7.71744 10.0576 12.61
      vertex 8.2061 10.6944 12.61
    endloop
  endfacet
  facet normal 0 0 1
    outer loop
      vertex 7.39214 11.0631 12.61
      vertex 7.04312 10.5408 12.61
      vertex 7.71744 10.0576 12.61
    endloop
  endfacet
  facet normal 0 -0 1
    outer loop
      vertex 7.04312 10.5408 12.61
      vertex 7.39214 11.0631 12.61
      vertex 6.54567 10.8501 12.61
    endloop
  endfacet
  facet normal 0 0 -1
    outer loop
      vertex 6.21649 10.7673 12.61
      vertex 6.33864 10.9789 12.61
      vertex 6.54567 10.8501 12.61
    endloop
  endfacet
  facet normal 0 0 -1
    outer loop
      vertex 6.33864 10.9789 12.61
      vertex 6.21649 10.7673 12.61
      vertex 6.17371 10.7518 12.61
    endloop
  endfacet
  facet normal 0 0 1
    outer loop
      vertex -9.98992 -0.282271 12.61
      vertex -10.0775 -1.32672 12.61
      vertex -7.80618 -0.511642 12.61
    endloop
  endfacet
  facet normal -0 0 1
    outer loop
      vertex -10.491 -0.687607 12.61
      vertex -10.0775 -1.32672 12.61
      vertex -9.98992 -0.282271 12.61
    endloop
  endfacet
  facet normal 0 0 1
    outer loop
      vertex -11.2886 -1.48616 12.61
      vertex -10.0775 -1.32672 12.61
      vertex -10.491 -0.687607 12.61
    endloop
  endfacet
  facet normal 0 0 1
    outer loop
      vertex -10.0775 -1.32672 12.61
      vertex -11.2886 -1.48616 12.61
      vertex -11.8646 -2.19629 12.61
    endloop
  endfacet
  facet normal 0 0 1
    outer loop
      vertex -6.24795 10.7752 12.61
      vertex -6.18774 8.06403 12.61
      vertex -4.34619 6.50453 12.61
    endloop
  endfacet
  facet normal 0 0 1
    outer loop
      vertex -8.31093 9.499 12.61
      vertex -6.24795 10.7752 12.61
      vertex -7.39214 11.0631 12.61
    endloop
  endfacet
  facet normal 0 0 1
    outer loop
      vertex -8.31093 9.499 12.61
      vertex -7.39214 11.0631 12.61
      vertex -8.2061 10.6944 12.61
    endloop
  endfacet
  facet normal 0 0 1
    outer loop
      vertex -6.24795 10.7752 12.61
      vertex -8.31093 9.499 12.61
      vertex -6.18774 8.06403 12.61
    endloop
  endfacet
  facet normal 0 0 -1
    outer loop
      vertex -1.57727 11.9806 12.61
      vertex -1.65471 12.5688 12.61
      vertex -1.08095 12.6253 12.61
    endloop
  endfacet
  facet normal 0 0 -1
    outer loop
      vertex -2.47321 12.4337 12.61
      vertex -1.57727 11.9806 12.61
      vertex -2.18724 10.9961 12.61
    endloop
  endfacet
  facet normal 0 0 -1
    outer loop
      vertex -1.57727 11.9806 12.61
      vertex -2.47321 12.4337 12.61
      vertex -1.65471 12.5688 12.61
    endloop
  endfacet
  facet normal 0 0 -1
    outer loop
      vertex -4.07498 12.0045 12.61
      vertex -2.18724 10.9961 12.61
      vertex -2.67592 9.98669 12.61
    endloop
  endfacet
  facet normal 0 0 -1
    outer loop
      vertex -4.09012 9.87442 12.61
      vertex -2.67592 9.98669 12.61
      vertex -3.15508 9.29459 12.61
    endloop
  endfacet
  facet normal 0 0 -1
    outer loop
      vertex -2.18724 10.9961 12.61
      vertex -3.28111 12.2453 12.61
      vertex -2.47321 12.4337 12.61
    endloop
  endfacet
  facet normal 0 -0 -1
    outer loop
      vertex -4.07498 12.0045 12.61
      vertex -2.67592 9.98669 12.61
      vertex -4.09012 9.87442 12.61
    endloop
  endfacet
  facet normal 0 0 -1
    outer loop
      vertex -2.18724 10.9961 12.61
      vertex -4.07498 12.0045 12.61
      vertex -3.28111 12.2453 12.61
    endloop
  endfacet
  facet normal 0 0 -1
    outer loop
      vertex -4.09012 9.87442 12.61
      vertex -4.85138 11.7123 12.61
      vertex -4.07498 12.0045 12.61
    endloop
  endfacet
  facet normal 0 0 -1
    outer loop
      vertex -5.11307 10.3683 12.61
      vertex -4.85138 11.7123 12.61
      vertex -4.09012 9.87442 12.61
    endloop
  endfacet
  facet normal 0 0 -1
    outer loop
      vertex -5.11307 10.3683 12.61
      vertex -5.60703 11.3699 12.61
      vertex -4.85138 11.7123 12.61
    endloop
  endfacet
  facet normal 0 0 -1
    outer loop
      vertex -6.21649 10.7673 12.61
      vertex -5.60703 11.3699 12.61
      vertex -5.11307 10.3683 12.61
    endloop
  endfacet
  facet normal 0 0 -1
    outer loop
      vertex -6.33864 10.9789 12.61
      vertex -6.21649 10.7673 12.61
      vertex -6.24795 10.7752 12.61
    endloop
  endfacet
  facet normal 0 0 -1
    outer loop
      vertex -6.21649 10.7673 12.61
      vertex -6.33864 10.9789 12.61
      vertex -5.60703 11.3699 12.61
    endloop
  endfacet
  facet normal 0 0 -1
    outer loop
      vertex 2.67592 9.98669 12.61
      vertex 4.07498 12.0045 12.61
      vertex 3.91641 9.7667 12.61
    endloop
  endfacet
  facet normal 0 0 -1
    outer loop
      vertex 2.67592 9.98669 12.61
      vertex 3.91641 9.7667 12.61
      vertex 3.15508 9.29459 12.61
    endloop
  endfacet
  facet normal 0 0 -1
    outer loop
      vertex 2.18724 10.9961 12.61
      vertex 4.07498 12.0045 12.61
      vertex 2.67592 9.98669 12.61
    endloop
  endfacet
  facet normal -0 0 -1
    outer loop
      vertex 4.07498 12.0045 12.61
      vertex 2.18724 10.9961 12.61
      vertex 3.28111 12.2453 12.61
    endloop
  endfacet
  facet normal -0 0 -1
    outer loop
      vertex 3.28111 12.2453 12.61
      vertex 2.18724 10.9961 12.61
      vertex 2.47321 12.4337 12.61
    endloop
  endfacet
  facet normal 0 0 -1
    outer loop
      vertex 1.57727 11.9806 12.61
      vertex 2.47321 12.4337 12.61
      vertex 2.18724 10.9961 12.61
    endloop
  endfacet
  facet normal -0 0 -1
    outer loop
      vertex 2.47321 12.4337 12.61
      vertex 1.57727 11.9806 12.61
      vertex 1.65471 12.5688 12.61
    endloop
  endfacet
  facet normal -0 0 -1
    outer loop
      vertex 1.65471 12.5688 12.61
      vertex 1.57727 11.9806 12.61
      vertex 1.08095 12.6253 12.61
    endloop
  endfacet
  facet normal 0 0 1
    outer loop
      vertex 0.847382 12.9288 12.61
      vertex 0.829132 12.6501 12.61
      vertex 1.08095 12.6253 12.61
    endloop
  endfacet
  facet normal 0 0 1
    outer loop
      vertex 0 12.6773 12.61
      vertex 0.847382 12.9288 12.61
      vertex 0 13.829 12.61
    endloop
  endfacet
  facet normal 0 0 1
    outer loop
      vertex 0.847382 12.9288 12.61
      vertex 0 12.6773 12.61
      vertex 0.829132 12.6501 12.61
    endloop
  endfacet
  facet normal -0 0 1
    outer loop
      vertex -0.847382 12.9288 12.61
      vertex 0 12.6773 12.61
      vertex 0 13.829 12.61
    endloop
  endfacet
  facet normal 0 0 1
    outer loop
      vertex 0 12.6773 12.61
      vertex -0.847382 12.9288 12.61
      vertex -0.829132 12.6501 12.61
    endloop
  endfacet
  facet normal 0 0 1
    outer loop
      vertex -0.829132 12.6501 12.61
      vertex -0.847382 12.9288 12.61
      vertex -1.08095 12.6253 12.61
    endloop
  endfacet
  facet normal -0 0 1
    outer loop
      vertex -11.809 4.89145 12.61
      vertex -11.7123 4.85138 12.61
      vertex -11.6737 4.93656 12.61
    endloop
  endfacet
  facet normal 0 0 1
    outer loop
      vertex -11.809 4.89145 12.61
      vertex -12.0045 4.07498 12.61
      vertex -11.7123 4.85138 12.61
    endloop
  endfacet
  facet normal -0 0 1
    outer loop
      vertex -12.9299 4.38908 12.61
      vertex -12.0045 4.07498 12.61
      vertex -11.809 4.89145 12.61
    endloop
  endfacet
  facet normal 0 0 1
    outer loop
      vertex -12.2453 3.28111 12.61
      vertex -12.6836 3.39854 12.61
      vertex -12.34 2.87489 12.61
    endloop
  endfacet
  facet normal 0 -0 1
    outer loop
      vertex -12.6836 3.39854 12.61
      vertex -12.0045 4.07498 12.61
      vertex -12.9299 4.38908 12.61
    endloop
  endfacet
  facet normal 0 0 1
    outer loop
      vertex -12.0045 4.07498 12.61
      vertex -12.6836 3.39854 12.61
      vertex -12.2453 3.28111 12.61
    endloop
  endfacet
  facet normal 0 0 -1
    outer loop
      vertex -8.9642 8.9642 12.61
      vertex -8.3127 9.47881 12.61
      vertex -8.2979 8.2979 12.61
    endloop
  endfacet
  facet normal 0 0 -1
    outer loop
      vertex -8.45146 5.64708 12.61
      vertex -8.16685 7.16214 12.61
      vertex -7.9256 6.08151 12.61
    endloop
  endfacet
  facet normal 0 0 -1
    outer loop
      vertex -9.55832 5.51849 12.61
      vertex -8.16685 7.16214 12.61
      vertex -8.45146 5.64708 12.61
    endloop
  endfacet
  facet normal 0 -0 -1
    outer loop
      vertex -9.5313 8.35872 12.61
      vertex -8.16685 7.16214 12.61
      vertex -10.0576 7.71744 12.61
    endloop
  endfacet
  facet normal -0 0 -1
    outer loop
      vertex -8.3127 9.47881 12.61
      vertex -8.9642 8.9642 12.61
      vertex -8.35872 9.5313 12.61
    endloop
  endfacet
  facet normal 0 0 -1
    outer loop
      vertex -8.2979 8.2979 12.61
      vertex -9.5313 8.35872 12.61
      vertex -8.9642 8.9642 12.61
    endloop
  endfacet
  facet normal -0 0 -1
    outer loop
      vertex -8.16685 7.16214 12.61
      vertex -9.55832 5.51849 12.61
      vertex -10.0576 7.71744 12.61
    endloop
  endfacet
  facet normal 0 0 -1
    outer loop
      vertex -8.16685 7.16214 12.61
      vertex -9.5313 8.35872 12.61
      vertex -8.2979 8.2979 12.61
    endloop
  endfacet
  facet normal 0 0 -1
    outer loop
      vertex -9.55832 5.51849 12.61
      vertex -10.5408 7.04312 12.61
      vertex -10.0576 7.71744 12.61
    endloop
  endfacet
  facet normal 0 0 -1
    outer loop
      vertex -10.9789 6.33864 12.61
      vertex -9.55832 5.51849 12.61
      vertex -10.6813 5.26743 12.61
    endloop
  endfacet
  facet normal 0 0 -1
    outer loop
      vertex -9.55832 5.51849 12.61
      vertex -10.9789 6.33864 12.61
      vertex -10.5408 7.04312 12.61
    endloop
  endfacet
  facet normal 0 0 -1
    outer loop
      vertex -10.6813 5.26743 12.61
      vertex -11.3699 5.60703 12.61
      vertex -10.9789 6.33864 12.61
    endloop
  endfacet
  facet normal 0 -0 -1
    outer loop
      vertex -11.3699 5.60703 12.61
      vertex -10.6813 5.26743 12.61
      vertex -11.6737 4.93656 12.61
    endloop
  endfacet
  facet normal -0 0 -1
    outer loop
      vertex -8.31093 9.499 12.61
      vertex -8.3127 9.47881 12.61
      vertex -8.35872 9.5313 12.61
    endloop
  endfacet
  facet normal 0 0 -1
    outer loop
      vertex -9.98992 -0.282271 12.61
      vertex -10.491 0.687607 12.61
      vertex -9.64099 0 12.61
    endloop
  endfacet
  facet normal 0 0 -1
    outer loop
      vertex -12.6773 0 12.61
      vertex -10.491 0.687607 12.61
      vertex -9.98992 -0.282271 12.61
    endloop
  endfacet
  facet normal -0 0 -1
    outer loop
      vertex -10.491 0.687607 12.61
      vertex -12.6773 0 12.61
      vertex -11.2886 1.48616 12.61
    endloop
  endfacet
  facet normal 0 0 -1
    outer loop
      vertex -12.0229 2.39151 12.61
      vertex -12.4337 2.47321 12.61
      vertex -12.34 2.87489 12.61
    endloop
  endfacet
  facet normal 0 -0 -1
    outer loop
      vertex -12.5688 1.65471 12.61
      vertex -11.2886 1.48616 12.61
      vertex -12.6501 0.829132 12.61
    endloop
  endfacet
  facet normal -0 0 -1
    outer loop
      vertex -12.0229 2.39151 12.61
      vertex -12.5688 1.65471 12.61
      vertex -12.4337 2.47321 12.61
    endloop
  endfacet
  facet normal 0 0 -1
    outer loop
      vertex -11.2886 1.48616 12.61
      vertex -12.5688 1.65471 12.61
      vertex -12.0229 2.39151 12.61
    endloop
  endfacet
  facet normal 0 0 -1
    outer loop
      vertex -11.2886 1.48616 12.61
      vertex -12.6773 0 12.61
      vertex -12.6501 0.829132 12.61
    endloop
  endfacet
  facet normal 0 0 -1
    outer loop
      vertex -8.30417 -9.57606 12.61
      vertex -8.35872 -9.5313 12.61
      vertex -8.3127 -9.47881 12.61
    endloop
  endfacet
  facet normal 0 0 -1
    outer loop
      vertex -8.9642 -8.9642 12.61
      vertex -8.3127 -9.47881 12.61
      vertex -8.35872 -9.5313 12.61
    endloop
  endfacet
  facet normal 0 0 -1
    outer loop
      vertex -8.16685 -7.16214 12.61
      vertex -8.45146 -5.64708 12.61
      vertex -7.9256 -6.08151 12.61
    endloop
  endfacet
  facet normal 0 0 -1
    outer loop
      vertex -9.5313 -8.35872 12.61
      vertex -8.16685 -7.16214 12.61
      vertex -8.2979 -8.2979 12.61
    endloop
  endfacet
  facet normal 0 0 -1
    outer loop
      vertex -8.3127 -9.47881 12.61
      vertex -8.9642 -8.9642 12.61
      vertex -8.2979 -8.2979 12.61
    endloop
  endfacet
  facet normal 0 0 -1
    outer loop
      vertex -9.5313 -8.35872 12.61
      vertex -8.2979 -8.2979 12.61
      vertex -8.9642 -8.9642 12.61
    endloop
  endfacet
  facet normal 0 0 -1
    outer loop
      vertex -8.16685 -7.16214 12.61
      vertex -9.5313 -8.35872 12.61
      vertex -10.0576 -7.71744 12.61
    endloop
  endfacet
  facet normal 0 -0 -1
    outer loop
      vertex -9.55832 -5.51849 12.61
      vertex -8.16685 -7.16214 12.61
      vertex -10.0576 -7.71744 12.61
    endloop
  endfacet
  facet normal 0 0 -1
    outer loop
      vertex -8.16685 -7.16214 12.61
      vertex -9.55832 -5.51849 12.61
      vertex -8.45146 -5.64708 12.61
    endloop
  endfacet
  facet normal 0 0 -1
    outer loop
      vertex -10.5408 -7.04312 12.61
      vertex -9.55832 -5.51849 12.61
      vertex -10.0576 -7.71744 12.61
    endloop
  endfacet
  facet normal 0 0 -1
    outer loop
      vertex -10.9789 -6.33864 12.61
      vertex -9.55832 -5.51849 12.61
      vertex -10.5408 -7.04312 12.61
    endloop
  endfacet
  facet normal -0 0 -1
    outer loop
      vertex -9.55832 -5.51849 12.61
      vertex -10.9789 -6.33864 12.61
      vertex -10.6813 -5.26743 12.61
    endloop
  endfacet
  facet normal 0 0 -1
    outer loop
      vertex -11.3699 -5.60703 12.61
      vertex -10.6813 -5.26743 12.61
      vertex -10.9789 -6.33864 12.61
    endloop
  endfacet
  facet normal -0 0 -1
    outer loop
      vertex -10.6813 -5.26743 12.61
      vertex -11.3699 -5.60703 12.61
      vertex -11.6737 -4.93656 12.61
    endloop
  endfacet
  facet normal -0 0 -1
    outer loop
      vertex -12.0229 -2.39151 12.61
      vertex -12.4337 -2.47321 12.61
      vertex -11.8646 -2.19629 12.61
    endloop
  endfacet
  facet normal 0 0 -1
    outer loop
      vertex -12.4337 -2.47321 12.61
      vertex -12.0229 -2.39151 12.61
      vertex -12.34 -2.87489 12.61
    endloop
  endfacet
  facet normal 0 0 1
    outer loop
      vertex -11.7123 -4.85138 12.61
      vertex -11.809 -4.89145 12.61
      vertex -11.6737 -4.93656 12.61
    endloop
  endfacet
  facet normal 0 0 1
    outer loop
      vertex -12.0045 -4.07498 12.61
      vertex -11.809 -4.89145 12.61
      vertex -11.7123 -4.85138 12.61
    endloop
  endfacet
  facet normal -0 0 1
    outer loop
      vertex -12.6836 -3.39854 12.61
      vertex -12.0045 -4.07498 12.61
      vertex -12.2453 -3.28111 12.61
    endloop
  endfacet
  facet normal 0 0 1
    outer loop
      vertex -12.6836 -3.39854 12.61
      vertex -12.2453 -3.28111 12.61
      vertex -12.34 -2.87489 12.61
    endloop
  endfacet
  facet normal 0 0 1
    outer loop
      vertex -12.0045 -4.07498 12.61
      vertex -12.6836 -3.39854 12.61
      vertex -12.9299 -4.38908 12.61
    endloop
  endfacet
  facet normal 0 0 1
    outer loop
      vertex -12.0045 -4.07498 12.61
      vertex -12.9299 -4.38908 12.61
      vertex -11.809 -4.89145 12.61
    endloop
  endfacet
  facet normal 0 0 1
    outer loop
      vertex -7.04312 -10.5408 12.61
      vertex -7.39214 -11.0631 12.61
      vertex -6.54567 -10.8501 12.61
    endloop
  endfacet
  facet normal 0 0 1
    outer loop
      vertex -7.71744 -10.0576 12.61
      vertex -7.39214 -11.0631 12.61
      vertex -7.04312 -10.5408 12.61
    endloop
  endfacet
  facet normal 0 0 1
    outer loop
      vertex -7.71744 -10.0576 12.61
      vertex -8.2061 -10.6944 12.61
      vertex -7.39214 -11.0631 12.61
    endloop
  endfacet
  facet normal 0 -0 1
    outer loop
      vertex -8.2061 -10.6944 12.61
      vertex -7.71744 -10.0576 12.61
      vertex -8.30417 -9.57606 12.61
    endloop
  endfacet
  facet normal 0 0 -1
    outer loop
      vertex -6.33864 -10.9789 12.61
      vertex -6.21649 -10.7673 12.61
      vertex -6.17371 -10.7518 12.61
    endloop
  endfacet
  facet normal 0 0 -1
    outer loop
      vertex -6.21649 -10.7673 12.61
      vertex -6.33864 -10.9789 12.61
      vertex -6.54567 -10.8501 12.61
    endloop
  endfacet
  facet normal 0 0 -1
    outer loop
      vertex -1.65471 -12.5688 12.61
      vertex -1.57727 -11.9806 12.61
      vertex -1.08095 -12.6253 12.61
    endloop
  endfacet
  facet normal 0 0 -1
    outer loop
      vertex -2.47321 -12.4337 12.61
      vertex -1.57727 -11.9806 12.61
      vertex -1.65471 -12.5688 12.61
    endloop
  endfacet
  facet normal -0 0 -1
    outer loop
      vertex -1.57727 -11.9806 12.61
      vertex -2.47321 -12.4337 12.61
      vertex -2.18724 -10.9961 12.61
    endloop
  endfacet
  facet normal 0 0 -1
    outer loop
      vertex -3.28111 -12.2453 12.61
      vertex -2.18724 -10.9961 12.61
      vertex -2.47321 -12.4337 12.61
    endloop
  endfacet
  facet normal 0 0 -1
    outer loop
      vertex -4.07498 -12.0045 12.61
      vertex -2.18724 -10.9961 12.61
      vertex -3.28111 -12.2453 12.61
    endloop
  endfacet
  facet normal -0 0 -1
    outer loop
      vertex -2.18724 -10.9961 12.61
      vertex -4.07498 -12.0045 12.61
      vertex -2.67592 -9.98669 12.61
    endloop
  endfacet
  facet normal 0 0 -1
    outer loop
      vertex -2.67592 -9.98669 12.61
      vertex -3.91641 -9.7667 12.61
      vertex -3.15508 -9.29459 12.61
    endloop
  endfacet
  facet normal -0 0 -1
    outer loop
      vertex -2.67592 -9.98669 12.61
      vertex -4.07498 -12.0045 12.61
      vertex -3.91641 -9.7667 12.61
    endloop
  endfacet
  facet normal 0.792388 -0.610017 0
    outer loop
      vertex 1.08095 -12.6253 12.61
      vertex 1.57727 -11.9806 9.7
      vertex 1.57727 -11.9806 12.61
    endloop
  endfacet
  facet normal 0.79249 -0.609885 0
    outer loop
      vertex 0.847382 -12.9288 9.7
      vertex 1.08095 -12.6253 12.61
      vertex 0.847382 -12.9288 12.61
    endloop
  endfacet
  facet normal 0.792421 -0.609975 1.4885e-05
    outer loop
      vertex 1.08095 -12.6253 12.61
      vertex 0.847382 -12.9288 9.7
      vertex 1.57727 -11.9806 9.7
    endloop
  endfacet
  facet normal 0.850065 -0.526678 0
    outer loop
      vertex 1.57727 -11.9806 12.61
      vertex 2.18724 -10.9961 9.7
      vertex 2.18724 -10.9961 12.61
    endloop
  endfacet
  facet normal 0.850065 -0.526678 0
    outer loop
      vertex 2.18724 -10.9961 9.7
      vertex 1.57727 -11.9806 12.61
      vertex 1.57727 -11.9806 9.7
    endloop
  endfacet
  facet normal 0.90007 -0.435746 0
    outer loop
      vertex 2.18724 -10.9961 12.61
      vertex 2.67592 -9.98669 9.7
      vertex 2.67592 -9.98669 12.61
    endloop
  endfacet
  facet normal 0.90007 -0.435746 0
    outer loop
      vertex 2.67592 -9.98669 9.7
      vertex 2.18724 -10.9961 12.61
      vertex 2.18724 -10.9961 9.7
    endloop
  endfacet
  facet normal 0.822184 -0.569221 0
    outer loop
      vertex 2.67592 -9.98669 12.61
      vertex 3.15508 -9.29459 9.7
      vertex 3.15508 -9.29459 12.61
    endloop
  endfacet
  facet normal 0.822184 -0.569221 0
    outer loop
      vertex 3.15508 -9.29459 9.7
      vertex 2.67592 -9.98669 12.61
      vertex 2.67592 -9.98669 9.7
    endloop
  endfacet
  facet normal -0.527009 -0.84986 0
    outer loop
      vertex 3.15508 -9.29459 9.7
      vertex 4.09012 -9.87442 12.61
      vertex 3.15508 -9.29459 12.61
    endloop
  endfacet
  facet normal -0.527009 -0.84986 -0
    outer loop
      vertex 4.09012 -9.87442 12.61
      vertex 3.15508 -9.29459 9.7
      vertex 4.09012 -9.87442 9.7
    endloop
  endfacet
  facet normal -0.434779 -0.900537 0
    outer loop
      vertex 4.09012 -9.87442 9.7
      vertex 5.11307 -10.3683 12.61
      vertex 4.09012 -9.87442 12.61
    endloop
  endfacet
  facet normal -0.434779 -0.900537 -0
    outer loop
      vertex 5.11307 -10.3683 12.61
      vertex 4.09012 -9.87442 9.7
      vertex 5.11307 -10.3683 9.7
    endloop
  endfacet
  facet normal -0.340054 -0.940406 0
    outer loop
      vertex 5.11307 -10.3683 9.7
      vertex 6.21649 -10.7673 12.61
      vertex 5.11307 -10.3683 12.61
    endloop
  endfacet
  facet normal -0.340054 -0.940406 -0
    outer loop
      vertex 6.21649 -10.7673 12.61
      vertex 5.11307 -10.3683 9.7
      vertex 6.21649 -10.7673 9.7
    endloop
  endfacet
  facet normal -0.243551 -0.969888 0
    outer loop
      vertex 6.21649 -10.7673 9.7
      vertex 6.24795 -10.7752 12.61
      vertex 6.21649 -10.7673 12.61
    endloop
  endfacet
  facet normal -0.244001 -0.969775 5.16842e-06
    outer loop
      vertex 7.39214 -11.0631 9.7
      vertex 6.24795 -10.7752 12.61
      vertex 6.21649 -10.7673 9.7
    endloop
  endfacet
  facet normal -0.244013 -0.969772 0
    outer loop
      vertex 6.24795 -10.7752 12.61
      vertex 7.39214 -11.0631 9.7
      vertex 7.39214 -11.0631 12.61
    endloop
  endfacet
  facet normal 0.412614 -0.910906 0
    outer loop
      vertex 7.39214 -11.0631 9.7
      vertex 8.2061 -10.6944 12.61
      vertex 7.39214 -11.0631 12.61
    endloop
  endfacet
  facet normal 0.412614 -0.910906 0
    outer loop
      vertex 8.2061 -10.6944 12.61
      vertex 7.39214 -11.0631 9.7
      vertex 8.2061 -10.6944 9.7
    endloop
  endfacet
  facet normal 0.996179 -0.0873322 0
    outer loop
      vertex 8.31093 -9.499 12.61
      vertex 8.3127 -9.47881 9.7
      vertex 8.3127 -9.47881 12.61
    endloop
  endfacet
  facet normal 0.996177 -0.0873592 -1.88919e-07
    outer loop
      vertex 8.2061 -10.6944 12.61
      vertex 8.3127 -9.47881 9.7
      vertex 8.31093 -9.499 12.61
    endloop
  endfacet
  facet normal 0.996177 -0.0873588 0
    outer loop
      vertex 8.3127 -9.47881 9.7
      vertex 8.2061 -10.6944 12.61
      vertex 8.2061 -10.6944 9.7
    endloop
  endfacet
  facet normal 0.999921 0.0125317 0
    outer loop
      vertex 8.3127 -9.47881 12.61
      vertex 8.2979 -8.2979 9.7
      vertex 8.2979 -8.2979 12.61
    endloop
  endfacet
  facet normal 0.999921 0.0125317 0
    outer loop
      vertex 8.2979 -8.2979 9.7
      vertex 8.3127 -9.47881 12.61
      vertex 8.3127 -9.47881 9.7
    endloop
  endfacet
  facet normal 0.993409 0.114625 0
    outer loop
      vertex 8.2979 -8.2979 12.61
      vertex 8.16685 -7.16214 9.7
      vertex 8.16685 -7.16214 12.61
    endloop
  endfacet
  facet normal 0.993409 0.114625 0
    outer loop
      vertex 8.16685 -7.16214 9.7
      vertex 8.2979 -8.2979 12.61
      vertex 8.2979 -8.2979 9.7
    endloop
  endfacet
  facet normal 0.975974 0.217886 0
    outer loop
      vertex 8.16685 -7.16214 12.61
      vertex 7.9256 -6.08151 9.7
      vertex 7.9256 -6.08151 12.61
    endloop
  endfacet
  facet normal 0.975974 0.217886 0
    outer loop
      vertex 7.9256 -6.08151 9.7
      vertex 8.16685 -7.16214 12.61
      vertex 8.16685 -7.16214 9.7
    endloop
  endfacet
  facet normal 0.636902 -0.770945 0
    outer loop
      vertex 7.9256 -6.08151 9.7
      vertex 8.45146 -5.64708 12.61
      vertex 7.9256 -6.08151 12.61
    endloop
  endfacet
  facet normal 0.636902 -0.770945 0
    outer loop
      vertex 8.45146 -5.64708 12.61
      vertex 7.9256 -6.08151 9.7
      vertex 8.45146 -5.64708 9.7
    endloop
  endfacet
  facet normal 0.115399 -0.993319 0
    outer loop
      vertex 8.45146 -5.64708 9.7
      vertex 9.55832 -5.51849 12.61
      vertex 8.45146 -5.64708 12.61
    endloop
  endfacet
  facet normal 0.115399 -0.993319 0
    outer loop
      vertex 9.55832 -5.51849 12.61
      vertex 8.45146 -5.64708 9.7
      vertex 9.55832 -5.51849 9.7
    endloop
  endfacet
  facet normal 0.21818 -0.975909 0
    outer loop
      vertex 9.55832 -5.51849 9.7
      vertex 10.6813 -5.26743 12.61
      vertex 9.55832 -5.51849 12.61
    endloop
  endfacet
  facet normal 0.21818 -0.975909 0
    outer loop
      vertex 10.6813 -5.26743 12.61
      vertex 9.55832 -5.51849 9.7
      vertex 10.6813 -5.26743 9.7
    endloop
  endfacet
  facet normal 0.316288 -0.948663 0
    outer loop
      vertex 10.6813 -5.26743 9.7
      vertex 11.6737 -4.93656 12.61
      vertex 10.6813 -5.26743 12.61
    endloop
  endfacet
  facet normal 0.316288 -0.948663 -1.30955e-07
    outer loop
      vertex 11.809 -4.89145 9.7
      vertex 11.6737 -4.93656 12.61
      vertex 10.6813 -5.26743 9.7
    endloop
  endfacet
  facet normal 0.316291 -0.948662 0
    outer loop
      vertex 11.6737 -4.93656 12.61
      vertex 11.809 -4.89145 9.7
      vertex 11.809 -4.89145 12.61
    endloop
  endfacet
  facet normal 0.408986 -0.91254 0
    outer loop
      vertex 11.809 -4.89145 9.7
      vertex 12.9299 -4.38908 12.61
      vertex 11.809 -4.89145 12.61
    endloop
  endfacet
  facet normal 0.408986 -0.91254 0
    outer loop
      vertex 12.9299 -4.38908 12.61
      vertex 11.809 -4.89145 9.7
      vertex 12.9299 -4.38908 9.7
    endloop
  endfacet
  facet normal 0.970449 0.241304 0
    outer loop
      vertex 12.9299 -4.38908 12.61
      vertex 12.6836 -3.39854 9.7
      vertex 12.6836 -3.39854 12.61
    endloop
  endfacet
  facet normal 0.970449 0.241304 0
    outer loop
      vertex 12.6836 -3.39854 9.7
      vertex 12.9299 -4.38908 12.61
      vertex 12.9299 -4.38908 9.7
    endloop
  endfacet
  facet normal 0.836142 0.548514 0
    outer loop
      vertex 12.34 -2.87489 12.61
      vertex 12.0229 -2.39151 9.7
      vertex 12.0229 -2.39151 12.61
    endloop
  endfacet
  facet normal 0.836081 0.548606 -0
    outer loop
      vertex 12.6836 -3.39854 9.7
      vertex 12.34 -2.87489 12.61
      vertex 12.6836 -3.39854 12.61
    endloop
  endfacet
  facet normal 0.83611 0.548562 1.13993e-05
    outer loop
      vertex 12.34 -2.87489 12.61
      vertex 12.6836 -3.39854 9.7
      vertex 12.0229 -2.39151 9.7
    endloop
  endfacet
  facet normal 0.776658 0.629922 0
    outer loop
      vertex 12.0229 -2.39151 12.61
      vertex 11.2886 -1.48616 9.7
      vertex 11.2886 -1.48616 12.61
    endloop
  endfacet
  facet normal 0.776658 0.629922 0
    outer loop
      vertex 11.2886 -1.48616 9.7
      vertex 12.0229 -2.39151 12.61
      vertex 12.0229 -2.39151 9.7
    endloop
  endfacet
  facet normal 0.707529 0.706684 0
    outer loop
      vertex 11.2886 -1.48616 12.61
      vertex 10.491 -0.687607 9.7
      vertex 10.491 -0.687607 12.61
    endloop
  endfacet
  facet normal 0.707529 0.706684 0
    outer loop
      vertex 10.491 -0.687607 9.7
      vertex 11.2886 -1.48616 12.61
      vertex 11.2886 -1.48616 9.7
    endloop
  endfacet
  facet normal 0.628924 0.777467 -0
    outer loop
      vertex 10.491 -0.687607 9.7
      vertex 9.64099 0 12.61
      vertex 10.491 -0.687607 12.61
    endloop
  endfacet
  facet normal 0.628924 0.777467 0
    outer loop
      vertex 9.64099 0 12.61
      vertex 10.491 -0.687607 9.7
      vertex 9.64099 0 9.7
    endloop
  endfacet
  facet normal 0.628934 -0.777459 0
    outer loop
      vertex 9.64099 0 9.7
      vertex 9.98992 0.282271 12.61
      vertex 9.64099 0 12.61
    endloop
  endfacet
  facet normal 0.628924 -0.777467 2.03117e-06
    outer loop
      vertex 10.491 0.687607 9.7
      vertex 9.98992 0.282271 12.61
      vertex 9.64099 0 9.7
    endloop
  endfacet
  facet normal 0.628917 -0.777473 0
    outer loop
      vertex 9.98992 0.282271 12.61
      vertex 10.491 0.687607 9.7
      vertex 10.491 0.687607 12.61
    endloop
  endfacet
  facet normal 0.707529 -0.706684 0
    outer loop
      vertex 10.491 0.687607 12.61
      vertex 11.2886 1.48616 9.7
      vertex 11.2886 1.48616 12.61
    endloop
  endfacet
  facet normal 0.707529 -0.706684 0
    outer loop
      vertex 11.2886 1.48616 9.7
      vertex 10.491 0.687607 12.61
      vertex 10.491 0.687607 9.7
    endloop
  endfacet
  facet normal 0.776729 -0.629834 0
    outer loop
      vertex 11.8646 2.19629 12.61
      vertex 12.0229 2.39151 9.7
      vertex 12.0229 2.39151 12.61
    endloop
  endfacet
  facet normal 0.776639 -0.629946 0
    outer loop
      vertex 11.2886 1.48616 9.7
      vertex 11.8646 2.19629 12.61
      vertex 11.2886 1.48616 12.61
    endloop
  endfacet
  facet normal 0.776658 -0.629922 -9.76981e-06
    outer loop
      vertex 11.8646 2.19629 12.61
      vertex 11.2886 1.48616 9.7
      vertex 12.0229 2.39151 9.7
    endloop
  endfacet
  facet normal 0.836081 -0.548606 0
    outer loop
      vertex 12.34 2.87489 12.61
      vertex 12.6836 3.39854 9.7
      vertex 12.6836 3.39854 12.61
    endloop
  endfacet
  facet normal 0.836142 -0.548514 0
    outer loop
      vertex 12.0229 2.39151 9.7
      vertex 12.34 2.87489 12.61
      vertex 12.0229 2.39151 12.61
    endloop
  endfacet
  facet normal 0.83611 -0.548562 1.13993e-05
    outer loop
      vertex 12.34 2.87489 12.61
      vertex 12.0229 2.39151 9.7
      vertex 12.6836 3.39854 9.7
    endloop
  endfacet
  facet normal 0.970449 -0.241304 0
    outer loop
      vertex 12.6836 3.39854 12.61
      vertex 12.9299 4.38908 9.7
      vertex 12.9299 4.38908 12.61
    endloop
  endfacet
  facet normal 0.970449 -0.241304 0
    outer loop
      vertex 12.9299 4.38908 9.7
      vertex 12.6836 3.39854 12.61
      vertex 12.6836 3.39854 9.7
    endloop
  endfacet
  facet normal 0.408986 0.91254 -0
    outer loop
      vertex 12.9299 4.38908 9.7
      vertex 11.809 4.89145 12.61
      vertex 12.9299 4.38908 12.61
    endloop
  endfacet
  facet normal 0.408986 0.91254 0
    outer loop
      vertex 11.809 4.89145 12.61
      vertex 12.9299 4.38908 9.7
      vertex 11.809 4.89145 9.7
    endloop
  endfacet
  facet normal 0.316291 0.948662 -0
    outer loop
      vertex 11.809 4.89145 9.7
      vertex 11.6737 4.93656 12.61
      vertex 11.809 4.89145 12.61
    endloop
  endfacet
  facet normal 0.316288 0.948663 -1.30955e-07
    outer loop
      vertex 10.6813 5.26743 9.7
      vertex 11.6737 4.93656 12.61
      vertex 11.809 4.89145 9.7
    endloop
  endfacet
  facet normal 0.316288 0.948663 0
    outer loop
      vertex 11.6737 4.93656 12.61
      vertex 10.6813 5.26743 9.7
      vertex 10.6813 5.26743 12.61
    endloop
  endfacet
  facet normal 0.21818 0.975909 -0
    outer loop
      vertex 10.6813 5.26743 9.7
      vertex 9.55832 5.51849 12.61
      vertex 10.6813 5.26743 12.61
    endloop
  endfacet
  facet normal 0.21818 0.975909 0
    outer loop
      vertex 9.55832 5.51849 12.61
      vertex 10.6813 5.26743 9.7
      vertex 9.55832 5.51849 9.7
    endloop
  endfacet
  facet normal 0.115399 0.993319 -0
    outer loop
      vertex 9.55832 5.51849 9.7
      vertex 8.45146 5.64708 12.61
      vertex 9.55832 5.51849 12.61
    endloop
  endfacet
  facet normal 0.115399 0.993319 0
    outer loop
      vertex 8.45146 5.64708 12.61
      vertex 9.55832 5.51849 9.7
      vertex 8.45146 5.64708 9.7
    endloop
  endfacet
  facet normal 0.636902 0.770945 -0
    outer loop
      vertex 8.45146 5.64708 9.7
      vertex 7.9256 6.08151 12.61
      vertex 8.45146 5.64708 12.61
    endloop
  endfacet
  facet normal 0.636902 0.770945 0
    outer loop
      vertex 7.9256 6.08151 12.61
      vertex 8.45146 5.64708 9.7
      vertex 7.9256 6.08151 9.7
    endloop
  endfacet
  facet normal 0.975974 -0.217886 0
    outer loop
      vertex 7.9256 6.08151 12.61
      vertex 8.16685 7.16214 9.7
      vertex 8.16685 7.16214 12.61
    endloop
  endfacet
  facet normal 0.975974 -0.217886 0
    outer loop
      vertex 8.16685 7.16214 9.7
      vertex 7.9256 6.08151 12.61
      vertex 7.9256 6.08151 9.7
    endloop
  endfacet
  facet normal 0.993409 -0.114625 0
    outer loop
      vertex 8.16685 7.16214 12.61
      vertex 8.2979 8.2979 9.7
      vertex 8.2979 8.2979 12.61
    endloop
  endfacet
  facet normal 0.993409 -0.114625 0
    outer loop
      vertex 8.2979 8.2979 9.7
      vertex 8.16685 7.16214 12.61
      vertex 8.16685 7.16214 9.7
    endloop
  endfacet
  facet normal 0.999921 -0.0125317 0
    outer loop
      vertex 8.2979 8.2979 12.61
      vertex 8.3127 9.47881 9.7
      vertex 8.3127 9.47881 12.61
    endloop
  endfacet
  facet normal 0.999921 -0.0125317 0
    outer loop
      vertex 8.3127 9.47881 9.7
      vertex 8.2979 8.2979 12.61
      vertex 8.2979 8.2979 9.7
    endloop
  endfacet
  facet normal 0.996177 0.0873572 0
    outer loop
      vertex 8.30417 9.57606 12.61
      vertex 8.2061 10.6944 9.7
      vertex 8.2061 10.6944 12.61
    endloop
  endfacet
  facet normal 0.996175 0.0873766 -0
    outer loop
      vertex 8.3127 9.47881 9.7
      vertex 8.30417 9.57606 12.61
      vertex 8.3127 9.47881 12.61
    endloop
  endfacet
  facet normal 0.996177 0.0873588 6.00601e-07
    outer loop
      vertex 8.30417 9.57606 12.61
      vertex 8.3127 9.47881 9.7
      vertex 8.2061 10.6944 9.7
    endloop
  endfacet
  facet normal 0.412614 0.910906 -0
    outer loop
      vertex 8.2061 10.6944 9.7
      vertex 7.39214 11.0631 12.61
      vertex 8.2061 10.6944 12.61
    endloop
  endfacet
  facet normal 0.412614 0.910906 0
    outer loop
      vertex 7.39214 11.0631 12.61
      vertex 8.2061 10.6944 9.7
      vertex 7.39214 11.0631 9.7
    endloop
  endfacet
  facet normal -0.244026 0.969769 0
    outer loop
      vertex 7.39214 11.0631 9.7
      vertex 6.54567 10.8501 12.61
      vertex 7.39214 11.0631 12.61
    endloop
  endfacet
  facet normal -0.244001 0.969775 7.83045e-06
    outer loop
      vertex 6.21649 10.7673 9.7
      vertex 6.54567 10.8501 12.61
      vertex 7.39214 11.0631 9.7
    endloop
  endfacet
  facet normal -0.243936 0.969791 0
    outer loop
      vertex 6.54567 10.8501 12.61
      vertex 6.21649 10.7673 9.7
      vertex 6.21649 10.7673 12.61
    endloop
  endfacet
  facet normal -0.340649 0.940191 0
    outer loop
      vertex 6.21649 10.7673 9.7
      vertex 6.17371 10.7518 12.61
      vertex 6.21649 10.7673 12.61
    endloop
  endfacet
  facet normal -0.340054 0.940406 9.89623e-06
    outer loop
      vertex 5.11307 10.3683 9.7
      vertex 6.17371 10.7518 12.61
      vertex 6.21649 10.7673 9.7
    endloop
  endfacet
  facet normal -0.34003 0.940415 0
    outer loop
      vertex 6.17371 10.7518 12.61
      vertex 5.11307 10.3683 9.7
      vertex 5.11307 10.3683 12.61
    endloop
  endfacet
  facet normal -0.434779 0.900537 0
    outer loop
      vertex 5.11307 10.3683 9.7
      vertex 4.09012 9.87442 12.61
      vertex 5.11307 10.3683 12.61
    endloop
  endfacet
  facet normal -0.434779 0.900537 0
    outer loop
      vertex 4.09012 9.87442 12.61
      vertex 5.11307 10.3683 9.7
      vertex 4.09012 9.87442 9.7
    endloop
  endfacet
  facet normal -0.52701 0.849859 0
    outer loop
      vertex 4.09012 9.87442 9.7
      vertex 3.91641 9.7667 12.61
      vertex 4.09012 9.87442 12.61
    endloop
  endfacet
  facet normal -0.527009 0.84986 7.48048e-08
    outer loop
      vertex 3.15508 9.29459 9.7
      vertex 3.91641 9.7667 12.61
      vertex 4.09012 9.87442 9.7
    endloop
  endfacet
  facet normal -0.527009 0.84986 0
    outer loop
      vertex 3.91641 9.7667 12.61
      vertex 3.15508 9.29459 9.7
      vertex 3.15508 9.29459 12.61
    endloop
  endfacet
  facet normal 0.822184 0.569221 0
    outer loop
      vertex 3.15508 9.29459 12.61
      vertex 2.67592 9.98669 9.7
      vertex 2.67592 9.98669 12.61
    endloop
  endfacet
  facet normal 0.822184 0.569221 0
    outer loop
      vertex 2.67592 9.98669 9.7
      vertex 3.15508 9.29459 12.61
      vertex 3.15508 9.29459 9.7
    endloop
  endfacet
  facet normal 0.90007 0.435746 0
    outer loop
      vertex 2.67592 9.98669 12.61
      vertex 2.18724 10.9961 9.7
      vertex 2.18724 10.9961 12.61
    endloop
  endfacet
  facet normal 0.90007 0.435746 0
    outer loop
      vertex 2.18724 10.9961 9.7
      vertex 2.67592 9.98669 12.61
      vertex 2.67592 9.98669 9.7
    endloop
  endfacet
  facet normal 0.850065 0.526678 0
    outer loop
      vertex 2.18724 10.9961 12.61
      vertex 1.57727 11.9806 9.7
      vertex 1.57727 11.9806 12.61
    endloop
  endfacet
  facet normal 0.850065 0.526678 0
    outer loop
      vertex 1.57727 11.9806 9.7
      vertex 2.18724 10.9961 12.61
      vertex 2.18724 10.9961 9.7
    endloop
  endfacet
  facet normal 0.79249 0.609885 0
    outer loop
      vertex 1.08095 12.6253 12.61
      vertex 0.847382 12.9288 9.7
      vertex 0.847382 12.9288 12.61
    endloop
  endfacet
  facet normal 0.792388 0.610017 -0
    outer loop
      vertex 1.57727 11.9806 9.7
      vertex 1.08095 12.6253 12.61
      vertex 1.57727 11.9806 12.61
    endloop
  endfacet
  facet normal 0.792421 0.609975 1.4885e-05
    outer loop
      vertex 1.08095 12.6253 12.61
      vertex 1.57727 11.9806 9.7
      vertex 0.847382 12.9288 9.7
    endloop
  endfacet
  facet normal 0.728146 0.685423 0
    outer loop
      vertex 0.847382 12.9288 12.61
      vertex 0 13.829 9.7
      vertex 0 13.829 12.61
    endloop
  endfacet
  facet normal 0.728146 0.685423 0
    outer loop
      vertex 0 13.829 9.7
      vertex 0.847382 12.9288 12.61
      vertex 0.847382 12.9288 9.7
    endloop
  endfacet
  facet normal -0.728146 0.685423 0
    outer loop
      vertex -0.847382 12.9288 9.7
      vertex 0 13.829 12.61
      vertex 0 13.829 9.7
    endloop
  endfacet
  facet normal -0.728146 0.685423 0
    outer loop
      vertex 0 13.829 12.61
      vertex -0.847382 12.9288 9.7
      vertex -0.847382 12.9288 12.61
    endloop
  endfacet
  facet normal -0.79249 0.609885 0
    outer loop
      vertex -0.847382 12.9288 9.7
      vertex -1.08095 12.6253 12.61
      vertex -0.847382 12.9288 12.61
    endloop
  endfacet
  facet normal -0.792421 0.609975 1.4885e-05
    outer loop
      vertex -1.57727 11.9806 9.7
      vertex -1.08095 12.6253 12.61
      vertex -0.847382 12.9288 9.7
    endloop
  endfacet
  facet normal -0.792388 0.610017 0
    outer loop
      vertex -1.08095 12.6253 12.61
      vertex -1.57727 11.9806 9.7
      vertex -1.57727 11.9806 12.61
    endloop
  endfacet
  facet normal -0.850065 0.526678 0
    outer loop
      vertex -2.18724 10.9961 9.7
      vertex -1.57727 11.9806 12.61
      vertex -1.57727 11.9806 9.7
    endloop
  endfacet
  facet normal -0.850065 0.526678 0
    outer loop
      vertex -1.57727 11.9806 12.61
      vertex -2.18724 10.9961 9.7
      vertex -2.18724 10.9961 12.61
    endloop
  endfacet
  facet normal -0.90007 0.435746 0
    outer loop
      vertex -2.67592 9.98669 9.7
      vertex -2.18724 10.9961 12.61
      vertex -2.18724 10.9961 9.7
    endloop
  endfacet
  facet normal -0.90007 0.435746 0
    outer loop
      vertex -2.18724 10.9961 12.61
      vertex -2.67592 9.98669 9.7
      vertex -2.67592 9.98669 12.61
    endloop
  endfacet
  facet normal -0.822184 0.569221 0
    outer loop
      vertex -3.15508 9.29459 9.7
      vertex -2.67592 9.98669 12.61
      vertex -2.67592 9.98669 9.7
    endloop
  endfacet
  facet normal -0.822184 0.569221 0
    outer loop
      vertex -2.67592 9.98669 12.61
      vertex -3.15508 9.29459 9.7
      vertex -3.15508 9.29459 12.61
    endloop
  endfacet
  facet normal 0.527009 0.84986 -0
    outer loop
      vertex -3.15508 9.29459 9.7
      vertex -4.09012 9.87442 12.61
      vertex -3.15508 9.29459 12.61
    endloop
  endfacet
  facet normal 0.527009 0.84986 0
    outer loop
      vertex -4.09012 9.87442 12.61
      vertex -3.15508 9.29459 9.7
      vertex -4.09012 9.87442 9.7
    endloop
  endfacet
  facet normal 0.434779 0.900537 -0
    outer loop
      vertex -4.09012 9.87442 9.7
      vertex -5.11307 10.3683 12.61
      vertex -4.09012 9.87442 12.61
    endloop
  endfacet
  facet normal 0.434779 0.900537 0
    outer loop
      vertex -5.11307 10.3683 12.61
      vertex -4.09012 9.87442 9.7
      vertex -5.11307 10.3683 9.7
    endloop
  endfacet
  facet normal 0.340054 0.940406 -0
    outer loop
      vertex -5.11307 10.3683 9.7
      vertex -6.21649 10.7673 12.61
      vertex -5.11307 10.3683 12.61
    endloop
  endfacet
  facet normal 0.340054 0.940406 0
    outer loop
      vertex -6.21649 10.7673 12.61
      vertex -5.11307 10.3683 9.7
      vertex -6.21649 10.7673 9.7
    endloop
  endfacet
  facet normal 0.243551 0.969888 -0
    outer loop
      vertex -6.21649 10.7673 9.7
      vertex -6.24795 10.7752 12.61
      vertex -6.21649 10.7673 12.61
    endloop
  endfacet
  facet normal 0.244001 0.969775 5.16842e-06
    outer loop
      vertex -7.39214 11.0631 9.7
      vertex -6.24795 10.7752 12.61
      vertex -6.21649 10.7673 9.7
    endloop
  endfacet
  facet normal 0.244013 0.969772 0
    outer loop
      vertex -6.24795 10.7752 12.61
      vertex -7.39214 11.0631 9.7
      vertex -7.39214 11.0631 12.61
    endloop
  endfacet
  facet normal -0.412614 0.910906 0
    outer loop
      vertex -7.39214 11.0631 9.7
      vertex -8.2061 10.6944 12.61
      vertex -7.39214 11.0631 12.61
    endloop
  endfacet
  facet normal -0.412614 0.910906 0
    outer loop
      vertex -8.2061 10.6944 12.61
      vertex -7.39214 11.0631 9.7
      vertex -8.2061 10.6944 9.7
    endloop
  endfacet
  facet normal -0.996177 0.0873592 0
    outer loop
      vertex -8.2061 10.6944 9.7
      vertex -8.31093 9.499 12.61
      vertex -8.2061 10.6944 12.61
    endloop
  endfacet
  facet normal -0.996177 0.0873588 -1.85782e-07
    outer loop
      vertex -8.3127 9.47881 9.7
      vertex -8.31093 9.499 12.61
      vertex -8.2061 10.6944 9.7
    endloop
  endfacet
  facet normal -0.996179 0.0873322 0
    outer loop
      vertex -8.31093 9.499 12.61
      vertex -8.3127 9.47881 9.7
      vertex -8.3127 9.47881 12.61
    endloop
  endfacet
  facet normal -0.999921 -0.0125317 0
    outer loop
      vertex -8.2979 8.2979 9.7
      vertex -8.3127 9.47881 12.61
      vertex -8.3127 9.47881 9.7
    endloop
  endfacet
  facet normal -0.999921 -0.0125317 0
    outer loop
      vertex -8.3127 9.47881 12.61
      vertex -8.2979 8.2979 9.7
      vertex -8.2979 8.2979 12.61
    endloop
  endfacet
  facet normal -0.993409 -0.114625 0
    outer loop
      vertex -8.16685 7.16214 9.7
      vertex -8.2979 8.2979 12.61
      vertex -8.2979 8.2979 9.7
    endloop
  endfacet
  facet normal -0.993409 -0.114625 0
    outer loop
      vertex -8.2979 8.2979 12.61
      vertex -8.16685 7.16214 9.7
      vertex -8.16685 7.16214 12.61
    endloop
  endfacet
  facet normal -0.975974 -0.217886 0
    outer loop
      vertex -7.9256 6.08151 9.7
      vertex -8.16685 7.16214 12.61
      vertex -8.16685 7.16214 9.7
    endloop
  endfacet
  facet normal -0.975974 -0.217886 0
    outer loop
      vertex -8.16685 7.16214 12.61
      vertex -7.9256 6.08151 9.7
      vertex -7.9256 6.08151 12.61
    endloop
  endfacet
  facet normal -0.636902 0.770945 0
    outer loop
      vertex -7.9256 6.08151 9.7
      vertex -8.45146 5.64708 12.61
      vertex -7.9256 6.08151 12.61
    endloop
  endfacet
  facet normal -0.636902 0.770945 0
    outer loop
      vertex -8.45146 5.64708 12.61
      vertex -7.9256 6.08151 9.7
      vertex -8.45146 5.64708 9.7
    endloop
  endfacet
  facet normal -0.115399 0.993319 0
    outer loop
      vertex -8.45146 5.64708 9.7
      vertex -9.55832 5.51849 12.61
      vertex -8.45146 5.64708 12.61
    endloop
  endfacet
  facet normal -0.115399 0.993319 0
    outer loop
      vertex -9.55832 5.51849 12.61
      vertex -8.45146 5.64708 9.7
      vertex -9.55832 5.51849 9.7
    endloop
  endfacet
  facet normal -0.21818 0.975909 0
    outer loop
      vertex -9.55832 5.51849 9.7
      vertex -10.6813 5.26743 12.61
      vertex -9.55832 5.51849 12.61
    endloop
  endfacet
  facet normal -0.21818 0.975909 0
    outer loop
      vertex -10.6813 5.26743 12.61
      vertex -9.55832 5.51849 9.7
      vertex -10.6813 5.26743 9.7
    endloop
  endfacet
  facet normal -0.316288 0.948663 0
    outer loop
      vertex -10.6813 5.26743 9.7
      vertex -11.6737 4.93656 12.61
      vertex -10.6813 5.26743 12.61
    endloop
  endfacet
  facet normal -0.316288 0.948663 -1.30955e-07
    outer loop
      vertex -11.809 4.89145 9.7
      vertex -11.6737 4.93656 12.61
      vertex -10.6813 5.26743 9.7
    endloop
  endfacet
  facet normal -0.316291 0.948662 0
    outer loop
      vertex -11.6737 4.93656 12.61
      vertex -11.809 4.89145 9.7
      vertex -11.809 4.89145 12.61
    endloop
  endfacet
  facet normal -0.408986 0.91254 0
    outer loop
      vertex -11.809 4.89145 9.7
      vertex -12.9299 4.38908 12.61
      vertex -11.809 4.89145 12.61
    endloop
  endfacet
  facet normal -0.408986 0.91254 0
    outer loop
      vertex -12.9299 4.38908 12.61
      vertex -11.809 4.89145 9.7
      vertex -12.9299 4.38908 9.7
    endloop
  endfacet
  facet normal -0.970449 -0.241304 0
    outer loop
      vertex -12.6836 3.39854 9.7
      vertex -12.9299 4.38908 12.61
      vertex -12.9299 4.38908 9.7
    endloop
  endfacet
  facet normal -0.970449 -0.241304 0
    outer loop
      vertex -12.9299 4.38908 12.61
      vertex -12.6836 3.39854 9.7
      vertex -12.6836 3.39854 12.61
    endloop
  endfacet
  facet normal -0.836081 -0.548606 0
    outer loop
      vertex -12.6836 3.39854 9.7
      vertex -12.34 2.87489 12.61
      vertex -12.6836 3.39854 12.61
    endloop
  endfacet
  facet normal -0.83611 -0.548562 1.13993e-05
    outer loop
      vertex -12.0229 2.39151 9.7
      vertex -12.34 2.87489 12.61
      vertex -12.6836 3.39854 9.7
    endloop
  endfacet
  facet normal -0.836142 -0.548514 0
    outer loop
      vertex -12.34 2.87489 12.61
      vertex -12.0229 2.39151 9.7
      vertex -12.0229 2.39151 12.61
    endloop
  endfacet
  facet normal -0.776658 -0.629922 0
    outer loop
      vertex -11.2886 1.48616 9.7
      vertex -12.0229 2.39151 12.61
      vertex -12.0229 2.39151 9.7
    endloop
  endfacet
  facet normal -0.776658 -0.629922 0
    outer loop
      vertex -12.0229 2.39151 12.61
      vertex -11.2886 1.48616 9.7
      vertex -11.2886 1.48616 12.61
    endloop
  endfacet
  facet normal -0.707529 -0.706684 0
    outer loop
      vertex -10.491 0.687607 9.7
      vertex -11.2886 1.48616 12.61
      vertex -11.2886 1.48616 9.7
    endloop
  endfacet
  facet normal -0.707529 -0.706684 0
    outer loop
      vertex -11.2886 1.48616 12.61
      vertex -10.491 0.687607 9.7
      vertex -10.491 0.687607 12.61
    endloop
  endfacet
  facet normal -0.628924 -0.777467 0
    outer loop
      vertex -10.491 0.687607 9.7
      vertex -9.64099 0 12.61
      vertex -10.491 0.687607 12.61
    endloop
  endfacet
  facet normal -0.628924 -0.777467 -0
    outer loop
      vertex -9.64099 0 12.61
      vertex -10.491 0.687607 9.7
      vertex -9.64099 0 9.7
    endloop
  endfacet
  facet normal -0.628934 0.777459 0
    outer loop
      vertex -9.64099 0 9.7
      vertex -9.98992 -0.282271 12.61
      vertex -9.64099 0 12.61
    endloop
  endfacet
  facet normal -0.628924 0.777467 2.03117e-06
    outer loop
      vertex -10.491 -0.687607 9.7
      vertex -9.98992 -0.282271 12.61
      vertex -9.64099 0 9.7
    endloop
  endfacet
  facet normal -0.628917 0.777473 0
    outer loop
      vertex -9.98992 -0.282271 12.61
      vertex -10.491 -0.687607 9.7
      vertex -10.491 -0.687607 12.61
    endloop
  endfacet
  facet normal -0.707529 0.706684 0
    outer loop
      vertex -11.2886 -1.48616 9.7
      vertex -10.491 -0.687607 12.61
      vertex -10.491 -0.687607 9.7
    endloop
  endfacet
  facet normal -0.707529 0.706684 0
    outer loop
      vertex -10.491 -0.687607 12.61
      vertex -11.2886 -1.48616 9.7
      vertex -11.2886 -1.48616 12.61
    endloop
  endfacet
  facet normal -0.776639 0.629946 0
    outer loop
      vertex -11.2886 -1.48616 9.7
      vertex -11.8646 -2.19629 12.61
      vertex -11.2886 -1.48616 12.61
    endloop
  endfacet
  facet normal -0.776658 0.629922 -9.76981e-06
    outer loop
      vertex -12.0229 -2.39151 9.7
      vertex -11.8646 -2.19629 12.61
      vertex -11.2886 -1.48616 9.7
    endloop
  endfacet
  facet normal -0.776729 0.629834 0
    outer loop
      vertex -11.8646 -2.19629 12.61
      vertex -12.0229 -2.39151 9.7
      vertex -12.0229 -2.39151 12.61
    endloop
  endfacet
  facet normal -0.836142 0.548514 0
    outer loop
      vertex -12.0229 -2.39151 9.7
      vertex -12.34 -2.87489 12.61
      vertex -12.0229 -2.39151 12.61
    endloop
  endfacet
  facet normal -0.83611 0.548562 1.13993e-05
    outer loop
      vertex -12.6836 -3.39854 9.7
      vertex -12.34 -2.87489 12.61
      vertex -12.0229 -2.39151 9.7
    endloop
  endfacet
  facet normal -0.836081 0.548606 0
    outer loop
      vertex -12.34 -2.87489 12.61
      vertex -12.6836 -3.39854 9.7
      vertex -12.6836 -3.39854 12.61
    endloop
  endfacet
  facet normal -0.970449 0.241304 0
    outer loop
      vertex -12.9299 -4.38908 9.7
      vertex -12.6836 -3.39854 12.61
      vertex -12.6836 -3.39854 9.7
    endloop
  endfacet
  facet normal -0.970449 0.241304 0
    outer loop
      vertex -12.6836 -3.39854 12.61
      vertex -12.9299 -4.38908 9.7
      vertex -12.9299 -4.38908 12.61
    endloop
  endfacet
  facet normal -0.408986 -0.91254 0
    outer loop
      vertex -12.9299 -4.38908 9.7
      vertex -11.809 -4.89145 12.61
      vertex -12.9299 -4.38908 12.61
    endloop
  endfacet
  facet normal -0.408986 -0.91254 -0
    outer loop
      vertex -11.809 -4.89145 12.61
      vertex -12.9299 -4.38908 9.7
      vertex -11.809 -4.89145 9.7
    endloop
  endfacet
  facet normal -0.316291 -0.948662 0
    outer loop
      vertex -11.809 -4.89145 9.7
      vertex -11.6737 -4.93656 12.61
      vertex -11.809 -4.89145 12.61
    endloop
  endfacet
  facet normal -0.316288 -0.948663 -1.30955e-07
    outer loop
      vertex -10.6813 -5.26743 9.7
      vertex -11.6737 -4.93656 12.61
      vertex -11.809 -4.89145 9.7
    endloop
  endfacet
  facet normal -0.316288 -0.948663 0
    outer loop
      vertex -11.6737 -4.93656 12.61
      vertex -10.6813 -5.26743 9.7
      vertex -10.6813 -5.26743 12.61
    endloop
  endfacet
  facet normal -0.21818 -0.975909 0
    outer loop
      vertex -10.6813 -5.26743 9.7
      vertex -9.55832 -5.51849 12.61
      vertex -10.6813 -5.26743 12.61
    endloop
  endfacet
  facet normal -0.21818 -0.975909 -0
    outer loop
      vertex -9.55832 -5.51849 12.61
      vertex -10.6813 -5.26743 9.7
      vertex -9.55832 -5.51849 9.7
    endloop
  endfacet
  facet normal -0.115399 -0.993319 0
    outer loop
      vertex -9.55832 -5.51849 9.7
      vertex -8.45146 -5.64708 12.61
      vertex -9.55832 -5.51849 12.61
    endloop
  endfacet
  facet normal -0.115399 -0.993319 -0
    outer loop
      vertex -8.45146 -5.64708 12.61
      vertex -9.55832 -5.51849 9.7
      vertex -8.45146 -5.64708 9.7
    endloop
  endfacet
  facet normal -0.636902 -0.770945 0
    outer loop
      vertex -8.45146 -5.64708 9.7
      vertex -7.9256 -6.08151 12.61
      vertex -8.45146 -5.64708 12.61
    endloop
  endfacet
  facet normal -0.636902 -0.770945 -0
    outer loop
      vertex -7.9256 -6.08151 12.61
      vertex -8.45146 -5.64708 9.7
      vertex -7.9256 -6.08151 9.7
    endloop
  endfacet
  facet normal -0.975974 0.217886 0
    outer loop
      vertex -8.16685 -7.16214 9.7
      vertex -7.9256 -6.08151 12.61
      vertex -7.9256 -6.08151 9.7
    endloop
  endfacet
  facet normal -0.975974 0.217886 0
    outer loop
      vertex -7.9256 -6.08151 12.61
      vertex -8.16685 -7.16214 9.7
      vertex -8.16685 -7.16214 12.61
    endloop
  endfacet
  facet normal -0.993409 0.114625 0
    outer loop
      vertex -8.2979 -8.2979 9.7
      vertex -8.16685 -7.16214 12.61
      vertex -8.16685 -7.16214 9.7
    endloop
  endfacet
  facet normal -0.993409 0.114625 0
    outer loop
      vertex -8.16685 -7.16214 12.61
      vertex -8.2979 -8.2979 9.7
      vertex -8.2979 -8.2979 12.61
    endloop
  endfacet
  facet normal -0.999921 0.0125317 0
    outer loop
      vertex -8.3127 -9.47881 9.7
      vertex -8.2979 -8.2979 12.61
      vertex -8.2979 -8.2979 9.7
    endloop
  endfacet
  facet normal -0.999921 0.0125317 0
    outer loop
      vertex -8.2979 -8.2979 12.61
      vertex -8.3127 -9.47881 9.7
      vertex -8.3127 -9.47881 12.61
    endloop
  endfacet
  facet normal -0.996175 -0.0873766 0
    outer loop
      vertex -8.3127 -9.47881 9.7
      vertex -8.30417 -9.57606 12.61
      vertex -8.3127 -9.47881 12.61
    endloop
  endfacet
  facet normal -0.996177 -0.0873588 6.00601e-07
    outer loop
      vertex -8.2061 -10.6944 9.7
      vertex -8.30417 -9.57606 12.61
      vertex -8.3127 -9.47881 9.7
    endloop
  endfacet
  facet normal -0.996177 -0.0873572 0
    outer loop
      vertex -8.30417 -9.57606 12.61
      vertex -8.2061 -10.6944 9.7
      vertex -8.2061 -10.6944 12.61
    endloop
  endfacet
  facet normal -0.412614 -0.910906 0
    outer loop
      vertex -8.2061 -10.6944 9.7
      vertex -7.39214 -11.0631 12.61
      vertex -8.2061 -10.6944 12.61
    endloop
  endfacet
  facet normal -0.412614 -0.910906 -0
    outer loop
      vertex -7.39214 -11.0631 12.61
      vertex -8.2061 -10.6944 9.7
      vertex -7.39214 -11.0631 9.7
    endloop
  endfacet
  facet normal 0.244026 -0.969769 0
    outer loop
      vertex -7.39214 -11.0631 9.7
      vertex -6.54567 -10.8501 12.61
      vertex -7.39214 -11.0631 12.61
    endloop
  endfacet
  facet normal 0.244001 -0.969775 7.83045e-06
    outer loop
      vertex -6.21649 -10.7673 9.7
      vertex -6.54567 -10.8501 12.61
      vertex -7.39214 -11.0631 9.7
    endloop
  endfacet
  facet normal 0.243936 -0.969791 0
    outer loop
      vertex -6.54567 -10.8501 12.61
      vertex -6.21649 -10.7673 9.7
      vertex -6.21649 -10.7673 12.61
    endloop
  endfacet
  facet normal 0.340649 -0.940191 0
    outer loop
      vertex -6.21649 -10.7673 9.7
      vertex -6.17371 -10.7518 12.61
      vertex -6.21649 -10.7673 12.61
    endloop
  endfacet
  facet normal 0.340054 -0.940406 9.89623e-06
    outer loop
      vertex -5.11307 -10.3683 9.7
      vertex -6.17371 -10.7518 12.61
      vertex -6.21649 -10.7673 9.7
    endloop
  endfacet
  facet normal 0.34003 -0.940415 0
    outer loop
      vertex -6.17371 -10.7518 12.61
      vertex -5.11307 -10.3683 9.7
      vertex -5.11307 -10.3683 12.61
    endloop
  endfacet
  facet normal 0.434779 -0.900537 0
    outer loop
      vertex -5.11307 -10.3683 9.7
      vertex -4.09012 -9.87442 12.61
      vertex -5.11307 -10.3683 12.61
    endloop
  endfacet
  facet normal 0.434779 -0.900537 0
    outer loop
      vertex -4.09012 -9.87442 12.61
      vertex -5.11307 -10.3683 9.7
      vertex -4.09012 -9.87442 9.7
    endloop
  endfacet
  facet normal 0.52701 -0.849859 0
    outer loop
      vertex -4.09012 -9.87442 9.7
      vertex -3.91641 -9.7667 12.61
      vertex -4.09012 -9.87442 12.61
    endloop
  endfacet
  facet normal 0.527009 -0.84986 7.48048e-08
    outer loop
      vertex -3.15508 -9.29459 9.7
      vertex -3.91641 -9.7667 12.61
      vertex -4.09012 -9.87442 9.7
    endloop
  endfacet
  facet normal 0.527009 -0.84986 0
    outer loop
      vertex -3.91641 -9.7667 12.61
      vertex -3.15508 -9.29459 9.7
      vertex -3.15508 -9.29459 12.61
    endloop
  endfacet
  facet normal -0.822184 -0.569221 0
    outer loop
      vertex -2.67592 -9.98669 9.7
      vertex -3.15508 -9.29459 12.61
      vertex -3.15508 -9.29459 9.7
    endloop
  endfacet
  facet normal -0.822184 -0.569221 0
    outer loop
      vertex -3.15508 -9.29459 12.61
      vertex -2.67592 -9.98669 9.7
      vertex -2.67592 -9.98669 12.61
    endloop
  endfacet
  facet normal -0.90007 -0.435746 0
    outer loop
      vertex -2.18724 -10.9961 9.7
      vertex -2.67592 -9.98669 12.61
      vertex -2.67592 -9.98669 9.7
    endloop
  endfacet
  facet normal -0.90007 -0.435746 0
    outer loop
      vertex -2.67592 -9.98669 12.61
      vertex -2.18724 -10.9961 9.7
      vertex -2.18724 -10.9961 12.61
    endloop
  endfacet
  facet normal -0.850065 -0.526678 0
    outer loop
      vertex -1.57727 -11.9806 9.7
      vertex -2.18724 -10.9961 12.61
      vertex -2.18724 -10.9961 9.7
    endloop
  endfacet
  facet normal -0.850065 -0.526678 0
    outer loop
      vertex -2.18724 -10.9961 12.61
      vertex -1.57727 -11.9806 9.7
      vertex -1.57727 -11.9806 12.61
    endloop
  endfacet
  facet normal -0.792388 -0.610017 0
    outer loop
      vertex -1.57727 -11.9806 9.7
      vertex -1.08095 -12.6253 12.61
      vertex -1.57727 -11.9806 12.61
    endloop
  endfacet
  facet normal -0.792421 -0.609975 1.4885e-05
    outer loop
      vertex -0.847382 -12.9288 9.7
      vertex -1.08095 -12.6253 12.61
      vertex -1.57727 -11.9806 9.7
    endloop
  endfacet
  facet normal -0.79249 -0.609885 0
    outer loop
      vertex -1.08095 -12.6253 12.61
      vertex -0.847382 -12.9288 9.7
      vertex -0.847382 -12.9288 12.61
    endloop
  endfacet
  facet normal -0.728146 -0.685423 0
    outer loop
      vertex 0 -13.829 9.7
      vertex -0.847382 -12.9288 12.61
      vertex -0.847382 -12.9288 9.7
    endloop
  endfacet
  facet normal -0.728146 -0.685423 0
    outer loop
      vertex -0.847382 -12.9288 12.61
      vertex 0 -13.829 9.7
      vertex 0 -13.829 12.61
    endloop
  endfacet
  facet normal 0.728146 -0.685423 0
    outer loop
      vertex 0 -13.829 12.61
      vertex 0.847382 -12.9288 9.7
      vertex 0.847382 -12.9288 12.61
    endloop
  endfacet
  facet normal 0.728146 -0.685423 0
    outer loop
      vertex 0.847382 -12.9288 9.7
      vertex 0 -13.829 12.61
      vertex 0 -13.829 9.7
    endloop
  endfacet
  facet normal 0 0 -1
    outer loop
      vertex 5.60703 -11.3699 15.52
      vertex 6.81102 -13.8114 15.52
      vertex 5.89313 -14.2273 15.52
    endloop
  endfacet
  facet normal 0 0 -1
    outer loop
      vertex 6.81102 -13.8114 15.52
      vertex 5.60703 -11.3699 15.52
      vertex 6.11011 -11.101 15.52
    endloop
  endfacet
  facet normal 0 0 -1
    outer loop
      vertex 4.85138 -11.7123 15.52
      vertex 5.89313 -14.2273 15.52
      vertex 4.95 -14.5822 15.52
    endloop
  endfacet
  facet normal 0 0 -1
    outer loop
      vertex 5.89313 -14.2273 15.52
      vertex 4.85138 -11.7123 15.52
      vertex 5.60703 -11.3699 15.52
    endloop
  endfacet
  facet normal 0 0 -1
    outer loop
      vertex 4.95 -14.5822 15.52
      vertex 4.07498 -12.0045 15.52
      vertex 4.85138 -11.7123 15.52
    endloop
  endfacet
  facet normal 0 0 -1
    outer loop
      vertex 3.98567 -14.8748 15.52
      vertex 4.07498 -12.0045 15.52
      vertex 4.95 -14.5822 15.52
    endloop
  endfacet
  facet normal 0 0 -1
    outer loop
      vertex 3.98567 -14.8748 15.52
      vertex 3.28111 -12.2453 15.52
      vertex 4.07498 -12.0045 15.52
    endloop
  endfacet
  facet normal 0 0 -1
    outer loop
      vertex 3.00429 -15.1036 15.52
      vertex 3.28111 -12.2453 15.52
      vertex 3.98567 -14.8748 15.52
    endloop
  endfacet
  facet normal 0 0 -1
    outer loop
      vertex 3.00429 -15.1036 15.52
      vertex 2.47321 -12.4337 15.52
      vertex 3.28111 -12.2453 15.52
    endloop
  endfacet
  facet normal 0 0 -1
    outer loop
      vertex 2.01003 -15.2677 15.52
      vertex 2.47321 -12.4337 15.52
      vertex 3.00429 -15.1036 15.52
    endloop
  endfacet
  facet normal 0 0 -1
    outer loop
      vertex 2.01003 -15.2677 15.52
      vertex 1.65471 -12.5688 15.52
      vertex 2.47321 -12.4337 15.52
    endloop
  endfacet
  facet normal 0 0 -1
    outer loop
      vertex 1.00717 -15.3665 15.52
      vertex 1.65471 -12.5688 15.52
      vertex 2.01003 -15.2677 15.52
    endloop
  endfacet
  facet normal 0 0 -1
    outer loop
      vertex 1.00717 -15.3665 15.52
      vertex 0.829132 -12.6501 15.52
      vertex 1.65471 -12.5688 15.52
    endloop
  endfacet
  facet normal 0 -0 -1
    outer loop
      vertex 0.829132 -12.6501 15.52
      vertex 1.00717 -15.3665 15.52
      vertex 0.258988 -12.6688 15.52
    endloop
  endfacet
  facet normal 0 0 -1
    outer loop
      vertex 4.89687 -7.74116 15.52
      vertex 4.34619 -6.50453 15.52
      vertex 4.48372 -6.71037 15.52
    endloop
  endfacet
  facet normal -0 0 -1
    outer loop
      vertex 4.54089 -6.66941 15.52
      vertex 4.48372 -6.71037 15.52
      vertex 4.34619 -6.50453 15.52
    endloop
  endfacet
  facet normal 0 0 1
    outer loop
      vertex 6.33864 -10.9789 15.52
      vertex 5.86749 -10.1628 15.52
      vertex 6.11011 -11.101 15.52
    endloop
  endfacet
  facet normal -0 -0 1
    outer loop
      vertex 5.86749 -10.1628 15.52
      vertex 6.33864 -10.9789 15.52
      vertex 4.89687 -7.74116 15.52
    endloop
  endfacet
  facet normal 0 0 -1
    outer loop
      vertex -3.56949 -7.2382 15.52
      vertex -3.45999 -7.01617 15.52
      vertex -3.50543 -7.26723 15.52
    endloop
  endfacet
  facet normal 0 0 -1
    outer loop
      vertex -3.45999 -7.01617 15.52
      vertex -3.56949 -7.2382 15.52
      vertex -4.25565 -8.11146 15.52
    endloop
  endfacet
  facet normal 0 0 -1
    outer loop
      vertex 10.0576 7.71744 15.52
      vertex 12.2172 9.37462 15.52
      vertex 12.8042 8.5555 15.52
    endloop
  endfacet
  facet normal -0 0 -1
    outer loop
      vertex 12.2172 9.37462 15.52
      vertex 10.0576 7.71744 15.52
      vertex 11.5779 10.1536 15.52
    endloop
  endfacet
  facet normal 0 0 -1
    outer loop
      vertex 10.5408 7.04312 15.52
      vertex 12.8042 8.5555 15.52
      vertex 10.842 6.55869 15.52
    endloop
  endfacet
  facet normal 0 0 -1
    outer loop
      vertex 10.0576 7.71744 15.52
      vertex 12.8042 8.5555 15.52
      vertex 10.5408 7.04312 15.52
    endloop
  endfacet
  facet normal 0 0 -1
    outer loop
      vertex 9.5313 8.35872 15.52
      vertex 11.5779 10.1536 15.52
      vertex 10.0576 7.71744 15.52
    endloop
  endfacet
  facet normal -0 0 -1
    outer loop
      vertex 11.5779 10.1536 15.52
      vertex 9.5313 8.35872 15.52
      vertex 10.8891 10.8891 15.52
    endloop
  endfacet
  facet normal 0 0 -1
    outer loop
      vertex 8.9642 8.9642 15.52
      vertex 10.8891 10.8891 15.52
      vertex 9.5313 8.35872 15.52
    endloop
  endfacet
  facet normal -0 0 -1
    outer loop
      vertex 10.8891 10.8891 15.52
      vertex 8.9642 8.9642 15.52
      vertex 10.1536 11.5779 15.52
    endloop
  endfacet
  facet normal 0 0 -1
    outer loop
      vertex 8.35872 9.5313 15.52
      vertex 10.1536 11.5779 15.52
      vertex 8.9642 8.9642 15.52
    endloop
  endfacet
  facet normal -0 0 -1
    outer loop
      vertex 10.1536 11.5779 15.52
      vertex 8.35872 9.5313 15.52
      vertex 9.37462 12.2172 15.52
    endloop
  endfacet
  facet normal 0 0 -1
    outer loop
      vertex 7.71744 10.0576 15.52
      vertex 9.37462 12.2172 15.52
      vertex 8.35872 9.5313 15.52
    endloop
  endfacet
  facet normal -0 0 -1
    outer loop
      vertex 9.37462 12.2172 15.52
      vertex 7.71744 10.0576 15.52
      vertex 8.5555 12.8042 15.52
    endloop
  endfacet
  facet normal 0 0 -1
    outer loop
      vertex 7.04312 10.5408 15.52
      vertex 8.5555 12.8042 15.52
      vertex 7.71744 10.0576 15.52
    endloop
  endfacet
  facet normal 0 0 -1
    outer loop
      vertex 8.5555 12.8042 15.52
      vertex 7.04312 10.5408 15.52
      vertex 6.55869 10.842 15.52
    endloop
  endfacet
  facet normal -0 0 -1
    outer loop
      vertex 3.56949 7.2382 15.52
      vertex 3.45999 7.01617 15.52
      vertex 3.50543 7.26723 15.52
    endloop
  endfacet
  facet normal 0 0 -1
    outer loop
      vertex 3.45999 7.01617 15.52
      vertex 3.56949 7.2382 15.52
      vertex 4.25565 8.11146 15.52
    endloop
  endfacet
  facet normal 0 0 1
    outer loop
      vertex 10.1628 -5.86749 15.52
      vertex 10.9789 -6.33864 15.52
      vertex 11.101 -6.11011 15.52
    endloop
  endfacet
  facet normal 0 0 1
    outer loop
      vertex 10.9789 -6.33864 15.52
      vertex 10.1628 -5.86749 15.52
      vertex 10.5408 -7.04312 15.52
    endloop
  endfacet
  facet normal 0 0 1
    outer loop
      vertex 10.1628 -5.86749 15.52
      vertex 10.0576 -7.71744 15.52
      vertex 10.5408 -7.04312 15.52
    endloop
  endfacet
  facet normal 0 0 1
    outer loop
      vertex 10.1628 -5.86749 15.52
      vertex 9.5313 -8.35872 15.52
      vertex 10.0576 -7.71744 15.52
    endloop
  endfacet
  facet normal -0 0 1
    outer loop
      vertex 6.18774 -8.06403 15.52
      vertex 9.5313 -8.35872 15.52
      vertex 10.1628 -5.86749 15.52
    endloop
  endfacet
  facet normal 0 0 1
    outer loop
      vertex 9.5313 -8.35872 15.52
      vertex 6.18774 -8.06403 15.52
      vertex 8.9642 -8.9642 15.52
    endloop
  endfacet
  facet normal -0 0 1
    outer loop
      vertex 6.40276 -4.91299 15.52
      vertex 10.1628 -5.86749 15.52
      vertex 6.71037 -4.48372 15.52
    endloop
  endfacet
  facet normal -0 0 1
    outer loop
      vertex 6.06772 -5.32124 15.52
      vertex 10.1628 -5.86749 15.52
      vertex 6.40276 -4.91299 15.52
    endloop
  endfacet
  facet normal 0 0 1
    outer loop
      vertex 8.9642 -8.9642 15.52
      vertex 6.18774 -8.06403 15.52
      vertex 8.35872 -9.5313 15.52
    endloop
  endfacet
  facet normal 0 0 1
    outer loop
      vertex 10.1628 -5.86749 15.52
      vertex 6.06772 -5.32124 15.52
      vertex 6.18774 -8.06403 15.52
    endloop
  endfacet
  facet normal -0 0 1
    outer loop
      vertex 5.7067 -5.7067 15.52
      vertex 6.18774 -8.06403 15.52
      vertex 6.06772 -5.32124 15.52
    endloop
  endfacet
  facet normal -0 0 1
    outer loop
      vertex 5.32124 -6.06772 15.52
      vertex 6.18774 -8.06403 15.52
      vertex 5.7067 -5.7067 15.52
    endloop
  endfacet
  facet normal -0 0 1
    outer loop
      vertex 4.91299 -6.40276 15.52
      vertex 6.18774 -8.06403 15.52
      vertex 5.32124 -6.06772 15.52
    endloop
  endfacet
  facet normal 0 0 1
    outer loop
      vertex 6.18774 -8.06403 15.52
      vertex 4.91299 -6.40276 15.52
      vertex 4.54089 -6.66941 15.52
    endloop
  endfacet
  facet normal 0 0 -1
    outer loop
      vertex 12.5688 -1.65471 15.52
      vertex 15.2677 -2.01003 15.52
      vertex 15.1036 -3.00429 15.52
    endloop
  endfacet
  facet normal 0 0 -1
    outer loop
      vertex 12.4337 -2.47321 15.52
      vertex 15.1036 -3.00429 15.52
      vertex 14.8748 -3.98567 15.52
    endloop
  endfacet
  facet normal 0 0 -1
    outer loop
      vertex 12.2453 -3.28111 15.52
      vertex 14.8748 -3.98567 15.52
      vertex 14.5822 -4.95 15.52
    endloop
  endfacet
  facet normal 0 0 -1
    outer loop
      vertex 12.0045 -4.07498 15.52
      vertex 14.5822 -4.95 15.52
      vertex 14.2273 -5.89313 15.52
    endloop
  endfacet
  facet normal 0 0 -1
    outer loop
      vertex 11.7123 -4.85138 15.52
      vertex 14.2273 -5.89313 15.52
      vertex 13.8114 -6.81102 15.52
    endloop
  endfacet
  facet normal 0 0 -1
    outer loop
      vertex 14.8748 -3.98567 15.52
      vertex 12.2453 -3.28111 15.52
      vertex 12.4337 -2.47321 15.52
    endloop
  endfacet
  facet normal 0 0 -1
    outer loop
      vertex 15.3665 -1.00717 15.52
      vertex 12.6501 -0.829132 15.52
      vertex 12.6688 -0.258988 15.52
    endloop
  endfacet
  facet normal -0 0 -1
    outer loop
      vertex 15.3665 -1.00717 15.52
      vertex 12.5688 -1.65471 15.52
      vertex 12.6501 -0.829132 15.52
    endloop
  endfacet
  facet normal 0 0 -1
    outer loop
      vertex 15.2677 -2.01003 15.52
      vertex 12.5688 -1.65471 15.52
      vertex 15.3665 -1.00717 15.52
    endloop
  endfacet
  facet normal 0 -0 -1
    outer loop
      vertex 12.5688 -1.65471 15.52
      vertex 15.1036 -3.00429 15.52
      vertex 12.4337 -2.47321 15.52
    endloop
  endfacet
  facet normal 0 0 -1
    outer loop
      vertex 14.5822 -4.95 15.52
      vertex 12.0045 -4.07498 15.52
      vertex 12.2453 -3.28111 15.52
    endloop
  endfacet
  facet normal 0 0 -1
    outer loop
      vertex 14.2273 -5.89313 15.52
      vertex 11.7123 -4.85138 15.52
      vertex 12.0045 -4.07498 15.52
    endloop
  endfacet
  facet normal 0 0 -1
    outer loop
      vertex 13.8114 -6.81102 15.52
      vertex 11.3699 -5.60703 15.52
      vertex 11.7123 -4.85138 15.52
    endloop
  endfacet
  facet normal 0 -0 -1
    outer loop
      vertex 11.3699 -5.60703 15.52
      vertex 13.8114 -6.81102 15.52
      vertex 11.101 -6.11011 15.52
    endloop
  endfacet
  facet normal -0 0 -1
    outer loop
      vertex 8.05321 0.527832 15.52
      vertex 7.80618 0.511642 15.52
      vertex 8.04632 0.597815 15.52
    endloop
  endfacet
  facet normal 0 0 -1
    outer loop
      vertex 7.80618 0.511642 15.52
      vertex 8.05321 0.527832 15.52
      vertex 9.15259 0.370222 15.52
    endloop
  endfacet
  facet normal 0 0 1
    outer loop
      vertex 12.6773 0 15.52
      vertex 11.735 0 15.52
      vertex 12.6688 -0.258988 15.52
    endloop
  endfacet
  facet normal 0 -0 1
    outer loop
      vertex 11.735 0 15.52
      vertex 12.6773 0 15.52
      vertex 9.15259 0.370222 15.52
    endloop
  endfacet
  facet normal 0 0 1
    outer loop
      vertex 10.0775 1.32672 15.52
      vertex 12.2453 3.28111 15.52
      vertex 12.0045 4.07498 15.52
    endloop
  endfacet
  facet normal 0 0 1
    outer loop
      vertex 10.1628 5.86749 15.52
      vertex 12.0045 4.07498 15.52
      vertex 11.7123 4.85138 15.52
    endloop
  endfacet
  facet normal 0 0 1
    outer loop
      vertex 10.1628 5.86749 15.52
      vertex 11.7123 4.85138 15.52
      vertex 11.3699 5.60703 15.52
    endloop
  endfacet
  facet normal -0 0 1
    outer loop
      vertex 10.1628 5.86749 15.52
      vertex 11.3699 5.60703 15.52
      vertex 10.9789 6.33864 15.52
    endloop
  endfacet
  facet normal 0 0 1
    outer loop
      vertex 10.1628 5.86749 15.52
      vertex 10.9789 6.33864 15.52
      vertex 10.842 6.55869 15.52
    endloop
  endfacet
  facet normal 0 0 1
    outer loop
      vertex 12.0045 4.07498 15.52
      vertex 10.1628 5.86749 15.52
      vertex 10.0775 1.32672 15.52
    endloop
  endfacet
  facet normal 0 0 1
    outer loop
      vertex 12.2453 3.28111 15.52
      vertex 10.0775 1.32672 15.52
      vertex 12.4337 2.47321 15.52
    endloop
  endfacet
  facet normal -0 0 1
    outer loop
      vertex 7.6422 2.59416 15.52
      vertex 10.0775 1.32672 15.52
      vertex 10.1628 5.86749 15.52
    endloop
  endfacet
  facet normal 0 0 1
    outer loop
      vertex 10.0775 1.32672 15.52
      vertex 8.00145 1.05341 15.52
      vertex 8.04632 0.597815 15.52
    endloop
  endfacet
  facet normal 0 0 1
    outer loop
      vertex 10.0775 1.32672 15.52
      vertex 7.91542 1.57446 15.52
      vertex 8.00145 1.05341 15.52
    endloop
  endfacet
  facet normal 0 0 1
    outer loop
      vertex 10.0775 1.32672 15.52
      vertex 7.7955 2.08879 15.52
      vertex 7.91542 1.57446 15.52
    endloop
  endfacet
  facet normal 0 0 1
    outer loop
      vertex 10.0775 1.32672 15.52
      vertex 7.6422 2.59416 15.52
      vertex 7.7955 2.08879 15.52
    endloop
  endfacet
  facet normal 0 0 1
    outer loop
      vertex 10.1628 5.86749 15.52
      vertex 7.45616 3.08844 15.52
      vertex 7.6422 2.59416 15.52
    endloop
  endfacet
  facet normal 0 -0 1
    outer loop
      vertex 7.45616 3.08844 15.52
      vertex 10.1628 5.86749 15.52
      vertex 7.2382 3.56949 15.52
    endloop
  endfacet
  facet normal 0 0 1
    outer loop
      vertex 6.33864 10.9789 15.52
      vertex 5.86749 10.1628 15.52
      vertex 6.55869 10.842 15.52
    endloop
  endfacet
  facet normal 0 -0 1
    outer loop
      vertex 5.86749 10.1628 15.52
      vertex 6.33864 10.9789 15.52
      vertex 4.25565 8.11146 15.52
    endloop
  endfacet
  facet normal 0 0 -1
    outer loop
      vertex -8.05321 -0.527832 15.52
      vertex -7.80618 -0.511642 15.52
      vertex -8.04632 -0.597815 15.52
    endloop
  endfacet
  facet normal -0 0 -1
    outer loop
      vertex -7.80618 -0.511642 15.52
      vertex -8.05321 -0.527832 15.52
      vertex -9.15259 -0.370222 15.52
    endloop
  endfacet
  facet normal 0 0 -1
    outer loop
      vertex -0.829132 12.6501 15.52
      vertex -1.00717 15.3665 15.52
      vertex -0.258988 12.6688 15.52
    endloop
  endfacet
  facet normal 0 0 -1
    outer loop
      vertex -1.65471 12.5688 15.52
      vertex -1.00717 15.3665 15.52
      vertex -0.829132 12.6501 15.52
    endloop
  endfacet
  facet normal 0 0 -1
    outer loop
      vertex -1.65471 12.5688 15.52
      vertex -2.01003 15.2677 15.52
      vertex -1.00717 15.3665 15.52
    endloop
  endfacet
  facet normal 0 0 -1
    outer loop
      vertex -2.47321 12.4337 15.52
      vertex -2.01003 15.2677 15.52
      vertex -1.65471 12.5688 15.52
    endloop
  endfacet
  facet normal 0 0 -1
    outer loop
      vertex -2.47321 12.4337 15.52
      vertex -3.00429 15.1036 15.52
      vertex -2.01003 15.2677 15.52
    endloop
  endfacet
  facet normal 0 0 -1
    outer loop
      vertex -3.28111 12.2453 15.52
      vertex -3.00429 15.1036 15.52
      vertex -2.47321 12.4337 15.52
    endloop
  endfacet
  facet normal 0 0 -1
    outer loop
      vertex -3.28111 12.2453 15.52
      vertex -3.98567 14.8748 15.52
      vertex -3.00429 15.1036 15.52
    endloop
  endfacet
  facet normal 0 0 -1
    outer loop
      vertex -4.07498 12.0045 15.52
      vertex -3.98567 14.8748 15.52
      vertex -3.28111 12.2453 15.52
    endloop
  endfacet
  facet normal 0 0 -1
    outer loop
      vertex -4.95 14.5822 15.52
      vertex -4.07498 12.0045 15.52
      vertex -4.85138 11.7123 15.52
    endloop
  endfacet
  facet normal 0 0 -1
    outer loop
      vertex -4.07498 12.0045 15.52
      vertex -4.95 14.5822 15.52
      vertex -3.98567 14.8748 15.52
    endloop
  endfacet
  facet normal 0 0 -1
    outer loop
      vertex -5.89313 14.2273 15.52
      vertex -4.85138 11.7123 15.52
      vertex -5.60703 11.3699 15.52
    endloop
  endfacet
  facet normal 0 0 -1
    outer loop
      vertex -4.85138 11.7123 15.52
      vertex -5.89313 14.2273 15.52
      vertex -4.95 14.5822 15.52
    endloop
  endfacet
  facet normal 0 0 -1
    outer loop
      vertex -6.81102 13.8114 15.52
      vertex -5.60703 11.3699 15.52
      vertex -6.11011 11.101 15.52
    endloop
  endfacet
  facet normal 0 0 -1
    outer loop
      vertex -5.60703 11.3699 15.52
      vertex -6.81102 13.8114 15.52
      vertex -5.89313 14.2273 15.52
    endloop
  endfacet
  facet normal 0 0 -1
    outer loop
      vertex -4.34619 6.50453 15.52
      vertex -4.54089 6.66941 15.52
      vertex -4.48372 6.71037 15.52
    endloop
  endfacet
  facet normal 0 0 -1
    outer loop
      vertex -4.34619 6.50453 15.52
      vertex -4.48372 6.71037 15.52
      vertex -4.89687 7.74116 15.52
    endloop
  endfacet
  facet normal 0 0 1
    outer loop
      vertex 3.28111 12.2453 15.52
      vertex 3.88977 9.39076 15.52
      vertex 4.07498 12.0045 15.52
    endloop
  endfacet
  facet normal 0 0 1
    outer loop
      vertex 2.47321 12.4337 15.52
      vertex 3.88977 9.39076 15.52
      vertex 3.28111 12.2453 15.52
    endloop
  endfacet
  facet normal 0 0 1
    outer loop
      vertex 3.88977 9.39076 15.52
      vertex 3.08844 7.45616 15.52
      vertex 3.50543 7.26723 15.52
    endloop
  endfacet
  facet normal 0 0 1
    outer loop
      vertex 3.88977 9.39076 15.52
      vertex 2.59416 7.6422 15.52
      vertex 3.08844 7.45616 15.52
    endloop
  endfacet
  facet normal -0 0 1
    outer loop
      vertex 0 11.735 15.52
      vertex 3.88977 9.39076 15.52
      vertex 2.47321 12.4337 15.52
    endloop
  endfacet
  facet normal 0 0 1
    outer loop
      vertex 3.88977 9.39076 15.52
      vertex 2.08879 7.7955 15.52
      vertex 2.59416 7.6422 15.52
    endloop
  endfacet
  facet normal 0 0 1
    outer loop
      vertex 0 11.735 15.52
      vertex 2.47321 12.4337 15.52
      vertex 1.65471 12.5688 15.52
    endloop
  endfacet
  facet normal 0 0 1
    outer loop
      vertex 3.88977 9.39076 15.52
      vertex 1.57446 7.91542 15.52
      vertex 2.08879 7.7955 15.52
    endloop
  endfacet
  facet normal 0 0 1
    outer loop
      vertex 3.88977 9.39076 15.52
      vertex 0 11.735 15.52
      vertex 1.57446 7.91542 15.52
    endloop
  endfacet
  facet normal 0 0 1
    outer loop
      vertex 0 11.735 15.52
      vertex 1.65471 12.5688 15.52
      vertex 0.829132 12.6501 15.52
    endloop
  endfacet
  facet normal 0 0 1
    outer loop
      vertex 1.57446 7.91542 15.52
      vertex 0 11.735 15.52
      vertex 1.05341 8.00145 15.52
    endloop
  endfacet
  facet normal 0 0 1
    outer loop
      vertex 0 11.735 15.52
      vertex 0.829132 12.6501 15.52
      vertex 0 12.6773 15.52
    endloop
  endfacet
  facet normal 0 0 1
    outer loop
      vertex 1.05341 8.00145 15.52
      vertex 0 11.735 15.52
      vertex 0.527832 8.05321 15.52
    endloop
  endfacet
  facet normal 0 -0 1
    outer loop
      vertex 0 11.735 15.52
      vertex 0 12.6773 15.52
      vertex -0.258988 12.6688 15.52
    endloop
  endfacet
  facet normal 0 0 1
    outer loop
      vertex -5.86749 10.1628 15.52
      vertex -6.33864 10.9789 15.52
      vertex -4.89687 7.74116 15.52
    endloop
  endfacet
  facet normal -0 0 1
    outer loop
      vertex -6.33864 10.9789 15.52
      vertex -5.86749 10.1628 15.52
      vertex -6.11011 11.101 15.52
    endloop
  endfacet
  facet normal 0 0 -1
    outer loop
      vertex -11.3699 5.60703 15.52
      vertex -13.8114 6.81102 15.52
      vertex -11.101 6.11011 15.52
    endloop
  endfacet
  facet normal 0 0 -1
    outer loop
      vertex -11.7123 4.85138 15.52
      vertex -13.8114 6.81102 15.52
      vertex -11.3699 5.60703 15.52
    endloop
  endfacet
  facet normal 0 0 -1
    outer loop
      vertex -14.2273 5.89313 15.52
      vertex -11.7123 4.85138 15.52
      vertex -12.0045 4.07498 15.52
    endloop
  endfacet
  facet normal 0 0 -1
    outer loop
      vertex -14.5822 4.95 15.52
      vertex -12.0045 4.07498 15.52
      vertex -12.2453 3.28111 15.52
    endloop
  endfacet
  facet normal 0 0 -1
    outer loop
      vertex -14.8748 3.98567 15.52
      vertex -12.2453 3.28111 15.52
      vertex -12.4337 2.47321 15.52
    endloop
  endfacet
  facet normal 0 0 -1
    outer loop
      vertex -15.1036 3.00429 15.52
      vertex -12.4337 2.47321 15.52
      vertex -12.5688 1.65471 15.52
    endloop
  endfacet
  facet normal 0 0 -1
    outer loop
      vertex -15.2677 2.01003 15.52
      vertex -12.5688 1.65471 15.52
      vertex -12.6501 0.829132 15.52
    endloop
  endfacet
  facet normal 0 0 -1
    outer loop
      vertex -15.3665 1.00717 15.52
      vertex -12.6501 0.829132 15.52
      vertex -12.6688 0.258988 15.52
    endloop
  endfacet
  facet normal 0 0 -1
    outer loop
      vertex -11.7123 4.85138 15.52
      vertex -14.2273 5.89313 15.52
      vertex -13.8114 6.81102 15.52
    endloop
  endfacet
  facet normal 0 0 -1
    outer loop
      vertex -12.0045 4.07498 15.52
      vertex -14.5822 4.95 15.52
      vertex -14.2273 5.89313 15.52
    endloop
  endfacet
  facet normal 0 0 -1
    outer loop
      vertex -12.2453 3.28111 15.52
      vertex -14.8748 3.98567 15.52
      vertex -14.5822 4.95 15.52
    endloop
  endfacet
  facet normal 0 0 -1
    outer loop
      vertex -12.4337 2.47321 15.52
      vertex -15.1036 3.00429 15.52
      vertex -14.8748 3.98567 15.52
    endloop
  endfacet
  facet normal 0 0 -1
    outer loop
      vertex -12.5688 1.65471 15.52
      vertex -15.2677 2.01003 15.52
      vertex -15.1036 3.00429 15.52
    endloop
  endfacet
  facet normal 0 0 -1
    outer loop
      vertex -12.6501 0.829132 15.52
      vertex -15.3665 1.00717 15.52
      vertex -15.2677 2.01003 15.52
    endloop
  endfacet
  facet normal 0 0 1
    outer loop
      vertex -6.18774 8.06403 15.52
      vertex -4.91299 6.40276 15.52
      vertex -4.54089 6.66941 15.52
    endloop
  endfacet
  facet normal 0 0 1
    outer loop
      vertex -6.18774 8.06403 15.52
      vertex -5.32124 6.06772 15.52
      vertex -4.91299 6.40276 15.52
    endloop
  endfacet
  facet normal 0 0 1
    outer loop
      vertex -6.18774 8.06403 15.52
      vertex -5.7067 5.7067 15.52
      vertex -5.32124 6.06772 15.52
    endloop
  endfacet
  facet normal 0 0 1
    outer loop
      vertex -6.18774 8.06403 15.52
      vertex -6.06772 5.32124 15.52
      vertex -5.7067 5.7067 15.52
    endloop
  endfacet
  facet normal -0 0 1
    outer loop
      vertex -10.1628 5.86749 15.52
      vertex -6.06772 5.32124 15.52
      vertex -6.18774 8.06403 15.52
    endloop
  endfacet
  facet normal 0 0 1
    outer loop
      vertex -6.06772 5.32124 15.52
      vertex -10.1628 5.86749 15.52
      vertex -6.40276 4.91299 15.52
    endloop
  endfacet
  facet normal -0 0 1
    outer loop
      vertex -8.9642 8.9642 15.52
      vertex -6.18774 8.06403 15.52
      vertex -8.35872 9.5313 15.52
    endloop
  endfacet
  facet normal -0 0 1
    outer loop
      vertex -9.5313 8.35872 15.52
      vertex -6.18774 8.06403 15.52
      vertex -8.9642 8.9642 15.52
    endloop
  endfacet
  facet normal 0 0 1
    outer loop
      vertex -10.1628 5.86749 15.52
      vertex -6.18774 8.06403 15.52
      vertex -9.5313 8.35872 15.52
    endloop
  endfacet
  facet normal 0 0 1
    outer loop
      vertex -10.1628 5.86749 15.52
      vertex -9.5313 8.35872 15.52
      vertex -10.0576 7.71744 15.52
    endloop
  endfacet
  facet normal 0 0 1
    outer loop
      vertex -6.40276 4.91299 15.52
      vertex -10.1628 5.86749 15.52
      vertex -6.71037 4.48372 15.52
    endloop
  endfacet
  facet normal -0 0 1
    outer loop
      vertex -10.5408 7.04312 15.52
      vertex -10.1628 5.86749 15.52
      vertex -10.0576 7.71744 15.52
    endloop
  endfacet
  facet normal -0 0 1
    outer loop
      vertex -10.9789 6.33864 15.52
      vertex -10.1628 5.86749 15.52
      vertex -10.5408 7.04312 15.52
    endloop
  endfacet
  facet normal 0 0 1
    outer loop
      vertex -10.1628 5.86749 15.52
      vertex -10.9789 6.33864 15.52
      vertex -11.101 6.11011 15.52
    endloop
  endfacet
  facet normal 0 0 1
    outer loop
      vertex -11.735 0 15.52
      vertex -12.6773 0 15.52
      vertex -9.15259 -0.370222 15.52
    endloop
  endfacet
  facet normal 0 0 1
    outer loop
      vertex -12.6773 0 15.52
      vertex -11.735 0 15.52
      vertex -12.6688 0.258988 15.52
    endloop
  endfacet
  facet normal 0 0 -1
    outer loop
      vertex -8.5555 -12.8042 15.52
      vertex -7.04312 -10.5408 15.52
      vertex -6.55869 -10.842 15.52
    endloop
  endfacet
  facet normal 0 0 -1
    outer loop
      vertex -8.5555 -12.8042 15.52
      vertex -7.71744 -10.0576 15.52
      vertex -7.04312 -10.5408 15.52
    endloop
  endfacet
  facet normal 0 0 -1
    outer loop
      vertex -9.37462 -12.2172 15.52
      vertex -7.71744 -10.0576 15.52
      vertex -8.5555 -12.8042 15.52
    endloop
  endfacet
  facet normal -0 0 -1
    outer loop
      vertex -7.71744 -10.0576 15.52
      vertex -9.37462 -12.2172 15.52
      vertex -8.35872 -9.5313 15.52
    endloop
  endfacet
  facet normal 0 0 -1
    outer loop
      vertex -10.1536 -11.5779 15.52
      vertex -8.35872 -9.5313 15.52
      vertex -9.37462 -12.2172 15.52
    endloop
  endfacet
  facet normal -0 0 -1
    outer loop
      vertex -8.35872 -9.5313 15.52
      vertex -10.1536 -11.5779 15.52
      vertex -8.9642 -8.9642 15.52
    endloop
  endfacet
  facet normal 0 0 -1
    outer loop
      vertex -10.8891 -10.8891 15.52
      vertex -8.9642 -8.9642 15.52
      vertex -10.1536 -11.5779 15.52
    endloop
  endfacet
  facet normal -0 0 -1
    outer loop
      vertex -8.9642 -8.9642 15.52
      vertex -10.8891 -10.8891 15.52
      vertex -9.5313 -8.35872 15.52
    endloop
  endfacet
  facet normal 0 0 -1
    outer loop
      vertex -11.5779 -10.1536 15.52
      vertex -9.5313 -8.35872 15.52
      vertex -10.8891 -10.8891 15.52
    endloop
  endfacet
  facet normal -0 0 -1
    outer loop
      vertex -9.5313 -8.35872 15.52
      vertex -11.5779 -10.1536 15.52
      vertex -10.0576 -7.71744 15.52
    endloop
  endfacet
  facet normal 0 0 -1
    outer loop
      vertex -12.2172 -9.37462 15.52
      vertex -10.0576 -7.71744 15.52
      vertex -11.5779 -10.1536 15.52
    endloop
  endfacet
  facet normal -0 0 -1
    outer loop
      vertex -10.0576 -7.71744 15.52
      vertex -12.2172 -9.37462 15.52
      vertex -10.5408 -7.04312 15.52
    endloop
  endfacet
  facet normal 0 0 -1
    outer loop
      vertex -12.8042 -8.5555 15.52
      vertex -10.5408 -7.04312 15.52
      vertex -12.2172 -9.37462 15.52
    endloop
  endfacet
  facet normal -0 0 -1
    outer loop
      vertex -10.5408 -7.04312 15.52
      vertex -12.8042 -8.5555 15.52
      vertex -10.842 -6.55869 15.52
    endloop
  endfacet
  facet normal 0 0 1
    outer loop
      vertex -10.0775 -1.32672 15.52
      vertex -8.00145 -1.05341 15.52
      vertex -8.04632 -0.597815 15.52
    endloop
  endfacet
  facet normal -0 0 1
    outer loop
      vertex -10.0775 -1.32672 15.52
      vertex -7.91542 -1.57446 15.52
      vertex -8.00145 -1.05341 15.52
    endloop
  endfacet
  facet normal 0 0 1
    outer loop
      vertex -10.0775 -1.32672 15.52
      vertex -7.7955 -2.08879 15.52
      vertex -7.91542 -1.57446 15.52
    endloop
  endfacet
  facet normal 0 0 1
    outer loop
      vertex -10.0775 -1.32672 15.52
      vertex -7.6422 -2.59416 15.52
      vertex -7.7955 -2.08879 15.52
    endloop
  endfacet
  facet normal 0 0 1
    outer loop
      vertex -10.1628 -5.86749 15.52
      vertex -7.6422 -2.59416 15.52
      vertex -10.0775 -1.32672 15.52
    endloop
  endfacet
  facet normal 0 0 1
    outer loop
      vertex -7.6422 -2.59416 15.52
      vertex -10.1628 -5.86749 15.52
      vertex -7.45616 -3.08844 15.52
    endloop
  endfacet
  facet normal 0 0 1
    outer loop
      vertex -7.45616 -3.08844 15.52
      vertex -10.1628 -5.86749 15.52
      vertex -7.2382 -3.56949 15.52
    endloop
  endfacet
  facet normal -0 0 1
    outer loop
      vertex -12.0045 -4.07498 15.52
      vertex -10.1628 -5.86749 15.52
      vertex -10.0775 -1.32672 15.52
    endloop
  endfacet
  facet normal 0 0 1
    outer loop
      vertex -10.1628 -5.86749 15.52
      vertex -10.9789 -6.33864 15.52
      vertex -10.842 -6.55869 15.52
    endloop
  endfacet
  facet normal 0 0 1
    outer loop
      vertex -10.1628 -5.86749 15.52
      vertex -11.3699 -5.60703 15.52
      vertex -10.9789 -6.33864 15.52
    endloop
  endfacet
  facet normal 0 0 1
    outer loop
      vertex -10.1628 -5.86749 15.52
      vertex -11.7123 -4.85138 15.52
      vertex -11.3699 -5.60703 15.52
    endloop
  endfacet
  facet normal 0 0 1
    outer loop
      vertex -10.1628 -5.86749 15.52
      vertex -12.0045 -4.07498 15.52
      vertex -11.7123 -4.85138 15.52
    endloop
  endfacet
  facet normal 0 0 1
    outer loop
      vertex -10.0775 -1.32672 15.52
      vertex -12.2453 -3.28111 15.52
      vertex -12.0045 -4.07498 15.52
    endloop
  endfacet
  facet normal 0 -0 1
    outer loop
      vertex -12.2453 -3.28111 15.52
      vertex -10.0775 -1.32672 15.52
      vertex -12.4337 -2.47321 15.52
    endloop
  endfacet
  facet normal -0 0 1
    outer loop
      vertex -5.86749 -10.1628 15.52
      vertex -6.33864 -10.9789 15.52
      vertex -4.25565 -8.11146 15.52
    endloop
  endfacet
  facet normal 0 -0 1
    outer loop
      vertex -6.33864 -10.9789 15.52
      vertex -5.86749 -10.1628 15.52
      vertex -6.55869 -10.842 15.52
    endloop
  endfacet
  facet normal 0 0 1
    outer loop
      vertex 0 -11.735 15.52
      vertex 0 -12.6773 15.52
      vertex 0.258988 -12.6688 15.52
    endloop
  endfacet
  facet normal 0 0 1
    outer loop
      vertex -1.05341 -8.00145 15.52
      vertex 0 -11.735 15.52
      vertex -0.527832 -8.05321 15.52
    endloop
  endfacet
  facet normal 0 0 1
    outer loop
      vertex 0 -11.735 15.52
      vertex -0.829132 -12.6501 15.52
      vertex 0 -12.6773 15.52
    endloop
  endfacet
  facet normal 0 0 1
    outer loop
      vertex -1.57446 -7.91542 15.52
      vertex 0 -11.735 15.52
      vertex -1.05341 -8.00145 15.52
    endloop
  endfacet
  facet normal -0 0 1
    outer loop
      vertex -3.88977 -9.39076 15.52
      vertex 0 -11.735 15.52
      vertex -1.57446 -7.91542 15.52
    endloop
  endfacet
  facet normal 0 0 1
    outer loop
      vertex 0 -11.735 15.52
      vertex -1.65471 -12.5688 15.52
      vertex -0.829132 -12.6501 15.52
    endloop
  endfacet
  facet normal 0 0 1
    outer loop
      vertex -3.88977 -9.39076 15.52
      vertex -1.57446 -7.91542 15.52
      vertex -2.08879 -7.7955 15.52
    endloop
  endfacet
  facet normal 0 0 1
    outer loop
      vertex 0 -11.735 15.52
      vertex -3.88977 -9.39076 15.52
      vertex -2.47321 -12.4337 15.52
    endloop
  endfacet
  facet normal 0 0 1
    outer loop
      vertex -3.88977 -9.39076 15.52
      vertex -2.08879 -7.7955 15.52
      vertex -2.59416 -7.6422 15.52
    endloop
  endfacet
  facet normal 0 0 1
    outer loop
      vertex -3.88977 -9.39076 15.52
      vertex -2.59416 -7.6422 15.52
      vertex -3.08844 -7.45616 15.52
    endloop
  endfacet
  facet normal 0 0 1
    outer loop
      vertex 0 -11.735 15.52
      vertex -2.47321 -12.4337 15.52
      vertex -1.65471 -12.5688 15.52
    endloop
  endfacet
  facet normal 0 0 1
    outer loop
      vertex -3.88977 -9.39076 15.52
      vertex -3.08844 -7.45616 15.52
      vertex -3.50543 -7.26723 15.52
    endloop
  endfacet
  facet normal 0 0 1
    outer loop
      vertex -2.47321 -12.4337 15.52
      vertex -3.88977 -9.39076 15.52
      vertex -3.28111 -12.2453 15.52
    endloop
  endfacet
  facet normal 0 0 1
    outer loop
      vertex -3.28111 -12.2453 15.52
      vertex -3.88977 -9.39076 15.52
      vertex -4.07498 -12.0045 15.52
    endloop
  endfacet
  facet normal 0.0980097 -0.995185 0
    outer loop
      vertex 1.08095 -12.6253 12.61
      vertex 0.829132 -12.6501 15.52
      vertex 0.829132 -12.6501 12.61
    endloop
  endfacet
  facet normal 0.0980024 -0.995186 -6.34203e-07
    outer loop
      vertex 0.829132 -12.6501 15.52
      vertex 1.08095 -12.6253 12.61
      vertex 1.65471 -12.5688 15.52
    endloop
  endfacet
  facet normal 0.0979992 -0.995186 0
    outer loop
      vertex 1.65471 -12.5688 15.52
      vertex 1.08095 -12.6253 12.61
      vertex 1.65471 -12.5688 12.61
    endloop
  endfacet
  facet normal 0.162855 -0.98665 0
    outer loop
      vertex 1.65471 -12.5688 12.61
      vertex 2.47321 -12.4337 15.52
      vertex 1.65471 -12.5688 15.52
    endloop
  endfacet
  facet normal 0.162855 -0.98665 0
    outer loop
      vertex 2.47321 -12.4337 15.52
      vertex 1.65471 -12.5688 12.61
      vertex 2.47321 -12.4337 12.61
    endloop
  endfacet
  facet normal 0.227104 -0.973871 0
    outer loop
      vertex 2.47321 -12.4337 12.61
      vertex 3.28111 -12.2453 15.52
      vertex 2.47321 -12.4337 15.52
    endloop
  endfacet
  facet normal 0.227104 -0.973871 0
    outer loop
      vertex 3.28111 -12.2453 15.52
      vertex 2.47321 -12.4337 12.61
      vertex 3.28111 -12.2453 12.61
    endloop
  endfacet
  facet normal 0.290265 -0.956946 0
    outer loop
      vertex 3.28111 -12.2453 12.61
      vertex 4.07498 -12.0045 15.52
      vertex 3.28111 -12.2453 15.52
    endloop
  endfacet
  facet normal 0.290265 -0.956946 0
    outer loop
      vertex 4.07498 -12.0045 15.52
      vertex 3.28111 -12.2453 12.61
      vertex 4.07498 -12.0045 12.61
    endloop
  endfacet
  facet normal 0.352233 -0.935912 0
    outer loop
      vertex 4.07498 -12.0045 12.61
      vertex 4.85138 -11.7123 15.52
      vertex 4.07498 -12.0045 15.52
    endloop
  endfacet
  facet normal 0.352233 -0.935912 0
    outer loop
      vertex 4.85138 -11.7123 15.52
      vertex 4.07498 -12.0045 12.61
      vertex 4.85138 -11.7123 12.61
    endloop
  endfacet
  facet normal 0.412726 -0.910855 0
    outer loop
      vertex 4.85138 -11.7123 12.61
      vertex 5.60703 -11.3699 15.52
      vertex 4.85138 -11.7123 15.52
    endloop
  endfacet
  facet normal 0.412726 -0.910855 0
    outer loop
      vertex 5.60703 -11.3699 15.52
      vertex 4.85138 -11.7123 12.61
      vertex 5.60703 -11.3699 12.61
    endloop
  endfacet
  facet normal 0.471394 -0.881923 0
    outer loop
      vertex 5.60703 -11.3699 12.61
      vertex 6.11011 -11.101 15.52
      vertex 5.60703 -11.3699 15.52
    endloop
  endfacet
  facet normal 0.471346 -0.881948 1.06253e-05
    outer loop
      vertex 6.33864 -10.9789 12.61
      vertex 6.11011 -11.101 15.52
      vertex 5.60703 -11.3699 12.61
    endloop
  endfacet
  facet normal 0.471241 -0.882004 0
    outer loop
      vertex 6.11011 -11.101 15.52
      vertex 6.33864 -10.9789 12.61
      vertex 6.33864 -10.9789 15.52
    endloop
  endfacet
  facet normal 0.913519 0.406796 0
    outer loop
      vertex 4.89687 -7.74116 15.52
      vertex 4.34619 -6.50453 12.61
      vertex 4.34619 -6.50453 15.52
    endloop
  endfacet
  facet normal 0.913519 0.406796 6.71266e-08
    outer loop
      vertex 4.89687 -7.74116 15.52
      vertex 6.24795 -10.7752 12.61
      vertex 4.34619 -6.50453 12.61
    endloop
  endfacet
  facet normal 0.913521 0.406792 5.61468e-06
    outer loop
      vertex 6.33864 -10.9789 15.52
      vertex 6.24795 -10.7752 12.61
      vertex 4.89687 -7.74116 15.52
    endloop
  endfacet
  facet normal 0.913551 0.406725 0
    outer loop
      vertex 6.24795 -10.7752 12.61
      vertex 6.33864 -10.9789 15.52
      vertex 6.33864 -10.9789 12.61
    endloop
  endfacet
  facet normal -0.646248 -0.763128 0
    outer loop
      vertex 4.34619 -6.50453 12.61
      vertex 4.54089 -6.66941 15.52
      vertex 4.34619 -6.50453 15.52
    endloop
  endfacet
  facet normal -0.646248 -0.763128 -1.6234e-08
    outer loop
      vertex 6.18774 -8.06403 12.61
      vertex 4.54089 -6.66941 15.52
      vertex 4.34619 -6.50453 12.61
    endloop
  endfacet
  facet normal -0.646248 -0.763128 0
    outer loop
      vertex 4.54089 -6.66941 15.52
      vertex 6.18774 -8.06403 12.61
      vertex 6.18774 -8.06403 15.52
    endloop
  endfacet
  facet normal -0.55996 -0.82852 0
    outer loop
      vertex 8.31093 -9.499 12.61
      vertex 6.18774 -8.06403 15.52
      vertex 6.18774 -8.06403 12.61
    endloop
  endfacet
  facet normal -0.55996 -0.82852 -2.38777e-07
    outer loop
      vertex 6.18774 -8.06403 15.52
      vertex 8.31093 -9.499 12.61
      vertex 8.35872 -9.5313 15.52
    endloop
  endfacet
  facet normal -0.55997 -0.828513 -0
    outer loop
      vertex 8.35872 -9.5313 15.52
      vertex 8.31093 -9.499 12.61
      vertex 8.35872 -9.5313 12.61
    endloop
  endfacet
  facet normal 0.683596 -0.72986 0
    outer loop
      vertex 8.35872 -9.5313 12.61
      vertex 8.9642 -8.9642 15.52
      vertex 8.35872 -9.5313 15.52
    endloop
  endfacet
  facet normal 0.683596 -0.72986 0
    outer loop
      vertex 8.9642 -8.9642 15.52
      vertex 8.35872 -9.5313 12.61
      vertex 8.9642 -8.9642 12.61
    endloop
  endfacet
  facet normal 0.72986 -0.683596 0
    outer loop
      vertex 8.9642 -8.9642 15.52
      vertex 9.5313 -8.35872 12.61
      vertex 9.5313 -8.35872 15.52
    endloop
  endfacet
  facet normal 0.72986 -0.683596 0
    outer loop
      vertex 9.5313 -8.35872 12.61
      vertex 8.9642 -8.9642 15.52
      vertex 8.9642 -8.9642 12.61
    endloop
  endfacet
  facet normal 0.773002 -0.634404 0
    outer loop
      vertex 9.5313 -8.35872 15.52
      vertex 10.0576 -7.71744 12.61
      vertex 10.0576 -7.71744 15.52
    endloop
  endfacet
  facet normal 0.773002 -0.634404 0
    outer loop
      vertex 10.0576 -7.71744 12.61
      vertex 9.5313 -8.35872 15.52
      vertex 9.5313 -8.35872 12.61
    endloop
  endfacet
  facet normal 0.812853 -0.582469 0
    outer loop
      vertex 10.0576 -7.71744 15.52
      vertex 10.5408 -7.04312 12.61
      vertex 10.5408 -7.04312 15.52
    endloop
  endfacet
  facet normal 0.812853 -0.582469 0
    outer loop
      vertex 10.5408 -7.04312 12.61
      vertex 10.0576 -7.71744 15.52
      vertex 10.0576 -7.71744 12.61
    endloop
  endfacet
  facet normal 0.849188 -0.528091 0
    outer loop
      vertex 10.5408 -7.04312 15.52
      vertex 10.9789 -6.33864 12.61
      vertex 10.9789 -6.33864 15.52
    endloop
  endfacet
  facet normal 0.849188 -0.528091 0
    outer loop
      vertex 10.9789 -6.33864 12.61
      vertex 10.5408 -7.04312 15.52
      vertex 10.5408 -7.04312 12.61
    endloop
  endfacet
  facet normal 0.881923 -0.471394 0
    outer loop
      vertex 11.101 -6.11011 15.52
      vertex 11.3699 -5.60703 12.61
      vertex 11.3699 -5.60703 15.52
    endloop
  endfacet
  facet normal 0.882004 -0.471241 0
    outer loop
      vertex 10.9789 -6.33864 12.61
      vertex 11.101 -6.11011 15.52
      vertex 10.9789 -6.33864 15.52
    endloop
  endfacet
  facet normal 0.881948 -0.471346 1.06253e-05
    outer loop
      vertex 11.101 -6.11011 15.52
      vertex 10.9789 -6.33864 12.61
      vertex 11.3699 -5.60703 12.61
    endloop
  endfacet
  facet normal 0.910842 -0.412755 0
    outer loop
      vertex 11.7123 -4.85138 15.52
      vertex 11.6737 -4.93656 12.61
      vertex 11.7123 -4.85138 12.61
    endloop
  endfacet
  facet normal 0.910855 -0.412726 -1.01816e-06
    outer loop
      vertex 11.3699 -5.60703 15.52
      vertex 11.6737 -4.93656 12.61
      vertex 11.7123 -4.85138 15.52
    endloop
  endfacet
  facet normal 0.910857 -0.412723 0
    outer loop
      vertex 11.6737 -4.93656 12.61
      vertex 11.3699 -5.60703 15.52
      vertex 11.3699 -5.60703 12.61
    endloop
  endfacet
  facet normal 0.935912 -0.352233 0
    outer loop
      vertex 11.7123 -4.85138 15.52
      vertex 12.0045 -4.07498 12.61
      vertex 12.0045 -4.07498 15.52
    endloop
  endfacet
  facet normal 0.935912 -0.352233 0
    outer loop
      vertex 12.0045 -4.07498 12.61
      vertex 11.7123 -4.85138 15.52
      vertex 11.7123 -4.85138 12.61
    endloop
  endfacet
  facet normal 0.956946 -0.290265 0
    outer loop
      vertex 12.0045 -4.07498 15.52
      vertex 12.2453 -3.28111 12.61
      vertex 12.2453 -3.28111 15.52
    endloop
  endfacet
  facet normal 0.956946 -0.290265 0
    outer loop
      vertex 12.2453 -3.28111 12.61
      vertex 12.0045 -4.07498 15.52
      vertex 12.0045 -4.07498 12.61
    endloop
  endfacet
  facet normal 0.973855 -0.227171 0
    outer loop
      vertex 12.4337 -2.47321 15.52
      vertex 12.34 -2.87489 12.61
      vertex 12.4337 -2.47321 12.61
    endloop
  endfacet
  facet normal 0.973871 -0.227104 -9.82491e-06
    outer loop
      vertex 12.2453 -3.28111 15.52
      vertex 12.34 -2.87489 12.61
      vertex 12.4337 -2.47321 15.52
    endloop
  endfacet
  facet normal 0.973886 -0.227037 0
    outer loop
      vertex 12.34 -2.87489 12.61
      vertex 12.2453 -3.28111 15.52
      vertex 12.2453 -3.28111 12.61
    endloop
  endfacet
  facet normal 0.98665 -0.162855 0
    outer loop
      vertex 12.4337 -2.47321 15.52
      vertex 12.5688 -1.65471 12.61
      vertex 12.5688 -1.65471 15.52
    endloop
  endfacet
  facet normal 0.98665 -0.162855 0
    outer loop
      vertex 12.5688 -1.65471 12.61
      vertex 12.4337 -2.47321 15.52
      vertex 12.4337 -2.47321 12.61
    endloop
  endfacet
  facet normal 0.995186 -0.0980024 0
    outer loop
      vertex 12.5688 -1.65471 15.52
      vertex 12.6501 -0.829132 12.61
      vertex 12.6501 -0.829132 15.52
    endloop
  endfacet
  facet normal 0.995186 -0.0980024 0
    outer loop
      vertex 12.6501 -0.829132 12.61
      vertex 12.5688 -1.65471 15.52
      vertex 12.5688 -1.65471 12.61
    endloop
  endfacet
  facet normal 0.999462 -0.0328024 0
    outer loop
      vertex 12.6688 -0.258988 15.52
      vertex 12.6773 0 12.61
      vertex 12.6773 0 15.52
    endloop
  endfacet
  facet normal 0.999463 -0.0327811 0
    outer loop
      vertex 12.6501 -0.829132 12.61
      vertex 12.6688 -0.258988 15.52
      vertex 12.6501 -0.829132 15.52
    endloop
  endfacet
  facet normal 0.999462 -0.0327878 1.30419e-06
    outer loop
      vertex 12.6688 -0.258988 15.52
      vertex 12.6501 -0.829132 12.61
      vertex 12.6773 0 12.61
    endloop
  endfacet
  facet normal 0.104461 0.994529 -3.66705e-07
    outer loop
      vertex 9.98992 0.282271 12.61
      vertex 9.15259 0.370222 15.52
      vertex 12.6773 0 15.52
    endloop
  endfacet
  facet normal 0.104461 0.994529 0
    outer loop
      vertex 9.98992 0.282271 12.61
      vertex 12.6773 0 15.52
      vertex 12.6773 0 12.61
    endloop
  endfacet
  facet normal 0.104461 0.994529 -4.53439e-07
    outer loop
      vertex 7.80618 0.511642 12.61
      vertex 9.15259 0.370222 15.52
      vertex 9.98992 0.282271 12.61
    endloop
  endfacet
  facet normal 0.10446 0.994529 0
    outer loop
      vertex 9.15259 0.370222 15.52
      vertex 7.80618 0.511642 12.61
      vertex 7.80618 0.511642 15.52
    endloop
  endfacet
  facet normal 0.337757 -0.941233 0
    outer loop
      vertex 7.80618 0.511642 12.61
      vertex 8.04632 0.597815 15.52
      vertex 7.80618 0.511642 15.52
    endloop
  endfacet
  facet normal 0.337767 -0.94123 -9.07483e-07
    outer loop
      vertex 10.0775 1.32672 12.61
      vertex 8.04632 0.597815 15.52
      vertex 7.80618 0.511642 12.61
    endloop
  endfacet
  facet normal 0.337768 -0.94123 0
    outer loop
      vertex 8.04632 0.597815 15.52
      vertex 10.0775 1.32672 12.61
      vertex 10.0775 1.32672 15.52
    endloop
  endfacet
  facet normal 0.437535 -0.899201 0
    outer loop
      vertex 11.8646 2.19629 12.61
      vertex 10.0775 1.32672 15.52
      vertex 10.0775 1.32672 12.61
    endloop
  endfacet
  facet normal 0.437537 -0.8992 1.50095e-06
    outer loop
      vertex 10.0775 1.32672 15.52
      vertex 11.8646 2.19629 12.61
      vertex 12.4337 2.47321 15.52
    endloop
  endfacet
  facet normal 0.437543 -0.899197 0
    outer loop
      vertex 12.4337 2.47321 15.52
      vertex 11.8646 2.19629 12.61
      vertex 12.4337 2.47321 12.61
    endloop
  endfacet
  facet normal 0.973886 0.227037 0
    outer loop
      vertex 12.2453 3.28111 15.52
      vertex 12.34 2.87489 12.61
      vertex 12.2453 3.28111 12.61
    endloop
  endfacet
  facet normal 0.973871 0.227104 -9.82491e-06
    outer loop
      vertex 12.4337 2.47321 15.52
      vertex 12.34 2.87489 12.61
      vertex 12.2453 3.28111 15.52
    endloop
  endfacet
  facet normal 0.973855 0.227171 0
    outer loop
      vertex 12.34 2.87489 12.61
      vertex 12.4337 2.47321 15.52
      vertex 12.4337 2.47321 12.61
    endloop
  endfacet
  facet normal 0.956946 0.290265 0
    outer loop
      vertex 12.2453 3.28111 15.52
      vertex 12.0045 4.07498 12.61
      vertex 12.0045 4.07498 15.52
    endloop
  endfacet
  facet normal 0.956946 0.290265 0
    outer loop
      vertex 12.0045 4.07498 12.61
      vertex 12.2453 3.28111 15.52
      vertex 12.2453 3.28111 12.61
    endloop
  endfacet
  facet normal 0.935912 0.352233 0
    outer loop
      vertex 12.0045 4.07498 15.52
      vertex 11.7123 4.85138 12.61
      vertex 11.7123 4.85138 15.52
    endloop
  endfacet
  facet normal 0.935912 0.352233 0
    outer loop
      vertex 11.7123 4.85138 12.61
      vertex 12.0045 4.07498 15.52
      vertex 12.0045 4.07498 12.61
    endloop
  endfacet
  facet normal 0.910857 0.412723 0
    outer loop
      vertex 11.3699 5.60703 15.52
      vertex 11.6737 4.93656 12.61
      vertex 11.3699 5.60703 12.61
    endloop
  endfacet
  facet normal 0.910855 0.412726 -1.01816e-06
    outer loop
      vertex 11.7123 4.85138 15.52
      vertex 11.6737 4.93656 12.61
      vertex 11.3699 5.60703 15.52
    endloop
  endfacet
  facet normal 0.910842 0.412755 0
    outer loop
      vertex 11.6737 4.93656 12.61
      vertex 11.7123 4.85138 15.52
      vertex 11.7123 4.85138 12.61
    endloop
  endfacet
  facet normal 0.881948 0.471346 0
    outer loop
      vertex 11.3699 5.60703 15.52
      vertex 10.9789 6.33864 12.61
      vertex 10.9789 6.33864 15.52
    endloop
  endfacet
  facet normal 0.881948 0.471346 0
    outer loop
      vertex 10.9789 6.33864 12.61
      vertex 11.3699 5.60703 15.52
      vertex 11.3699 5.60703 12.61
    endloop
  endfacet
  facet normal 0.849232 0.52802 0
    outer loop
      vertex 10.842 6.55869 15.52
      vertex 10.5408 7.04312 12.61
      vertex 10.5408 7.04312 15.52
    endloop
  endfacet
  facet normal 0.849091 0.528246 -0
    outer loop
      vertex 10.9789 6.33864 12.61
      vertex 10.842 6.55869 15.52
      vertex 10.9789 6.33864 15.52
    endloop
  endfacet
  facet normal 0.849188 0.528091 1.63236e-05
    outer loop
      vertex 10.842 6.55869 15.52
      vertex 10.9789 6.33864 12.61
      vertex 10.5408 7.04312 12.61
    endloop
  endfacet
  facet normal 0.812853 0.582469 0
    outer loop
      vertex 10.5408 7.04312 15.52
      vertex 10.0576 7.71744 12.61
      vertex 10.0576 7.71744 15.52
    endloop
  endfacet
  facet normal 0.812853 0.582469 0
    outer loop
      vertex 10.0576 7.71744 12.61
      vertex 10.5408 7.04312 15.52
      vertex 10.5408 7.04312 12.61
    endloop
  endfacet
  facet normal 0.773002 0.634404 0
    outer loop
      vertex 10.0576 7.71744 15.52
      vertex 9.5313 8.35872 12.61
      vertex 9.5313 8.35872 15.52
    endloop
  endfacet
  facet normal 0.773002 0.634404 0
    outer loop
      vertex 9.5313 8.35872 12.61
      vertex 10.0576 7.71744 15.52
      vertex 10.0576 7.71744 12.61
    endloop
  endfacet
  facet normal 0.72986 0.683596 0
    outer loop
      vertex 9.5313 8.35872 15.52
      vertex 8.9642 8.9642 12.61
      vertex 8.9642 8.9642 15.52
    endloop
  endfacet
  facet normal 0.72986 0.683596 0
    outer loop
      vertex 8.9642 8.9642 12.61
      vertex 9.5313 8.35872 15.52
      vertex 9.5313 8.35872 12.61
    endloop
  endfacet
  facet normal 0.683596 0.72986 -0
    outer loop
      vertex 8.9642 8.9642 12.61
      vertex 8.35872 9.5313 15.52
      vertex 8.9642 8.9642 15.52
    endloop
  endfacet
  facet normal 0.683596 0.72986 0
    outer loop
      vertex 8.35872 9.5313 15.52
      vertex 8.9642 8.9642 12.61
      vertex 8.35872 9.5313 12.61
    endloop
  endfacet
  facet normal 0.634325 0.773066 0
    outer loop
      vertex 8.30417 9.57606 12.61
      vertex 8.35872 9.5313 15.52
      vertex 8.35872 9.5313 12.61
    endloop
  endfacet
  facet normal 0.634404 0.773002 -2.47385e-06
    outer loop
      vertex 8.35872 9.5313 15.52
      vertex 8.30417 9.57606 12.61
      vertex 7.71744 10.0576 15.52
    endloop
  endfacet
  facet normal 0.634411 0.772996 0
    outer loop
      vertex 7.71744 10.0576 15.52
      vertex 8.30417 9.57606 12.61
      vertex 7.71744 10.0576 12.61
    endloop
  endfacet
  facet normal 0.582469 0.812853 -0
    outer loop
      vertex 7.71744 10.0576 12.61
      vertex 7.04312 10.5408 15.52
      vertex 7.71744 10.0576 15.52
    endloop
  endfacet
  facet normal 0.582469 0.812853 0
    outer loop
      vertex 7.04312 10.5408 15.52
      vertex 7.71744 10.0576 12.61
      vertex 7.04312 10.5408 12.61
    endloop
  endfacet
  facet normal 0.52802 0.849232 1.36088e-06
    outer loop
      vertex 6.54567 10.8501 12.61
      vertex 6.55869 10.842 15.52
      vertex 7.04312 10.5408 15.52
    endloop
  endfacet
  facet normal 0.528026 0.849228 0
    outer loop
      vertex 6.54567 10.8501 12.61
      vertex 7.04312 10.5408 15.52
      vertex 7.04312 10.5408 12.61
    endloop
  endfacet
  facet normal 0.528246 0.849091 -4.37576e-08
    outer loop
      vertex 6.55869 10.842 15.52
      vertex 6.54567 10.8501 12.61
      vertex 6.33864 10.9789 15.52
    endloop
  endfacet
  facet normal 0.528247 0.849091 0
    outer loop
      vertex 6.33864 10.9789 15.52
      vertex 6.54567 10.8501 12.61
      vertex 6.33864 10.9789 12.61
    endloop
  endfacet
  facet normal -0.809132 0.587627 0
    outer loop
      vertex 6.17371 10.7518 12.61
      vertex 6.33864 10.9789 15.52
      vertex 6.33864 10.9789 12.61
    endloop
  endfacet
  facet normal -0.809061 0.587725 -1.16498e-05
    outer loop
      vertex 6.17371 10.7518 12.61
      vertex 4.25565 8.11146 15.52
      vertex 6.33864 10.9789 15.52
    endloop
  endfacet
  facet normal -0.809056 0.587732 -1.41505e-06
    outer loop
      vertex 3.45999 7.01617 12.61
      vertex 4.25565 8.11146 15.52
      vertex 6.17371 10.7518 12.61
    endloop
  endfacet
  facet normal -0.809057 0.58773 0
    outer loop
      vertex 4.25565 8.11146 15.52
      vertex 3.45999 7.01617 12.61
      vertex 3.45999 7.01617 15.52
    endloop
  endfacet
  facet normal 0.984013 -0.178098 0
    outer loop
      vertex 3.50543 7.26723 15.52
      vertex 3.88977 9.39076 12.61
      vertex 3.88977 9.39076 15.52
    endloop
  endfacet
  facet normal 0.984013 -0.178099 0
    outer loop
      vertex 3.45999 7.01617 12.61
      vertex 3.50543 7.26723 15.52
      vertex 3.45999 7.01617 15.52
    endloop
  endfacet
  facet normal 0.984013 -0.178098 -1.14321e-07
    outer loop
      vertex 3.50543 7.26723 15.52
      vertex 3.45999 7.01617 12.61
      vertex 3.88977 9.39076 12.61
    endloop
  endfacet
  facet normal 0.997499 -0.0706825 0
    outer loop
      vertex 4.07498 12.0045 15.52
      vertex 3.91641 9.7667 12.61
      vertex 4.07498 12.0045 12.61
    endloop
  endfacet
  facet normal 0.997499 -0.0706829 2.86713e-07
    outer loop
      vertex 3.88977 9.39076 15.52
      vertex 3.91641 9.7667 12.61
      vertex 4.07498 12.0045 15.52
    endloop
  endfacet
  facet normal 0.997499 -0.0706851 0
    outer loop
      vertex 3.91641 9.7667 12.61
      vertex 3.88977 9.39076 15.52
      vertex 3.88977 9.39076 12.61
    endloop
  endfacet
  facet normal 0.290265 0.956946 -0
    outer loop
      vertex 4.07498 12.0045 12.61
      vertex 3.28111 12.2453 15.52
      vertex 4.07498 12.0045 15.52
    endloop
  endfacet
  facet normal 0.290265 0.956946 0
    outer loop
      vertex 3.28111 12.2453 15.52
      vertex 4.07498 12.0045 12.61
      vertex 3.28111 12.2453 12.61
    endloop
  endfacet
  facet normal 0.227104 0.973871 -0
    outer loop
      vertex 3.28111 12.2453 12.61
      vertex 2.47321 12.4337 15.52
      vertex 3.28111 12.2453 15.52
    endloop
  endfacet
  facet normal 0.227104 0.973871 0
    outer loop
      vertex 2.47321 12.4337 15.52
      vertex 3.28111 12.2453 12.61
      vertex 2.47321 12.4337 12.61
    endloop
  endfacet
  facet normal 0.162855 0.98665 -0
    outer loop
      vertex 2.47321 12.4337 12.61
      vertex 1.65471 12.5688 15.52
      vertex 2.47321 12.4337 15.52
    endloop
  endfacet
  facet normal 0.162855 0.98665 0
    outer loop
      vertex 1.65471 12.5688 15.52
      vertex 2.47321 12.4337 12.61
      vertex 1.65471 12.5688 12.61
    endloop
  endfacet
  facet normal 0.0979992 0.995186 0
    outer loop
      vertex 1.08095 12.6253 12.61
      vertex 1.65471 12.5688 15.52
      vertex 1.65471 12.5688 12.61
    endloop
  endfacet
  facet normal 0.0980024 0.995186 -6.34203e-07
    outer loop
      vertex 1.65471 12.5688 15.52
      vertex 1.08095 12.6253 12.61
      vertex 0.829132 12.6501 15.52
    endloop
  endfacet
  facet normal 0.0980097 0.995185 0
    outer loop
      vertex 0.829132 12.6501 15.52
      vertex 1.08095 12.6253 12.61
      vertex 0.829132 12.6501 12.61
    endloop
  endfacet
  facet normal 0.0327878 0.999462 -0
    outer loop
      vertex 0.829132 12.6501 12.61
      vertex 0 12.6773 15.52
      vertex 0.829132 12.6501 15.52
    endloop
  endfacet
  facet normal 0.0327878 0.999462 0
    outer loop
      vertex 0 12.6773 15.52
      vertex 0.829132 12.6501 12.61
      vertex 0 12.6773 12.61
    endloop
  endfacet
  facet normal -0.0328024 0.999462 0
    outer loop
      vertex 0 12.6773 12.61
      vertex -0.258988 12.6688 15.52
      vertex 0 12.6773 15.52
    endloop
  endfacet
  facet normal -0.0327878 0.999462 1.30419e-06
    outer loop
      vertex -0.829132 12.6501 12.61
      vertex -0.258988 12.6688 15.52
      vertex 0 12.6773 12.61
    endloop
  endfacet
  facet normal -0.0327811 0.999463 0
    outer loop
      vertex -0.258988 12.6688 15.52
      vertex -0.829132 12.6501 12.61
      vertex -0.829132 12.6501 15.52
    endloop
  endfacet
  facet normal -0.0980097 0.995185 0
    outer loop
      vertex -1.08095 12.6253 12.61
      vertex -0.829132 12.6501 15.52
      vertex -0.829132 12.6501 12.61
    endloop
  endfacet
  facet normal -0.0980024 0.995186 -6.34203e-07
    outer loop
      vertex -0.829132 12.6501 15.52
      vertex -1.08095 12.6253 12.61
      vertex -1.65471 12.5688 15.52
    endloop
  endfacet
  facet normal -0.0979992 0.995186 0
    outer loop
      vertex -1.65471 12.5688 15.52
      vertex -1.08095 12.6253 12.61
      vertex -1.65471 12.5688 12.61
    endloop
  endfacet
  facet normal -0.162855 0.98665 0
    outer loop
      vertex -1.65471 12.5688 12.61
      vertex -2.47321 12.4337 15.52
      vertex -1.65471 12.5688 15.52
    endloop
  endfacet
  facet normal -0.162855 0.98665 0
    outer loop
      vertex -2.47321 12.4337 15.52
      vertex -1.65471 12.5688 12.61
      vertex -2.47321 12.4337 12.61
    endloop
  endfacet
  facet normal -0.227104 0.973871 0
    outer loop
      vertex -2.47321 12.4337 12.61
      vertex -3.28111 12.2453 15.52
      vertex -2.47321 12.4337 15.52
    endloop
  endfacet
  facet normal -0.227104 0.973871 0
    outer loop
      vertex -3.28111 12.2453 15.52
      vertex -2.47321 12.4337 12.61
      vertex -3.28111 12.2453 12.61
    endloop
  endfacet
  facet normal -0.290265 0.956946 0
    outer loop
      vertex -3.28111 12.2453 12.61
      vertex -4.07498 12.0045 15.52
      vertex -3.28111 12.2453 15.52
    endloop
  endfacet
  facet normal -0.290265 0.956946 0
    outer loop
      vertex -4.07498 12.0045 15.52
      vertex -3.28111 12.2453 12.61
      vertex -4.07498 12.0045 12.61
    endloop
  endfacet
  facet normal -0.352233 0.935912 0
    outer loop
      vertex -4.07498 12.0045 12.61
      vertex -4.85138 11.7123 15.52
      vertex -4.07498 12.0045 15.52
    endloop
  endfacet
  facet normal -0.352233 0.935912 0
    outer loop
      vertex -4.85138 11.7123 15.52
      vertex -4.07498 12.0045 12.61
      vertex -4.85138 11.7123 12.61
    endloop
  endfacet
  facet normal -0.412726 0.910855 0
    outer loop
      vertex -4.85138 11.7123 12.61
      vertex -5.60703 11.3699 15.52
      vertex -4.85138 11.7123 15.52
    endloop
  endfacet
  facet normal -0.412726 0.910855 0
    outer loop
      vertex -5.60703 11.3699 15.52
      vertex -4.85138 11.7123 12.61
      vertex -5.60703 11.3699 12.61
    endloop
  endfacet
  facet normal -0.471394 0.881923 0
    outer loop
      vertex -5.60703 11.3699 12.61
      vertex -6.11011 11.101 15.52
      vertex -5.60703 11.3699 15.52
    endloop
  endfacet
  facet normal -0.471346 0.881948 1.06253e-05
    outer loop
      vertex -6.33864 10.9789 12.61
      vertex -6.11011 11.101 15.52
      vertex -5.60703 11.3699 12.61
    endloop
  endfacet
  facet normal -0.471241 0.882004 0
    outer loop
      vertex -6.11011 11.101 15.52
      vertex -6.33864 10.9789 12.61
      vertex -6.33864 10.9789 15.52
    endloop
  endfacet
  facet normal -0.913551 -0.406725 0
    outer loop
      vertex -6.24795 10.7752 12.61
      vertex -6.33864 10.9789 15.52
      vertex -6.33864 10.9789 12.61
    endloop
  endfacet
  facet normal -0.913521 -0.406792 5.61468e-06
    outer loop
      vertex -6.24795 10.7752 12.61
      vertex -4.89687 7.74116 15.52
      vertex -6.33864 10.9789 15.52
    endloop
  endfacet
  facet normal -0.913519 -0.406796 6.71266e-08
    outer loop
      vertex -4.34619 6.50453 12.61
      vertex -4.89687 7.74116 15.52
      vertex -6.24795 10.7752 12.61
    endloop
  endfacet
  facet normal -0.913519 -0.406796 0
    outer loop
      vertex -4.89687 7.74116 15.52
      vertex -4.34619 6.50453 12.61
      vertex -4.34619 6.50453 15.52
    endloop
  endfacet
  facet normal 0.646248 0.763128 -0
    outer loop
      vertex -4.34619 6.50453 12.61
      vertex -4.54089 6.66941 15.52
      vertex -4.34619 6.50453 15.52
    endloop
  endfacet
  facet normal 0.646248 0.763128 -1.6234e-08
    outer loop
      vertex -6.18774 8.06403 12.61
      vertex -4.54089 6.66941 15.52
      vertex -4.34619 6.50453 12.61
    endloop
  endfacet
  facet normal 0.646248 0.763128 0
    outer loop
      vertex -4.54089 6.66941 15.52
      vertex -6.18774 8.06403 12.61
      vertex -6.18774 8.06403 15.52
    endloop
  endfacet
  facet normal 0.55996 0.82852 0
    outer loop
      vertex -8.31093 9.499 12.61
      vertex -6.18774 8.06403 15.52
      vertex -6.18774 8.06403 12.61
    endloop
  endfacet
  facet normal 0.55996 0.82852 -2.38777e-07
    outer loop
      vertex -6.18774 8.06403 15.52
      vertex -8.31093 9.499 12.61
      vertex -8.35872 9.5313 15.52
    endloop
  endfacet
  facet normal 0.55997 0.828513 0
    outer loop
      vertex -8.35872 9.5313 15.52
      vertex -8.31093 9.499 12.61
      vertex -8.35872 9.5313 12.61
    endloop
  endfacet
  facet normal -0.683596 0.72986 0
    outer loop
      vertex -8.35872 9.5313 12.61
      vertex -8.9642 8.9642 15.52
      vertex -8.35872 9.5313 15.52
    endloop
  endfacet
  facet normal -0.683596 0.72986 0
    outer loop
      vertex -8.9642 8.9642 15.52
      vertex -8.35872 9.5313 12.61
      vertex -8.9642 8.9642 12.61
    endloop
  endfacet
  facet normal -0.72986 0.683596 0
    outer loop
      vertex -9.5313 8.35872 12.61
      vertex -8.9642 8.9642 15.52
      vertex -8.9642 8.9642 12.61
    endloop
  endfacet
  facet normal -0.72986 0.683596 0
    outer loop
      vertex -8.9642 8.9642 15.52
      vertex -9.5313 8.35872 12.61
      vertex -9.5313 8.35872 15.52
    endloop
  endfacet
  facet normal -0.773002 0.634404 0
    outer loop
      vertex -10.0576 7.71744 12.61
      vertex -9.5313 8.35872 15.52
      vertex -9.5313 8.35872 12.61
    endloop
  endfacet
  facet normal -0.773002 0.634404 0
    outer loop
      vertex -9.5313 8.35872 15.52
      vertex -10.0576 7.71744 12.61
      vertex -10.0576 7.71744 15.52
    endloop
  endfacet
  facet normal -0.812853 0.582469 0
    outer loop
      vertex -10.5408 7.04312 12.61
      vertex -10.0576 7.71744 15.52
      vertex -10.0576 7.71744 12.61
    endloop
  endfacet
  facet normal -0.812853 0.582469 0
    outer loop
      vertex -10.0576 7.71744 15.52
      vertex -10.5408 7.04312 12.61
      vertex -10.5408 7.04312 15.52
    endloop
  endfacet
  facet normal -0.849188 0.528091 0
    outer loop
      vertex -10.9789 6.33864 12.61
      vertex -10.5408 7.04312 15.52
      vertex -10.5408 7.04312 12.61
    endloop
  endfacet
  facet normal -0.849188 0.528091 0
    outer loop
      vertex -10.5408 7.04312 15.52
      vertex -10.9789 6.33864 12.61
      vertex -10.9789 6.33864 15.52
    endloop
  endfacet
  facet normal -0.882004 0.471241 0
    outer loop
      vertex -10.9789 6.33864 12.61
      vertex -11.101 6.11011 15.52
      vertex -10.9789 6.33864 15.52
    endloop
  endfacet
  facet normal -0.881948 0.471346 1.06253e-05
    outer loop
      vertex -11.3699 5.60703 12.61
      vertex -11.101 6.11011 15.52
      vertex -10.9789 6.33864 12.61
    endloop
  endfacet
  facet normal -0.881923 0.471394 0
    outer loop
      vertex -11.101 6.11011 15.52
      vertex -11.3699 5.60703 12.61
      vertex -11.3699 5.60703 15.52
    endloop
  endfacet
  facet normal -0.910857 0.412723 0
    outer loop
      vertex -11.6737 4.93656 12.61
      vertex -11.3699 5.60703 15.52
      vertex -11.3699 5.60703 12.61
    endloop
  endfacet
  facet normal -0.910842 0.412755 0
    outer loop
      vertex -11.7123 4.85138 15.52
      vertex -11.6737 4.93656 12.61
      vertex -11.7123 4.85138 12.61
    endloop
  endfacet
  facet normal -0.910855 0.412726 -1.01816e-06
    outer loop
      vertex -11.6737 4.93656 12.61
      vertex -11.7123 4.85138 15.52
      vertex -11.3699 5.60703 15.52
    endloop
  endfacet
  facet normal -0.935912 0.352233 0
    outer loop
      vertex -12.0045 4.07498 12.61
      vertex -11.7123 4.85138 15.52
      vertex -11.7123 4.85138 12.61
    endloop
  endfacet
  facet normal -0.935912 0.352233 0
    outer loop
      vertex -11.7123 4.85138 15.52
      vertex -12.0045 4.07498 12.61
      vertex -12.0045 4.07498 15.52
    endloop
  endfacet
  facet normal -0.956946 0.290265 0
    outer loop
      vertex -12.2453 3.28111 12.61
      vertex -12.0045 4.07498 15.52
      vertex -12.0045 4.07498 12.61
    endloop
  endfacet
  facet normal -0.956946 0.290265 0
    outer loop
      vertex -12.0045 4.07498 15.52
      vertex -12.2453 3.28111 12.61
      vertex -12.2453 3.28111 15.52
    endloop
  endfacet
  facet normal -0.973886 0.227037 0
    outer loop
      vertex -12.34 2.87489 12.61
      vertex -12.2453 3.28111 15.52
      vertex -12.2453 3.28111 12.61
    endloop
  endfacet
  facet normal -0.973855 0.227171 0
    outer loop
      vertex -12.4337 2.47321 15.52
      vertex -12.34 2.87489 12.61
      vertex -12.4337 2.47321 12.61
    endloop
  endfacet
  facet normal -0.973871 0.227104 -9.82491e-06
    outer loop
      vertex -12.34 2.87489 12.61
      vertex -12.4337 2.47321 15.52
      vertex -12.2453 3.28111 15.52
    endloop
  endfacet
  facet normal -0.98665 0.162855 0
    outer loop
      vertex -12.5688 1.65471 12.61
      vertex -12.4337 2.47321 15.52
      vertex -12.4337 2.47321 12.61
    endloop
  endfacet
  facet normal -0.98665 0.162855 0
    outer loop
      vertex -12.4337 2.47321 15.52
      vertex -12.5688 1.65471 12.61
      vertex -12.5688 1.65471 15.52
    endloop
  endfacet
  facet normal -0.995186 0.0980024 0
    outer loop
      vertex -12.6501 0.829132 12.61
      vertex -12.5688 1.65471 15.52
      vertex -12.5688 1.65471 12.61
    endloop
  endfacet
  facet normal -0.995186 0.0980024 0
    outer loop
      vertex -12.5688 1.65471 15.52
      vertex -12.6501 0.829132 12.61
      vertex -12.6501 0.829132 15.52
    endloop
  endfacet
  facet normal -0.999463 0.0327811 0
    outer loop
      vertex -12.6501 0.829132 12.61
      vertex -12.6688 0.258988 15.52
      vertex -12.6501 0.829132 15.52
    endloop
  endfacet
  facet normal -0.999462 0.0327878 1.30419e-06
    outer loop
      vertex -12.6773 0 12.61
      vertex -12.6688 0.258988 15.52
      vertex -12.6501 0.829132 12.61
    endloop
  endfacet
  facet normal -0.999462 0.0328024 0
    outer loop
      vertex -12.6688 0.258988 15.52
      vertex -12.6773 0 12.61
      vertex -12.6773 0 15.52
    endloop
  endfacet
  facet normal -0.104461 -0.994529 -3.66705e-07
    outer loop
      vertex -9.98992 -0.282271 12.61
      vertex -9.15259 -0.370222 15.52
      vertex -12.6773 0 15.52
    endloop
  endfacet
  facet normal -0.104461 -0.994529 0
    outer loop
      vertex -9.98992 -0.282271 12.61
      vertex -12.6773 0 15.52
      vertex -12.6773 0 12.61
    endloop
  endfacet
  facet normal -0.104461 -0.994529 -4.53439e-07
    outer loop
      vertex -7.80618 -0.511642 12.61
      vertex -9.15259 -0.370222 15.52
      vertex -9.98992 -0.282271 12.61
    endloop
  endfacet
  facet normal -0.10446 -0.994529 0
    outer loop
      vertex -9.15259 -0.370222 15.52
      vertex -7.80618 -0.511642 12.61
      vertex -7.80618 -0.511642 15.52
    endloop
  endfacet
  facet normal -0.337757 0.941233 0
    outer loop
      vertex -7.80618 -0.511642 12.61
      vertex -8.04632 -0.597815 15.52
      vertex -7.80618 -0.511642 15.52
    endloop
  endfacet
  facet normal -0.337767 0.94123 -9.07483e-07
    outer loop
      vertex -10.0775 -1.32672 12.61
      vertex -8.04632 -0.597815 15.52
      vertex -7.80618 -0.511642 12.61
    endloop
  endfacet
  facet normal -0.337768 0.94123 0
    outer loop
      vertex -8.04632 -0.597815 15.52
      vertex -10.0775 -1.32672 12.61
      vertex -10.0775 -1.32672 15.52
    endloop
  endfacet
  facet normal -0.437535 0.899201 0
    outer loop
      vertex -11.8646 -2.19629 12.61
      vertex -10.0775 -1.32672 15.52
      vertex -10.0775 -1.32672 12.61
    endloop
  endfacet
  facet normal -0.437537 0.8992 1.50095e-06
    outer loop
      vertex -10.0775 -1.32672 15.52
      vertex -11.8646 -2.19629 12.61
      vertex -12.4337 -2.47321 15.52
    endloop
  endfacet
  facet normal -0.437543 0.899197 0
    outer loop
      vertex -12.4337 -2.47321 15.52
      vertex -11.8646 -2.19629 12.61
      vertex -12.4337 -2.47321 12.61
    endloop
  endfacet
  facet normal -0.973855 -0.227171 0
    outer loop
      vertex -12.34 -2.87489 12.61
      vertex -12.4337 -2.47321 15.52
      vertex -12.4337 -2.47321 12.61
    endloop
  endfacet
  facet normal -0.973886 -0.227037 -0
    outer loop
      vertex -12.2453 -3.28111 15.52
      vertex -12.34 -2.87489 12.61
      vertex -12.2453 -3.28111 12.61
    endloop
  endfacet
  facet normal -0.973871 -0.227104 -9.82491e-06
    outer loop
      vertex -12.34 -2.87489 12.61
      vertex -12.2453 -3.28111 15.52
      vertex -12.4337 -2.47321 15.52
    endloop
  endfacet
  facet normal -0.956946 -0.290265 0
    outer loop
      vertex -12.0045 -4.07498 12.61
      vertex -12.2453 -3.28111 15.52
      vertex -12.2453 -3.28111 12.61
    endloop
  endfacet
  facet normal -0.956946 -0.290265 0
    outer loop
      vertex -12.2453 -3.28111 15.52
      vertex -12.0045 -4.07498 12.61
      vertex -12.0045 -4.07498 15.52
    endloop
  endfacet
  facet normal -0.935912 -0.352233 0
    outer loop
      vertex -11.7123 -4.85138 12.61
      vertex -12.0045 -4.07498 15.52
      vertex -12.0045 -4.07498 12.61
    endloop
  endfacet
  facet normal -0.935912 -0.352233 0
    outer loop
      vertex -12.0045 -4.07498 15.52
      vertex -11.7123 -4.85138 12.61
      vertex -11.7123 -4.85138 15.52
    endloop
  endfacet
  facet normal -0.910842 -0.412755 0
    outer loop
      vertex -11.6737 -4.93656 12.61
      vertex -11.7123 -4.85138 15.52
      vertex -11.7123 -4.85138 12.61
    endloop
  endfacet
  facet normal -0.910857 -0.412723 -0
    outer loop
      vertex -11.3699 -5.60703 15.52
      vertex -11.6737 -4.93656 12.61
      vertex -11.3699 -5.60703 12.61
    endloop
  endfacet
  facet normal -0.910855 -0.412726 -1.01816e-06
    outer loop
      vertex -11.6737 -4.93656 12.61
      vertex -11.3699 -5.60703 15.52
      vertex -11.7123 -4.85138 15.52
    endloop
  endfacet
  facet normal -0.881948 -0.471346 0
    outer loop
      vertex -10.9789 -6.33864 12.61
      vertex -11.3699 -5.60703 15.52
      vertex -11.3699 -5.60703 12.61
    endloop
  endfacet
  facet normal -0.881948 -0.471346 0
    outer loop
      vertex -11.3699 -5.60703 15.52
      vertex -10.9789 -6.33864 12.61
      vertex -10.9789 -6.33864 15.52
    endloop
  endfacet
  facet normal -0.849091 -0.528246 0
    outer loop
      vertex -10.9789 -6.33864 12.61
      vertex -10.842 -6.55869 15.52
      vertex -10.9789 -6.33864 15.52
    endloop
  endfacet
  facet normal -0.849188 -0.528091 1.63236e-05
    outer loop
      vertex -10.5408 -7.04312 12.61
      vertex -10.842 -6.55869 15.52
      vertex -10.9789 -6.33864 12.61
    endloop
  endfacet
  facet normal -0.849232 -0.52802 0
    outer loop
      vertex -10.842 -6.55869 15.52
      vertex -10.5408 -7.04312 12.61
      vertex -10.5408 -7.04312 15.52
    endloop
  endfacet
  facet normal -0.812853 -0.582469 0
    outer loop
      vertex -10.0576 -7.71744 12.61
      vertex -10.5408 -7.04312 15.52
      vertex -10.5408 -7.04312 12.61
    endloop
  endfacet
  facet normal -0.812853 -0.582469 0
    outer loop
      vertex -10.5408 -7.04312 15.52
      vertex -10.0576 -7.71744 12.61
      vertex -10.0576 -7.71744 15.52
    endloop
  endfacet
  facet normal -0.773002 -0.634404 0
    outer loop
      vertex -9.5313 -8.35872 12.61
      vertex -10.0576 -7.71744 15.52
      vertex -10.0576 -7.71744 12.61
    endloop
  endfacet
  facet normal -0.773002 -0.634404 0
    outer loop
      vertex -10.0576 -7.71744 15.52
      vertex -9.5313 -8.35872 12.61
      vertex -9.5313 -8.35872 15.52
    endloop
  endfacet
  facet normal -0.72986 -0.683596 0
    outer loop
      vertex -8.9642 -8.9642 12.61
      vertex -9.5313 -8.35872 15.52
      vertex -9.5313 -8.35872 12.61
    endloop
  endfacet
  facet normal -0.72986 -0.683596 0
    outer loop
      vertex -9.5313 -8.35872 15.52
      vertex -8.9642 -8.9642 12.61
      vertex -8.9642 -8.9642 15.52
    endloop
  endfacet
  facet normal -0.683596 -0.72986 0
    outer loop
      vertex -8.9642 -8.9642 12.61
      vertex -8.35872 -9.5313 15.52
      vertex -8.9642 -8.9642 15.52
    endloop
  endfacet
  facet normal -0.683596 -0.72986 -0
    outer loop
      vertex -8.35872 -9.5313 15.52
      vertex -8.9642 -8.9642 12.61
      vertex -8.35872 -9.5313 12.61
    endloop
  endfacet
  facet normal -0.634325 -0.773066 0
    outer loop
      vertex -8.30417 -9.57606 12.61
      vertex -8.35872 -9.5313 15.52
      vertex -8.35872 -9.5313 12.61
    endloop
  endfacet
  facet normal -0.634404 -0.773002 -2.47385e-06
    outer loop
      vertex -8.35872 -9.5313 15.52
      vertex -8.30417 -9.57606 12.61
      vertex -7.71744 -10.0576 15.52
    endloop
  endfacet
  facet normal -0.634411 -0.772996 -0
    outer loop
      vertex -7.71744 -10.0576 15.52
      vertex -8.30417 -9.57606 12.61
      vertex -7.71744 -10.0576 12.61
    endloop
  endfacet
  facet normal -0.582469 -0.812853 0
    outer loop
      vertex -7.71744 -10.0576 12.61
      vertex -7.04312 -10.5408 15.52
      vertex -7.71744 -10.0576 15.52
    endloop
  endfacet
  facet normal -0.582469 -0.812853 -0
    outer loop
      vertex -7.04312 -10.5408 15.52
      vertex -7.71744 -10.0576 12.61
      vertex -7.04312 -10.5408 12.61
    endloop
  endfacet
  facet normal -0.52802 -0.849232 1.36088e-06
    outer loop
      vertex -6.54567 -10.8501 12.61
      vertex -6.55869 -10.842 15.52
      vertex -7.04312 -10.5408 15.52
    endloop
  endfacet
  facet normal -0.528026 -0.849228 0
    outer loop
      vertex -6.54567 -10.8501 12.61
      vertex -7.04312 -10.5408 15.52
      vertex -7.04312 -10.5408 12.61
    endloop
  endfacet
  facet normal -0.528246 -0.849091 -4.37576e-08
    outer loop
      vertex -6.55869 -10.842 15.52
      vertex -6.54567 -10.8501 12.61
      vertex -6.33864 -10.9789 15.52
    endloop
  endfacet
  facet normal -0.528247 -0.849091 -0
    outer loop
      vertex -6.33864 -10.9789 15.52
      vertex -6.54567 -10.8501 12.61
      vertex -6.33864 -10.9789 12.61
    endloop
  endfacet
  facet normal 0.809057 -0.58773 0
    outer loop
      vertex -4.25565 -8.11146 15.52
      vertex -3.45999 -7.01617 12.61
      vertex -3.45999 -7.01617 15.52
    endloop
  endfacet
  facet normal 0.809056 -0.587732 -1.41505e-06
    outer loop
      vertex -4.25565 -8.11146 15.52
      vertex -6.17371 -10.7518 12.61
      vertex -3.45999 -7.01617 12.61
    endloop
  endfacet
  facet normal 0.809061 -0.587725 -1.16498e-05
    outer loop
      vertex -6.33864 -10.9789 15.52
      vertex -6.17371 -10.7518 12.61
      vertex -4.25565 -8.11146 15.52
    endloop
  endfacet
  facet normal 0.809132 -0.587627 0
    outer loop
      vertex -6.17371 -10.7518 12.61
      vertex -6.33864 -10.9789 15.52
      vertex -6.33864 -10.9789 12.61
    endloop
  endfacet
  facet normal -0.984013 0.178099 0
    outer loop
      vertex -3.45999 -7.01617 12.61
      vertex -3.50543 -7.26723 15.52
      vertex -3.45999 -7.01617 15.52
    endloop
  endfacet
  facet normal -0.984013 0.178098 -1.14321e-07
    outer loop
      vertex -3.88977 -9.39076 12.61
      vertex -3.50543 -7.26723 15.52
      vertex -3.45999 -7.01617 12.61
    endloop
  endfacet
  facet normal -0.984013 0.178098 0
    outer loop
      vertex -3.50543 -7.26723 15.52
      vertex -3.88977 -9.39076 12.61
      vertex -3.88977 -9.39076 15.52
    endloop
  endfacet
  facet normal -0.997499 0.0706851 0
    outer loop
      vertex -3.91641 -9.7667 12.61
      vertex -3.88977 -9.39076 15.52
      vertex -3.88977 -9.39076 12.61
    endloop
  endfacet
  facet normal -0.997499 0.0706825 0
    outer loop
      vertex -4.07498 -12.0045 15.52
      vertex -3.91641 -9.7667 12.61
      vertex -4.07498 -12.0045 12.61
    endloop
  endfacet
  facet normal -0.997499 0.0706829 2.86713e-07
    outer loop
      vertex -3.91641 -9.7667 12.61
      vertex -4.07498 -12.0045 15.52
      vertex -3.88977 -9.39076 15.52
    endloop
  endfacet
  facet normal -0.290265 -0.956946 0
    outer loop
      vertex -4.07498 -12.0045 12.61
      vertex -3.28111 -12.2453 15.52
      vertex -4.07498 -12.0045 15.52
    endloop
  endfacet
  facet normal -0.290265 -0.956946 -0
    outer loop
      vertex -3.28111 -12.2453 15.52
      vertex -4.07498 -12.0045 12.61
      vertex -3.28111 -12.2453 12.61
    endloop
  endfacet
  facet normal -0.227104 -0.973871 0
    outer loop
      vertex -3.28111 -12.2453 12.61
      vertex -2.47321 -12.4337 15.52
      vertex -3.28111 -12.2453 15.52
    endloop
  endfacet
  facet normal -0.227104 -0.973871 -0
    outer loop
      vertex -2.47321 -12.4337 15.52
      vertex -3.28111 -12.2453 12.61
      vertex -2.47321 -12.4337 12.61
    endloop
  endfacet
  facet normal -0.162855 -0.98665 0
    outer loop
      vertex -2.47321 -12.4337 12.61
      vertex -1.65471 -12.5688 15.52
      vertex -2.47321 -12.4337 15.52
    endloop
  endfacet
  facet normal -0.162855 -0.98665 -0
    outer loop
      vertex -1.65471 -12.5688 15.52
      vertex -2.47321 -12.4337 12.61
      vertex -1.65471 -12.5688 12.61
    endloop
  endfacet
  facet normal -0.0979992 -0.995186 0
    outer loop
      vertex -1.08095 -12.6253 12.61
      vertex -1.65471 -12.5688 15.52
      vertex -1.65471 -12.5688 12.61
    endloop
  endfacet
  facet normal -0.0980024 -0.995186 -6.34203e-07
    outer loop
      vertex -1.65471 -12.5688 15.52
      vertex -1.08095 -12.6253 12.61
      vertex -0.829132 -12.6501 15.52
    endloop
  endfacet
  facet normal -0.0980097 -0.995185 -0
    outer loop
      vertex -0.829132 -12.6501 15.52
      vertex -1.08095 -12.6253 12.61
      vertex -0.829132 -12.6501 12.61
    endloop
  endfacet
  facet normal -0.0327878 -0.999462 0
    outer loop
      vertex -0.829132 -12.6501 12.61
      vertex 0 -12.6773 15.52
      vertex -0.829132 -12.6501 15.52
    endloop
  endfacet
  facet normal -0.0327878 -0.999462 -0
    outer loop
      vertex 0 -12.6773 15.52
      vertex -0.829132 -12.6501 12.61
      vertex 0 -12.6773 12.61
    endloop
  endfacet
  facet normal 0.0328024 -0.999462 0
    outer loop
      vertex 0 -12.6773 12.61
      vertex 0.258988 -12.6688 15.52
      vertex 0 -12.6773 15.52
    endloop
  endfacet
  facet normal 0.0327878 -0.999462 1.30419e-06
    outer loop
      vertex 0.829132 -12.6501 12.61
      vertex 0.258988 -12.6688 15.52
      vertex 0 -12.6773 12.61
    endloop
  endfacet
  facet normal 0.0327811 -0.999463 0
    outer loop
      vertex 0.258988 -12.6688 15.52
      vertex 0.829132 -12.6501 12.61
      vertex 0.829132 -12.6501 15.52
    endloop
  endfacet
  facet normal 0 0 -1
    outer loop
      vertex -4.91299 6.40276 18.43
      vertex -5.38483 8.95859 18.43
      vertex -4.48372 6.71037 18.43
    endloop
  endfacet
  facet normal 0 0 -1
    outer loop
      vertex -5.32124 6.06772 18.43
      vertex -5.38483 8.95859 18.43
      vertex -4.91299 6.40276 18.43
    endloop
  endfacet
  facet normal 0 0 -1
    outer loop
      vertex -7.93726 6.96078 18.43
      vertex -5.32124 6.06772 18.43
      vertex -5.7067 5.7067 18.43
    endloop
  endfacet
  facet normal 0 0 -1
    outer loop
      vertex -7.93726 6.96078 18.43
      vertex -5.7067 5.7067 18.43
      vertex -6.06772 5.32124 18.43
    endloop
  endfacet
  facet normal 0 0 -1
    outer loop
      vertex -5.32124 6.06772 18.43
      vertex -7.93726 6.96078 18.43
      vertex -5.38483 8.95859 18.43
    endloop
  endfacet
  facet normal 0 0 -1
    outer loop
      vertex -7.93726 6.96078 18.43
      vertex -6.06772 5.32124 18.43
      vertex -6.40276 4.91299 18.43
    endloop
  endfacet
  facet normal 0 0 -1
    outer loop
      vertex -7.93726 6.96078 18.43
      vertex -6.40276 4.91299 18.43
      vertex -6.71037 4.48372 18.43
    endloop
  endfacet
  facet normal -0 0 -1
    outer loop
      vertex -5.38483 8.95859 18.43
      vertex -7.93726 6.96078 18.43
      vertex -6.30148 9.43083 18.43
    endloop
  endfacet
  facet normal 0 0 -1
    outer loop
      vertex -8.2979 8.2979 18.43
      vertex -6.30148 9.43083 18.43
      vertex -7.93726 6.96078 18.43
    endloop
  endfacet
  facet normal 0 0 -1
    outer loop
      vertex -6.71037 4.48372 18.43
      vertex -8.68701 6.66577 18.43
      vertex -7.93726 6.96078 18.43
    endloop
  endfacet
  facet normal 0 0 -1
    outer loop
      vertex -10.1628 5.86749 18.43
      vertex -8.68701 6.66577 18.43
      vertex -6.71037 4.48372 18.43
    endloop
  endfacet
  facet normal -0 0 -1
    outer loop
      vertex -8.68701 6.66577 18.43
      vertex -10.1628 5.86749 18.43
      vertex -10.0837 6.73775 18.43
    endloop
  endfacet
  facet normal 0 0 -1
    outer loop
      vertex -11.2732 6.15466 18.43
      vertex -10.0837 6.73775 18.43
      vertex -10.1628 5.86749 18.43
    endloop
  endfacet
  facet normal 0 0 -1
    outer loop
      vertex -10.0837 6.73775 18.43
      vertex -11.2732 6.15466 18.43
      vertex -11.5229 6.65274 18.43
    endloop
  endfacet
  facet normal -0 0 -1
    outer loop
      vertex -6.30148 9.43083 18.43
      vertex -8.2979 8.2979 18.43
      vertex -7.62184 9.93297 18.43
    endloop
  endfacet
  facet normal 0 0 -1
    outer loop
      vertex -7.62184 9.93297 18.43
      vertex -8.2979 8.2979 18.43
      vertex -8.51404 9.7084 18.43
    endloop
  endfacet
  facet normal 0 0 1
    outer loop
      vertex -11.3351 3.03723 18.43
      vertex -10.1162 4.19028 18.43
      vertex -10.8769 5.36391 18.43
    endloop
  endfacet
  facet normal -0 0 1
    outer loop
      vertex -14.2273 5.89313 18.43
      vertex -10.8769 5.36391 18.43
      vertex -11.2732 6.15466 18.43
    endloop
  endfacet
  facet normal 0 0 1
    outer loop
      vertex -10.1162 4.19028 18.43
      vertex -11.3351 3.03723 18.43
      vertex -9.99686 3.39346 18.43
    endloop
  endfacet
  facet normal 0 0 1
    outer loop
      vertex -10.8769 5.36391 18.43
      vertex -14.5822 4.95 18.43
      vertex -11.3351 3.03723 18.43
    endloop
  endfacet
  facet normal 0 0 1
    outer loop
      vertex -14.2273 5.89313 18.43
      vertex -11.2732 6.15466 18.43
      vertex -13.8114 6.81102 18.43
    endloop
  endfacet
  facet normal 0 0 1
    outer loop
      vertex -11.3181 0.741821 18.43
      vertex -10.4508 -0.184106 18.43
      vertex -10.1645 0 18.43
    endloop
  endfacet
  facet normal 0 0 1
    outer loop
      vertex -11.3181 0.741821 18.43
      vertex -11.735 0 18.43
      vertex -10.4508 -0.184106 18.43
    endloop
  endfacet
  facet normal 0 0 1
    outer loop
      vertex -12.4131 1.63422 18.43
      vertex -11.735 0 18.43
      vertex -11.3181 0.741821 18.43
    endloop
  endfacet
  facet normal 0 0 1
    outer loop
      vertex -10.8769 5.36391 18.43
      vertex -14.2273 5.89313 18.43
      vertex -14.5822 4.95 18.43
    endloop
  endfacet
  facet normal 0 0 1
    outer loop
      vertex -11.3351 3.03723 18.43
      vertex -14.5822 4.95 18.43
      vertex -12.6647 2.51917 18.43
    endloop
  endfacet
  facet normal -0 0 1
    outer loop
      vertex -14.8748 3.98567 18.43
      vertex -12.6647 2.51917 18.43
      vertex -14.5822 4.95 18.43
    endloop
  endfacet
  facet normal -0 0 1
    outer loop
      vertex -15.1036 3.00429 18.43
      vertex -12.6647 2.51917 18.43
      vertex -14.8748 3.98567 18.43
    endloop
  endfacet
  facet normal 0 0 1
    outer loop
      vertex -15.2677 2.01003 18.43
      vertex -12.6647 2.51917 18.43
      vertex -15.1036 3.00429 18.43
    endloop
  endfacet
  facet normal 0 0 1
    outer loop
      vertex -12.6647 2.51917 18.43
      vertex -15.2677 2.01003 18.43
      vertex -12.4131 1.63422 18.43
    endloop
  endfacet
  facet normal 0 0 1
    outer loop
      vertex -15.3665 1.00717 18.43
      vertex -12.4131 1.63422 18.43
      vertex -15.2677 2.01003 18.43
    endloop
  endfacet
  facet normal 0 0 1
    outer loop
      vertex -12.4131 1.63422 18.43
      vertex -15.3665 1.00717 18.43
      vertex -11.735 0 18.43
    endloop
  endfacet
  facet normal 0 0 1
    outer loop
      vertex 9.37462 12.2172 18.43
      vertex 7.62184 9.93297 18.43
      vertex 8.51404 9.7084 18.43
    endloop
  endfacet
  facet normal -0 0 1
    outer loop
      vertex 5.86749 10.1628 18.43
      vertex 7.62184 9.93297 18.43
      vertex 8.5555 12.8042 18.43
    endloop
  endfacet
  facet normal 0 0 1
    outer loop
      vertex 7.62184 9.93297 18.43
      vertex 5.86749 10.1628 18.43
      vertex 6.30148 9.43083 18.43
    endloop
  endfacet
  facet normal 0 0 1
    outer loop
      vertex 5.06595 9.1427 18.43
      vertex 6.30148 9.43083 18.43
      vertex 5.86749 10.1628 18.43
    endloop
  endfacet
  facet normal 0 0 1
    outer loop
      vertex 6.30148 9.43083 18.43
      vertex 5.06595 9.1427 18.43
      vertex 5.08224 8.8027 18.43
    endloop
  endfacet
  facet normal 0 0 1
    outer loop
      vertex 10.0837 6.73775 18.43
      vertex 12.2172 9.37462 18.43
      vertex 11.5779 10.1536 18.43
    endloop
  endfacet
  facet normal 0 0 1
    outer loop
      vertex 12.2172 9.37462 18.43
      vertex 10.9667 6.68559 18.43
      vertex 12.8042 8.5555 18.43
    endloop
  endfacet
  facet normal 0 0 1
    outer loop
      vertex 8.51404 9.7084 18.43
      vertex 11.5779 10.1536 18.43
      vertex 10.8891 10.8891 18.43
    endloop
  endfacet
  facet normal 0 0 1
    outer loop
      vertex 8.51404 9.7084 18.43
      vertex 10.8891 10.8891 18.43
      vertex 10.1536 11.5779 18.43
    endloop
  endfacet
  facet normal 0 0 1
    outer loop
      vertex 11.5779 10.1536 18.43
      vertex 8.51404 9.7084 18.43
      vertex 10.0837 6.73775 18.43
    endloop
  endfacet
  facet normal 0 0 1
    outer loop
      vertex 8.51404 9.7084 18.43
      vertex 10.1536 11.5779 18.43
      vertex 9.37462 12.2172 18.43
    endloop
  endfacet
  facet normal 0 0 1
    outer loop
      vertex 12.2172 9.37462 18.43
      vertex 10.0837 6.73775 18.43
      vertex 10.9667 6.68559 18.43
    endloop
  endfacet
  facet normal 0 0 1
    outer loop
      vertex 7.62184 9.93297 18.43
      vertex 9.37462 12.2172 18.43
      vertex 8.5555 12.8042 18.43
    endloop
  endfacet
  facet normal -0 0 1
    outer loop
      vertex 8.2979 8.2979 18.43
      vertex 10.0837 6.73775 18.43
      vertex 8.51404 9.7084 18.43
    endloop
  endfacet
  facet normal 0 0 1
    outer loop
      vertex 10.0837 6.73775 18.43
      vertex 8.2979 8.2979 18.43
      vertex 8.68701 6.66577 18.43
    endloop
  endfacet
  facet normal 0 0 1
    outer loop
      vertex 8.68701 6.66577 18.43
      vertex 8.2979 8.2979 18.43
      vertex 7.93726 6.96078 18.43
    endloop
  endfacet
  facet normal 0 0 -1
    outer loop
      vertex 12.4131 1.63422 18.43
      vertex 11.3351 3.03723 18.43
      vertex 12.6647 2.51917 18.43
    endloop
  endfacet
  facet normal 0 0 -1
    outer loop
      vertex 11.3181 0.741821 18.43
      vertex 11.3351 3.03723 18.43
      vertex 12.4131 1.63422 18.43
    endloop
  endfacet
  facet normal 0 0 -1
    outer loop
      vertex 9.99686 3.39346 18.43
      vertex 11.3181 0.741821 18.43
      vertex 10.4508 0.184106 18.43
    endloop
  endfacet
  facet normal 0 0 -1
    outer loop
      vertex 11.3181 0.741821 18.43
      vertex 9.99686 3.39346 18.43
      vertex 11.3351 3.03723 18.43
    endloop
  endfacet
  facet normal 0 0 -1
    outer loop
      vertex 8.00145 1.05341 18.43
      vertex 10.4508 0.184106 18.43
      vertex 8.05321 0.527832 18.43
    endloop
  endfacet
  facet normal 0 0 -1
    outer loop
      vertex 10.8769 5.36391 18.43
      vertex 10.9667 6.68559 18.43
      vertex 11.5229 6.65274 18.43
    endloop
  endfacet
  facet normal 0 0 -1
    outer loop
      vertex 10.8769 5.36391 18.43
      vertex 10.1628 5.86749 18.43
      vertex 10.9667 6.68559 18.43
    endloop
  endfacet
  facet normal 0 0 -1
    outer loop
      vertex 10.1162 4.19028 18.43
      vertex 10.1628 5.86749 18.43
      vertex 10.8769 5.36391 18.43
    endloop
  endfacet
  facet normal 0 0 -1
    outer loop
      vertex 7.2382 3.56949 18.43
      vertex 10.1162 4.19028 18.43
      vertex 9.99686 3.39346 18.43
    endloop
  endfacet
  facet normal 0 0 -1
    outer loop
      vertex 7.91542 1.57446 18.43
      vertex 10.4508 0.184106 18.43
      vertex 8.00145 1.05341 18.43
    endloop
  endfacet
  facet normal 0 0 -1
    outer loop
      vertex 10.4508 0.184106 18.43
      vertex 7.91542 1.57446 18.43
      vertex 9.99686 3.39346 18.43
    endloop
  endfacet
  facet normal 0 0 -1
    outer loop
      vertex 7.7955 2.08879 18.43
      vertex 9.99686 3.39346 18.43
      vertex 7.91542 1.57446 18.43
    endloop
  endfacet
  facet normal 0 0 -1
    outer loop
      vertex 7.6422 2.59416 18.43
      vertex 9.99686 3.39346 18.43
      vertex 7.7955 2.08879 18.43
    endloop
  endfacet
  facet normal 0 0 -1
    outer loop
      vertex 7.45616 3.08844 18.43
      vertex 9.99686 3.39346 18.43
      vertex 7.6422 2.59416 18.43
    endloop
  endfacet
  facet normal 0 0 -1
    outer loop
      vertex 7.2382 3.56949 18.43
      vertex 9.99686 3.39346 18.43
      vertex 7.45616 3.08844 18.43
    endloop
  endfacet
  facet normal -0 0 -1
    outer loop
      vertex 10.1162 4.19028 18.43
      vertex 7.2382 3.56949 18.43
      vertex 10.1628 5.86749 18.43
    endloop
  endfacet
  facet normal -0 0 1
    outer loop
      vertex 12.4131 -1.63422 18.43
      vertex 15.2677 -2.01003 18.43
      vertex 15.3665 -1.00717 18.43
    endloop
  endfacet
  facet normal 0 0 1
    outer loop
      vertex 15.2677 -2.01003 18.43
      vertex 12.6647 -2.51917 18.43
      vertex 15.1036 -3.00429 18.43
    endloop
  endfacet
  facet normal 0 0 1
    outer loop
      vertex 15.1036 -3.00429 18.43
      vertex 12.6647 -2.51917 18.43
      vertex 14.8748 -3.98567 18.43
    endloop
  endfacet
  facet normal 0 0 1
    outer loop
      vertex 14.8748 -3.98567 18.43
      vertex 12.6647 -2.51917 18.43
      vertex 14.5822 -4.95 18.43
    endloop
  endfacet
  facet normal 0 0 1
    outer loop
      vertex 10.8769 -5.36391 18.43
      vertex 14.5822 -4.95 18.43
      vertex 12.6647 -2.51917 18.43
    endloop
  endfacet
  facet normal 0 0 1
    outer loop
      vertex 14.5822 -4.95 18.43
      vertex 10.8769 -5.36391 18.43
      vertex 14.2273 -5.89313 18.43
    endloop
  endfacet
  facet normal 0 0 1
    outer loop
      vertex 15.2677 -2.01003 18.43
      vertex 12.4131 -1.63422 18.43
      vertex 12.6647 -2.51917 18.43
    endloop
  endfacet
  facet normal 0 0 1
    outer loop
      vertex 11.735 0 18.43
      vertex 12.4131 -1.63422 18.43
      vertex 15.3665 -1.00717 18.43
    endloop
  endfacet
  facet normal 0 0 1
    outer loop
      vertex 11.735 0 18.43
      vertex 11.3181 -0.741821 18.43
      vertex 12.4131 -1.63422 18.43
    endloop
  endfacet
  facet normal 0 0 1
    outer loop
      vertex 10.4508 0.184106 18.43
      vertex 11.3181 -0.741821 18.43
      vertex 11.735 0 18.43
    endloop
  endfacet
  facet normal 0 0 1
    outer loop
      vertex 11.3181 -0.741821 18.43
      vertex 10.4508 0.184106 18.43
      vertex 10.1645 0 18.43
    endloop
  endfacet
  facet normal 0 0 1
    outer loop
      vertex 10.8769 -5.36391 18.43
      vertex 12.6647 -2.51917 18.43
      vertex 11.3351 -3.03723 18.43
    endloop
  endfacet
  facet normal 0 -0 1
    outer loop
      vertex 11.2732 -6.15466 18.43
      vertex 14.2273 -5.89313 18.43
      vertex 10.8769 -5.36391 18.43
    endloop
  endfacet
  facet normal 0 0 1
    outer loop
      vertex 14.2273 -5.89313 18.43
      vertex 11.2732 -6.15466 18.43
      vertex 13.8114 -6.81102 18.43
    endloop
  endfacet
  facet normal 0 0 1
    outer loop
      vertex 11.3351 -3.03723 18.43
      vertex 10.1162 -4.19028 18.43
      vertex 10.8769 -5.36391 18.43
    endloop
  endfacet
  facet normal 0 -0 1
    outer loop
      vertex 10.1162 -4.19028 18.43
      vertex 11.3351 -3.03723 18.43
      vertex 9.99686 -3.39346 18.43
    endloop
  endfacet
  facet normal -0 0 1
    outer loop
      vertex 4.79129 -11.5672 18.43
      vertex 6.81102 -13.8114 18.43
      vertex 5.86749 -10.1628 18.43
    endloop
  endfacet
  facet normal 0 0 1
    outer loop
      vertex 5.0166 -10.1727 18.43
      vertex 5.86749 -10.1628 18.43
      vertex 5.38483 -8.95859 18.43
    endloop
  endfacet
  facet normal 0 0 1
    outer loop
      vertex 5.0166 -10.1727 18.43
      vertex 5.38483 -8.95859 18.43
      vertex 5.08224 -8.8027 18.43
    endloop
  endfacet
  facet normal 0 0 1
    outer loop
      vertex 4.79129 -11.5672 18.43
      vertex 5.86749 -10.1628 18.43
      vertex 5.0166 -10.1727 18.43
    endloop
  endfacet
  facet normal 0 0 1
    outer loop
      vertex 6.81102 -13.8114 18.43
      vertex 4.79129 -11.5672 18.43
      vertex 5.89313 -14.2273 18.43
    endloop
  endfacet
  facet normal -0 0 1
    outer loop
      vertex 4.1507 -12.2276 18.43
      vertex 5.89313 -14.2273 18.43
      vertex 4.79129 -11.5672 18.43
    endloop
  endfacet
  facet normal 0 0 1
    outer loop
      vertex 5.89313 -14.2273 18.43
      vertex 4.1507 -12.2276 18.43
      vertex 4.95 -14.5822 18.43
    endloop
  endfacet
  facet normal 0 0 1
    outer loop
      vertex 4.1507 -12.2276 18.43
      vertex 3.98567 -14.8748 18.43
      vertex 4.95 -14.5822 18.43
    endloop
  endfacet
  facet normal 0 0 1
    outer loop
      vertex 3.00429 -15.1036 18.43
      vertex 4.1507 -12.2276 18.43
      vertex 3.03723 -11.3351 18.43
    endloop
  endfacet
  facet normal 0 0 1
    outer loop
      vertex 4.1507 -12.2276 18.43
      vertex 3.00429 -15.1036 18.43
      vertex 3.98567 -14.8748 18.43
    endloop
  endfacet
  facet normal -0 0 1
    outer loop
      vertex 1.42921 -10.8561 18.43
      vertex 3.03723 -11.3351 18.43
      vertex 2.05959 -10.3543 18.43
    endloop
  endfacet
  facet normal 0 0 1
    outer loop
      vertex 0.793182 -12.1017 18.43
      vertex 3.03723 -11.3351 18.43
      vertex 1.42921 -10.8561 18.43
    endloop
  endfacet
  facet normal 0 0 1
    outer loop
      vertex 3.03723 -11.3351 18.43
      vertex 0.793182 -12.1017 18.43
      vertex 3.00429 -15.1036 18.43
    endloop
  endfacet
  facet normal 0 0 1
    outer loop
      vertex 3.00429 -15.1036 18.43
      vertex 0.793182 -12.1017 18.43
      vertex 2.01003 -15.2677 18.43
    endloop
  endfacet
  facet normal -0 0 1
    outer loop
      vertex 0.306536 -12.8403 18.43
      vertex 2.01003 -15.2677 18.43
      vertex 0.793182 -12.1017 18.43
    endloop
  endfacet
  facet normal 0 0 1
    outer loop
      vertex 2.01003 -15.2677 18.43
      vertex 0.306536 -12.8403 18.43
      vertex 1.00717 -15.3665 18.43
    endloop
  endfacet
  facet normal 0 0 -1
    outer loop
      vertex 7.62184 -9.93297 18.43
      vertex 8.2979 -8.2979 18.43
      vertex 8.51404 -9.7084 18.43
    endloop
  endfacet
  facet normal 0 0 -1
    outer loop
      vertex 6.30148 -9.43083 18.43
      vertex 8.2979 -8.2979 18.43
      vertex 7.62184 -9.93297 18.43
    endloop
  endfacet
  facet normal 0 0 -1
    outer loop
      vertex 10.0837 -6.73775 18.43
      vertex 11.2732 -6.15466 18.43
      vertex 11.5229 -6.65274 18.43
    endloop
  endfacet
  facet normal -0 0 -1
    outer loop
      vertex 11.2732 -6.15466 18.43
      vertex 10.0837 -6.73775 18.43
      vertex 10.1628 -5.86749 18.43
    endloop
  endfacet
  facet normal 0 0 -1
    outer loop
      vertex 8.68701 -6.66577 18.43
      vertex 10.1628 -5.86749 18.43
      vertex 10.0837 -6.73775 18.43
    endloop
  endfacet
  facet normal 0 0 -1
    outer loop
      vertex 6.71037 -4.48372 18.43
      vertex 8.68701 -6.66577 18.43
      vertex 7.93726 -6.96078 18.43
    endloop
  endfacet
  facet normal 0 0 -1
    outer loop
      vertex 8.68701 -6.66577 18.43
      vertex 6.71037 -4.48372 18.43
      vertex 10.1628 -5.86749 18.43
    endloop
  endfacet
  facet normal -0 0 -1
    outer loop
      vertex 8.2979 -8.2979 18.43
      vertex 6.30148 -9.43083 18.43
      vertex 7.93726 -6.96078 18.43
    endloop
  endfacet
  facet normal 0 0 -1
    outer loop
      vertex 7.93726 -6.96078 18.43
      vertex 6.40276 -4.91299 18.43
      vertex 6.71037 -4.48372 18.43
    endloop
  endfacet
  facet normal 0 0 -1
    outer loop
      vertex 5.38483 -8.95859 18.43
      vertex 7.93726 -6.96078 18.43
      vertex 6.30148 -9.43083 18.43
    endloop
  endfacet
  facet normal 0 0 -1
    outer loop
      vertex 7.93726 -6.96078 18.43
      vertex 6.06772 -5.32124 18.43
      vertex 6.40276 -4.91299 18.43
    endloop
  endfacet
  facet normal 0 0 -1
    outer loop
      vertex 7.93726 -6.96078 18.43
      vertex 5.7067 -5.7067 18.43
      vertex 6.06772 -5.32124 18.43
    endloop
  endfacet
  facet normal -0 0 -1
    outer loop
      vertex 7.93726 -6.96078 18.43
      vertex 5.38483 -8.95859 18.43
      vertex 5.32124 -6.06772 18.43
    endloop
  endfacet
  facet normal 0 0 -1
    outer loop
      vertex 7.93726 -6.96078 18.43
      vertex 5.32124 -6.06772 18.43
      vertex 5.7067 -5.7067 18.43
    endloop
  endfacet
  facet normal 0 0 -1
    outer loop
      vertex 5.38483 -8.95859 18.43
      vertex 4.91299 -6.40276 18.43
      vertex 5.32124 -6.06772 18.43
    endloop
  endfacet
  facet normal 0 -0 -1
    outer loop
      vertex 4.91299 -6.40276 18.43
      vertex 5.38483 -8.95859 18.43
      vertex 4.48372 -6.71037 18.43
    endloop
  endfacet
  facet normal 0 0 -1
    outer loop
      vertex 2.05959 10.3543 18.43
      vertex 5.0166 10.1727 18.43
      vertex 5.06595 9.1427 18.43
    endloop
  endfacet
  facet normal 0 0 -1
    outer loop
      vertex 5.0166 10.1727 18.43
      vertex 3.03723 11.3351 18.43
      vertex 4.79129 11.5672 18.43
    endloop
  endfacet
  facet normal 0 0 -1
    outer loop
      vertex 3.08844 7.45616 18.43
      vertex 5.06595 9.1427 18.43
      vertex 3.56949 7.2382 18.43
    endloop
  endfacet
  facet normal 0 0 -1
    outer loop
      vertex 2.59416 7.6422 18.43
      vertex 5.06595 9.1427 18.43
      vertex 3.08844 7.45616 18.43
    endloop
  endfacet
  facet normal -0 0 -1
    outer loop
      vertex 4.79129 11.5672 18.43
      vertex 3.03723 11.3351 18.43
      vertex 4.1507 12.2276 18.43
    endloop
  endfacet
  facet normal -0 0 -1
    outer loop
      vertex 5.06595 9.1427 18.43
      vertex 2.59416 7.6422 18.43
      vertex 2.05959 10.3543 18.43
    endloop
  endfacet
  facet normal 0 0 -1
    outer loop
      vertex 2.05959 10.3543 18.43
      vertex 2.59416 7.6422 18.43
      vertex 2.08879 7.7955 18.43
    endloop
  endfacet
  facet normal 0 0 -1
    outer loop
      vertex 5.0166 10.1727 18.43
      vertex 2.05959 10.3543 18.43
      vertex 3.03723 11.3351 18.43
    endloop
  endfacet
  facet normal 0 0 -1
    outer loop
      vertex 1.57446 7.91542 18.43
      vertex 2.05959 10.3543 18.43
      vertex 2.08879 7.7955 18.43
    endloop
  endfacet
  facet normal 0 0 -1
    outer loop
      vertex 1.05341 8.00145 18.43
      vertex 2.05959 10.3543 18.43
      vertex 1.57446 7.91542 18.43
    endloop
  endfacet
  facet normal 0 0 -1
    outer loop
      vertex 0.527832 8.05321 18.43
      vertex 2.05959 10.3543 18.43
      vertex 1.05341 8.00145 18.43
    endloop
  endfacet
  facet normal -0 0 -1
    outer loop
      vertex 2.05959 10.3543 18.43
      vertex 0.527832 8.05321 18.43
      vertex 1.42921 10.8561 18.43
    endloop
  endfacet
  facet normal -0 0 -1
    outer loop
      vertex 1.42921 10.8561 18.43
      vertex 0.527832 8.05321 18.43
      vertex 0 11.735 18.43
    endloop
  endfacet
  facet normal 0 0 -1
    outer loop
      vertex 1.42921 10.8561 18.43
      vertex 0 11.735 18.43
      vertex 0.793182 12.1017 18.43
    endloop
  endfacet
  facet normal 0 0 -1
    outer loop
      vertex -0.306536 12.8403 18.43
      vertex 0.793182 12.1017 18.43
      vertex 0 11.735 18.43
    endloop
  endfacet
  facet normal 0 0 -1
    outer loop
      vertex 0.793182 12.1017 18.43
      vertex -0.306536 12.8403 18.43
      vertex 0 13.3055 18.43
    endloop
  endfacet
  facet normal -0 0 1
    outer loop
      vertex -2.01003 15.2677 18.43
      vertex -0.306536 12.8403 18.43
      vertex -1.00717 15.3665 18.43
    endloop
  endfacet
  facet normal 0 0 1
    outer loop
      vertex -0.306536 12.8403 18.43
      vertex -2.01003 15.2677 18.43
      vertex -0.793182 12.1017 18.43
    endloop
  endfacet
  facet normal -0 0 1
    outer loop
      vertex -3.00429 15.1036 18.43
      vertex -0.793182 12.1017 18.43
      vertex -2.01003 15.2677 18.43
    endloop
  endfacet
  facet normal 0 0 1
    outer loop
      vertex -0.793182 12.1017 18.43
      vertex -3.03723 11.3351 18.43
      vertex -1.42921 10.8561 18.43
    endloop
  endfacet
  facet normal 0 0 1
    outer loop
      vertex -0.793182 12.1017 18.43
      vertex -3.00429 15.1036 18.43
      vertex -3.03723 11.3351 18.43
    endloop
  endfacet
  facet normal 0 0 1
    outer loop
      vertex -1.42921 10.8561 18.43
      vertex -3.03723 11.3351 18.43
      vertex -2.05959 10.3543 18.43
    endloop
  endfacet
  facet normal 0 0 1
    outer loop
      vertex -4.1507 12.2276 18.43
      vertex -3.00429 15.1036 18.43
      vertex -3.98567 14.8748 18.43
    endloop
  endfacet
  facet normal 0 0 1
    outer loop
      vertex -3.00429 15.1036 18.43
      vertex -4.1507 12.2276 18.43
      vertex -3.03723 11.3351 18.43
    endloop
  endfacet
  facet normal -0 0 1
    outer loop
      vertex -4.95 14.5822 18.43
      vertex -4.1507 12.2276 18.43
      vertex -3.98567 14.8748 18.43
    endloop
  endfacet
  facet normal -0 0 1
    outer loop
      vertex -5.89313 14.2273 18.43
      vertex -4.1507 12.2276 18.43
      vertex -4.95 14.5822 18.43
    endloop
  endfacet
  facet normal 0 0 1
    outer loop
      vertex -4.1507 12.2276 18.43
      vertex -5.89313 14.2273 18.43
      vertex -4.79129 11.5672 18.43
    endloop
  endfacet
  facet normal -0 0 1
    outer loop
      vertex -6.81102 13.8114 18.43
      vertex -4.79129 11.5672 18.43
      vertex -5.89313 14.2273 18.43
    endloop
  endfacet
  facet normal 0 -0 1
    outer loop
      vertex -5.38483 8.95859 18.43
      vertex -5.0166 10.1727 18.43
      vertex -5.86749 10.1628 18.43
    endloop
  endfacet
  facet normal 0 0 1
    outer loop
      vertex -5.0166 10.1727 18.43
      vertex -5.38483 8.95859 18.43
      vertex -5.08224 8.8027 18.43
    endloop
  endfacet
  facet normal 0 0 1
    outer loop
      vertex -4.79129 11.5672 18.43
      vertex -5.86749 10.1628 18.43
      vertex -5.0166 10.1727 18.43
    endloop
  endfacet
  facet normal 0 0 1
    outer loop
      vertex -4.79129 11.5672 18.43
      vertex -6.81102 13.8114 18.43
      vertex -5.86749 10.1628 18.43
    endloop
  endfacet
  facet normal 0 0 1
    outer loop
      vertex -8.68701 -6.66577 18.43
      vertex -8.2979 -8.2979 18.43
      vertex -7.93726 -6.96078 18.43
    endloop
  endfacet
  facet normal -0 0 1
    outer loop
      vertex -10.0837 -6.73775 18.43
      vertex -8.2979 -8.2979 18.43
      vertex -8.68701 -6.66577 18.43
    endloop
  endfacet
  facet normal 0 0 1
    outer loop
      vertex -8.2979 -8.2979 18.43
      vertex -10.0837 -6.73775 18.43
      vertex -8.51404 -9.7084 18.43
    endloop
  endfacet
  facet normal 0 0 1
    outer loop
      vertex -8.51404 -9.7084 18.43
      vertex -9.37462 -12.2172 18.43
      vertex -8.5555 -12.8042 18.43
    endloop
  endfacet
  facet normal 0 0 1
    outer loop
      vertex -11.5779 -10.1536 18.43
      vertex -8.51404 -9.7084 18.43
      vertex -10.0837 -6.73775 18.43
    endloop
  endfacet
  facet normal 0 0 1
    outer loop
      vertex -8.51404 -9.7084 18.43
      vertex -10.1536 -11.5779 18.43
      vertex -9.37462 -12.2172 18.43
    endloop
  endfacet
  facet normal 0 0 1
    outer loop
      vertex -8.51404 -9.7084 18.43
      vertex -10.8891 -10.8891 18.43
      vertex -10.1536 -11.5779 18.43
    endloop
  endfacet
  facet normal 0 0 1
    outer loop
      vertex -12.2172 -9.37462 18.43
      vertex -10.0837 -6.73775 18.43
      vertex -10.9667 -6.68559 18.43
    endloop
  endfacet
  facet normal 0 0 1
    outer loop
      vertex -8.51404 -9.7084 18.43
      vertex -11.5779 -10.1536 18.43
      vertex -10.8891 -10.8891 18.43
    endloop
  endfacet
  facet normal 0 0 1
    outer loop
      vertex -10.0837 -6.73775 18.43
      vertex -12.2172 -9.37462 18.43
      vertex -11.5779 -10.1536 18.43
    endloop
  endfacet
  facet normal 0 -0 1
    outer loop
      vertex -12.2172 -9.37462 18.43
      vertex -10.9667 -6.68559 18.43
      vertex -12.8042 -8.5555 18.43
    endloop
  endfacet
  facet normal 0 0 1
    outer loop
      vertex -6.30148 -9.43083 18.43
      vertex -5.06595 -9.1427 18.43
      vertex -5.08224 -8.8027 18.43
    endloop
  endfacet
  facet normal 0 0 1
    outer loop
      vertex -5.06595 -9.1427 18.43
      vertex -6.30148 -9.43083 18.43
      vertex -5.86749 -10.1628 18.43
    endloop
  endfacet
  facet normal -0 0 1
    outer loop
      vertex -7.62184 -9.93297 18.43
      vertex -5.86749 -10.1628 18.43
      vertex -6.30148 -9.43083 18.43
    endloop
  endfacet
  facet normal 0 0 1
    outer loop
      vertex -7.62184 -9.93297 18.43
      vertex -8.5555 -12.8042 18.43
      vertex -5.86749 -10.1628 18.43
    endloop
  endfacet
  facet normal 0 0 1
    outer loop
      vertex -8.5555 -12.8042 18.43
      vertex -7.62184 -9.93297 18.43
      vertex -8.51404 -9.7084 18.43
    endloop
  endfacet
  facet normal 0 0 -1
    outer loop
      vertex -7.91542 -1.57446 18.43
      vertex -10.4508 -0.184106 18.43
      vertex -8.00145 -1.05341 18.43
    endloop
  endfacet
  facet normal 0 0 -1
    outer loop
      vertex -10.4508 -0.184106 18.43
      vertex -7.91542 -1.57446 18.43
      vertex -9.99686 -3.39346 18.43
    endloop
  endfacet
  facet normal -0 0 -1
    outer loop
      vertex -7.7955 -2.08879 18.43
      vertex -9.99686 -3.39346 18.43
      vertex -7.91542 -1.57446 18.43
    endloop
  endfacet
  facet normal -0 0 -1
    outer loop
      vertex -7.6422 -2.59416 18.43
      vertex -9.99686 -3.39346 18.43
      vertex -7.7955 -2.08879 18.43
    endloop
  endfacet
  facet normal -0 0 -1
    outer loop
      vertex -7.45616 -3.08844 18.43
      vertex -9.99686 -3.39346 18.43
      vertex -7.6422 -2.59416 18.43
    endloop
  endfacet
  facet normal 0 0 -1
    outer loop
      vertex -7.2382 -3.56949 18.43
      vertex -9.99686 -3.39346 18.43
      vertex -7.45616 -3.08844 18.43
    endloop
  endfacet
  facet normal -0 0 -1
    outer loop
      vertex -7.2382 -3.56949 18.43
      vertex -10.1162 -4.19028 18.43
      vertex -9.99686 -3.39346 18.43
    endloop
  endfacet
  facet normal 0 0 -1
    outer loop
      vertex -10.1628 -5.86749 18.43
      vertex -10.1162 -4.19028 18.43
      vertex -7.2382 -3.56949 18.43
    endloop
  endfacet
  facet normal 0 0 -1
    outer loop
      vertex -10.1628 -5.86749 18.43
      vertex -10.8769 -5.36391 18.43
      vertex -10.1162 -4.19028 18.43
    endloop
  endfacet
  facet normal 0 0 -1
    outer loop
      vertex -10.9667 -6.68559 18.43
      vertex -10.8769 -5.36391 18.43
      vertex -10.1628 -5.86749 18.43
    endloop
  endfacet
  facet normal 0 0 -1
    outer loop
      vertex -10.8769 -5.36391 18.43
      vertex -10.9667 -6.68559 18.43
      vertex -11.5229 -6.65274 18.43
    endloop
  endfacet
  facet normal 0 0 -1
    outer loop
      vertex -8.00145 -1.05341 18.43
      vertex -10.4508 -0.184106 18.43
      vertex -8.05321 -0.527832 18.43
    endloop
  endfacet
  facet normal 0 0 -1
    outer loop
      vertex -9.99686 -3.39346 18.43
      vertex -11.3181 -0.741821 18.43
      vertex -10.4508 -0.184106 18.43
    endloop
  endfacet
  facet normal 0 0 -1
    outer loop
      vertex -11.3351 -3.03723 18.43
      vertex -11.3181 -0.741821 18.43
      vertex -9.99686 -3.39346 18.43
    endloop
  endfacet
  facet normal 0 0 -1
    outer loop
      vertex -11.3351 -3.03723 18.43
      vertex -12.4131 -1.63422 18.43
      vertex -11.3181 -0.741821 18.43
    endloop
  endfacet
  facet normal 0 -0 -1
    outer loop
      vertex -12.4131 -1.63422 18.43
      vertex -11.3351 -3.03723 18.43
      vertex -12.6647 -2.51917 18.43
    endloop
  endfacet
  facet normal 0 0 -1
    outer loop
      vertex -0.793182 -12.1017 18.43
      vertex 0.306536 -12.8403 18.43
      vertex 0 -13.3055 18.43
    endloop
  endfacet
  facet normal 0 0 -1
    outer loop
      vertex 0.306536 -12.8403 18.43
      vertex -0.793182 -12.1017 18.43
      vertex 0 -11.735 18.43
    endloop
  endfacet
  facet normal 0 0 -1
    outer loop
      vertex -1.42921 -10.8561 18.43
      vertex 0 -11.735 18.43
      vertex -0.793182 -12.1017 18.43
    endloop
  endfacet
  facet normal 0 0 -1
    outer loop
      vertex 0 -11.735 18.43
      vertex -1.42921 -10.8561 18.43
      vertex -0.527832 -8.05321 18.43
    endloop
  endfacet
  facet normal 0 0 -1
    outer loop
      vertex -2.05959 -10.3543 18.43
      vertex -0.527832 -8.05321 18.43
      vertex -1.42921 -10.8561 18.43
    endloop
  endfacet
  facet normal -0 0 -1
    outer loop
      vertex -0.527832 -8.05321 18.43
      vertex -2.05959 -10.3543 18.43
      vertex -1.05341 -8.00145 18.43
    endloop
  endfacet
  facet normal -0 0 -1
    outer loop
      vertex -1.05341 -8.00145 18.43
      vertex -2.05959 -10.3543 18.43
      vertex -1.57446 -7.91542 18.43
    endloop
  endfacet
  facet normal 0 0 -1
    outer loop
      vertex -2.05959 -10.3543 18.43
      vertex -2.08879 -7.7955 18.43
      vertex -1.57446 -7.91542 18.43
    endloop
  endfacet
  facet normal 0 0 -1
    outer loop
      vertex -2.05959 -10.3543 18.43
      vertex -2.59416 -7.6422 18.43
      vertex -2.08879 -7.7955 18.43
    endloop
  endfacet
  facet normal 0 0 -1
    outer loop
      vertex -5.0166 -10.1727 18.43
      vertex -2.05959 -10.3543 18.43
      vertex -3.03723 -11.3351 18.43
    endloop
  endfacet
  facet normal 0 0 -1
    outer loop
      vertex -2.05959 -10.3543 18.43
      vertex -5.06595 -9.1427 18.43
      vertex -2.59416 -7.6422 18.43
    endloop
  endfacet
  facet normal -0 0 -1
    outer loop
      vertex -2.59416 -7.6422 18.43
      vertex -5.06595 -9.1427 18.43
      vertex -3.08844 -7.45616 18.43
    endloop
  endfacet
  facet normal 0 0 -1
    outer loop
      vertex -4.79129 -11.5672 18.43
      vertex -3.03723 -11.3351 18.43
      vertex -4.1507 -12.2276 18.43
    endloop
  endfacet
  facet normal -0 0 -1
    outer loop
      vertex -3.03723 -11.3351 18.43
      vertex -4.79129 -11.5672 18.43
      vertex -5.0166 -10.1727 18.43
    endloop
  endfacet
  facet normal 0 0 -1
    outer loop
      vertex -2.05959 -10.3543 18.43
      vertex -5.0166 -10.1727 18.43
      vertex -5.06595 -9.1427 18.43
    endloop
  endfacet
  facet normal -0 0 -1
    outer loop
      vertex -3.08844 -7.45616 18.43
      vertex -5.06595 -9.1427 18.43
      vertex -3.56949 -7.2382 18.43
    endloop
  endfacet
  facet normal 0.162844 -0.986652 0
    outer loop
      vertex 2.01003 -15.2677 15.52
      vertex 3.00429 -15.1036 18.43
      vertex 2.01003 -15.2677 18.43
    endloop
  endfacet
  facet normal 0.162844 -0.986652 0
    outer loop
      vertex 3.00429 -15.1036 18.43
      vertex 2.01003 -15.2677 15.52
      vertex 3.00429 -15.1036 15.52
    endloop
  endfacet
  facet normal 0.227052 -0.973883 0
    outer loop
      vertex 3.00429 -15.1036 15.52
      vertex 3.98567 -14.8748 18.43
      vertex 3.00429 -15.1036 18.43
    endloop
  endfacet
  facet normal 0.227052 -0.973883 0
    outer loop
      vertex 3.98567 -14.8748 18.43
      vertex 3.00429 -15.1036 15.52
      vertex 3.98567 -14.8748 15.52
    endloop
  endfacet
  facet normal 0.290352 -0.95692 0
    outer loop
      vertex 3.98567 -14.8748 15.52
      vertex 4.95 -14.5822 18.43
      vertex 3.98567 -14.8748 18.43
    endloop
  endfacet
  facet normal 0.290352 -0.95692 0
    outer loop
      vertex 4.95 -14.5822 18.43
      vertex 3.98567 -14.8748 15.52
      vertex 4.95 -14.5822 15.52
    endloop
  endfacet
  facet normal 0.35219 -0.935928 0
    outer loop
      vertex 4.95 -14.5822 15.52
      vertex 5.89313 -14.2273 18.43
      vertex 4.95 -14.5822 18.43
    endloop
  endfacet
  facet normal 0.35219 -0.935928 0
    outer loop
      vertex 5.89313 -14.2273 18.43
      vertex 4.95 -14.5822 15.52
      vertex 5.89313 -14.2273 15.52
    endloop
  endfacet
  facet normal 0.412715 -0.91086 0
    outer loop
      vertex 5.89313 -14.2273 15.52
      vertex 6.81102 -13.8114 18.43
      vertex 5.89313 -14.2273 18.43
    endloop
  endfacet
  facet normal 0.412715 -0.91086 0
    outer loop
      vertex 6.81102 -13.8114 18.43
      vertex 5.89313 -14.2273 15.52
      vertex 6.81102 -13.8114 15.52
    endloop
  endfacet
  facet normal 0.968151 0.250365 0
    outer loop
      vertex 5.86749 -10.1628 18.43
      vertex 6.11011 -11.101 15.52
      vertex 5.86749 -10.1628 15.52
    endloop
  endfacet
  facet normal 0.968152 0.250365 3.17871e-07
    outer loop
      vertex 6.81102 -13.8114 18.43
      vertex 6.11011 -11.101 15.52
      vertex 5.86749 -10.1628 18.43
    endloop
  endfacet
  facet normal 0.968152 0.250364 0
    outer loop
      vertex 6.11011 -11.101 15.52
      vertex 6.81102 -13.8114 18.43
      vertex 6.81102 -13.8114 15.52
    endloop
  endfacet
  facet normal 0.928217 0.372038 0
    outer loop
      vertex 4.48372 -6.71037 18.43
      vertex 4.89687 -7.74116 15.52
      vertex 4.48372 -6.71037 15.52
    endloop
  endfacet
  facet normal 0.928217 0.372039 -4.3754e-07
    outer loop
      vertex 5.38483 -8.95859 18.43
      vertex 4.89687 -7.74116 15.52
      vertex 4.48372 -6.71037 18.43
    endloop
  endfacet
  facet normal 0.928217 0.372039 -0
    outer loop
      vertex 5.86749 -10.1628 15.52
      vertex 5.38483 -8.95859 18.43
      vertex 5.86749 -10.1628 18.43
    endloop
  endfacet
  facet normal 0.928217 0.37204 -2.03874e-07
    outer loop
      vertex 5.38483 -8.95859 18.43
      vertex 5.86749 -10.1628 15.52
      vertex 4.89687 -7.74116 15.52
    endloop
  endfacet
  facet normal 0.582408 -0.812897 0
    outer loop
      vertex 4.54089 -6.66941 15.52
      vertex 4.48372 -6.71037 18.43
      vertex 4.48372 -6.71037 15.52
    endloop
  endfacet
  facet normal 0.582477 -0.812847 2.05916e-06
    outer loop
      vertex 4.48372 -6.71037 18.43
      vertex 4.54089 -6.66941 15.52
      vertex 4.91299 -6.40276 18.43
    endloop
  endfacet
  facet normal 0.582488 -0.81284 0
    outer loop
      vertex 4.91299 -6.40276 18.43
      vertex 4.54089 -6.66941 15.52
      vertex 4.91299 -6.40276 15.52
    endloop
  endfacet
  facet normal 0.634391 -0.773012 0
    outer loop
      vertex 4.91299 -6.40276 15.52
      vertex 5.32124 -6.06772 18.43
      vertex 4.91299 -6.40276 18.43
    endloop
  endfacet
  facet normal 0.634391 -0.773012 0
    outer loop
      vertex 5.32124 -6.06772 18.43
      vertex 4.91299 -6.40276 15.52
      vertex 5.32124 -6.06772 15.52
    endloop
  endfacet
  facet normal 0.68359 -0.729867 0
    outer loop
      vertex 5.32124 -6.06772 15.52
      vertex 5.7067 -5.7067 18.43
      vertex 5.32124 -6.06772 18.43
    endloop
  endfacet
  facet normal 0.68359 -0.729867 0
    outer loop
      vertex 5.7067 -5.7067 18.43
      vertex 5.32124 -6.06772 15.52
      vertex 5.7067 -5.7067 15.52
    endloop
  endfacet
  facet normal 0.729867 -0.68359 0
    outer loop
      vertex 5.7067 -5.7067 18.43
      vertex 6.06772 -5.32124 15.52
      vertex 6.06772 -5.32124 18.43
    endloop
  endfacet
  facet normal 0.729867 -0.68359 0
    outer loop
      vertex 6.06772 -5.32124 15.52
      vertex 5.7067 -5.7067 18.43
      vertex 5.7067 -5.7067 15.52
    endloop
  endfacet
  facet normal 0.773012 -0.634391 0
    outer loop
      vertex 6.06772 -5.32124 18.43
      vertex 6.40276 -4.91299 15.52
      vertex 6.40276 -4.91299 18.43
    endloop
  endfacet
  facet normal 0.773012 -0.634391 0
    outer loop
      vertex 6.40276 -4.91299 15.52
      vertex 6.06772 -5.32124 18.43
      vertex 6.06772 -5.32124 15.52
    endloop
  endfacet
  facet normal 0.812847 -0.582477 0
    outer loop
      vertex 6.40276 -4.91299 18.43
      vertex 6.71037 -4.48372 15.52
      vertex 6.71037 -4.48372 18.43
    endloop
  endfacet
  facet normal 0.812847 -0.582477 0
    outer loop
      vertex 6.71037 -4.48372 15.52
      vertex 6.40276 -4.91299 18.43
      vertex 6.40276 -4.91299 15.52
    endloop
  endfacet
  facet normal -0.372039 -0.928217 0
    outer loop
      vertex 6.71037 -4.48372 15.52
      vertex 10.1628 -5.86749 18.43
      vertex 6.71037 -4.48372 18.43
    endloop
  endfacet
  facet normal -0.372039 -0.928217 -0
    outer loop
      vertex 10.1628 -5.86749 18.43
      vertex 6.71037 -4.48372 15.52
      vertex 10.1628 -5.86749 15.52
    endloop
  endfacet
  facet normal -0.250381 -0.968147 -5.28707e-06
    outer loop
      vertex 11.101 -6.11011 15.52
      vertex 11.2732 -6.15466 18.43
      vertex 10.1628 -5.86749 18.43
    endloop
  endfacet
  facet normal -0.250365 -0.968151 0
    outer loop
      vertex 11.101 -6.11011 15.52
      vertex 10.1628 -5.86749 18.43
      vertex 10.1628 -5.86749 15.52
    endloop
  endfacet
  facet normal -0.250364 -0.968152 -6.33604e-06
    outer loop
      vertex 13.8114 -6.81102 15.52
      vertex 11.2732 -6.15466 18.43
      vertex 11.101 -6.11011 15.52
    endloop
  endfacet
  facet normal -0.250357 -0.968153 0
    outer loop
      vertex 11.2732 -6.15466 18.43
      vertex 13.8114 -6.81102 15.52
      vertex 13.8114 -6.81102 18.43
    endloop
  endfacet
  facet normal 0.91086 -0.412715 0
    outer loop
      vertex 13.8114 -6.81102 18.43
      vertex 14.2273 -5.89313 15.52
      vertex 14.2273 -5.89313 18.43
    endloop
  endfacet
  facet normal 0.91086 -0.412715 0
    outer loop
      vertex 14.2273 -5.89313 15.52
      vertex 13.8114 -6.81102 18.43
      vertex 13.8114 -6.81102 15.52
    endloop
  endfacet
  facet normal 0.935928 -0.35219 0
    outer loop
      vertex 14.2273 -5.89313 18.43
      vertex 14.5822 -4.95 15.52
      vertex 14.5822 -4.95 18.43
    endloop
  endfacet
  facet normal 0.935928 -0.35219 0
    outer loop
      vertex 14.5822 -4.95 15.52
      vertex 14.2273 -5.89313 18.43
      vertex 14.2273 -5.89313 15.52
    endloop
  endfacet
  facet normal 0.95692 -0.290352 0
    outer loop
      vertex 14.5822 -4.95 18.43
      vertex 14.8748 -3.98567 15.52
      vertex 14.8748 -3.98567 18.43
    endloop
  endfacet
  facet normal 0.95692 -0.290352 0
    outer loop
      vertex 14.8748 -3.98567 15.52
      vertex 14.5822 -4.95 18.43
      vertex 14.5822 -4.95 15.52
    endloop
  endfacet
  facet normal 0.973883 -0.227052 0
    outer loop
      vertex 14.8748 -3.98567 18.43
      vertex 15.1036 -3.00429 15.52
      vertex 15.1036 -3.00429 18.43
    endloop
  endfacet
  facet normal 0.973883 -0.227052 0
    outer loop
      vertex 15.1036 -3.00429 15.52
      vertex 14.8748 -3.98567 18.43
      vertex 14.8748 -3.98567 15.52
    endloop
  endfacet
  facet normal 0.986652 -0.162844 0
    outer loop
      vertex 15.1036 -3.00429 18.43
      vertex 15.2677 -2.01003 15.52
      vertex 15.2677 -2.01003 18.43
    endloop
  endfacet
  facet normal 0.986652 -0.162844 0
    outer loop
      vertex 15.2677 -2.01003 15.52
      vertex 15.1036 -3.00429 18.43
      vertex 15.1036 -3.00429 15.52
    endloop
  endfacet
  facet normal 0.995182 -0.0980436 0
    outer loop
      vertex 15.2677 -2.01003 18.43
      vertex 15.3665 -1.00717 15.52
      vertex 15.3665 -1.00717 18.43
    endloop
  endfacet
  facet normal 0.995182 -0.0980436 0
    outer loop
      vertex 15.3665 -1.00717 15.52
      vertex 15.2677 -2.01003 18.43
      vertex 15.2677 -2.01003 15.52
    endloop
  endfacet
  facet normal 0.267253 0.963626 0
    outer loop
      vertex 12.6688 -0.258988 15.52
      vertex 15.3665 -1.00717 18.43
      vertex 15.3665 -1.00717 15.52
    endloop
  endfacet
  facet normal 0.267255 0.963626 -1.78506e-06
    outer loop
      vertex 15.3665 -1.00717 18.43
      vertex 12.6688 -0.258988 15.52
      vertex 11.735 0 18.43
    endloop
  endfacet
  facet normal 0.26726 0.963625 0
    outer loop
      vertex 11.735 0 18.43
      vertex 12.6688 -0.258988 15.52
      vertex 11.735 0 15.52
    endloop
  endfacet
  facet normal 0.141911 0.989879 -0
    outer loop
      vertex 11.735 0 15.52
      vertex 10.4508 0.184106 18.43
      vertex 11.735 0 18.43
    endloop
  endfacet
  facet normal 0.141912 0.989879 2.52507e-07
    outer loop
      vertex 10.4508 0.184106 18.43
      vertex 11.735 0 15.52
      vertex 9.15259 0.370222 15.52
    endloop
  endfacet
  facet normal 0.141912 0.989879 1.88695e-07
    outer loop
      vertex 10.4508 0.184106 18.43
      vertex 9.15259 0.370222 15.52
      vertex 8.05321 0.527832 18.43
    endloop
  endfacet
  facet normal 0.141912 0.989879 0
    outer loop
      vertex 8.05321 0.527832 18.43
      vertex 9.15259 0.370222 15.52
      vertex 8.05321 0.527832 15.52
    endloop
  endfacet
  facet normal 0.995185 0.0980124 0
    outer loop
      vertex 8.00145 1.05341 18.43
      vertex 8.04632 0.597815 15.52
      vertex 8.00145 1.05341 15.52
    endloop
  endfacet
  facet normal 0.995186 0.0980079 7.07729e-07
    outer loop
      vertex 8.05321 0.527832 18.43
      vertex 8.04632 0.597815 15.52
      vertex 8.00145 1.05341 18.43
    endloop
  endfacet
  facet normal 0.995189 0.0979788 0
    outer loop
      vertex 8.04632 0.597815 15.52
      vertex 8.05321 0.527832 18.43
      vertex 8.05321 0.527832 15.52
    endloop
  endfacet
  facet normal 0.986642 0.162903 0
    outer loop
      vertex 8.00145 1.05341 18.43
      vertex 7.91542 1.57446 15.52
      vertex 7.91542 1.57446 18.43
    endloop
  endfacet
  facet normal 0.986642 0.162903 0
    outer loop
      vertex 7.91542 1.57446 15.52
      vertex 8.00145 1.05341 18.43
      vertex 8.00145 1.05341 15.52
    endloop
  endfacet
  facet normal 0.973879 0.227067 0
    outer loop
      vertex 7.91542 1.57446 18.43
      vertex 7.7955 2.08879 15.52
      vertex 7.7955 2.08879 18.43
    endloop
  endfacet
  facet normal 0.973879 0.227067 0
    outer loop
      vertex 7.7955 2.08879 15.52
      vertex 7.91542 1.57446 18.43
      vertex 7.91542 1.57446 15.52
    endloop
  endfacet
  facet normal 0.956942 0.290281 0
    outer loop
      vertex 7.7955 2.08879 18.43
      vertex 7.6422 2.59416 15.52
      vertex 7.6422 2.59416 18.43
    endloop
  endfacet
  facet normal 0.956942 0.290281 0
    outer loop
      vertex 7.6422 2.59416 15.52
      vertex 7.7955 2.08879 18.43
      vertex 7.7955 2.08879 15.52
    endloop
  endfacet
  facet normal 0.935902 0.35226 0
    outer loop
      vertex 7.6422 2.59416 18.43
      vertex 7.45616 3.08844 15.52
      vertex 7.45616 3.08844 18.43
    endloop
  endfacet
  facet normal 0.935902 0.35226 0
    outer loop
      vertex 7.45616 3.08844 15.52
      vertex 7.6422 2.59416 18.43
      vertex 7.6422 2.59416 15.52
    endloop
  endfacet
  facet normal 0.910864 0.412706 0
    outer loop
      vertex 7.45616 3.08844 18.43
      vertex 7.2382 3.56949 15.52
      vertex 7.2382 3.56949 18.43
    endloop
  endfacet
  facet normal 0.910864 0.412706 0
    outer loop
      vertex 7.2382 3.56949 15.52
      vertex 7.45616 3.08844 18.43
      vertex 7.45616 3.08844 15.52
    endloop
  endfacet
  facet normal 0.617838 -0.786305 0
    outer loop
      vertex 7.2382 3.56949 15.52
      vertex 10.1628 5.86749 18.43
      vertex 7.2382 3.56949 18.43
    endloop
  endfacet
  facet normal 0.617838 -0.786305 0
    outer loop
      vertex 10.1628 5.86749 18.43
      vertex 7.2382 3.56949 15.52
      vertex 10.1628 5.86749 15.52
    endloop
  endfacet
  facet normal 0.713261 -0.700899 0
    outer loop
      vertex 10.9667 6.68559 18.43
      vertex 12.8042 8.5555 15.52
      vertex 12.8042 8.5555 18.43
    endloop
  endfacet
  facet normal 0.713261 -0.700898 1.19435e-07
    outer loop
      vertex 10.9667 6.68559 18.43
      vertex 10.842 6.55869 15.52
      vertex 12.8042 8.5555 15.52
    endloop
  endfacet
  facet normal 0.71327 -0.700889 -6.47155e-07
    outer loop
      vertex 10.1628 5.86749 18.43
      vertex 10.842 6.55869 15.52
      vertex 10.9667 6.68559 18.43
    endloop
  endfacet
  facet normal 0.713271 -0.700888 0
    outer loop
      vertex 10.842 6.55869 15.52
      vertex 10.1628 5.86749 18.43
      vertex 10.1628 5.86749 15.52
    endloop
  endfacet
  facet normal 0.812834 0.582495 0
    outer loop
      vertex 12.8042 8.5555 18.43
      vertex 12.2172 9.37462 15.52
      vertex 12.2172 9.37462 18.43
    endloop
  endfacet
  facet normal 0.812834 0.582495 0
    outer loop
      vertex 12.2172 9.37462 15.52
      vertex 12.8042 8.5555 18.43
      vertex 12.8042 8.5555 15.52
    endloop
  endfacet
  facet normal 0.773007 0.634398 0
    outer loop
      vertex 12.2172 9.37462 18.43
      vertex 11.5779 10.1536 15.52
      vertex 11.5779 10.1536 18.43
    endloop
  endfacet
  facet normal 0.773007 0.634398 0
    outer loop
      vertex 11.5779 10.1536 15.52
      vertex 12.2172 9.37462 18.43
      vertex 12.2172 9.37462 15.52
    endloop
  endfacet
  facet normal 0.729899 0.683555 0
    outer loop
      vertex 11.5779 10.1536 18.43
      vertex 10.8891 10.8891 15.52
      vertex 10.8891 10.8891 18.43
    endloop
  endfacet
  facet normal 0.729899 0.683555 0
    outer loop
      vertex 10.8891 10.8891 15.52
      vertex 11.5779 10.1536 18.43
      vertex 11.5779 10.1536 15.52
    endloop
  endfacet
  facet normal 0.683555 0.729899 -0
    outer loop
      vertex 10.8891 10.8891 15.52
      vertex 10.1536 11.5779 18.43
      vertex 10.8891 10.8891 18.43
    endloop
  endfacet
  facet normal 0.683555 0.729899 0
    outer loop
      vertex 10.1536 11.5779 18.43
      vertex 10.8891 10.8891 15.52
      vertex 10.1536 11.5779 15.52
    endloop
  endfacet
  facet normal 0.634398 0.773007 -0
    outer loop
      vertex 10.1536 11.5779 15.52
      vertex 9.37462 12.2172 18.43
      vertex 10.1536 11.5779 18.43
    endloop
  endfacet
  facet normal 0.634398 0.773007 0
    outer loop
      vertex 9.37462 12.2172 18.43
      vertex 10.1536 11.5779 15.52
      vertex 9.37462 12.2172 15.52
    endloop
  endfacet
  facet normal 0.582495 0.812834 -0
    outer loop
      vertex 9.37462 12.2172 15.52
      vertex 8.5555 12.8042 18.43
      vertex 9.37462 12.2172 18.43
    endloop
  endfacet
  facet normal 0.582495 0.812834 0
    outer loop
      vertex 8.5555 12.8042 18.43
      vertex 9.37462 12.2172 15.52
      vertex 8.5555 12.8042 15.52
    endloop
  endfacet
  facet normal -0.700898 0.713261 0
    outer loop
      vertex 6.55869 10.842 15.52
      vertex 8.5555 12.8042 18.43
      vertex 8.5555 12.8042 15.52
    endloop
  endfacet
  facet normal -0.700896 0.713264 -3.5825e-06
    outer loop
      vertex 8.5555 12.8042 18.43
      vertex 6.55869 10.842 15.52
      vertex 5.86749 10.1628 18.43
    endloop
  endfacet
  facet normal -0.700888 0.713271 0
    outer loop
      vertex 5.86749 10.1628 18.43
      vertex 6.55869 10.842 15.52
      vertex 5.86749 10.1628 15.52
    endloop
  endfacet
  facet normal -0.786306 0.617837 0
    outer loop
      vertex 5.86749 10.1628 15.52
      vertex 5.06595 9.1427 18.43
      vertex 5.86749 10.1628 18.43
    endloop
  endfacet
  facet normal -0.786305 0.617839 9.11573e-07
    outer loop
      vertex 4.25565 8.11146 15.52
      vertex 5.06595 9.1427 18.43
      vertex 5.86749 10.1628 15.52
    endloop
  endfacet
  facet normal -0.786306 0.617837 0
    outer loop
      vertex 3.56949 7.2382 18.43
      vertex 4.25565 8.11146 15.52
      vertex 3.56949 7.2382 15.52
    endloop
  endfacet
  facet normal -0.786305 0.617839 9.84581e-07
    outer loop
      vertex 4.25565 8.11146 15.52
      vertex 3.56949 7.2382 18.43
      vertex 5.06595 9.1427 18.43
    endloop
  endfacet
  facet normal 0.412764 0.910838 0
    outer loop
      vertex 3.50543 7.26723 15.52
      vertex 3.56949 7.2382 18.43
      vertex 3.56949 7.2382 15.52
    endloop
  endfacet
  facet normal 0.412706 0.910864 1.53815e-06
    outer loop
      vertex 3.56949 7.2382 18.43
      vertex 3.50543 7.26723 15.52
      vertex 3.08844 7.45616 18.43
    endloop
  endfacet
  facet normal 0.412697 0.910869 0
    outer loop
      vertex 3.08844 7.45616 18.43
      vertex 3.50543 7.26723 15.52
      vertex 3.08844 7.45616 15.52
    endloop
  endfacet
  facet normal 0.35226 0.935902 -0
    outer loop
      vertex 3.08844 7.45616 15.52
      vertex 2.59416 7.6422 18.43
      vertex 3.08844 7.45616 18.43
    endloop
  endfacet
  facet normal 0.35226 0.935902 0
    outer loop
      vertex 2.59416 7.6422 18.43
      vertex 3.08844 7.45616 15.52
      vertex 2.59416 7.6422 15.52
    endloop
  endfacet
  facet normal 0.290281 0.956942 -0
    outer loop
      vertex 2.59416 7.6422 15.52
      vertex 2.08879 7.7955 18.43
      vertex 2.59416 7.6422 18.43
    endloop
  endfacet
  facet normal 0.290281 0.956942 0
    outer loop
      vertex 2.08879 7.7955 18.43
      vertex 2.59416 7.6422 15.52
      vertex 2.08879 7.7955 15.52
    endloop
  endfacet
  facet normal 0.227067 0.973879 -0
    outer loop
      vertex 2.08879 7.7955 15.52
      vertex 1.57446 7.91542 18.43
      vertex 2.08879 7.7955 18.43
    endloop
  endfacet
  facet normal 0.227067 0.973879 0
    outer loop
      vertex 1.57446 7.91542 18.43
      vertex 2.08879 7.7955 15.52
      vertex 1.57446 7.91542 15.52
    endloop
  endfacet
  facet normal 0.162903 0.986642 -0
    outer loop
      vertex 1.57446 7.91542 15.52
      vertex 1.05341 8.00145 18.43
      vertex 1.57446 7.91542 18.43
    endloop
  endfacet
  facet normal 0.162903 0.986642 0
    outer loop
      vertex 1.05341 8.00145 18.43
      vertex 1.57446 7.91542 15.52
      vertex 1.05341 8.00145 15.52
    endloop
  endfacet
  facet normal 0.0980079 0.995186 -0
    outer loop
      vertex 1.05341 8.00145 15.52
      vertex 0.527832 8.05321 18.43
      vertex 1.05341 8.00145 18.43
    endloop
  endfacet
  facet normal 0.0980079 0.995186 0
    outer loop
      vertex 0.527832 8.05321 18.43
      vertex 1.05341 8.00145 15.52
      vertex 0.527832 8.05321 15.52
    endloop
  endfacet
  facet normal 0.989879 0.141912 0
    outer loop
      vertex 0.527832 8.05321 18.43
      vertex 0 11.735 15.52
      vertex 0 11.735 18.43
    endloop
  endfacet
  facet normal 0.989879 0.141912 0
    outer loop
      vertex 0 11.735 15.52
      vertex 0.527832 8.05321 18.43
      vertex 0.527832 8.05321 15.52
    endloop
  endfacet
  facet normal 0.963625 0.267258 0
    outer loop
      vertex -0.306536 12.8403 18.43
      vertex -1.00717 15.3665 15.52
      vertex -1.00717 15.3665 18.43
    endloop
  endfacet
  facet normal 0.963626 0.267253 -5.27499e-06
    outer loop
      vertex -0.306536 12.8403 18.43
      vertex -0.258988 12.6688 15.52
      vertex -1.00717 15.3665 15.52
    endloop
  endfacet
  facet normal 0.963628 0.267246 -4.82937e-06
    outer loop
      vertex 0 11.735 18.43
      vertex -0.258988 12.6688 15.52
      vertex -0.306536 12.8403 18.43
    endloop
  endfacet
  facet normal 0.963625 0.26726 0
    outer loop
      vertex -0.258988 12.6688 15.52
      vertex 0 11.735 18.43
      vertex 0 11.735 15.52
    endloop
  endfacet
  facet normal -0.0980436 0.995182 0
    outer loop
      vertex -1.00717 15.3665 15.52
      vertex -2.01003 15.2677 18.43
      vertex -1.00717 15.3665 18.43
    endloop
  endfacet
  facet normal -0.0980436 0.995182 0
    outer loop
      vertex -2.01003 15.2677 18.43
      vertex -1.00717 15.3665 15.52
      vertex -2.01003 15.2677 15.52
    endloop
  endfacet
  facet normal -0.162844 0.986652 0
    outer loop
      vertex -2.01003 15.2677 15.52
      vertex -3.00429 15.1036 18.43
      vertex -2.01003 15.2677 18.43
    endloop
  endfacet
  facet normal -0.162844 0.986652 0
    outer loop
      vertex -3.00429 15.1036 18.43
      vertex -2.01003 15.2677 15.52
      vertex -3.00429 15.1036 15.52
    endloop
  endfacet
  facet normal -0.227052 0.973883 0
    outer loop
      vertex -3.00429 15.1036 15.52
      vertex -3.98567 14.8748 18.43
      vertex -3.00429 15.1036 18.43
    endloop
  endfacet
  facet normal -0.227052 0.973883 0
    outer loop
      vertex -3.98567 14.8748 18.43
      vertex -3.00429 15.1036 15.52
      vertex -3.98567 14.8748 15.52
    endloop
  endfacet
  facet normal -0.290352 0.95692 0
    outer loop
      vertex -3.98567 14.8748 15.52
      vertex -4.95 14.5822 18.43
      vertex -3.98567 14.8748 18.43
    endloop
  endfacet
  facet normal -0.290352 0.95692 0
    outer loop
      vertex -4.95 14.5822 18.43
      vertex -3.98567 14.8748 15.52
      vertex -4.95 14.5822 15.52
    endloop
  endfacet
  facet normal -0.35219 0.935928 0
    outer loop
      vertex -4.95 14.5822 15.52
      vertex -5.89313 14.2273 18.43
      vertex -4.95 14.5822 18.43
    endloop
  endfacet
  facet normal -0.35219 0.935928 0
    outer loop
      vertex -5.89313 14.2273 18.43
      vertex -4.95 14.5822 15.52
      vertex -5.89313 14.2273 15.52
    endloop
  endfacet
  facet normal -0.412715 0.91086 0
    outer loop
      vertex -5.89313 14.2273 15.52
      vertex -6.81102 13.8114 18.43
      vertex -5.89313 14.2273 18.43
    endloop
  endfacet
  facet normal -0.412715 0.91086 0
    outer loop
      vertex -6.81102 13.8114 18.43
      vertex -5.89313 14.2273 15.52
      vertex -6.81102 13.8114 15.52
    endloop
  endfacet
  facet normal -0.968152 -0.250364 0
    outer loop
      vertex -6.11011 11.101 15.52
      vertex -6.81102 13.8114 18.43
      vertex -6.81102 13.8114 15.52
    endloop
  endfacet
  facet normal -0.968151 -0.250365 -0
    outer loop
      vertex -5.86749 10.1628 18.43
      vertex -6.11011 11.101 15.52
      vertex -5.86749 10.1628 15.52
    endloop
  endfacet
  facet normal -0.968152 -0.250365 3.17871e-07
    outer loop
      vertex -6.11011 11.101 15.52
      vertex -5.86749 10.1628 18.43
      vertex -6.81102 13.8114 18.43
    endloop
  endfacet
  facet normal -0.928217 -0.372039 0
    outer loop
      vertex -5.86749 10.1628 15.52
      vertex -5.38483 8.95859 18.43
      vertex -5.86749 10.1628 18.43
    endloop
  endfacet
  facet normal -0.928217 -0.37204 -2.03874e-07
    outer loop
      vertex -4.89687 7.74116 15.52
      vertex -5.38483 8.95859 18.43
      vertex -5.86749 10.1628 15.52
    endloop
  endfacet
  facet normal -0.928217 -0.372038 -0
    outer loop
      vertex -4.48372 6.71037 18.43
      vertex -4.89687 7.74116 15.52
      vertex -4.48372 6.71037 15.52
    endloop
  endfacet
  facet normal -0.928217 -0.372039 -4.3754e-07
    outer loop
      vertex -4.89687 7.74116 15.52
      vertex -4.48372 6.71037 18.43
      vertex -5.38483 8.95859 18.43
    endloop
  endfacet
  facet normal -0.582408 0.812897 0
    outer loop
      vertex -4.54089 6.66941 15.52
      vertex -4.48372 6.71037 18.43
      vertex -4.48372 6.71037 15.52
    endloop
  endfacet
  facet normal -0.582477 0.812847 2.05916e-06
    outer loop
      vertex -4.48372 6.71037 18.43
      vertex -4.54089 6.66941 15.52
      vertex -4.91299 6.40276 18.43
    endloop
  endfacet
  facet normal -0.582488 0.81284 0
    outer loop
      vertex -4.91299 6.40276 18.43
      vertex -4.54089 6.66941 15.52
      vertex -4.91299 6.40276 15.52
    endloop
  endfacet
  facet normal -0.634391 0.773012 0
    outer loop
      vertex -4.91299 6.40276 15.52
      vertex -5.32124 6.06772 18.43
      vertex -4.91299 6.40276 18.43
    endloop
  endfacet
  facet normal -0.634391 0.773012 0
    outer loop
      vertex -5.32124 6.06772 18.43
      vertex -4.91299 6.40276 15.52
      vertex -5.32124 6.06772 15.52
    endloop
  endfacet
  facet normal -0.68359 0.729867 0
    outer loop
      vertex -5.32124 6.06772 15.52
      vertex -5.7067 5.7067 18.43
      vertex -5.32124 6.06772 18.43
    endloop
  endfacet
  facet normal -0.68359 0.729867 0
    outer loop
      vertex -5.7067 5.7067 18.43
      vertex -5.32124 6.06772 15.52
      vertex -5.7067 5.7067 15.52
    endloop
  endfacet
  facet normal -0.729867 0.68359 0
    outer loop
      vertex -6.06772 5.32124 15.52
      vertex -5.7067 5.7067 18.43
      vertex -5.7067 5.7067 15.52
    endloop
  endfacet
  facet normal -0.729867 0.68359 0
    outer loop
      vertex -5.7067 5.7067 18.43
      vertex -6.06772 5.32124 15.52
      vertex -6.06772 5.32124 18.43
    endloop
  endfacet
  facet normal -0.773012 0.634391 0
    outer loop
      vertex -6.40276 4.91299 15.52
      vertex -6.06772 5.32124 18.43
      vertex -6.06772 5.32124 15.52
    endloop
  endfacet
  facet normal -0.773012 0.634391 0
    outer loop
      vertex -6.06772 5.32124 18.43
      vertex -6.40276 4.91299 15.52
      vertex -6.40276 4.91299 18.43
    endloop
  endfacet
  facet normal -0.812847 0.582477 0
    outer loop
      vertex -6.71037 4.48372 15.52
      vertex -6.40276 4.91299 18.43
      vertex -6.40276 4.91299 15.52
    endloop
  endfacet
  facet normal -0.812847 0.582477 0
    outer loop
      vertex -6.40276 4.91299 18.43
      vertex -6.71037 4.48372 15.52
      vertex -6.71037 4.48372 18.43
    endloop
  endfacet
  facet normal 0.372039 0.928217 -0
    outer loop
      vertex -6.71037 4.48372 15.52
      vertex -10.1628 5.86749 18.43
      vertex -6.71037 4.48372 18.43
    endloop
  endfacet
  facet normal 0.372039 0.928217 0
    outer loop
      vertex -10.1628 5.86749 18.43
      vertex -6.71037 4.48372 15.52
      vertex -10.1628 5.86749 15.52
    endloop
  endfacet
  facet normal 0.250381 0.968147 -5.28707e-06
    outer loop
      vertex -11.101 6.11011 15.52
      vertex -11.2732 6.15466 18.43
      vertex -10.1628 5.86749 18.43
    endloop
  endfacet
  facet normal 0.250365 0.968151 0
    outer loop
      vertex -11.101 6.11011 15.52
      vertex -10.1628 5.86749 18.43
      vertex -10.1628 5.86749 15.52
    endloop
  endfacet
  facet normal 0.250364 0.968152 -6.33604e-06
    outer loop
      vertex -13.8114 6.81102 15.52
      vertex -11.2732 6.15466 18.43
      vertex -11.101 6.11011 15.52
    endloop
  endfacet
  facet normal 0.250357 0.968153 0
    outer loop
      vertex -11.2732 6.15466 18.43
      vertex -13.8114 6.81102 15.52
      vertex -13.8114 6.81102 18.43
    endloop
  endfacet
  facet normal -0.91086 0.412715 0
    outer loop
      vertex -14.2273 5.89313 15.52
      vertex -13.8114 6.81102 18.43
      vertex -13.8114 6.81102 15.52
    endloop
  endfacet
  facet normal -0.91086 0.412715 0
    outer loop
      vertex -13.8114 6.81102 18.43
      vertex -14.2273 5.89313 15.52
      vertex -14.2273 5.89313 18.43
    endloop
  endfacet
  facet normal -0.935928 0.35219 0
    outer loop
      vertex -14.5822 4.95 15.52
      vertex -14.2273 5.89313 18.43
      vertex -14.2273 5.89313 15.52
    endloop
  endfacet
  facet normal -0.935928 0.35219 0
    outer loop
      vertex -14.2273 5.89313 18.43
      vertex -14.5822 4.95 15.52
      vertex -14.5822 4.95 18.43
    endloop
  endfacet
  facet normal -0.95692 0.290352 0
    outer loop
      vertex -14.8748 3.98567 15.52
      vertex -14.5822 4.95 18.43
      vertex -14.5822 4.95 15.52
    endloop
  endfacet
  facet normal -0.95692 0.290352 0
    outer loop
      vertex -14.5822 4.95 18.43
      vertex -14.8748 3.98567 15.52
      vertex -14.8748 3.98567 18.43
    endloop
  endfacet
  facet normal -0.973883 0.227052 0
    outer loop
      vertex -15.1036 3.00429 15.52
      vertex -14.8748 3.98567 18.43
      vertex -14.8748 3.98567 15.52
    endloop
  endfacet
  facet normal -0.973883 0.227052 0
    outer loop
      vertex -14.8748 3.98567 18.43
      vertex -15.1036 3.00429 15.52
      vertex -15.1036 3.00429 18.43
    endloop
  endfacet
  facet normal -0.986652 0.162844 0
    outer loop
      vertex -15.2677 2.01003 15.52
      vertex -15.1036 3.00429 18.43
      vertex -15.1036 3.00429 15.52
    endloop
  endfacet
  facet normal -0.986652 0.162844 0
    outer loop
      vertex -15.1036 3.00429 18.43
      vertex -15.2677 2.01003 15.52
      vertex -15.2677 2.01003 18.43
    endloop
  endfacet
  facet normal -0.995182 0.0980436 0
    outer loop
      vertex -15.3665 1.00717 15.52
      vertex -15.2677 2.01003 18.43
      vertex -15.2677 2.01003 15.52
    endloop
  endfacet
  facet normal -0.995182 0.0980436 0
    outer loop
      vertex -15.2677 2.01003 18.43
      vertex -15.3665 1.00717 15.52
      vertex -15.3665 1.00717 18.43
    endloop
  endfacet
  facet normal -0.267253 -0.963626 0
    outer loop
      vertex -12.6688 0.258988 15.52
      vertex -15.3665 1.00717 18.43
      vertex -15.3665 1.00717 15.52
    endloop
  endfacet
  facet normal -0.267255 -0.963626 -1.78506e-06
    outer loop
      vertex -15.3665 1.00717 18.43
      vertex -12.6688 0.258988 15.52
      vertex -11.735 0 18.43
    endloop
  endfacet
  facet normal -0.26726 -0.963625 -0
    outer loop
      vertex -11.735 0 18.43
      vertex -12.6688 0.258988 15.52
      vertex -11.735 0 15.52
    endloop
  endfacet
  facet normal -0.141911 -0.989879 0
    outer loop
      vertex -11.735 0 15.52
      vertex -10.4508 -0.184106 18.43
      vertex -11.735 0 18.43
    endloop
  endfacet
  facet normal -0.141912 -0.989879 2.52507e-07
    outer loop
      vertex -10.4508 -0.184106 18.43
      vertex -11.735 0 15.52
      vertex -9.15259 -0.370222 15.52
    endloop
  endfacet
  facet normal -0.141912 -0.989879 1.88695e-07
    outer loop
      vertex -10.4508 -0.184106 18.43
      vertex -9.15259 -0.370222 15.52
      vertex -8.05321 -0.527832 18.43
    endloop
  endfacet
  facet normal -0.141912 -0.989879 -0
    outer loop
      vertex -8.05321 -0.527832 18.43
      vertex -9.15259 -0.370222 15.52
      vertex -8.05321 -0.527832 15.52
    endloop
  endfacet
  facet normal -0.995189 -0.0979788 0
    outer loop
      vertex -8.04632 -0.597815 15.52
      vertex -8.05321 -0.527832 18.43
      vertex -8.05321 -0.527832 15.52
    endloop
  endfacet
  facet normal -0.995185 -0.0980124 -0
    outer loop
      vertex -8.00145 -1.05341 18.43
      vertex -8.04632 -0.597815 15.52
      vertex -8.00145 -1.05341 15.52
    endloop
  endfacet
  facet normal -0.995186 -0.0980079 7.07729e-07
    outer loop
      vertex -8.04632 -0.597815 15.52
      vertex -8.00145 -1.05341 18.43
      vertex -8.05321 -0.527832 18.43
    endloop
  endfacet
  facet normal -0.986642 -0.162903 0
    outer loop
      vertex -7.91542 -1.57446 15.52
      vertex -8.00145 -1.05341 18.43
      vertex -8.00145 -1.05341 15.52
    endloop
  endfacet
  facet normal -0.986642 -0.162903 0
    outer loop
      vertex -8.00145 -1.05341 18.43
      vertex -7.91542 -1.57446 15.52
      vertex -7.91542 -1.57446 18.43
    endloop
  endfacet
  facet normal -0.973879 -0.227067 0
    outer loop
      vertex -7.7955 -2.08879 15.52
      vertex -7.91542 -1.57446 18.43
      vertex -7.91542 -1.57446 15.52
    endloop
  endfacet
  facet normal -0.973879 -0.227067 0
    outer loop
      vertex -7.91542 -1.57446 18.43
      vertex -7.7955 -2.08879 15.52
      vertex -7.7955 -2.08879 18.43
    endloop
  endfacet
  facet normal -0.956942 -0.290281 0
    outer loop
      vertex -7.6422 -2.59416 15.52
      vertex -7.7955 -2.08879 18.43
      vertex -7.7955 -2.08879 15.52
    endloop
  endfacet
  facet normal -0.956942 -0.290281 0
    outer loop
      vertex -7.7955 -2.08879 18.43
      vertex -7.6422 -2.59416 15.52
      vertex -7.6422 -2.59416 18.43
    endloop
  endfacet
  facet normal -0.935902 -0.35226 0
    outer loop
      vertex -7.45616 -3.08844 15.52
      vertex -7.6422 -2.59416 18.43
      vertex -7.6422 -2.59416 15.52
    endloop
  endfacet
  facet normal -0.935902 -0.35226 0
    outer loop
      vertex -7.6422 -2.59416 18.43
      vertex -7.45616 -3.08844 15.52
      vertex -7.45616 -3.08844 18.43
    endloop
  endfacet
  facet normal -0.910864 -0.412706 0
    outer loop
      vertex -7.2382 -3.56949 15.52
      vertex -7.45616 -3.08844 18.43
      vertex -7.45616 -3.08844 15.52
    endloop
  endfacet
  facet normal -0.910864 -0.412706 0
    outer loop
      vertex -7.45616 -3.08844 18.43
      vertex -7.2382 -3.56949 15.52
      vertex -7.2382 -3.56949 18.43
    endloop
  endfacet
  facet normal -0.617838 0.786305 0
    outer loop
      vertex -7.2382 -3.56949 15.52
      vertex -10.1628 -5.86749 18.43
      vertex -7.2382 -3.56949 18.43
    endloop
  endfacet
  facet normal -0.617838 0.786305 0
    outer loop
      vertex -10.1628 -5.86749 18.43
      vertex -7.2382 -3.56949 15.52
      vertex -10.1628 -5.86749 15.52
    endloop
  endfacet
  facet normal -0.713271 0.700888 0
    outer loop
      vertex -10.842 -6.55869 15.52
      vertex -10.1628 -5.86749 18.43
      vertex -10.1628 -5.86749 15.52
    endloop
  endfacet
  facet normal -0.71327 0.700889 -6.47155e-07
    outer loop
      vertex -10.842 -6.55869 15.52
      vertex -10.9667 -6.68559 18.43
      vertex -10.1628 -5.86749 18.43
    endloop
  endfacet
  facet normal -0.713261 0.700898 1.19435e-07
    outer loop
      vertex -12.8042 -8.5555 15.52
      vertex -10.9667 -6.68559 18.43
      vertex -10.842 -6.55869 15.52
    endloop
  endfacet
  facet normal -0.713261 0.700899 0
    outer loop
      vertex -10.9667 -6.68559 18.43
      vertex -12.8042 -8.5555 15.52
      vertex -12.8042 -8.5555 18.43
    endloop
  endfacet
  facet normal -0.812834 -0.582495 0
    outer loop
      vertex -12.2172 -9.37462 15.52
      vertex -12.8042 -8.5555 18.43
      vertex -12.8042 -8.5555 15.52
    endloop
  endfacet
  facet normal -0.812834 -0.582495 0
    outer loop
      vertex -12.8042 -8.5555 18.43
      vertex -12.2172 -9.37462 15.52
      vertex -12.2172 -9.37462 18.43
    endloop
  endfacet
  facet normal -0.773007 -0.634398 0
    outer loop
      vertex -11.5779 -10.1536 15.52
      vertex -12.2172 -9.37462 18.43
      vertex -12.2172 -9.37462 15.52
    endloop
  endfacet
  facet normal -0.773007 -0.634398 0
    outer loop
      vertex -12.2172 -9.37462 18.43
      vertex -11.5779 -10.1536 15.52
      vertex -11.5779 -10.1536 18.43
    endloop
  endfacet
  facet normal -0.729899 -0.683555 0
    outer loop
      vertex -10.8891 -10.8891 15.52
      vertex -11.5779 -10.1536 18.43
      vertex -11.5779 -10.1536 15.52
    endloop
  endfacet
  facet normal -0.729899 -0.683555 0
    outer loop
      vertex -11.5779 -10.1536 18.43
      vertex -10.8891 -10.8891 15.52
      vertex -10.8891 -10.8891 18.43
    endloop
  endfacet
  facet normal -0.683555 -0.729899 0
    outer loop
      vertex -10.8891 -10.8891 15.52
      vertex -10.1536 -11.5779 18.43
      vertex -10.8891 -10.8891 18.43
    endloop
  endfacet
  facet normal -0.683555 -0.729899 -0
    outer loop
      vertex -10.1536 -11.5779 18.43
      vertex -10.8891 -10.8891 15.52
      vertex -10.1536 -11.5779 15.52
    endloop
  endfacet
  facet normal -0.634398 -0.773007 0
    outer loop
      vertex -10.1536 -11.5779 15.52
      vertex -9.37462 -12.2172 18.43
      vertex -10.1536 -11.5779 18.43
    endloop
  endfacet
  facet normal -0.634398 -0.773007 -0
    outer loop
      vertex -9.37462 -12.2172 18.43
      vertex -10.1536 -11.5779 15.52
      vertex -9.37462 -12.2172 15.52
    endloop
  endfacet
  facet normal -0.582495 -0.812834 0
    outer loop
      vertex -9.37462 -12.2172 15.52
      vertex -8.5555 -12.8042 18.43
      vertex -9.37462 -12.2172 18.43
    endloop
  endfacet
  facet normal -0.582495 -0.812834 -0
    outer loop
      vertex -8.5555 -12.8042 18.43
      vertex -9.37462 -12.2172 15.52
      vertex -8.5555 -12.8042 15.52
    endloop
  endfacet
  facet normal 0.700898 -0.713261 0
    outer loop
      vertex -6.55869 -10.842 15.52
      vertex -8.5555 -12.8042 18.43
      vertex -8.5555 -12.8042 15.52
    endloop
  endfacet
  facet normal 0.700896 -0.713264 -3.5825e-06
    outer loop
      vertex -8.5555 -12.8042 18.43
      vertex -6.55869 -10.842 15.52
      vertex -5.86749 -10.1628 18.43
    endloop
  endfacet
  facet normal 0.700888 -0.713271 0
    outer loop
      vertex -5.86749 -10.1628 18.43
      vertex -6.55869 -10.842 15.52
      vertex -5.86749 -10.1628 15.52
    endloop
  endfacet
  facet normal 0.786306 -0.617837 0
    outer loop
      vertex -3.56949 -7.2382 18.43
      vertex -4.25565 -8.11146 15.52
      vertex -3.56949 -7.2382 15.52
    endloop
  endfacet
  facet normal 0.786305 -0.617839 9.84581e-07
    outer loop
      vertex -5.06595 -9.1427 18.43
      vertex -4.25565 -8.11146 15.52
      vertex -3.56949 -7.2382 18.43
    endloop
  endfacet
  facet normal 0.786306 -0.617837 0
    outer loop
      vertex -5.86749 -10.1628 15.52
      vertex -5.06595 -9.1427 18.43
      vertex -5.86749 -10.1628 18.43
    endloop
  endfacet
  facet normal 0.786305 -0.617839 9.11573e-07
    outer loop
      vertex -5.06595 -9.1427 18.43
      vertex -5.86749 -10.1628 15.52
      vertex -4.25565 -8.11146 15.52
    endloop
  endfacet
  facet normal -0.412764 -0.910838 0
    outer loop
      vertex -3.50543 -7.26723 15.52
      vertex -3.56949 -7.2382 18.43
      vertex -3.56949 -7.2382 15.52
    endloop
  endfacet
  facet normal -0.412706 -0.910864 1.53815e-06
    outer loop
      vertex -3.56949 -7.2382 18.43
      vertex -3.50543 -7.26723 15.52
      vertex -3.08844 -7.45616 18.43
    endloop
  endfacet
  facet normal -0.412697 -0.910869 -0
    outer loop
      vertex -3.08844 -7.45616 18.43
      vertex -3.50543 -7.26723 15.52
      vertex -3.08844 -7.45616 15.52
    endloop
  endfacet
  facet normal -0.35226 -0.935902 0
    outer loop
      vertex -3.08844 -7.45616 15.52
      vertex -2.59416 -7.6422 18.43
      vertex -3.08844 -7.45616 18.43
    endloop
  endfacet
  facet normal -0.35226 -0.935902 -0
    outer loop
      vertex -2.59416 -7.6422 18.43
      vertex -3.08844 -7.45616 15.52
      vertex -2.59416 -7.6422 15.52
    endloop
  endfacet
  facet normal -0.290281 -0.956942 0
    outer loop
      vertex -2.59416 -7.6422 15.52
      vertex -2.08879 -7.7955 18.43
      vertex -2.59416 -7.6422 18.43
    endloop
  endfacet
  facet normal -0.290281 -0.956942 -0
    outer loop
      vertex -2.08879 -7.7955 18.43
      vertex -2.59416 -7.6422 15.52
      vertex -2.08879 -7.7955 15.52
    endloop
  endfacet
  facet normal -0.227067 -0.973879 0
    outer loop
      vertex -2.08879 -7.7955 15.52
      vertex -1.57446 -7.91542 18.43
      vertex -2.08879 -7.7955 18.43
    endloop
  endfacet
  facet normal -0.227067 -0.973879 -0
    outer loop
      vertex -1.57446 -7.91542 18.43
      vertex -2.08879 -7.7955 15.52
      vertex -1.57446 -7.91542 15.52
    endloop
  endfacet
  facet normal -0.162903 -0.986642 0
    outer loop
      vertex -1.57446 -7.91542 15.52
      vertex -1.05341 -8.00145 18.43
      vertex -1.57446 -7.91542 18.43
    endloop
  endfacet
  facet normal -0.162903 -0.986642 -0
    outer loop
      vertex -1.05341 -8.00145 18.43
      vertex -1.57446 -7.91542 15.52
      vertex -1.05341 -8.00145 15.52
    endloop
  endfacet
  facet normal -0.0980079 -0.995186 0
    outer loop
      vertex -1.05341 -8.00145 15.52
      vertex -0.527832 -8.05321 18.43
      vertex -1.05341 -8.00145 18.43
    endloop
  endfacet
  facet normal -0.0980079 -0.995186 -0
    outer loop
      vertex -0.527832 -8.05321 18.43
      vertex -1.05341 -8.00145 15.52
      vertex -0.527832 -8.05321 15.52
    endloop
  endfacet
  facet normal -0.989879 -0.141912 0
    outer loop
      vertex 0 -11.735 15.52
      vertex -0.527832 -8.05321 18.43
      vertex -0.527832 -8.05321 15.52
    endloop
  endfacet
  facet normal -0.989879 -0.141912 0
    outer loop
      vertex -0.527832 -8.05321 18.43
      vertex 0 -11.735 15.52
      vertex 0 -11.735 18.43
    endloop
  endfacet
  facet normal -0.963625 -0.26726 0
    outer loop
      vertex 0.258988 -12.6688 15.52
      vertex 0 -11.735 18.43
      vertex 0 -11.735 15.52
    endloop
  endfacet
  facet normal -0.963628 -0.267246 -4.82937e-06
    outer loop
      vertex 0.258988 -12.6688 15.52
      vertex 0.306536 -12.8403 18.43
      vertex 0 -11.735 18.43
    endloop
  endfacet
  facet normal -0.963626 -0.267253 -5.27499e-06
    outer loop
      vertex 1.00717 -15.3665 15.52
      vertex 0.306536 -12.8403 18.43
      vertex 0.258988 -12.6688 15.52
    endloop
  endfacet
  facet normal -0.963625 -0.267258 0
    outer loop
      vertex 0.306536 -12.8403 18.43
      vertex 1.00717 -15.3665 15.52
      vertex 1.00717 -15.3665 18.43
    endloop
  endfacet
  facet normal 0.0980436 -0.995182 0
    outer loop
      vertex 1.00717 -15.3665 15.52
      vertex 2.01003 -15.2677 18.43
      vertex 1.00717 -15.3665 18.43
    endloop
  endfacet
  facet normal 0.0980436 -0.995182 0
    outer loop
      vertex 2.01003 -15.2677 18.43
      vertex 1.00717 -15.3665 15.52
      vertex 2.01003 -15.2677 15.52
    endloop
  endfacet
  facet normal -0 0 1
    outer loop
      vertex -0.793182 -12.1017 21.34
      vertex 0.397316 -12.7025 21.34
      vertex 0 -11.735 21.34
    endloop
  endfacet
  facet normal -0 0 1
    outer loop
      vertex -1.42921 -10.8561 21.34
      vertex 0 -11.735 21.34
      vertex -0.619781 -9.45612 21.34
    endloop
  endfacet
  facet normal 0 0 1
    outer loop
      vertex 0.397316 -12.7025 21.34
      vertex -0.793182 -12.1017 21.34
      vertex 0 -13.3055 21.34
    endloop
  endfacet
  facet normal -0 0 1
    outer loop
      vertex -1.7491 -8.79335 21.34
      vertex -0.619781 -9.45612 21.34
      vertex -1.12102 -8.51506 21.34
    endloop
  endfacet
  facet normal 0 0 1
    outer loop
      vertex 0 -11.735 21.34
      vertex -1.42921 -10.8561 21.34
      vertex -0.793182 -12.1017 21.34
    endloop
  endfacet
  facet normal 0 0 1
    outer loop
      vertex -2.05959 -10.3543 21.34
      vertex -0.619781 -9.45612 21.34
      vertex -1.7491 -8.79335 21.34
    endloop
  endfacet
  facet normal 0 0 1
    outer loop
      vertex -0.619781 -9.45612 21.34
      vertex -2.05959 -10.3543 21.34
      vertex -1.42921 -10.8561 21.34
    endloop
  endfacet
  facet normal -0 0 1
    outer loop
      vertex -2.4171 -9.02075 21.34
      vertex -2.05959 -10.3543 21.34
      vertex -1.7491 -8.79335 21.34
    endloop
  endfacet
  facet normal -0 0 1
    outer loop
      vertex -4.1913 -8.49913 21.34
      vertex -2.4171 -9.02075 21.34
      vertex -2.8819 -8.48982 21.34
    endloop
  endfacet
  facet normal 0 0 1
    outer loop
      vertex -2.4171 -9.02075 21.34
      vertex -3.03723 -11.3351 21.34
      vertex -2.05959 -10.3543 21.34
    endloop
  endfacet
  facet normal 0 0 1
    outer loop
      vertex -4.1913 -8.49913 21.34
      vertex -2.8819 -8.48982 21.34
      vertex -3.28668 -7.93478 21.34
    endloop
  endfacet
  facet normal 0 0 1
    outer loop
      vertex -2.4171 -9.02075 21.34
      vertex -4.1913 -8.49913 21.34
      vertex -5.0166 -10.1727 21.34
    endloop
  endfacet
  facet normal 0 0 1
    outer loop
      vertex -2.4171 -9.02075 21.34
      vertex -5.0166 -10.1727 21.34
      vertex -3.03723 -11.3351 21.34
    endloop
  endfacet
  facet normal 0 -0 1
    outer loop
      vertex -4.79129 -11.5672 21.34
      vertex -3.03723 -11.3351 21.34
      vertex -5.0166 -10.1727 21.34
    endloop
  endfacet
  facet normal 0 0 1
    outer loop
      vertex -3.03723 -11.3351 21.34
      vertex -4.79129 -11.5672 21.34
      vertex -4.1507 -12.2276 21.34
    endloop
  endfacet
  facet normal 0 -0 1
    outer loop
      vertex -5.0166 -10.1727 21.34
      vertex -4.1913 -8.49913 21.34
      vertex -5.05568 -9.35705 21.34
    endloop
  endfacet
  facet normal 0 0 1
    outer loop
      vertex 10.0837 -6.73775 21.34
      vertex 11.1993 -6.00715 21.34
      vertex 10.1628 -5.86749 21.34
    endloop
  endfacet
  facet normal 0 0 1
    outer loop
      vertex 11.1993 -6.00715 21.34
      vertex 10.0837 -6.73775 21.34
      vertex 11.5229 -6.65274 21.34
    endloop
  endfacet
  facet normal 0 0 1
    outer loop
      vertex 10.1628 -5.86749 21.34
      vertex 8.68701 -6.66577 21.34
      vertex 10.0837 -6.73775 21.34
    endloop
  endfacet
  facet normal 0 0 1
    outer loop
      vertex 7.87935 -5.2648 21.34
      vertex 8.68701 -6.66577 21.34
      vertex 10.1628 -5.86749 21.34
    endloop
  endfacet
  facet normal 0 0 1
    outer loop
      vertex 8.68701 -6.66577 21.34
      vertex 7.87935 -5.2648 21.34
      vertex 7.93726 -6.96078 21.34
    endloop
  endfacet
  facet normal 0 0 1
    outer loop
      vertex 6.60365 -6.60365 21.34
      vertex 8.2979 -8.2979 21.34
      vertex 7.93726 -6.96078 21.34
    endloop
  endfacet
  facet normal 0 0 1
    outer loop
      vertex 8.2979 -8.2979 21.34
      vertex 7.62184 -9.93297 21.34
      vertex 8.51404 -9.7084 21.34
    endloop
  endfacet
  facet normal -0 0 1
    outer loop
      vertex 6.74071 -5.91144 21.34
      vertex 7.93726 -6.96078 21.34
      vertex 7.87935 -5.2648 21.34
    endloop
  endfacet
  facet normal 0 0 1
    outer loop
      vertex 6.74071 -5.91144 21.34
      vertex 7.87935 -5.2648 21.34
      vertex 6.81375 -5.22838 21.34
    endloop
  endfacet
  facet normal 0 0 1
    outer loop
      vertex 7.93726 -6.96078 21.34
      vertex 6.74071 -5.91144 21.34
      vertex 6.60365 -6.60365 21.34
    endloop
  endfacet
  facet normal 0 0 1
    outer loop
      vertex 8.2979 -8.2979 21.34
      vertex 6.60365 -6.60365 21.34
      vertex 6.30148 -9.43083 21.34
    endloop
  endfacet
  facet normal 0 0 1
    outer loop
      vertex 8.2979 -8.2979 21.34
      vertex 6.30148 -9.43083 21.34
      vertex 7.62184 -9.93297 21.34
    endloop
  endfacet
  facet normal 0 0 1
    outer loop
      vertex 5.2648 -7.87935 21.34
      vertex 6.60365 -6.60365 21.34
      vertex 5.91144 -6.74071 21.34
    endloop
  endfacet
  facet normal 0 0 1
    outer loop
      vertex 6.60365 -6.60365 21.34
      vertex 5.2648 -7.87935 21.34
      vertex 6.30148 -9.43083 21.34
    endloop
  endfacet
  facet normal 0 0 1
    outer loop
      vertex 6.30148 -9.43083 21.34
      vertex 5.2648 -7.87935 21.34
      vertex 5.57559 -9.05687 21.34
    endloop
  endfacet
  facet normal 0 -0 1
    outer loop
      vertex 5.2648 -7.87935 21.34
      vertex 5.91144 -6.74071 21.34
      vertex 5.22838 -6.81375 21.34
    endloop
  endfacet
  facet normal 0 0 -1
    outer loop
      vertex 4.66226 -13.7346 21.34
      vertex 6.18919 -12.5505 21.34
      vertex 5.69487 -13.7487 21.34
    endloop
  endfacet
  facet normal 0 0 -1
    outer loop
      vertex 6.18919 -12.5505 21.34
      vertex 4.79129 -11.5672 21.34
      vertex 5.86749 -10.1628 21.34
    endloop
  endfacet
  facet normal -0 0 -1
    outer loop
      vertex 5.86749 -10.1628 21.34
      vertex 5.0166 -10.1727 21.34
      vertex 5.57559 -9.05687 21.34
    endloop
  endfacet
  facet normal -0 0 -1
    outer loop
      vertex 5.57559 -9.05687 21.34
      vertex 5.0166 -10.1727 21.34
      vertex 5.08224 -8.8027 21.34
    endloop
  endfacet
  facet normal 0 0 -1
    outer loop
      vertex 5.86749 -10.1628 21.34
      vertex 4.79129 -11.5672 21.34
      vertex 5.0166 -10.1727 21.34
    endloop
  endfacet
  facet normal -0 0 -1
    outer loop
      vertex 6.18919 -12.5505 21.34
      vertex 4.66226 -13.7346 21.34
      vertex 4.1507 -12.2276 21.34
    endloop
  endfacet
  facet normal 0 0 -1
    outer loop
      vertex 6.18919 -12.5505 21.34
      vertex 4.1507 -12.2276 21.34
      vertex 4.79129 -11.5672 21.34
    endloop
  endfacet
  facet normal 0 0 -1
    outer loop
      vertex 3.65736 -13.6495 21.34
      vertex 4.1507 -12.2276 21.34
      vertex 4.66226 -13.7346 21.34
    endloop
  endfacet
  facet normal 0 0 -1
    outer loop
      vertex 3.65736 -13.6495 21.34
      vertex 3.03723 -11.3351 21.34
      vertex 4.1507 -12.2276 21.34
    endloop
  endfacet
  facet normal 0 0 -1
    outer loop
      vertex 2.82965 -14.2257 21.34
      vertex 3.03723 -11.3351 21.34
      vertex 3.65736 -13.6495 21.34
    endloop
  endfacet
  facet normal 0 0 -1
    outer loop
      vertex 0.793182 -12.1017 21.34
      vertex 3.03723 -11.3351 21.34
      vertex 2.82965 -14.2257 21.34
    endloop
  endfacet
  facet normal 0 0 -1
    outer loop
      vertex 0.915222 -13.9636 21.34
      vertex 2.82965 -14.2257 21.34
      vertex 1.94241 -14.7541 21.34
    endloop
  endfacet
  facet normal 0 0 -1
    outer loop
      vertex 3.03723 -11.3351 21.34
      vertex 1.42921 -10.8561 21.34
      vertex 2.05959 -10.3543 21.34
    endloop
  endfacet
  facet normal 0 0 -1
    outer loop
      vertex 2.82965 -14.2257 21.34
      vertex 0.915222 -13.9636 21.34
      vertex 0.793182 -12.1017 21.34
    endloop
  endfacet
  facet normal -0 0 -1
    outer loop
      vertex 3.03723 -11.3351 21.34
      vertex 0.793182 -12.1017 21.34
      vertex 1.42921 -10.8561 21.34
    endloop
  endfacet
  facet normal 0 -0 -1
    outer loop
      vertex 0.793182 -12.1017 21.34
      vertex 0.915222 -13.9636 21.34
      vertex 0.397316 -12.7025 21.34
    endloop
  endfacet
  facet normal 0 0 1
    outer loop
      vertex -8.79335 -1.7491 21.34
      vertex -9.45612 -0.619781 21.34
      vertex -9.02075 -2.4171 21.34
    endloop
  endfacet
  facet normal 0 0 1
    outer loop
      vertex -9.45612 -0.619781 21.34
      vertex -8.79335 -1.7491 21.34
      vertex -8.51506 -1.12102 21.34
    endloop
  endfacet
  facet normal 0 0 1
    outer loop
      vertex -8.48982 -2.8819 21.34
      vertex -8.49913 -4.1913 21.34
      vertex -7.93478 -3.28668 21.34
    endloop
  endfacet
  facet normal 0 0 1
    outer loop
      vertex -9.99686 -3.39346 21.34
      vertex -8.48982 -2.8819 21.34
      vertex -9.02075 -2.4171 21.34
    endloop
  endfacet
  facet normal -0 0 1
    outer loop
      vertex -11.3181 -0.741821 21.34
      vertex -9.02075 -2.4171 21.34
      vertex -9.45612 -0.619781 21.34
    endloop
  endfacet
  facet normal 0 0 1
    outer loop
      vertex -8.48982 -2.8819 21.34
      vertex -9.99686 -3.39346 21.34
      vertex -8.49913 -4.1913 21.34
    endloop
  endfacet
  facet normal -0 0 1
    outer loop
      vertex -10.1162 -4.19028 21.34
      vertex -8.49913 -4.1913 21.34
      vertex -9.99686 -3.39346 21.34
    endloop
  endfacet
  facet normal 0 0 1
    outer loop
      vertex -10.1162 -4.19028 21.34
      vertex -10.1628 -5.86749 21.34
      vertex -8.49913 -4.1913 21.34
    endloop
  endfacet
  facet normal -0 0 1
    outer loop
      vertex -10.8769 -5.36391 21.34
      vertex -10.1628 -5.86749 21.34
      vertex -10.1162 -4.19028 21.34
    endloop
  endfacet
  facet normal 0 0 1
    outer loop
      vertex -10.1628 -5.86749 21.34
      vertex -10.8769 -5.36391 21.34
      vertex -10.802 -6.69532 21.34
    endloop
  endfacet
  facet normal 0 0 1
    outer loop
      vertex -10.802 -6.69532 21.34
      vertex -10.8769 -5.36391 21.34
      vertex -11.5229 -6.65274 21.34
    endloop
  endfacet
  facet normal 0 0 1
    outer loop
      vertex -11.3181 -0.741821 21.34
      vertex -9.45612 -0.619781 21.34
      vertex -10.6313 -0.300173 21.34
    endloop
  endfacet
  facet normal 0 0 1
    outer loop
      vertex -11.3351 -3.03723 21.34
      vertex -9.02075 -2.4171 21.34
      vertex -11.3181 -0.741821 21.34
    endloop
  endfacet
  facet normal 0 0 1
    outer loop
      vertex -9.02075 -2.4171 21.34
      vertex -11.3351 -3.03723 21.34
      vertex -9.99686 -3.39346 21.34
    endloop
  endfacet
  facet normal -0 0 1
    outer loop
      vertex -12.4131 -1.63422 21.34
      vertex -11.3351 -3.03723 21.34
      vertex -11.3181 -0.741821 21.34
    endloop
  endfacet
  facet normal 0 0 1
    outer loop
      vertex -11.3351 -3.03723 21.34
      vertex -12.4131 -1.63422 21.34
      vertex -12.6647 -2.51917 21.34
    endloop
  endfacet
  facet normal 0 0 1
    outer loop
      vertex 10.802 6.69532 21.34
      vertex 10.8769 5.36391 21.34
      vertex 11.5229 6.65274 21.34
    endloop
  endfacet
  facet normal -0 0 1
    outer loop
      vertex 10.1628 5.86749 21.34
      vertex 10.8769 5.36391 21.34
      vertex 10.802 6.69532 21.34
    endloop
  endfacet
  facet normal 0 0 1
    outer loop
      vertex 10.1628 5.86749 21.34
      vertex 10.1162 4.19028 21.34
      vertex 10.8769 5.36391 21.34
    endloop
  endfacet
  facet normal -0 0 1
    outer loop
      vertex 8.49913 4.1913 21.34
      vertex 10.1162 4.19028 21.34
      vertex 10.1628 5.86749 21.34
    endloop
  endfacet
  facet normal 0 0 1
    outer loop
      vertex 10.1162 4.19028 21.34
      vertex 8.49913 4.1913 21.34
      vertex 9.99686 3.39346 21.34
    endloop
  endfacet
  facet normal 0 0 1
    outer loop
      vertex 9.99686 3.39346 21.34
      vertex 9.02075 2.4171 21.34
      vertex 9.45612 0.619781 21.34
    endloop
  endfacet
  facet normal 0 0 1
    outer loop
      vertex 8.48982 2.8819 21.34
      vertex 9.99686 3.39346 21.34
      vertex 8.49913 4.1913 21.34
    endloop
  endfacet
  facet normal 0 0 1
    outer loop
      vertex 9.99686 3.39346 21.34
      vertex 8.48982 2.8819 21.34
      vertex 9.02075 2.4171 21.34
    endloop
  endfacet
  facet normal 0 -0 1
    outer loop
      vertex 8.48982 2.8819 21.34
      vertex 8.49913 4.1913 21.34
      vertex 7.93478 3.28668 21.34
    endloop
  endfacet
  facet normal 0 0 1
    outer loop
      vertex 11.3351 3.03723 21.34
      vertex 12.4131 1.63422 21.34
      vertex 12.6647 2.51917 21.34
    endloop
  endfacet
  facet normal 0 0 1
    outer loop
      vertex 11.3351 3.03723 21.34
      vertex 11.3181 0.741821 21.34
      vertex 12.4131 1.63422 21.34
    endloop
  endfacet
  facet normal 0 0 1
    outer loop
      vertex 9.45612 0.619781 21.34
      vertex 11.3181 0.741821 21.34
      vertex 11.3351 3.03723 21.34
    endloop
  endfacet
  facet normal 0 0 1
    outer loop
      vertex 9.45612 0.619781 21.34
      vertex 11.3351 3.03723 21.34
      vertex 9.99686 3.39346 21.34
    endloop
  endfacet
  facet normal 0 0 1
    outer loop
      vertex 11.3181 0.741821 21.34
      vertex 9.45612 0.619781 21.34
      vertex 10.6313 0.300173 21.34
    endloop
  endfacet
  facet normal -0 0 1
    outer loop
      vertex 8.79335 1.7491 21.34
      vertex 9.45612 0.619781 21.34
      vertex 9.02075 2.4171 21.34
    endloop
  endfacet
  facet normal 0 0 1
    outer loop
      vertex 9.45612 0.619781 21.34
      vertex 8.79335 1.7491 21.34
      vertex 8.51506 1.12102 21.34
    endloop
  endfacet
  facet normal 0 0 -1
    outer loop
      vertex 12.5505 -6.18919 21.34
      vertex 13.7346 -4.66226 21.34
      vertex 13.7487 -5.69487 21.34
    endloop
  endfacet
  facet normal 0 0 -1
    outer loop
      vertex 10.8769 -5.36391 21.34
      vertex 13.7346 -4.66226 21.34
      vertex 12.5505 -6.18919 21.34
    endloop
  endfacet
  facet normal 0 -0 -1
    outer loop
      vertex 11.3351 -3.03723 21.34
      vertex 13.7346 -4.66226 21.34
      vertex 10.8769 -5.36391 21.34
    endloop
  endfacet
  facet normal 0 0 -1
    outer loop
      vertex 13.6495 -3.65736 21.34
      vertex 11.3351 -3.03723 21.34
      vertex 12.6647 -2.51917 21.34
    endloop
  endfacet
  facet normal 0 0 -1
    outer loop
      vertex 10.8769 -5.36391 21.34
      vertex 12.5505 -6.18919 21.34
      vertex 11.1993 -6.00715 21.34
    endloop
  endfacet
  facet normal 0 0 -1
    outer loop
      vertex 13.7346 -4.66226 21.34
      vertex 11.3351 -3.03723 21.34
      vertex 13.6495 -3.65736 21.34
    endloop
  endfacet
  facet normal 0 0 -1
    outer loop
      vertex 10.1162 -4.19028 21.34
      vertex 11.3351 -3.03723 21.34
      vertex 10.8769 -5.36391 21.34
    endloop
  endfacet
  facet normal 0 0 -1
    outer loop
      vertex 11.3351 -3.03723 21.34
      vertex 10.1162 -4.19028 21.34
      vertex 9.99686 -3.39346 21.34
    endloop
  endfacet
  facet normal 0 0 -1
    outer loop
      vertex 14.2257 -2.82965 21.34
      vertex 13.9636 -0.915222 21.34
      vertex 14.7541 -1.94241 21.34
    endloop
  endfacet
  facet normal 0 0 -1
    outer loop
      vertex 12.6647 -2.51917 21.34
      vertex 14.2257 -2.82965 21.34
      vertex 13.6495 -3.65736 21.34
    endloop
  endfacet
  facet normal 0 0 -1
    outer loop
      vertex 14.2257 -2.82965 21.34
      vertex 12.6647 -2.51917 21.34
      vertex 13.9636 -0.915222 21.34
    endloop
  endfacet
  facet normal 0 0 -1
    outer loop
      vertex 12.4131 -1.63422 21.34
      vertex 13.9636 -0.915222 21.34
      vertex 12.6647 -2.51917 21.34
    endloop
  endfacet
  facet normal 0 0 -1
    outer loop
      vertex 12.4131 -1.63422 21.34
      vertex 11.735 0 21.34
      vertex 13.9636 -0.915222 21.34
    endloop
  endfacet
  facet normal 0 0 -1
    outer loop
      vertex 11.3181 -0.741821 21.34
      vertex 11.735 0 21.34
      vertex 12.4131 -1.63422 21.34
    endloop
  endfacet
  facet normal 0 0 -1
    outer loop
      vertex 11.3181 -0.741821 21.34
      vertex 10.6313 0.300173 21.34
      vertex 11.735 0 21.34
    endloop
  endfacet
  facet normal 0 -0 -1
    outer loop
      vertex 10.6313 0.300173 21.34
      vertex 11.3181 -0.741821 21.34
      vertex 10.1645 0 21.34
    endloop
  endfacet
  facet normal -0 0 1
    outer loop
      vertex 3.03723 11.3351 21.34
      vertex 5.0166 10.1727 21.34
      vertex 4.79129 11.5672 21.34
    endloop
  endfacet
  facet normal 0 0 1
    outer loop
      vertex 2.4171 9.02075 21.34
      vertex 5.0166 10.1727 21.34
      vertex 3.03723 11.3351 21.34
    endloop
  endfacet
  facet normal 0 0 1
    outer loop
      vertex 3.03723 11.3351 21.34
      vertex 4.79129 11.5672 21.34
      vertex 4.1507 12.2276 21.34
    endloop
  endfacet
  facet normal 0 -0 1
    outer loop
      vertex 4.1913 8.49913 21.34
      vertex 5.0166 10.1727 21.34
      vertex 2.4171 9.02075 21.34
    endloop
  endfacet
  facet normal 0 0 1
    outer loop
      vertex 5.0166 10.1727 21.34
      vertex 4.1913 8.49913 21.34
      vertex 5.05568 9.35705 21.34
    endloop
  endfacet
  facet normal 0 0 1
    outer loop
      vertex 4.1913 8.49913 21.34
      vertex 2.8819 8.48982 21.34
      vertex 3.28668 7.93478 21.34
    endloop
  endfacet
  facet normal 0 0 1
    outer loop
      vertex 4.1913 8.49913 21.34
      vertex 2.4171 9.02075 21.34
      vertex 2.8819 8.48982 21.34
    endloop
  endfacet
  facet normal -0 0 1
    outer loop
      vertex 2.05959 10.3543 21.34
      vertex 2.4171 9.02075 21.34
      vertex 3.03723 11.3351 21.34
    endloop
  endfacet
  facet normal 0 0 1
    outer loop
      vertex 2.05959 10.3543 21.34
      vertex 1.7491 8.79335 21.34
      vertex 2.4171 9.02075 21.34
    endloop
  endfacet
  facet normal 0 0 1
    outer loop
      vertex 0.619781 9.45612 21.34
      vertex 2.05959 10.3543 21.34
      vertex 1.42921 10.8561 21.34
    endloop
  endfacet
  facet normal 0 0 1
    outer loop
      vertex 2.05959 10.3543 21.34
      vertex 0.619781 9.45612 21.34
      vertex 1.7491 8.79335 21.34
    endloop
  endfacet
  facet normal -0 0 1
    outer loop
      vertex 0 11.735 21.34
      vertex 1.42921 10.8561 21.34
      vertex 0.793182 12.1017 21.34
    endloop
  endfacet
  facet normal 0 0 1
    outer loop
      vertex 1.7491 8.79335 21.34
      vertex 0.619781 9.45612 21.34
      vertex 1.12102 8.51506 21.34
    endloop
  endfacet
  facet normal -0 0 1
    outer loop
      vertex -0.397316 12.7025 21.34
      vertex 0.793182 12.1017 21.34
      vertex 0 13.3055 21.34
    endloop
  endfacet
  facet normal 0 0 1
    outer loop
      vertex 1.42921 10.8561 21.34
      vertex 0 11.735 21.34
      vertex 0.619781 9.45612 21.34
    endloop
  endfacet
  facet normal 0 0 1
    outer loop
      vertex 0.793182 12.1017 21.34
      vertex -0.397316 12.7025 21.34
      vertex 0 11.735 21.34
    endloop
  endfacet
  facet normal 0 0 -1
    outer loop
      vertex 9.99213 9.99213 21.34
      vertex 8.2979 8.2979 21.34
      vertex 8.51404 9.7084 21.34
    endloop
  endfacet
  facet normal 0 -0 -1
    outer loop
      vertex 8.2979 8.2979 21.34
      vertex 8.68701 6.66577 21.34
      vertex 7.93726 6.96078 21.34
    endloop
  endfacet
  facet normal 0 0 -1
    outer loop
      vertex 11.6352 7.77441 21.34
      vertex 10.905 9.56339 21.34
      vertex 11.8062 9.05925 21.34
    endloop
  endfacet
  facet normal 0 0 -1
    outer loop
      vertex 10.0837 6.73775 21.34
      vertex 11.6352 7.77441 21.34
      vertex 10.802 6.69532 21.34
    endloop
  endfacet
  facet normal -0 0 -1
    outer loop
      vertex 11.6352 7.77441 21.34
      vertex 10.0837 6.73775 21.34
      vertex 10.905 9.56339 21.34
    endloop
  endfacet
  facet normal 0 0 -1
    outer loop
      vertex 8.2979 8.2979 21.34
      vertex 10.905 9.56339 21.34
      vertex 10.0837 6.73775 21.34
    endloop
  endfacet
  facet normal -0 0 -1
    outer loop
      vertex 10.905 9.56339 21.34
      vertex 8.2979 8.2979 21.34
      vertex 9.99213 9.99213 21.34
    endloop
  endfacet
  facet normal -0 0 -1
    outer loop
      vertex 9.99213 9.99213 21.34
      vertex 8.51404 9.7084 21.34
      vertex 9.56339 10.905 21.34
    endloop
  endfacet
  facet normal 0 0 -1
    outer loop
      vertex 8.2979 8.2979 21.34
      vertex 10.0837 6.73775 21.34
      vertex 8.68701 6.66577 21.34
    endloop
  endfacet
  facet normal 0 0 -1
    outer loop
      vertex 7.77441 11.6352 21.34
      vertex 9.56339 10.905 21.34
      vertex 8.51404 9.7084 21.34
    endloop
  endfacet
  facet normal 0 0 -1
    outer loop
      vertex 9.56339 10.905 21.34
      vertex 7.77441 11.6352 21.34
      vertex 9.05925 11.8062 21.34
    endloop
  endfacet
  facet normal 0 0 -1
    outer loop
      vertex 7.62184 9.93297 21.34
      vertex 7.77441 11.6352 21.34
      vertex 8.51404 9.7084 21.34
    endloop
  endfacet
  facet normal 0 0 -1
    outer loop
      vertex 5.86749 10.1628 21.34
      vertex 7.62184 9.93297 21.34
      vertex 6.30148 9.43083 21.34
    endloop
  endfacet
  facet normal 0 0 -1
    outer loop
      vertex 7.62184 9.93297 21.34
      vertex 5.86749 10.1628 21.34
      vertex 7.77441 11.6352 21.34
    endloop
  endfacet
  facet normal 0 0 -1
    outer loop
      vertex 5.05568 9.35705 21.34
      vertex 6.30148 9.43083 21.34
      vertex 5.08224 8.8027 21.34
    endloop
  endfacet
  facet normal -0 0 -1
    outer loop
      vertex 6.30148 9.43083 21.34
      vertex 5.05568 9.35705 21.34
      vertex 5.86749 10.1628 21.34
    endloop
  endfacet
  facet normal 0 0 -1
    outer loop
      vertex -0.793182 12.1017 21.34
      vertex -0.915222 13.9636 21.34
      vertex -0.397316 12.7025 21.34
    endloop
  endfacet
  facet normal 0 0 -1
    outer loop
      vertex -3.03723 11.3351 21.34
      vertex -0.793182 12.1017 21.34
      vertex -1.42921 10.8561 21.34
    endloop
  endfacet
  facet normal 0 -0 -1
    outer loop
      vertex -2.82965 14.2257 21.34
      vertex -0.793182 12.1017 21.34
      vertex -3.03723 11.3351 21.34
    endloop
  endfacet
  facet normal 0 0 -1
    outer loop
      vertex -3.03723 11.3351 21.34
      vertex -1.42921 10.8561 21.34
      vertex -2.05959 10.3543 21.34
    endloop
  endfacet
  facet normal 0 0 -1
    outer loop
      vertex -0.793182 12.1017 21.34
      vertex -2.82965 14.2257 21.34
      vertex -0.915222 13.9636 21.34
    endloop
  endfacet
  facet normal 0 0 -1
    outer loop
      vertex -0.915222 13.9636 21.34
      vertex -2.82965 14.2257 21.34
      vertex -1.94241 14.7541 21.34
    endloop
  endfacet
  facet normal 0 0 -1
    outer loop
      vertex -3.03723 11.3351 21.34
      vertex -3.65736 13.6495 21.34
      vertex -2.82965 14.2257 21.34
    endloop
  endfacet
  facet normal 0 0 -1
    outer loop
      vertex -4.1507 12.2276 21.34
      vertex -3.65736 13.6495 21.34
      vertex -3.03723 11.3351 21.34
    endloop
  endfacet
  facet normal 0 0 -1
    outer loop
      vertex -4.1507 12.2276 21.34
      vertex -4.66226 13.7346 21.34
      vertex -3.65736 13.6495 21.34
    endloop
  endfacet
  facet normal 0 0 -1
    outer loop
      vertex -6.18919 12.5505 21.34
      vertex -4.1507 12.2276 21.34
      vertex -4.79129 11.5672 21.34
    endloop
  endfacet
  facet normal 0 0 -1
    outer loop
      vertex -5.86749 10.1628 21.34
      vertex -4.79129 11.5672 21.34
      vertex -5.0166 10.1727 21.34
    endloop
  endfacet
  facet normal 0 0 -1
    outer loop
      vertex -5.57559 9.05687 21.34
      vertex -5.0166 10.1727 21.34
      vertex -5.08224 8.8027 21.34
    endloop
  endfacet
  facet normal 0 0 -1
    outer loop
      vertex -5.86749 10.1628 21.34
      vertex -5.0166 10.1727 21.34
      vertex -5.57559 9.05687 21.34
    endloop
  endfacet
  facet normal -0 0 -1
    outer loop
      vertex -4.79129 11.5672 21.34
      vertex -5.86749 10.1628 21.34
      vertex -6.18919 12.5505 21.34
    endloop
  endfacet
  facet normal 0 0 -1
    outer loop
      vertex -4.1507 12.2276 21.34
      vertex -6.18919 12.5505 21.34
      vertex -4.66226 13.7346 21.34
    endloop
  endfacet
  facet normal -0 0 -1
    outer loop
      vertex -4.66226 13.7346 21.34
      vertex -6.18919 12.5505 21.34
      vertex -5.69487 13.7487 21.34
    endloop
  endfacet
  facet normal 0 0 1
    outer loop
      vertex -6.30148 9.43083 21.34
      vertex -5.2648 7.87935 21.34
      vertex -5.57559 9.05687 21.34
    endloop
  endfacet
  facet normal 0 0 1
    outer loop
      vertex -5.2648 7.87935 21.34
      vertex -5.91144 6.74071 21.34
      vertex -5.22838 6.81375 21.34
    endloop
  endfacet
  facet normal 0 0 1
    outer loop
      vertex -5.2648 7.87935 21.34
      vertex -6.30148 9.43083 21.34
      vertex -6.60365 6.60365 21.34
    endloop
  endfacet
  facet normal 0 0 1
    outer loop
      vertex -5.2648 7.87935 21.34
      vertex -6.60365 6.60365 21.34
      vertex -5.91144 6.74071 21.34
    endloop
  endfacet
  facet normal -0 0 1
    outer loop
      vertex -8.2979 8.2979 21.34
      vertex -6.60365 6.60365 21.34
      vertex -6.30148 9.43083 21.34
    endloop
  endfacet
  facet normal 0 0 1
    outer loop
      vertex -8.2979 8.2979 21.34
      vertex -6.30148 9.43083 21.34
      vertex -7.62184 9.93297 21.34
    endloop
  endfacet
  facet normal 0 0 1
    outer loop
      vertex -6.60365 6.60365 21.34
      vertex -7.93726 6.96078 21.34
      vertex -6.74071 5.91144 21.34
    endloop
  endfacet
  facet normal 0 -0 1
    outer loop
      vertex -7.87935 5.2648 21.34
      vertex -6.74071 5.91144 21.34
      vertex -7.93726 6.96078 21.34
    endloop
  endfacet
  facet normal 0 0 1
    outer loop
      vertex -6.74071 5.91144 21.34
      vertex -7.87935 5.2648 21.34
      vertex -6.81375 5.22838 21.34
    endloop
  endfacet
  facet normal 0 0 1
    outer loop
      vertex -6.60365 6.60365 21.34
      vertex -8.2979 8.2979 21.34
      vertex -7.93726 6.96078 21.34
    endloop
  endfacet
  facet normal 0 -0 1
    outer loop
      vertex -8.2979 8.2979 21.34
      vertex -7.62184 9.93297 21.34
      vertex -8.51404 9.7084 21.34
    endloop
  endfacet
  facet normal -0 0 1
    outer loop
      vertex -8.68701 6.66577 21.34
      vertex -7.87935 5.2648 21.34
      vertex -7.93726 6.96078 21.34
    endloop
  endfacet
  facet normal 0 0 1
    outer loop
      vertex -10.1628 5.86749 21.34
      vertex -8.68701 6.66577 21.34
      vertex -10.0837 6.73775 21.34
    endloop
  endfacet
  facet normal 0 0 1
    outer loop
      vertex -8.68701 6.66577 21.34
      vertex -10.1628 5.86749 21.34
      vertex -7.87935 5.2648 21.34
    endloop
  endfacet
  facet normal 0 0 1
    outer loop
      vertex -10.0837 6.73775 21.34
      vertex -11.1993 6.00715 21.34
      vertex -10.1628 5.86749 21.34
    endloop
  endfacet
  facet normal 0 -0 1
    outer loop
      vertex -11.1993 6.00715 21.34
      vertex -10.0837 6.73775 21.34
      vertex -11.5229 6.65274 21.34
    endloop
  endfacet
  facet normal 0 0 -1
    outer loop
      vertex -10.6313 -0.300173 21.34
      vertex -11.3181 0.741821 21.34
      vertex -10.1645 0 21.34
    endloop
  endfacet
  facet normal 0 0 -1
    outer loop
      vertex -11.735 0 21.34
      vertex -11.3181 0.741821 21.34
      vertex -10.6313 -0.300173 21.34
    endloop
  endfacet
  facet normal 0 0 -1
    outer loop
      vertex -11.735 0 21.34
      vertex -12.4131 1.63422 21.34
      vertex -11.3181 0.741821 21.34
    endloop
  endfacet
  facet normal 0 0 -1
    outer loop
      vertex -13.9636 0.915222 21.34
      vertex -12.6647 2.51917 21.34
      vertex -12.4131 1.63422 21.34
    endloop
  endfacet
  facet normal 0 0 -1
    outer loop
      vertex -13.9636 0.915222 21.34
      vertex -12.4131 1.63422 21.34
      vertex -11.735 0 21.34
    endloop
  endfacet
  facet normal -0 0 -1
    outer loop
      vertex -12.6647 2.51917 21.34
      vertex -13.9636 0.915222 21.34
      vertex -14.2257 2.82965 21.34
    endloop
  endfacet
  facet normal 0 0 -1
    outer loop
      vertex -12.6647 2.51917 21.34
      vertex -14.2257 2.82965 21.34
      vertex -13.6495 3.65736 21.34
    endloop
  endfacet
  facet normal 0 -0 -1
    outer loop
      vertex -14.2257 2.82965 21.34
      vertex -13.9636 0.915222 21.34
      vertex -14.7541 1.94241 21.34
    endloop
  endfacet
  facet normal 0 0 -1
    outer loop
      vertex -11.3351 3.03723 21.34
      vertex -10.1162 4.19028 21.34
      vertex -9.99686 3.39346 21.34
    endloop
  endfacet
  facet normal -0 0 -1
    outer loop
      vertex -10.1162 4.19028 21.34
      vertex -11.3351 3.03723 21.34
      vertex -10.8769 5.36391 21.34
    endloop
  endfacet
  facet normal 0 0 -1
    outer loop
      vertex -13.7346 4.66226 21.34
      vertex -10.8769 5.36391 21.34
      vertex -11.3351 3.03723 21.34
    endloop
  endfacet
  facet normal 0 -0 -1
    outer loop
      vertex -12.5505 6.18919 21.34
      vertex -10.8769 5.36391 21.34
      vertex -13.7346 4.66226 21.34
    endloop
  endfacet
  facet normal 0 0 -1
    outer loop
      vertex -13.6495 3.65736 21.34
      vertex -11.3351 3.03723 21.34
      vertex -12.6647 2.51917 21.34
    endloop
  endfacet
  facet normal 0 0 -1
    outer loop
      vertex -13.7346 4.66226 21.34
      vertex -11.3351 3.03723 21.34
      vertex -13.6495 3.65736 21.34
    endloop
  endfacet
  facet normal 0 0 -1
    outer loop
      vertex -10.8769 5.36391 21.34
      vertex -12.5505 6.18919 21.34
      vertex -11.1993 6.00715 21.34
    endloop
  endfacet
  facet normal 0 0 -1
    outer loop
      vertex -12.5505 6.18919 21.34
      vertex -13.7346 4.66226 21.34
      vertex -13.7487 5.69487 21.34
    endloop
  endfacet
  facet normal 0 0 -1
    outer loop
      vertex -6.30148 -9.43083 21.34
      vertex -5.05568 -9.35705 21.34
      vertex -5.86749 -10.1628 21.34
    endloop
  endfacet
  facet normal -0 0 -1
    outer loop
      vertex -5.05568 -9.35705 21.34
      vertex -6.30148 -9.43083 21.34
      vertex -5.08224 -8.8027 21.34
    endloop
  endfacet
  facet normal 0 0 -1
    outer loop
      vertex -5.86749 -10.1628 21.34
      vertex -7.62184 -9.93297 21.34
      vertex -6.30148 -9.43083 21.34
    endloop
  endfacet
  facet normal 0 0 -1
    outer loop
      vertex -7.77441 -11.6352 21.34
      vertex -7.62184 -9.93297 21.34
      vertex -5.86749 -10.1628 21.34
    endloop
  endfacet
  facet normal 0 0 -1
    outer loop
      vertex -7.77441 -11.6352 21.34
      vertex -8.51404 -9.7084 21.34
      vertex -7.62184 -9.93297 21.34
    endloop
  endfacet
  facet normal 0 0 -1
    outer loop
      vertex -9.56339 -10.905 21.34
      vertex -7.77441 -11.6352 21.34
      vertex -9.05925 -11.8062 21.34
    endloop
  endfacet
  facet normal 0 0 -1
    outer loop
      vertex -7.77441 -11.6352 21.34
      vertex -9.56339 -10.905 21.34
      vertex -8.51404 -9.7084 21.34
    endloop
  endfacet
  facet normal 0 0 -1
    outer loop
      vertex -9.99213 -9.99213 21.34
      vertex -8.51404 -9.7084 21.34
      vertex -9.56339 -10.905 21.34
    endloop
  endfacet
  facet normal 0 0 -1
    outer loop
      vertex -10.0837 -6.73775 21.34
      vertex -8.51404 -9.7084 21.34
      vertex -9.99213 -9.99213 21.34
    endloop
  endfacet
  facet normal 0 0 -1
    outer loop
      vertex -8.51404 -9.7084 21.34
      vertex -10.0837 -6.73775 21.34
      vertex -8.68701 -6.66577 21.34
    endloop
  endfacet
  facet normal 0 0 -1
    outer loop
      vertex -10.905 -9.56339 21.34
      vertex -10.0837 -6.73775 21.34
      vertex -9.99213 -9.99213 21.34
    endloop
  endfacet
  facet normal 0 0 -1
    outer loop
      vertex -11.6352 -7.77441 21.34
      vertex -10.0837 -6.73775 21.34
      vertex -10.905 -9.56339 21.34
    endloop
  endfacet
  facet normal -0 0 -1
    outer loop
      vertex -10.0837 -6.73775 21.34
      vertex -11.6352 -7.77441 21.34
      vertex -10.802 -6.69532 21.34
    endloop
  endfacet
  facet normal 0 -0 -1
    outer loop
      vertex -11.6352 -7.77441 21.34
      vertex -10.905 -9.56339 21.34
      vertex -11.8062 -9.05925 21.34
    endloop
  endfacet
  facet normal 0 0 -1
    outer loop
      vertex -8.2979 -8.2979 21.34
      vertex -8.68701 -6.66577 21.34
      vertex -7.93726 -6.96078 21.34
    endloop
  endfacet
  facet normal 0 0 -1
    outer loop
      vertex -8.68701 -6.66577 21.34
      vertex -8.2979 -8.2979 21.34
      vertex -8.51404 -9.7084 21.34
    endloop
  endfacet
  facet normal 0.890612 -0.454764 0
    outer loop
      vertex 0.793182 -12.1017 21.34
      vertex 1.42921 -10.8561 18.43
      vertex 1.42921 -10.8561 21.34
    endloop
  endfacet
  facet normal 0.890612 -0.454764 0
    outer loop
      vertex 1.42921 -10.8561 18.43
      vertex 0.793182 -12.1017 21.34
      vertex 0.793182 -12.1017 18.43
    endloop
  endfacet
  facet normal 0.622798 -0.782383 0
    outer loop
      vertex 1.42921 -10.8561 18.43
      vertex 2.05959 -10.3543 21.34
      vertex 1.42921 -10.8561 21.34
    endloop
  endfacet
  facet normal 0.622798 -0.782383 0
    outer loop
      vertex 2.05959 -10.3543 21.34
      vertex 1.42921 -10.8561 18.43
      vertex 2.05959 -10.3543 18.43
    endloop
  endfacet
  facet normal -0.708247 -0.705965 0
    outer loop
      vertex 3.03723 -11.3351 18.43
      vertex 2.05959 -10.3543 21.34
      vertex 2.05959 -10.3543 18.43
    endloop
  endfacet
  facet normal -0.708247 -0.705965 0
    outer loop
      vertex 2.05959 -10.3543 21.34
      vertex 3.03723 -11.3351 18.43
      vertex 3.03723 -11.3351 21.34
    endloop
  endfacet
  facet normal -0.625431 -0.780279 0
    outer loop
      vertex 3.03723 -11.3351 18.43
      vertex 4.1507 -12.2276 21.34
      vertex 3.03723 -11.3351 21.34
    endloop
  endfacet
  facet normal -0.625431 -0.780279 -0
    outer loop
      vertex 4.1507 -12.2276 21.34
      vertex 3.03723 -11.3351 18.43
      vertex 4.1507 -12.2276 18.43
    endloop
  endfacet
  facet normal 0.717791 -0.696259 0
    outer loop
      vertex 4.1507 -12.2276 21.34
      vertex 4.79129 -11.5672 18.43
      vertex 4.79129 -11.5672 21.34
    endloop
  endfacet
  facet normal 0.717791 -0.696259 0
    outer loop
      vertex 4.79129 -11.5672 18.43
      vertex 4.1507 -12.2276 21.34
      vertex 4.1507 -12.2276 18.43
    endloop
  endfacet
  facet normal 0.987198 -0.159502 0
    outer loop
      vertex 4.79129 -11.5672 21.34
      vertex 5.0166 -10.1727 18.43
      vertex 5.0166 -10.1727 21.34
    endloop
  endfacet
  facet normal 0.987198 -0.159502 0
    outer loop
      vertex 5.0166 -10.1727 18.43
      vertex 4.79129 -11.5672 21.34
      vertex 4.79129 -11.5672 18.43
    endloop
  endfacet
  facet normal 0.998854 -0.0478575 0
    outer loop
      vertex 5.0166 -10.1727 21.34
      vertex 5.08224 -8.8027 18.43
      vertex 5.08224 -8.8027 21.34
    endloop
  endfacet
  facet normal 0.998854 -0.0478575 0
    outer loop
      vertex 5.08224 -8.8027 18.43
      vertex 5.0166 -10.1727 21.34
      vertex 5.0166 -10.1727 18.43
    endloop
  endfacet
  facet normal -0.457985 -0.88896 -5.99885e-07
    outer loop
      vertex 5.38483 -8.95859 18.43
      vertex 5.57559 -9.05687 21.34
      vertex 5.08224 -8.8027 21.34
    endloop
  endfacet
  facet normal -0.457981 -0.888962 0
    outer loop
      vertex 5.38483 -8.95859 18.43
      vertex 5.08224 -8.8027 21.34
      vertex 5.08224 -8.8027 18.43
    endloop
  endfacet
  facet normal -0.457977 -0.888964 -1.28626e-06
    outer loop
      vertex 6.30148 -9.43083 18.43
      vertex 5.57559 -9.05687 21.34
      vertex 5.38483 -8.95859 18.43
    endloop
  endfacet
  facet normal -0.457973 -0.888966 0
    outer loop
      vertex 5.57559 -9.05687 21.34
      vertex 6.30148 -9.43083 18.43
      vertex 6.30148 -9.43083 21.34
    endloop
  endfacet
  facet normal -0.355467 -0.934689 0
    outer loop
      vertex 6.30148 -9.43083 18.43
      vertex 7.62184 -9.93297 21.34
      vertex 6.30148 -9.43083 21.34
    endloop
  endfacet
  facet normal -0.355467 -0.934689 -0
    outer loop
      vertex 7.62184 -9.93297 21.34
      vertex 6.30148 -9.43083 18.43
      vertex 7.62184 -9.93297 18.43
    endloop
  endfacet
  facet normal 0.24409 -0.969753 0
    outer loop
      vertex 7.62184 -9.93297 18.43
      vertex 8.51404 -9.7084 21.34
      vertex 7.62184 -9.93297 21.34
    endloop
  endfacet
  facet normal 0.24409 -0.969753 0
    outer loop
      vertex 8.51404 -9.7084 21.34
      vertex 7.62184 -9.93297 18.43
      vertex 8.51404 -9.7084 18.43
    endloop
  endfacet
  facet normal 0.988462 0.151468 0
    outer loop
      vertex 8.51404 -9.7084 21.34
      vertex 8.2979 -8.2979 18.43
      vertex 8.2979 -8.2979 21.34
    endloop
  endfacet
  facet normal 0.988462 0.151468 0
    outer loop
      vertex 8.2979 -8.2979 18.43
      vertex 8.51404 -9.7084 21.34
      vertex 8.51404 -9.7084 18.43
    endloop
  endfacet
  facet normal 0.965499 0.260408 0
    outer loop
      vertex 8.2979 -8.2979 21.34
      vertex 7.93726 -6.96078 18.43
      vertex 7.93726 -6.96078 21.34
    endloop
  endfacet
  facet normal 0.965499 0.260408 0
    outer loop
      vertex 7.93726 -6.96078 18.43
      vertex 8.2979 -8.2979 21.34
      vertex 8.2979 -8.2979 18.43
    endloop
  endfacet
  facet normal 0.366153 -0.930555 0
    outer loop
      vertex 7.93726 -6.96078 18.43
      vertex 8.68701 -6.66577 21.34
      vertex 7.93726 -6.96078 21.34
    endloop
  endfacet
  facet normal 0.366153 -0.930555 0
    outer loop
      vertex 8.68701 -6.66577 21.34
      vertex 7.93726 -6.96078 18.43
      vertex 8.68701 -6.66577 18.43
    endloop
  endfacet
  facet normal -0.0514678 -0.998675 0
    outer loop
      vertex 8.68701 -6.66577 18.43
      vertex 10.0837 -6.73775 21.34
      vertex 8.68701 -6.66577 21.34
    endloop
  endfacet
  facet normal -0.0514678 -0.998675 -0
    outer loop
      vertex 10.0837 -6.73775 21.34
      vertex 8.68701 -6.66577 18.43
      vertex 10.0837 -6.73775 18.43
    endloop
  endfacet
  facet normal 0.0589648 -0.99826 0
    outer loop
      vertex 10.0837 -6.73775 18.43
      vertex 11.5229 -6.65274 21.34
      vertex 10.0837 -6.73775 21.34
    endloop
  endfacet
  facet normal 0.0589648 -0.99826 0
    outer loop
      vertex 11.5229 -6.65274 21.34
      vertex 10.0837 -6.73775 18.43
      vertex 11.5229 -6.65274 18.43
    endloop
  endfacet
  facet normal 0.893993 0.448081 0
    outer loop
      vertex 11.1993 -6.00715 21.34
      vertex 10.8769 -5.36391 18.43
      vertex 10.8769 -5.36391 21.34
    endloop
  endfacet
  facet normal 0.894008 0.44805 -8.465e-06
    outer loop
      vertex 11.1993 -6.00715 21.34
      vertex 11.2732 -6.15466 18.43
      vertex 10.8769 -5.36391 18.43
    endloop
  endfacet
  facet normal 0.893981 0.448105 -1.19607e-05
    outer loop
      vertex 11.5229 -6.65274 21.34
      vertex 11.2732 -6.15466 18.43
      vertex 11.1993 -6.00715 21.34
    endloop
  endfacet
  facet normal 0.893953 0.448161 0
    outer loop
      vertex 11.2732 -6.15466 18.43
      vertex 11.5229 -6.65274 21.34
      vertex 11.5229 -6.65274 18.43
    endloop
  endfacet
  facet normal 0.839148 0.543902 0
    outer loop
      vertex 10.8769 -5.36391 21.34
      vertex 10.1162 -4.19028 18.43
      vertex 10.1162 -4.19028 21.34
    endloop
  endfacet
  facet normal 0.839148 0.543902 0
    outer loop
      vertex 10.1162 -4.19028 18.43
      vertex 10.8769 -5.36391 21.34
      vertex 10.8769 -5.36391 18.43
    endloop
  endfacet
  facet normal 0.98897 0.148118 0
    outer loop
      vertex 10.1162 -4.19028 21.34
      vertex 9.99686 -3.39346 18.43
      vertex 9.99686 -3.39346 21.34
    endloop
  endfacet
  facet normal 0.98897 0.148118 0
    outer loop
      vertex 9.99686 -3.39346 18.43
      vertex 10.1162 -4.19028 21.34
      vertex 10.1162 -4.19028 18.43
    endloop
  endfacet
  facet normal 0.257235 -0.966349 0
    outer loop
      vertex 9.99686 -3.39346 18.43
      vertex 11.3351 -3.03723 21.34
      vertex 9.99686 -3.39346 21.34
    endloop
  endfacet
  facet normal 0.257235 -0.966349 0
    outer loop
      vertex 11.3351 -3.03723 21.34
      vertex 9.99686 -3.39346 18.43
      vertex 11.3351 -3.03723 18.43
    endloop
  endfacet
  facet normal 0.363051 -0.931769 0
    outer loop
      vertex 11.3351 -3.03723 18.43
      vertex 12.6647 -2.51917 21.34
      vertex 11.3351 -3.03723 21.34
    endloop
  endfacet
  facet normal 0.363051 -0.931769 0
    outer loop
      vertex 12.6647 -2.51917 21.34
      vertex 11.3351 -3.03723 18.43
      vertex 12.6647 -2.51917 18.43
    endloop
  endfacet
  facet normal 0.96188 0.273472 0
    outer loop
      vertex 12.6647 -2.51917 21.34
      vertex 12.4131 -1.63422 18.43
      vertex 12.4131 -1.63422 21.34
    endloop
  endfacet
  facet normal 0.96188 0.273472 0
    outer loop
      vertex 12.4131 -1.63422 18.43
      vertex 12.6647 -2.51917 21.34
      vertex 12.6647 -2.51917 18.43
    endloop
  endfacet
  facet normal 0.631748 0.775174 -0
    outer loop
      vertex 12.4131 -1.63422 18.43
      vertex 11.3181 -0.741821 21.34
      vertex 12.4131 -1.63422 21.34
    endloop
  endfacet
  facet normal 0.631748 0.775174 0
    outer loop
      vertex 11.3181 -0.741821 21.34
      vertex 12.4131 -1.63422 18.43
      vertex 11.3181 -0.741821 18.43
    endloop
  endfacet
  facet normal 0.540872 0.841105 -0
    outer loop
      vertex 11.3181 -0.741821 18.43
      vertex 10.1645 0 21.34
      vertex 11.3181 -0.741821 21.34
    endloop
  endfacet
  facet normal 0.540872 0.841105 0
    outer loop
      vertex 10.1645 0 21.34
      vertex 11.3181 -0.741821 18.43
      vertex 10.1645 0 18.43
    endloop
  endfacet
  facet normal 0.540869 -0.841107 -7.12631e-07
    outer loop
      vertex 10.4508 0.184106 18.43
      vertex 10.6313 0.300173 21.34
      vertex 10.1645 0 21.34
    endloop
  endfacet
  facet normal 0.540874 -0.841104 0
    outer loop
      vertex 10.4508 0.184106 18.43
      vertex 10.1645 0 21.34
      vertex 10.1645 0 18.43
    endloop
  endfacet
  facet normal 0.540871 -0.841106 -8.82616e-07
    outer loop
      vertex 11.3181 0.741821 18.43
      vertex 10.6313 0.300173 21.34
      vertex 10.4508 0.184106 18.43
    endloop
  endfacet
  facet normal 0.540873 -0.841104 0
    outer loop
      vertex 10.6313 0.300173 21.34
      vertex 11.3181 0.741821 18.43
      vertex 11.3181 0.741821 21.34
    endloop
  endfacet
  facet normal 0.631748 -0.775174 0
    outer loop
      vertex 11.3181 0.741821 18.43
      vertex 12.4131 1.63422 21.34
      vertex 11.3181 0.741821 21.34
    endloop
  endfacet
  facet normal 0.631748 -0.775174 0
    outer loop
      vertex 12.4131 1.63422 21.34
      vertex 11.3181 0.741821 18.43
      vertex 12.4131 1.63422 18.43
    endloop
  endfacet
  facet normal 0.96188 -0.273472 0
    outer loop
      vertex 12.4131 1.63422 21.34
      vertex 12.6647 2.51917 18.43
      vertex 12.6647 2.51917 21.34
    endloop
  endfacet
  facet normal 0.96188 -0.273472 0
    outer loop
      vertex 12.6647 2.51917 18.43
      vertex 12.4131 1.63422 21.34
      vertex 12.4131 1.63422 18.43
    endloop
  endfacet
  facet normal 0.363051 0.931769 -0
    outer loop
      vertex 12.6647 2.51917 18.43
      vertex 11.3351 3.03723 21.34
      vertex 12.6647 2.51917 21.34
    endloop
  endfacet
  facet normal 0.363051 0.931769 0
    outer loop
      vertex 11.3351 3.03723 21.34
      vertex 12.6647 2.51917 18.43
      vertex 11.3351 3.03723 18.43
    endloop
  endfacet
  facet normal 0.257235 0.966349 -0
    outer loop
      vertex 11.3351 3.03723 18.43
      vertex 9.99686 3.39346 21.34
      vertex 11.3351 3.03723 21.34
    endloop
  endfacet
  facet normal 0.257235 0.966349 0
    outer loop
      vertex 9.99686 3.39346 21.34
      vertex 11.3351 3.03723 18.43
      vertex 9.99686 3.39346 18.43
    endloop
  endfacet
  facet normal 0.98897 -0.148118 0
    outer loop
      vertex 9.99686 3.39346 21.34
      vertex 10.1162 4.19028 18.43
      vertex 10.1162 4.19028 21.34
    endloop
  endfacet
  facet normal 0.98897 -0.148118 0
    outer loop
      vertex 10.1162 4.19028 18.43
      vertex 9.99686 3.39346 21.34
      vertex 9.99686 3.39346 18.43
    endloop
  endfacet
  facet normal 0.839148 -0.543902 0
    outer loop
      vertex 10.1162 4.19028 21.34
      vertex 10.8769 5.36391 18.43
      vertex 10.8769 5.36391 21.34
    endloop
  endfacet
  facet normal 0.839148 -0.543902 0
    outer loop
      vertex 10.8769 5.36391 18.43
      vertex 10.1162 4.19028 21.34
      vertex 10.1162 4.19028 18.43
    endloop
  endfacet
  facet normal 0.893987 -0.448093 0
    outer loop
      vertex 10.8769 5.36391 21.34
      vertex 11.5229 6.65274 18.43
      vertex 11.5229 6.65274 21.34
    endloop
  endfacet
  facet normal 0.893987 -0.448093 0
    outer loop
      vertex 11.5229 6.65274 18.43
      vertex 10.8769 5.36391 21.34
      vertex 10.8769 5.36391 18.43
    endloop
  endfacet
  facet normal 0.0589623 0.99826 -6.8095e-07
    outer loop
      vertex 10.9667 6.68559 18.43
      vertex 10.802 6.69532 21.34
      vertex 11.5229 6.65274 21.34
    endloop
  endfacet
  facet normal 0.0589587 0.99826 0
    outer loop
      vertex 10.9667 6.68559 18.43
      vertex 11.5229 6.65274 21.34
      vertex 11.5229 6.65274 18.43
    endloop
  endfacet
  facet normal 0.0589686 0.99826 -3.25562e-07
    outer loop
      vertex 10.0837 6.73775 18.43
      vertex 10.802 6.69532 21.34
      vertex 10.9667 6.68559 18.43
    endloop
  endfacet
  facet normal 0.0589672 0.99826 0
    outer loop
      vertex 10.802 6.69532 21.34
      vertex 10.0837 6.73775 18.43
      vertex 10.0837 6.73775 21.34
    endloop
  endfacet
  facet normal -0.0514678 0.998675 0
    outer loop
      vertex 10.0837 6.73775 18.43
      vertex 8.68701 6.66577 21.34
      vertex 10.0837 6.73775 21.34
    endloop
  endfacet
  facet normal -0.0514678 0.998675 0
    outer loop
      vertex 8.68701 6.66577 21.34
      vertex 10.0837 6.73775 18.43
      vertex 8.68701 6.66577 18.43
    endloop
  endfacet
  facet normal 0.366153 0.930555 -0
    outer loop
      vertex 8.68701 6.66577 18.43
      vertex 7.93726 6.96078 21.34
      vertex 8.68701 6.66577 21.34
    endloop
  endfacet
  facet normal 0.366153 0.930555 0
    outer loop
      vertex 7.93726 6.96078 21.34
      vertex 8.68701 6.66577 18.43
      vertex 7.93726 6.96078 18.43
    endloop
  endfacet
  facet normal 0.965499 -0.260408 0
    outer loop
      vertex 7.93726 6.96078 21.34
      vertex 8.2979 8.2979 18.43
      vertex 8.2979 8.2979 21.34
    endloop
  endfacet
  facet normal 0.965499 -0.260408 0
    outer loop
      vertex 8.2979 8.2979 18.43
      vertex 7.93726 6.96078 21.34
      vertex 7.93726 6.96078 18.43
    endloop
  endfacet
  facet normal 0.988462 -0.151468 0
    outer loop
      vertex 8.2979 8.2979 21.34
      vertex 8.51404 9.7084 18.43
      vertex 8.51404 9.7084 21.34
    endloop
  endfacet
  facet normal 0.988462 -0.151468 0
    outer loop
      vertex 8.51404 9.7084 18.43
      vertex 8.2979 8.2979 21.34
      vertex 8.2979 8.2979 18.43
    endloop
  endfacet
  facet normal 0.24409 0.969753 -0
    outer loop
      vertex 8.51404 9.7084 18.43
      vertex 7.62184 9.93297 21.34
      vertex 8.51404 9.7084 21.34
    endloop
  endfacet
  facet normal 0.24409 0.969753 0
    outer loop
      vertex 7.62184 9.93297 21.34
      vertex 8.51404 9.7084 18.43
      vertex 7.62184 9.93297 18.43
    endloop
  endfacet
  facet normal -0.355467 0.934689 0
    outer loop
      vertex 7.62184 9.93297 18.43
      vertex 6.30148 9.43083 21.34
      vertex 7.62184 9.93297 21.34
    endloop
  endfacet
  facet normal -0.355467 0.934689 0
    outer loop
      vertex 6.30148 9.43083 21.34
      vertex 7.62184 9.93297 18.43
      vertex 6.30148 9.43083 18.43
    endloop
  endfacet
  facet normal -0.457978 0.888964 0
    outer loop
      vertex 6.30148 9.43083 18.43
      vertex 5.08224 8.8027 21.34
      vertex 6.30148 9.43083 21.34
    endloop
  endfacet
  facet normal -0.457978 0.888964 0
    outer loop
      vertex 5.08224 8.8027 21.34
      vertex 6.30148 9.43083 18.43
      vertex 5.08224 8.8027 18.43
    endloop
  endfacet
  facet normal 0.998854 0.0478578 0
    outer loop
      vertex 5.05568 9.35705 21.34
      vertex 5.0166 10.1727 18.43
      vertex 5.0166 10.1727 21.34
    endloop
  endfacet
  facet normal 0.998854 0.0478577 -2.41607e-08
    outer loop
      vertex 5.05568 9.35705 21.34
      vertex 5.06595 9.1427 18.43
      vertex 5.0166 10.1727 18.43
    endloop
  endfacet
  facet normal 0.998854 0.0478571 2.38389e-08
    outer loop
      vertex 5.08224 8.8027 21.34
      vertex 5.06595 9.1427 18.43
      vertex 5.05568 9.35705 21.34
    endloop
  endfacet
  facet normal 0.998854 0.0478569 0
    outer loop
      vertex 5.06595 9.1427 18.43
      vertex 5.08224 8.8027 21.34
      vertex 5.08224 8.8027 18.43
    endloop
  endfacet
  facet normal 0.987198 0.159502 0
    outer loop
      vertex 5.0166 10.1727 21.34
      vertex 4.79129 11.5672 18.43
      vertex 4.79129 11.5672 21.34
    endloop
  endfacet
  facet normal 0.987198 0.159502 0
    outer loop
      vertex 4.79129 11.5672 18.43
      vertex 5.0166 10.1727 21.34
      vertex 5.0166 10.1727 18.43
    endloop
  endfacet
  facet normal 0.717791 0.696259 0
    outer loop
      vertex 4.79129 11.5672 21.34
      vertex 4.1507 12.2276 18.43
      vertex 4.1507 12.2276 21.34
    endloop
  endfacet
  facet normal 0.717791 0.696259 0
    outer loop
      vertex 4.1507 12.2276 18.43
      vertex 4.79129 11.5672 21.34
      vertex 4.79129 11.5672 18.43
    endloop
  endfacet
  facet normal -0.625431 0.780279 0
    outer loop
      vertex 4.1507 12.2276 18.43
      vertex 3.03723 11.3351 21.34
      vertex 4.1507 12.2276 21.34
    endloop
  endfacet
  facet normal -0.625431 0.780279 0
    outer loop
      vertex 3.03723 11.3351 21.34
      vertex 4.1507 12.2276 18.43
      vertex 3.03723 11.3351 18.43
    endloop
  endfacet
  facet normal -0.708247 0.705965 0
    outer loop
      vertex 2.05959 10.3543 18.43
      vertex 3.03723 11.3351 21.34
      vertex 3.03723 11.3351 18.43
    endloop
  endfacet
  facet normal -0.708247 0.705965 0
    outer loop
      vertex 3.03723 11.3351 21.34
      vertex 2.05959 10.3543 18.43
      vertex 2.05959 10.3543 21.34
    endloop
  endfacet
  facet normal 0.622798 0.782383 -0
    outer loop
      vertex 2.05959 10.3543 18.43
      vertex 1.42921 10.8561 21.34
      vertex 2.05959 10.3543 21.34
    endloop
  endfacet
  facet normal 0.622798 0.782383 0
    outer loop
      vertex 1.42921 10.8561 21.34
      vertex 2.05959 10.3543 18.43
      vertex 1.42921 10.8561 18.43
    endloop
  endfacet
  facet normal 0.890612 0.454764 0
    outer loop
      vertex 1.42921 10.8561 21.34
      vertex 0.793182 12.1017 18.43
      vertex 0.793182 12.1017 21.34
    endloop
  endfacet
  facet normal 0.890612 0.454764 0
    outer loop
      vertex 0.793182 12.1017 18.43
      vertex 1.42921 10.8561 21.34
      vertex 1.42921 10.8561 18.43
    endloop
  endfacet
  facet normal 0.835032 0.550201 0
    outer loop
      vertex 0.793182 12.1017 21.34
      vertex 0 13.3055 18.43
      vertex 0 13.3055 21.34
    endloop
  endfacet
  facet normal 0.835032 0.550201 0
    outer loop
      vertex 0 13.3055 18.43
      vertex 0.793182 12.1017 21.34
      vertex 0.793182 12.1017 18.43
    endloop
  endfacet
  facet normal -0.835018 0.550222 0
    outer loop
      vertex -0.306536 12.8403 18.43
      vertex 0 13.3055 21.34
      vertex 0 13.3055 18.43
    endloop
  endfacet
  facet normal -0.835032 0.550202 4.66586e-06
    outer loop
      vertex -0.306536 12.8403 18.43
      vertex -0.397316 12.7025 21.34
      vertex 0 13.3055 21.34
    endloop
  endfacet
  facet normal -0.835041 0.550188 3.77277e-06
    outer loop
      vertex -0.793182 12.1017 18.43
      vertex -0.397316 12.7025 21.34
      vertex -0.306536 12.8403 18.43
    endloop
  endfacet
  facet normal -0.835032 0.550201 0
    outer loop
      vertex -0.397316 12.7025 21.34
      vertex -0.793182 12.1017 18.43
      vertex -0.793182 12.1017 21.34
    endloop
  endfacet
  facet normal -0.890612 0.454764 0
    outer loop
      vertex -1.42921 10.8561 18.43
      vertex -0.793182 12.1017 21.34
      vertex -0.793182 12.1017 18.43
    endloop
  endfacet
  facet normal -0.890612 0.454764 0
    outer loop
      vertex -0.793182 12.1017 21.34
      vertex -1.42921 10.8561 18.43
      vertex -1.42921 10.8561 21.34
    endloop
  endfacet
  facet normal -0.622798 0.782383 0
    outer loop
      vertex -1.42921 10.8561 18.43
      vertex -2.05959 10.3543 21.34
      vertex -1.42921 10.8561 21.34
    endloop
  endfacet
  facet normal -0.622798 0.782383 0
    outer loop
      vertex -2.05959 10.3543 21.34
      vertex -1.42921 10.8561 18.43
      vertex -2.05959 10.3543 18.43
    endloop
  endfacet
  facet normal 0.708247 0.705965 0
    outer loop
      vertex -2.05959 10.3543 21.34
      vertex -3.03723 11.3351 18.43
      vertex -3.03723 11.3351 21.34
    endloop
  endfacet
  facet normal 0.708247 0.705965 0
    outer loop
      vertex -3.03723 11.3351 18.43
      vertex -2.05959 10.3543 21.34
      vertex -2.05959 10.3543 18.43
    endloop
  endfacet
  facet normal 0.625431 0.780279 -0
    outer loop
      vertex -3.03723 11.3351 18.43
      vertex -4.1507 12.2276 21.34
      vertex -3.03723 11.3351 21.34
    endloop
  endfacet
  facet normal 0.625431 0.780279 0
    outer loop
      vertex -4.1507 12.2276 21.34
      vertex -3.03723 11.3351 18.43
      vertex -4.1507 12.2276 18.43
    endloop
  endfacet
  facet normal -0.717791 0.696259 0
    outer loop
      vertex -4.79129 11.5672 18.43
      vertex -4.1507 12.2276 21.34
      vertex -4.1507 12.2276 18.43
    endloop
  endfacet
  facet normal -0.717791 0.696259 0
    outer loop
      vertex -4.1507 12.2276 21.34
      vertex -4.79129 11.5672 18.43
      vertex -4.79129 11.5672 21.34
    endloop
  endfacet
  facet normal -0.987198 0.159502 0
    outer loop
      vertex -5.0166 10.1727 18.43
      vertex -4.79129 11.5672 21.34
      vertex -4.79129 11.5672 18.43
    endloop
  endfacet
  facet normal -0.987198 0.159502 0
    outer loop
      vertex -4.79129 11.5672 21.34
      vertex -5.0166 10.1727 18.43
      vertex -5.0166 10.1727 21.34
    endloop
  endfacet
  facet normal -0.998854 0.0478575 0
    outer loop
      vertex -5.08224 8.8027 18.43
      vertex -5.0166 10.1727 21.34
      vertex -5.0166 10.1727 18.43
    endloop
  endfacet
  facet normal -0.998854 0.0478575 0
    outer loop
      vertex -5.0166 10.1727 21.34
      vertex -5.08224 8.8027 18.43
      vertex -5.08224 8.8027 21.34
    endloop
  endfacet
  facet normal 0.457985 0.88896 -5.99885e-07
    outer loop
      vertex -5.38483 8.95859 18.43
      vertex -5.57559 9.05687 21.34
      vertex -5.08224 8.8027 21.34
    endloop
  endfacet
  facet normal 0.457981 0.888962 0
    outer loop
      vertex -5.38483 8.95859 18.43
      vertex -5.08224 8.8027 21.34
      vertex -5.08224 8.8027 18.43
    endloop
  endfacet
  facet normal 0.457977 0.888964 -1.28626e-06
    outer loop
      vertex -6.30148 9.43083 18.43
      vertex -5.57559 9.05687 21.34
      vertex -5.38483 8.95859 18.43
    endloop
  endfacet
  facet normal 0.457973 0.888966 0
    outer loop
      vertex -5.57559 9.05687 21.34
      vertex -6.30148 9.43083 18.43
      vertex -6.30148 9.43083 21.34
    endloop
  endfacet
  facet normal 0.355467 0.934689 -0
    outer loop
      vertex -6.30148 9.43083 18.43
      vertex -7.62184 9.93297 21.34
      vertex -6.30148 9.43083 21.34
    endloop
  endfacet
  facet normal 0.355467 0.934689 0
    outer loop
      vertex -7.62184 9.93297 21.34
      vertex -6.30148 9.43083 18.43
      vertex -7.62184 9.93297 18.43
    endloop
  endfacet
  facet normal -0.24409 0.969753 0
    outer loop
      vertex -7.62184 9.93297 18.43
      vertex -8.51404 9.7084 21.34
      vertex -7.62184 9.93297 21.34
    endloop
  endfacet
  facet normal -0.24409 0.969753 0
    outer loop
      vertex -8.51404 9.7084 21.34
      vertex -7.62184 9.93297 18.43
      vertex -8.51404 9.7084 18.43
    endloop
  endfacet
  facet normal -0.988462 -0.151468 0
    outer loop
      vertex -8.2979 8.2979 18.43
      vertex -8.51404 9.7084 21.34
      vertex -8.51404 9.7084 18.43
    endloop
  endfacet
  facet normal -0.988462 -0.151468 0
    outer loop
      vertex -8.51404 9.7084 21.34
      vertex -8.2979 8.2979 18.43
      vertex -8.2979 8.2979 21.34
    endloop
  endfacet
  facet normal -0.965499 -0.260408 0
    outer loop
      vertex -7.93726 6.96078 18.43
      vertex -8.2979 8.2979 21.34
      vertex -8.2979 8.2979 18.43
    endloop
  endfacet
  facet normal -0.965499 -0.260408 0
    outer loop
      vertex -8.2979 8.2979 21.34
      vertex -7.93726 6.96078 18.43
      vertex -7.93726 6.96078 21.34
    endloop
  endfacet
  facet normal -0.366153 0.930555 0
    outer loop
      vertex -7.93726 6.96078 18.43
      vertex -8.68701 6.66577 21.34
      vertex -7.93726 6.96078 21.34
    endloop
  endfacet
  facet normal -0.366153 0.930555 0
    outer loop
      vertex -8.68701 6.66577 21.34
      vertex -7.93726 6.96078 18.43
      vertex -8.68701 6.66577 18.43
    endloop
  endfacet
  facet normal 0.0514678 0.998675 -0
    outer loop
      vertex -8.68701 6.66577 18.43
      vertex -10.0837 6.73775 21.34
      vertex -8.68701 6.66577 21.34
    endloop
  endfacet
  facet normal 0.0514678 0.998675 0
    outer loop
      vertex -10.0837 6.73775 21.34
      vertex -8.68701 6.66577 18.43
      vertex -10.0837 6.73775 18.43
    endloop
  endfacet
  facet normal -0.0589648 0.99826 0
    outer loop
      vertex -10.0837 6.73775 18.43
      vertex -11.5229 6.65274 21.34
      vertex -10.0837 6.73775 21.34
    endloop
  endfacet
  facet normal -0.0589648 0.99826 0
    outer loop
      vertex -11.5229 6.65274 21.34
      vertex -10.0837 6.73775 18.43
      vertex -11.5229 6.65274 18.43
    endloop
  endfacet
  facet normal -0.893953 -0.448161 0
    outer loop
      vertex -11.2732 6.15466 18.43
      vertex -11.5229 6.65274 21.34
      vertex -11.5229 6.65274 18.43
    endloop
  endfacet
  facet normal -0.893981 -0.448105 -1.19607e-05
    outer loop
      vertex -11.2732 6.15466 18.43
      vertex -11.1993 6.00715 21.34
      vertex -11.5229 6.65274 21.34
    endloop
  endfacet
  facet normal -0.894008 -0.44805 -8.465e-06
    outer loop
      vertex -10.8769 5.36391 18.43
      vertex -11.1993 6.00715 21.34
      vertex -11.2732 6.15466 18.43
    endloop
  endfacet
  facet normal -0.893993 -0.448081 0
    outer loop
      vertex -11.1993 6.00715 21.34
      vertex -10.8769 5.36391 18.43
      vertex -10.8769 5.36391 21.34
    endloop
  endfacet
  facet normal -0.839148 -0.543902 0
    outer loop
      vertex -10.1162 4.19028 18.43
      vertex -10.8769 5.36391 21.34
      vertex -10.8769 5.36391 18.43
    endloop
  endfacet
  facet normal -0.839148 -0.543902 0
    outer loop
      vertex -10.8769 5.36391 21.34
      vertex -10.1162 4.19028 18.43
      vertex -10.1162 4.19028 21.34
    endloop
  endfacet
  facet normal -0.98897 -0.148118 0
    outer loop
      vertex -9.99686 3.39346 18.43
      vertex -10.1162 4.19028 21.34
      vertex -10.1162 4.19028 18.43
    endloop
  endfacet
  facet normal -0.98897 -0.148118 0
    outer loop
      vertex -10.1162 4.19028 21.34
      vertex -9.99686 3.39346 18.43
      vertex -9.99686 3.39346 21.34
    endloop
  endfacet
  facet normal -0.257235 0.966349 0
    outer loop
      vertex -9.99686 3.39346 18.43
      vertex -11.3351 3.03723 21.34
      vertex -9.99686 3.39346 21.34
    endloop
  endfacet
  facet normal -0.257235 0.966349 0
    outer loop
      vertex -11.3351 3.03723 21.34
      vertex -9.99686 3.39346 18.43
      vertex -11.3351 3.03723 18.43
    endloop
  endfacet
  facet normal -0.363051 0.931769 0
    outer loop
      vertex -11.3351 3.03723 18.43
      vertex -12.6647 2.51917 21.34
      vertex -11.3351 3.03723 21.34
    endloop
  endfacet
  facet normal -0.363051 0.931769 0
    outer loop
      vertex -12.6647 2.51917 21.34
      vertex -11.3351 3.03723 18.43
      vertex -12.6647 2.51917 18.43
    endloop
  endfacet
  facet normal -0.96188 -0.273472 0
    outer loop
      vertex -12.4131 1.63422 18.43
      vertex -12.6647 2.51917 21.34
      vertex -12.6647 2.51917 18.43
    endloop
  endfacet
  facet normal -0.96188 -0.273472 0
    outer loop
      vertex -12.6647 2.51917 21.34
      vertex -12.4131 1.63422 18.43
      vertex -12.4131 1.63422 21.34
    endloop
  endfacet
  facet normal -0.631748 -0.775174 0
    outer loop
      vertex -12.4131 1.63422 18.43
      vertex -11.3181 0.741821 21.34
      vertex -12.4131 1.63422 21.34
    endloop
  endfacet
  facet normal -0.631748 -0.775174 -0
    outer loop
      vertex -11.3181 0.741821 21.34
      vertex -12.4131 1.63422 18.43
      vertex -11.3181 0.741821 18.43
    endloop
  endfacet
  facet normal -0.540872 -0.841105 0
    outer loop
      vertex -11.3181 0.741821 18.43
      vertex -10.1645 0 21.34
      vertex -11.3181 0.741821 21.34
    endloop
  endfacet
  facet normal -0.540872 -0.841105 -0
    outer loop
      vertex -10.1645 0 21.34
      vertex -11.3181 0.741821 18.43
      vertex -10.1645 0 18.43
    endloop
  endfacet
  facet normal -0.540869 0.841107 -7.12631e-07
    outer loop
      vertex -10.4508 -0.184106 18.43
      vertex -10.6313 -0.300173 21.34
      vertex -10.1645 0 21.34
    endloop
  endfacet
  facet normal -0.540874 0.841104 0
    outer loop
      vertex -10.4508 -0.184106 18.43
      vertex -10.1645 0 21.34
      vertex -10.1645 0 18.43
    endloop
  endfacet
  facet normal -0.540871 0.841106 -8.82616e-07
    outer loop
      vertex -11.3181 -0.741821 18.43
      vertex -10.6313 -0.300173 21.34
      vertex -10.4508 -0.184106 18.43
    endloop
  endfacet
  facet normal -0.540873 0.841104 0
    outer loop
      vertex -10.6313 -0.300173 21.34
      vertex -11.3181 -0.741821 18.43
      vertex -11.3181 -0.741821 21.34
    endloop
  endfacet
  facet normal -0.631748 0.775174 0
    outer loop
      vertex -11.3181 -0.741821 18.43
      vertex -12.4131 -1.63422 21.34
      vertex -11.3181 -0.741821 21.34
    endloop
  endfacet
  facet normal -0.631748 0.775174 0
    outer loop
      vertex -12.4131 -1.63422 21.34
      vertex -11.3181 -0.741821 18.43
      vertex -12.4131 -1.63422 18.43
    endloop
  endfacet
  facet normal -0.96188 0.273472 0
    outer loop
      vertex -12.6647 -2.51917 18.43
      vertex -12.4131 -1.63422 21.34
      vertex -12.4131 -1.63422 18.43
    endloop
  endfacet
  facet normal -0.96188 0.273472 0
    outer loop
      vertex -12.4131 -1.63422 21.34
      vertex -12.6647 -2.51917 18.43
      vertex -12.6647 -2.51917 21.34
    endloop
  endfacet
  facet normal -0.363051 -0.931769 0
    outer loop
      vertex -12.6647 -2.51917 18.43
      vertex -11.3351 -3.03723 21.34
      vertex -12.6647 -2.51917 21.34
    endloop
  endfacet
  facet normal -0.363051 -0.931769 -0
    outer loop
      vertex -11.3351 -3.03723 21.34
      vertex -12.6647 -2.51917 18.43
      vertex -11.3351 -3.03723 18.43
    endloop
  endfacet
  facet normal -0.257235 -0.966349 0
    outer loop
      vertex -11.3351 -3.03723 18.43
      vertex -9.99686 -3.39346 21.34
      vertex -11.3351 -3.03723 21.34
    endloop
  endfacet
  facet normal -0.257235 -0.966349 -0
    outer loop
      vertex -9.99686 -3.39346 21.34
      vertex -11.3351 -3.03723 18.43
      vertex -9.99686 -3.39346 18.43
    endloop
  endfacet
  facet normal -0.98897 0.148118 0
    outer loop
      vertex -10.1162 -4.19028 18.43
      vertex -9.99686 -3.39346 21.34
      vertex -9.99686 -3.39346 18.43
    endloop
  endfacet
  facet normal -0.98897 0.148118 0
    outer loop
      vertex -9.99686 -3.39346 21.34
      vertex -10.1162 -4.19028 18.43
      vertex -10.1162 -4.19028 21.34
    endloop
  endfacet
  facet normal -0.839148 0.543902 0
    outer loop
      vertex -10.8769 -5.36391 18.43
      vertex -10.1162 -4.19028 21.34
      vertex -10.1162 -4.19028 18.43
    endloop
  endfacet
  facet normal -0.839148 0.543902 0
    outer loop
      vertex -10.1162 -4.19028 21.34
      vertex -10.8769 -5.36391 18.43
      vertex -10.8769 -5.36391 21.34
    endloop
  endfacet
  facet normal -0.893987 0.448093 0
    outer loop
      vertex -11.5229 -6.65274 18.43
      vertex -10.8769 -5.36391 21.34
      vertex -10.8769 -5.36391 18.43
    endloop
  endfacet
  facet normal -0.893987 0.448093 0
    outer loop
      vertex -10.8769 -5.36391 21.34
      vertex -11.5229 -6.65274 18.43
      vertex -11.5229 -6.65274 21.34
    endloop
  endfacet
  facet normal -0.0589623 -0.99826 -6.8095e-07
    outer loop
      vertex -10.9667 -6.68559 18.43
      vertex -10.802 -6.69532 21.34
      vertex -11.5229 -6.65274 21.34
    endloop
  endfacet
  facet normal -0.0589587 -0.99826 0
    outer loop
      vertex -10.9667 -6.68559 18.43
      vertex -11.5229 -6.65274 21.34
      vertex -11.5229 -6.65274 18.43
    endloop
  endfacet
  facet normal -0.0589686 -0.99826 -3.25562e-07
    outer loop
      vertex -10.0837 -6.73775 18.43
      vertex -10.802 -6.69532 21.34
      vertex -10.9667 -6.68559 18.43
    endloop
  endfacet
  facet normal -0.0589672 -0.99826 0
    outer loop
      vertex -10.802 -6.69532 21.34
      vertex -10.0837 -6.73775 18.43
      vertex -10.0837 -6.73775 21.34
    endloop
  endfacet
  facet normal 0.0514678 -0.998675 0
    outer loop
      vertex -10.0837 -6.73775 18.43
      vertex -8.68701 -6.66577 21.34
      vertex -10.0837 -6.73775 21.34
    endloop
  endfacet
  facet normal 0.0514678 -0.998675 0
    outer loop
      vertex -8.68701 -6.66577 21.34
      vertex -10.0837 -6.73775 18.43
      vertex -8.68701 -6.66577 18.43
    endloop
  endfacet
  facet normal -0.366153 -0.930555 0
    outer loop
      vertex -8.68701 -6.66577 18.43
      vertex -7.93726 -6.96078 21.34
      vertex -8.68701 -6.66577 21.34
    endloop
  endfacet
  facet normal -0.366153 -0.930555 -0
    outer loop
      vertex -7.93726 -6.96078 21.34
      vertex -8.68701 -6.66577 18.43
      vertex -7.93726 -6.96078 18.43
    endloop
  endfacet
  facet normal -0.965499 0.260408 0
    outer loop
      vertex -8.2979 -8.2979 18.43
      vertex -7.93726 -6.96078 21.34
      vertex -7.93726 -6.96078 18.43
    endloop
  endfacet
  facet normal -0.965499 0.260408 0
    outer loop
      vertex -7.93726 -6.96078 21.34
      vertex -8.2979 -8.2979 18.43
      vertex -8.2979 -8.2979 21.34
    endloop
  endfacet
  facet normal -0.988462 0.151468 0
    outer loop
      vertex -8.51404 -9.7084 18.43
      vertex -8.2979 -8.2979 21.34
      vertex -8.2979 -8.2979 18.43
    endloop
  endfacet
  facet normal -0.988462 0.151468 0
    outer loop
      vertex -8.2979 -8.2979 21.34
      vertex -8.51404 -9.7084 18.43
      vertex -8.51404 -9.7084 21.34
    endloop
  endfacet
  facet normal -0.24409 -0.969753 0
    outer loop
      vertex -8.51404 -9.7084 18.43
      vertex -7.62184 -9.93297 21.34
      vertex -8.51404 -9.7084 21.34
    endloop
  endfacet
  facet normal -0.24409 -0.969753 -0
    outer loop
      vertex -7.62184 -9.93297 21.34
      vertex -8.51404 -9.7084 18.43
      vertex -7.62184 -9.93297 18.43
    endloop
  endfacet
  facet normal 0.355467 -0.934689 0
    outer loop
      vertex -7.62184 -9.93297 18.43
      vertex -6.30148 -9.43083 21.34
      vertex -7.62184 -9.93297 21.34
    endloop
  endfacet
  facet normal 0.355467 -0.934689 0
    outer loop
      vertex -6.30148 -9.43083 21.34
      vertex -7.62184 -9.93297 18.43
      vertex -6.30148 -9.43083 18.43
    endloop
  endfacet
  facet normal 0.457978 -0.888964 0
    outer loop
      vertex -6.30148 -9.43083 18.43
      vertex -5.08224 -8.8027 21.34
      vertex -6.30148 -9.43083 21.34
    endloop
  endfacet
  facet normal 0.457978 -0.888964 0
    outer loop
      vertex -5.08224 -8.8027 21.34
      vertex -6.30148 -9.43083 18.43
      vertex -5.08224 -8.8027 18.43
    endloop
  endfacet
  facet normal -0.998854 -0.0478569 0
    outer loop
      vertex -5.06595 -9.1427 18.43
      vertex -5.08224 -8.8027 21.34
      vertex -5.08224 -8.8027 18.43
    endloop
  endfacet
  facet normal -0.998854 -0.0478571 2.38389e-08
    outer loop
      vertex -5.06595 -9.1427 18.43
      vertex -5.05568 -9.35705 21.34
      vertex -5.08224 -8.8027 21.34
    endloop
  endfacet
  facet normal -0.998854 -0.0478577 -2.41607e-08
    outer loop
      vertex -5.0166 -10.1727 18.43
      vertex -5.05568 -9.35705 21.34
      vertex -5.06595 -9.1427 18.43
    endloop
  endfacet
  facet normal -0.998854 -0.0478578 0
    outer loop
      vertex -5.05568 -9.35705 21.34
      vertex -5.0166 -10.1727 18.43
      vertex -5.0166 -10.1727 21.34
    endloop
  endfacet
  facet normal -0.987198 -0.159502 0
    outer loop
      vertex -4.79129 -11.5672 18.43
      vertex -5.0166 -10.1727 21.34
      vertex -5.0166 -10.1727 18.43
    endloop
  endfacet
  facet normal -0.987198 -0.159502 0
    outer loop
      vertex -5.0166 -10.1727 21.34
      vertex -4.79129 -11.5672 18.43
      vertex -4.79129 -11.5672 21.34
    endloop
  endfacet
  facet normal -0.717791 -0.696259 0
    outer loop
      vertex -4.1507 -12.2276 18.43
      vertex -4.79129 -11.5672 21.34
      vertex -4.79129 -11.5672 18.43
    endloop
  endfacet
  facet normal -0.717791 -0.696259 0
    outer loop
      vertex -4.79129 -11.5672 21.34
      vertex -4.1507 -12.2276 18.43
      vertex -4.1507 -12.2276 21.34
    endloop
  endfacet
  facet normal 0.625431 -0.780279 0
    outer loop
      vertex -4.1507 -12.2276 18.43
      vertex -3.03723 -11.3351 21.34
      vertex -4.1507 -12.2276 21.34
    endloop
  endfacet
  facet normal 0.625431 -0.780279 0
    outer loop
      vertex -3.03723 -11.3351 21.34
      vertex -4.1507 -12.2276 18.43
      vertex -3.03723 -11.3351 18.43
    endloop
  endfacet
  facet normal 0.708247 -0.705965 0
    outer loop
      vertex -3.03723 -11.3351 21.34
      vertex -2.05959 -10.3543 18.43
      vertex -2.05959 -10.3543 21.34
    endloop
  endfacet
  facet normal 0.708247 -0.705965 0
    outer loop
      vertex -2.05959 -10.3543 18.43
      vertex -3.03723 -11.3351 21.34
      vertex -3.03723 -11.3351 18.43
    endloop
  endfacet
  facet normal -0.622798 -0.782383 0
    outer loop
      vertex -2.05959 -10.3543 18.43
      vertex -1.42921 -10.8561 21.34
      vertex -2.05959 -10.3543 21.34
    endloop
  endfacet
  facet normal -0.622798 -0.782383 -0
    outer loop
      vertex -1.42921 -10.8561 21.34
      vertex -2.05959 -10.3543 18.43
      vertex -1.42921 -10.8561 18.43
    endloop
  endfacet
  facet normal -0.890612 -0.454764 0
    outer loop
      vertex -0.793182 -12.1017 18.43
      vertex -1.42921 -10.8561 21.34
      vertex -1.42921 -10.8561 18.43
    endloop
  endfacet
  facet normal -0.890612 -0.454764 0
    outer loop
      vertex -1.42921 -10.8561 21.34
      vertex -0.793182 -12.1017 18.43
      vertex -0.793182 -12.1017 21.34
    endloop
  endfacet
  facet normal -0.835032 -0.550201 0
    outer loop
      vertex 0 -13.3055 18.43
      vertex -0.793182 -12.1017 21.34
      vertex -0.793182 -12.1017 18.43
    endloop
  endfacet
  facet normal -0.835032 -0.550201 0
    outer loop
      vertex -0.793182 -12.1017 21.34
      vertex 0 -13.3055 18.43
      vertex 0 -13.3055 21.34
    endloop
  endfacet
  facet normal 0.835032 -0.550201 0
    outer loop
      vertex 0.397316 -12.7025 21.34
      vertex 0.793182 -12.1017 18.43
      vertex 0.793182 -12.1017 21.34
    endloop
  endfacet
  facet normal 0.835041 -0.550188 3.77277e-06
    outer loop
      vertex 0.397316 -12.7025 21.34
      vertex 0.306536 -12.8403 18.43
      vertex 0.793182 -12.1017 18.43
    endloop
  endfacet
  facet normal 0.835032 -0.550202 4.66586e-06
    outer loop
      vertex 0 -13.3055 21.34
      vertex 0.306536 -12.8403 18.43
      vertex 0.397316 -12.7025 21.34
    endloop
  endfacet
  facet normal 0.835018 -0.550222 0
    outer loop
      vertex 0.306536 -12.8403 18.43
      vertex 0 -13.3055 21.34
      vertex 0 -13.3055 18.43
    endloop
  endfacet
  facet normal 0 0 1
    outer loop
      vertex 8.48982 2.8819 24.25
      vertex 8.79335 1.7491 24.25
      vertex 9.02075 2.4171 24.25
    endloop
  endfacet
  facet normal 0 0 1
    outer loop
      vertex 8.79335 1.7491 24.25
      vertex 8.48982 2.8819 24.25
      vertex 8.51506 1.12102 24.25
    endloop
  endfacet
  facet normal 0 0 1
    outer loop
      vertex 13.9636 -0.915222 24.25
      vertex 14.2257 -2.82965 24.25
      vertex 14.7541 -1.94241 24.25
    endloop
  endfacet
  facet normal 0 0 1
    outer loop
      vertex 13.9636 -0.915222 24.25
      vertex 13.6495 -3.65736 24.25
      vertex 14.2257 -2.82965 24.25
    endloop
  endfacet
  facet normal 0 0 1
    outer loop
      vertex 11.735 0 24.25
      vertex 13.6495 -3.65736 24.25
      vertex 13.9636 -0.915222 24.25
    endloop
  endfacet
  facet normal 0 0 1
    outer loop
      vertex 10.1628 -5.86749 24.25
      vertex 13.6495 -3.65736 24.25
      vertex 11.735 0 24.25
    endloop
  endfacet
  facet normal 0 0 1
    outer loop
      vertex 13.6495 -3.65736 24.25
      vertex 10.1628 -5.86749 24.25
      vertex 12.5505 -6.18919 24.25
    endloop
  endfacet
  facet normal 0 0 1
    outer loop
      vertex 9.45612 0.619781 24.25
      vertex 10.1628 -5.86749 24.25
      vertex 11.735 0 24.25
    endloop
  endfacet
  facet normal 0 0 1
    outer loop
      vertex 7.87935 -5.2648 24.25
      vertex 9.45612 0.619781 24.25
      vertex 8.51506 1.12102 24.25
    endloop
  endfacet
  facet normal 0 0 1
    outer loop
      vertex 7.93478 3.28668 24.25
      vertex 8.51506 1.12102 24.25
      vertex 8.48982 2.8819 24.25
    endloop
  endfacet
  facet normal 0 0 1
    outer loop
      vertex 6.81375 -5.22838 24.25
      vertex 8.51506 1.12102 24.25
      vertex 7.93478 3.28668 24.25
    endloop
  endfacet
  facet normal 0 0 1
    outer loop
      vertex 9.45612 0.619781 24.25
      vertex 7.87935 -5.2648 24.25
      vertex 10.1628 -5.86749 24.25
    endloop
  endfacet
  facet normal 0 0 1
    outer loop
      vertex 12.5505 -6.18919 24.25
      vertex 13.7346 -4.66226 24.25
      vertex 13.6495 -3.65736 24.25
    endloop
  endfacet
  facet normal 0 0 1
    outer loop
      vertex 13.7346 -4.66226 24.25
      vertex 12.5505 -6.18919 24.25
      vertex 13.7487 -5.69487 24.25
    endloop
  endfacet
  facet normal 0 0 1
    outer loop
      vertex -12.5505 6.18919 24.25
      vertex -13.7346 4.66226 24.25
      vertex -13.6495 3.65736 24.25
    endloop
  endfacet
  facet normal 0 -0 1
    outer loop
      vertex -13.7346 4.66226 24.25
      vertex -12.5505 6.18919 24.25
      vertex -13.7487 5.69487 24.25
    endloop
  endfacet
  facet normal 0 0 1
    outer loop
      vertex -6.81375 5.22838 24.25
      vertex -8.48982 -2.8819 24.25
      vertex -7.93478 -3.28668 24.25
    endloop
  endfacet
  facet normal 0 0 1
    outer loop
      vertex -6.81375 5.22838 24.25
      vertex -8.51506 -1.12102 24.25
      vertex -8.48982 -2.8819 24.25
    endloop
  endfacet
  facet normal 0 0 1
    outer loop
      vertex -7.87935 5.2648 24.25
      vertex -9.45612 -0.619781 24.25
      vertex -8.51506 -1.12102 24.25
    endloop
  endfacet
  facet normal 0 0 1
    outer loop
      vertex -10.1628 5.86749 24.25
      vertex -9.45612 -0.619781 24.25
      vertex -7.87935 5.2648 24.25
    endloop
  endfacet
  facet normal 0 0 1
    outer loop
      vertex -10.1628 5.86749 24.25
      vertex -11.735 0 24.25
      vertex -9.45612 -0.619781 24.25
    endloop
  endfacet
  facet normal 0 0 1
    outer loop
      vertex -13.6495 3.65736 24.25
      vertex -10.1628 5.86749 24.25
      vertex -12.5505 6.18919 24.25
    endloop
  endfacet
  facet normal 0 0 1
    outer loop
      vertex -10.1628 5.86749 24.25
      vertex -13.6495 3.65736 24.25
      vertex -11.735 0 24.25
    endloop
  endfacet
  facet normal 0 0 1
    outer loop
      vertex -13.6495 3.65736 24.25
      vertex -13.9636 0.915222 24.25
      vertex -11.735 0 24.25
    endloop
  endfacet
  facet normal -0 0 1
    outer loop
      vertex -14.2257 2.82965 24.25
      vertex -13.9636 0.915222 24.25
      vertex -13.6495 3.65736 24.25
    endloop
  endfacet
  facet normal 0 0 1
    outer loop
      vertex -13.9636 0.915222 24.25
      vertex -14.2257 2.82965 24.25
      vertex -14.7541 1.94241 24.25
    endloop
  endfacet
  facet normal 0 0 1
    outer loop
      vertex 0.619781 9.45612 24.25
      vertex -5.2648 7.87935 24.25
      vertex -5.22838 6.81375 24.25
    endloop
  endfacet
  facet normal 0 0 1
    outer loop
      vertex -6.18919 12.5505 24.25
      vertex -4.66226 13.7346 24.25
      vertex -5.69487 13.7487 24.25
    endloop
  endfacet
  facet normal 0 0 1
    outer loop
      vertex -3.65736 13.6495 24.25
      vertex -5.86749 10.1628 24.25
      vertex -5.2648 7.87935 24.25
    endloop
  endfacet
  facet normal 0 0 1
    outer loop
      vertex -3.65736 13.6495 24.25
      vertex -6.18919 12.5505 24.25
      vertex -5.86749 10.1628 24.25
    endloop
  endfacet
  facet normal 0 0 1
    outer loop
      vertex 10.905 9.56339 24.25
      vertex 11.6352 7.77441 24.25
      vertex 11.8062 9.05925 24.25
    endloop
  endfacet
  facet normal 0 0 1
    outer loop
      vertex 9.99213 9.99213 24.25
      vertex 11.6352 7.77441 24.25
      vertex 10.905 9.56339 24.25
    endloop
  endfacet
  facet normal 0 0 1
    outer loop
      vertex 11.6352 7.77441 24.25
      vertex 9.99213 9.99213 24.25
      vertex 10.1628 5.86749 24.25
    endloop
  endfacet
  facet normal 0 0 1
    outer loop
      vertex 7.77441 11.6352 24.25
      vertex 9.99213 9.99213 24.25
      vertex 9.56339 10.905 24.25
    endloop
  endfacet
  facet normal -0 0 1
    outer loop
      vertex 7.77441 11.6352 24.25
      vertex 9.56339 10.905 24.25
      vertex 9.05925 11.8062 24.25
    endloop
  endfacet
  facet normal 0 0 1
    outer loop
      vertex 9.99213 9.99213 24.25
      vertex 7.77441 11.6352 24.25
      vertex 5.86749 10.1628 24.25
    endloop
  endfacet
  facet normal 0 0 1
    outer loop
      vertex 10.1628 5.86749 24.25
      vertex 5.86749 10.1628 24.25
      vertex 8.49913 4.1913 24.25
    endloop
  endfacet
  facet normal 0 0 1
    outer loop
      vertex 9.99213 9.99213 24.25
      vertex 5.86749 10.1628 24.25
      vertex 10.1628 5.86749 24.25
    endloop
  endfacet
  facet normal -0 0 1
    outer loop
      vertex 4.1913 8.49913 24.25
      vertex 8.49913 4.1913 24.25
      vertex 5.86749 10.1628 24.25
    endloop
  endfacet
  facet normal 0 0 1
    outer loop
      vertex 8.49913 4.1913 24.25
      vertex 4.1913 8.49913 24.25
      vertex 7.93478 3.28668 24.25
    endloop
  endfacet
  facet normal -0 0 1
    outer loop
      vertex 3.28668 7.93478 24.25
      vertex 7.93478 3.28668 24.25
      vertex 4.1913 8.49913 24.25
    endloop
  endfacet
  facet normal 0 0 1
    outer loop
      vertex 8.51506 1.12102 24.25
      vertex 6.81375 -5.22838 24.25
      vertex 7.87935 -5.2648 24.25
    endloop
  endfacet
  facet normal 0 0 1
    outer loop
      vertex 7.93478 3.28668 24.25
      vertex 3.28668 7.93478 24.25
      vertex 6.81375 -5.22838 24.25
    endloop
  endfacet
  facet normal 0 -0 1
    outer loop
      vertex 5.22838 -6.81375 24.25
      vertex 6.81375 -5.22838 24.25
      vertex 3.28668 7.93478 24.25
    endloop
  endfacet
  facet normal 0 0 1
    outer loop
      vertex 6.81375 -5.22838 24.25
      vertex 5.22838 -6.81375 24.25
      vertex 6.74071 -5.91144 24.25
    endloop
  endfacet
  facet normal 0 0 1
    outer loop
      vertex 6.74071 -5.91144 24.25
      vertex 5.91144 -6.74071 24.25
      vertex 6.60365 -6.60365 24.25
    endloop
  endfacet
  facet normal 0 0 1
    outer loop
      vertex 6.74071 -5.91144 24.25
      vertex 5.22838 -6.81375 24.25
      vertex 5.91144 -6.74071 24.25
    endloop
  endfacet
  facet normal 0 0 1
    outer loop
      vertex -1.12102 -8.51506 24.25
      vertex 5.22838 -6.81375 24.25
      vertex 3.28668 7.93478 24.25
    endloop
  endfacet
  facet normal 0 -0 1
    outer loop
      vertex -0.619781 -9.45612 24.25
      vertex 5.22838 -6.81375 24.25
      vertex -1.12102 -8.51506 24.25
    endloop
  endfacet
  facet normal 0 0 1
    outer loop
      vertex 1.12102 8.51506 24.25
      vertex 3.28668 7.93478 24.25
      vertex 2.8819 8.48982 24.25
    endloop
  endfacet
  facet normal 0 -0 1
    outer loop
      vertex 0 -11.735 24.25
      vertex 5.22838 -6.81375 24.25
      vertex -0.619781 -9.45612 24.25
    endloop
  endfacet
  facet normal -0 0 1
    outer loop
      vertex 1.7491 8.79335 24.25
      vertex 2.8819 8.48982 24.25
      vertex 2.4171 9.02075 24.25
    endloop
  endfacet
  facet normal 0 0 1
    outer loop
      vertex 5.22838 -6.81375 24.25
      vertex 0 -11.735 24.25
      vertex 3.65736 -13.6495 24.25
    endloop
  endfacet
  facet normal 0 0 1
    outer loop
      vertex 2.8819 8.48982 24.25
      vertex 1.7491 8.79335 24.25
      vertex 1.12102 8.51506 24.25
    endloop
  endfacet
  facet normal 0 0 1
    outer loop
      vertex 3.28668 7.93478 24.25
      vertex 1.12102 8.51506 24.25
      vertex -1.12102 -8.51506 24.25
    endloop
  endfacet
  facet normal 0 -0 1
    outer loop
      vertex 0.915222 -13.9636 24.25
      vertex 3.65736 -13.6495 24.25
      vertex 0 -11.735 24.25
    endloop
  endfacet
  facet normal 0 0 1
    outer loop
      vertex -5.22838 6.81375 24.25
      vertex 1.12102 8.51506 24.25
      vertex 0.619781 9.45612 24.25
    endloop
  endfacet
  facet normal 0 0 1
    outer loop
      vertex -5.2648 7.87935 24.25
      vertex 0.619781 9.45612 24.25
      vertex 0 11.735 24.25
    endloop
  endfacet
  facet normal 0 0 1
    outer loop
      vertex 3.65736 -13.6495 24.25
      vertex 0.915222 -13.9636 24.25
      vertex 2.82965 -14.2257 24.25
    endloop
  endfacet
  facet normal 0 0 1
    outer loop
      vertex 2.82965 -14.2257 24.25
      vertex 0.915222 -13.9636 24.25
      vertex 1.94241 -14.7541 24.25
    endloop
  endfacet
  facet normal -0 0 1
    outer loop
      vertex -3.65736 13.6495 24.25
      vertex 0 11.735 24.25
      vertex -0.915222 13.9636 24.25
    endloop
  endfacet
  facet normal 0 0 1
    outer loop
      vertex 5.22838 -6.81375 24.25
      vertex 3.65736 -13.6495 24.25
      vertex 4.66226 -13.7346 24.25
    endloop
  endfacet
  facet normal 0 0 1
    outer loop
      vertex 1.12102 8.51506 24.25
      vertex -5.22838 6.81375 24.25
      vertex -1.12102 -8.51506 24.25
    endloop
  endfacet
  facet normal -0 0 1
    outer loop
      vertex -2.82965 14.2257 24.25
      vertex -0.915222 13.9636 24.25
      vertex -1.94241 14.7541 24.25
    endloop
  endfacet
  facet normal -0 -0 1
    outer loop
      vertex -3.28668 -7.93478 24.25
      vertex -1.12102 -8.51506 24.25
      vertex -5.22838 6.81375 24.25
    endloop
  endfacet
  facet normal 0 0 1
    outer loop
      vertex -3.65736 13.6495 24.25
      vertex -0.915222 13.9636 24.25
      vertex -2.82965 14.2257 24.25
    endloop
  endfacet
  facet normal 0 0 1
    outer loop
      vertex -1.12102 -8.51506 24.25
      vertex -3.28668 -7.93478 24.25
      vertex -1.7491 -8.79335 24.25
    endloop
  endfacet
  facet normal -0 -0 1
    outer loop
      vertex -2.8819 -8.48982 24.25
      vertex -1.7491 -8.79335 24.25
      vertex -3.28668 -7.93478 24.25
    endloop
  endfacet
  facet normal 0 0 1
    outer loop
      vertex -5.2648 7.87935 24.25
      vertex 0 11.735 24.25
      vertex -3.65736 13.6495 24.25
    endloop
  endfacet
  facet normal 0 0 1
    outer loop
      vertex -1.7491 -8.79335 24.25
      vertex -2.8819 -8.48982 24.25
      vertex -2.4171 -9.02075 24.25
    endloop
  endfacet
  facet normal 0 0 1
    outer loop
      vertex -6.18919 12.5505 24.25
      vertex -3.65736 13.6495 24.25
      vertex -4.66226 13.7346 24.25
    endloop
  endfacet
  facet normal -0 0 1
    outer loop
      vertex -7.93478 -3.28668 24.25
      vertex -3.28668 -7.93478 24.25
      vertex -5.22838 6.81375 24.25
    endloop
  endfacet
  facet normal 0 0 1
    outer loop
      vertex -3.28668 -7.93478 24.25
      vertex -7.93478 -3.28668 24.25
      vertex -4.1913 -8.49913 24.25
    endloop
  endfacet
  facet normal 0 0 1
    outer loop
      vertex -6.81375 5.22838 24.25
      vertex -5.22838 6.81375 24.25
      vertex -5.91144 6.74071 24.25
    endloop
  endfacet
  facet normal 0 0 1
    outer loop
      vertex -6.74071 5.91144 24.25
      vertex -5.91144 6.74071 24.25
      vertex -6.60365 6.60365 24.25
    endloop
  endfacet
  facet normal 0 0 1
    outer loop
      vertex -5.91144 6.74071 24.25
      vertex -6.74071 5.91144 24.25
      vertex -6.81375 5.22838 24.25
    endloop
  endfacet
  facet normal 0 0 1
    outer loop
      vertex -5.22838 6.81375 24.25
      vertex -6.81375 5.22838 24.25
      vertex -7.93478 -3.28668 24.25
    endloop
  endfacet
  facet normal -0 0 1
    outer loop
      vertex -8.49913 -4.1913 24.25
      vertex -4.1913 -8.49913 24.25
      vertex -7.93478 -3.28668 24.25
    endloop
  endfacet
  facet normal 0 0 1
    outer loop
      vertex -8.51506 -1.12102 24.25
      vertex -6.81375 5.22838 24.25
      vertex -7.87935 5.2648 24.25
    endloop
  endfacet
  facet normal 0 0 1
    outer loop
      vertex -4.1913 -8.49913 24.25
      vertex -8.49913 -4.1913 24.25
      vertex -5.86749 -10.1628 24.25
    endloop
  endfacet
  facet normal -0 0 1
    outer loop
      vertex -10.1628 -5.86749 24.25
      vertex -5.86749 -10.1628 24.25
      vertex -8.49913 -4.1913 24.25
    endloop
  endfacet
  facet normal -0 -0 1
    outer loop
      vertex -9.99213 -9.99213 24.25
      vertex -5.86749 -10.1628 24.25
      vertex -10.1628 -5.86749 24.25
    endloop
  endfacet
  facet normal 0 0 1
    outer loop
      vertex -7.77441 -11.6352 24.25
      vertex -9.56339 -10.905 24.25
      vertex -9.05925 -11.8062 24.25
    endloop
  endfacet
  facet normal 0 0 1
    outer loop
      vertex -7.77441 -11.6352 24.25
      vertex -9.99213 -9.99213 24.25
      vertex -9.56339 -10.905 24.25
    endloop
  endfacet
  facet normal 0 0 1
    outer loop
      vertex -5.86749 -10.1628 24.25
      vertex -9.99213 -9.99213 24.25
      vertex -7.77441 -11.6352 24.25
    endloop
  endfacet
  facet normal -0 0 1
    outer loop
      vertex -11.6352 -7.77441 24.25
      vertex -9.99213 -9.99213 24.25
      vertex -10.1628 -5.86749 24.25
    endloop
  endfacet
  facet normal 0 0 1
    outer loop
      vertex -9.99213 -9.99213 24.25
      vertex -11.6352 -7.77441 24.25
      vertex -10.905 -9.56339 24.25
    endloop
  endfacet
  facet normal 0 0 1
    outer loop
      vertex -10.905 -9.56339 24.25
      vertex -11.6352 -7.77441 24.25
      vertex -11.8062 -9.05925 24.25
    endloop
  endfacet
  facet normal 0 0 1
    outer loop
      vertex 4.66226 -13.7346 24.25
      vertex 6.18919 -12.5505 24.25
      vertex 5.86749 -10.1628 24.25
    endloop
  endfacet
  facet normal 0 0 1
    outer loop
      vertex 4.66226 -13.7346 24.25
      vertex 5.86749 -10.1628 24.25
      vertex 5.2648 -7.87935 24.25
    endloop
  endfacet
  facet normal 0 0 1
    outer loop
      vertex 6.18919 -12.5505 24.25
      vertex 4.66226 -13.7346 24.25
      vertex 5.69487 -13.7487 24.25
    endloop
  endfacet
  facet normal 0 0 1
    outer loop
      vertex 4.66226 -13.7346 24.25
      vertex 5.2648 -7.87935 24.25
      vertex 5.22838 -6.81375 24.25
    endloop
  endfacet
  facet normal -0 0 1
    outer loop
      vertex -8.79335 -1.7491 24.25
      vertex -8.48982 -2.8819 24.25
      vertex -8.51506 -1.12102 24.25
    endloop
  endfacet
  facet normal 0 0 1
    outer loop
      vertex -8.48982 -2.8819 24.25
      vertex -8.79335 -1.7491 24.25
      vertex -9.02075 -2.4171 24.25
    endloop
  endfacet
  facet normal 0.571333 -0.820718 0
    outer loop
      vertex 2.82965 -14.2257 21.34
      vertex 3.65736 -13.6495 24.25
      vertex 2.82965 -14.2257 24.25
    endloop
  endfacet
  facet normal 0.571333 -0.820718 0
    outer loop
      vertex 3.65736 -13.6495 24.25
      vertex 2.82965 -14.2257 21.34
      vertex 3.65736 -13.6495 21.34
    endloop
  endfacet
  facet normal -0.084383 -0.996433 0
    outer loop
      vertex 3.65736 -13.6495 21.34
      vertex 4.66226 -13.7346 24.25
      vertex 3.65736 -13.6495 24.25
    endloop
  endfacet
  facet normal -0.084383 -0.996433 -0
    outer loop
      vertex 4.66226 -13.7346 24.25
      vertex 3.65736 -13.6495 21.34
      vertex 4.66226 -13.7346 21.34
    endloop
  endfacet
  facet normal -0.0136534 -0.999907 0
    outer loop
      vertex 4.66226 -13.7346 21.34
      vertex 5.69487 -13.7487 24.25
      vertex 4.66226 -13.7346 24.25
    endloop
  endfacet
  facet normal -0.0136534 -0.999907 -0
    outer loop
      vertex 5.69487 -13.7487 24.25
      vertex 4.66226 -13.7346 21.34
      vertex 5.69487 -13.7487 21.34
    endloop
  endfacet
  facet normal 0.924422 -0.381372 0
    outer loop
      vertex 5.69487 -13.7487 24.25
      vertex 6.18919 -12.5505 21.34
      vertex 6.18919 -12.5505 24.25
    endloop
  endfacet
  facet normal 0.924422 -0.381372 0
    outer loop
      vertex 6.18919 -12.5505 21.34
      vertex 5.69487 -13.7487 24.25
      vertex 5.69487 -13.7487 21.34
    endloop
  endfacet
  facet normal 0.991045 0.133526 0
    outer loop
      vertex 6.18919 -12.5505 24.25
      vertex 5.86749 -10.1628 21.34
      vertex 5.86749 -10.1628 24.25
    endloop
  endfacet
  facet normal 0.991045 0.133526 0
    outer loop
      vertex 5.86749 -10.1628 21.34
      vertex 6.18919 -12.5505 24.25
      vertex 6.18919 -12.5505 21.34
    endloop
  endfacet
  facet normal 0.966889 0.255197 0
    outer loop
      vertex 5.2648 -7.87935 24.25
      vertex 5.57559 -9.05687 21.34
      vertex 5.2648 -7.87935 21.34
    endloop
  endfacet
  facet normal 0.966889 0.255199 -8.88089e-07
    outer loop
      vertex 5.86749 -10.1628 24.25
      vertex 5.57559 -9.05687 21.34
      vertex 5.2648 -7.87935 24.25
    endloop
  endfacet
  facet normal 0.966888 0.255201 0
    outer loop
      vertex 5.57559 -9.05687 21.34
      vertex 5.86749 -10.1628 24.25
      vertex 5.86749 -10.1628 21.34
    endloop
  endfacet
  facet normal 0.999416 0.034158 0
    outer loop
      vertex 5.2648 -7.87935 24.25
      vertex 5.22838 -6.81375 21.34
      vertex 5.22838 -6.81375 24.25
    endloop
  endfacet
  facet normal 0.999416 0.034158 0
    outer loop
      vertex 5.22838 -6.81375 21.34
      vertex 5.2648 -7.87935 24.25
      vertex 5.2648 -7.87935 21.34
    endloop
  endfacet
  facet normal 0.106324 -0.994331 0
    outer loop
      vertex 5.22838 -6.81375 21.34
      vertex 5.91144 -6.74071 24.25
      vertex 5.22838 -6.81375 24.25
    endloop
  endfacet
  facet normal 0.106324 -0.994331 0
    outer loop
      vertex 5.91144 -6.74071 24.25
      vertex 5.22838 -6.81375 21.34
      vertex 5.91144 -6.74071 21.34
    endloop
  endfacet
  facet normal 0.194233 -0.980955 0
    outer loop
      vertex 5.91144 -6.74071 21.34
      vertex 6.60365 -6.60365 24.25
      vertex 5.91144 -6.74071 24.25
    endloop
  endfacet
  facet normal 0.194233 -0.980955 0
    outer loop
      vertex 6.60365 -6.60365 24.25
      vertex 5.91144 -6.74071 21.34
      vertex 6.60365 -6.60365 21.34
    endloop
  endfacet
  facet normal 0.980955 -0.194233 0
    outer loop
      vertex 6.60365 -6.60365 24.25
      vertex 6.74071 -5.91144 21.34
      vertex 6.74071 -5.91144 24.25
    endloop
  endfacet
  facet normal 0.980955 -0.194233 0
    outer loop
      vertex 6.74071 -5.91144 21.34
      vertex 6.60365 -6.60365 24.25
      vertex 6.60365 -6.60365 21.34
    endloop
  endfacet
  facet normal 0.994331 -0.106324 0
    outer loop
      vertex 6.74071 -5.91144 24.25
      vertex 6.81375 -5.22838 21.34
      vertex 6.81375 -5.22838 24.25
    endloop
  endfacet
  facet normal 0.994331 -0.106324 0
    outer loop
      vertex 6.81375 -5.22838 21.34
      vertex 6.74071 -5.91144 24.25
      vertex 6.74071 -5.91144 21.34
    endloop
  endfacet
  facet normal -0.034158 -0.999416 0
    outer loop
      vertex 6.81375 -5.22838 21.34
      vertex 7.87935 -5.2648 24.25
      vertex 6.81375 -5.22838 24.25
    endloop
  endfacet
  facet normal -0.034158 -0.999416 -0
    outer loop
      vertex 7.87935 -5.2648 24.25
      vertex 6.81375 -5.22838 21.34
      vertex 7.87935 -5.2648 21.34
    endloop
  endfacet
  facet normal -0.255199 -0.966889 0
    outer loop
      vertex 7.87935 -5.2648 21.34
      vertex 10.1628 -5.86749 24.25
      vertex 7.87935 -5.2648 24.25
    endloop
  endfacet
  facet normal -0.255199 -0.966889 -0
    outer loop
      vertex 10.1628 -5.86749 24.25
      vertex 7.87935 -5.2648 21.34
      vertex 10.1628 -5.86749 21.34
    endloop
  endfacet
  facet normal -0.133535 -0.991044 0
    outer loop
      vertex 11.1993 -6.00715 21.34
      vertex 10.1628 -5.86749 24.25
      vertex 10.1628 -5.86749 21.34
    endloop
  endfacet
  facet normal -0.133526 -0.991045 3.44203e-06
    outer loop
      vertex 10.1628 -5.86749 24.25
      vertex 11.1993 -6.00715 21.34
      vertex 12.5505 -6.18919 24.25
    endloop
  endfacet
  facet normal -0.133518 -0.991046 -0
    outer loop
      vertex 12.5505 -6.18919 24.25
      vertex 11.1993 -6.00715 21.34
      vertex 12.5505 -6.18919 21.34
    endloop
  endfacet
  facet normal 0.381372 -0.924422 0
    outer loop
      vertex 12.5505 -6.18919 21.34
      vertex 13.7487 -5.69487 24.25
      vertex 12.5505 -6.18919 24.25
    endloop
  endfacet
  facet normal 0.381372 -0.924422 0
    outer loop
      vertex 13.7487 -5.69487 24.25
      vertex 12.5505 -6.18919 21.34
      vertex 13.7487 -5.69487 21.34
    endloop
  endfacet
  facet normal 0.999907 0.0136534 0
    outer loop
      vertex 13.7487 -5.69487 24.25
      vertex 13.7346 -4.66226 21.34
      vertex 13.7346 -4.66226 24.25
    endloop
  endfacet
  facet normal 0.999907 0.0136534 0
    outer loop
      vertex 13.7346 -4.66226 21.34
      vertex 13.7487 -5.69487 24.25
      vertex 13.7487 -5.69487 21.34
    endloop
  endfacet
  facet normal 0.996433 0.084383 0
    outer loop
      vertex 13.7346 -4.66226 24.25
      vertex 13.6495 -3.65736 21.34
      vertex 13.6495 -3.65736 24.25
    endloop
  endfacet
  facet normal 0.996433 0.084383 0
    outer loop
      vertex 13.6495 -3.65736 21.34
      vertex 13.7346 -4.66226 24.25
      vertex 13.7346 -4.66226 21.34
    endloop
  endfacet
  facet normal 0.820718 -0.571333 0
    outer loop
      vertex 13.6495 -3.65736 24.25
      vertex 14.2257 -2.82965 21.34
      vertex 14.2257 -2.82965 24.25
    endloop
  endfacet
  facet normal 0.820718 -0.571333 0
    outer loop
      vertex 14.2257 -2.82965 21.34
      vertex 13.6495 -3.65736 24.25
      vertex 13.6495 -3.65736 21.34
    endloop
  endfacet
  facet normal 0.859173 -0.511685 0
    outer loop
      vertex 14.2257 -2.82965 24.25
      vertex 14.7541 -1.94241 21.34
      vertex 14.7541 -1.94241 24.25
    endloop
  endfacet
  facet normal 0.859173 -0.511685 0
    outer loop
      vertex 14.7541 -1.94241 21.34
      vertex 14.2257 -2.82965 24.25
      vertex 14.2257 -2.82965 21.34
    endloop
  endfacet
  facet normal 0.792491 0.609883 0
    outer loop
      vertex 14.7541 -1.94241 24.25
      vertex 13.9636 -0.915222 21.34
      vertex 13.9636 -0.915222 24.25
    endloop
  endfacet
  facet normal 0.792491 0.609883 0
    outer loop
      vertex 13.9636 -0.915222 21.34
      vertex 14.7541 -1.94241 24.25
      vertex 14.7541 -1.94241 21.34
    endloop
  endfacet
  facet normal 0.379885 0.925034 -0
    outer loop
      vertex 13.9636 -0.915222 21.34
      vertex 11.735 0 24.25
      vertex 13.9636 -0.915222 24.25
    endloop
  endfacet
  facet normal 0.379885 0.925034 0
    outer loop
      vertex 11.735 0 24.25
      vertex 13.9636 -0.915222 21.34
      vertex 11.735 0 21.34
    endloop
  endfacet
  facet normal 0.262437 0.964949 0
    outer loop
      vertex 10.6313 0.300173 21.34
      vertex 11.735 0 24.25
      vertex 11.735 0 21.34
    endloop
  endfacet
  facet normal 0.262435 0.96495 8.66731e-07
    outer loop
      vertex 11.735 0 24.25
      vertex 10.6313 0.300173 21.34
      vertex 9.45612 0.619781 24.25
    endloop
  endfacet
  facet normal 0.262433 0.96495 0
    outer loop
      vertex 9.45612 0.619781 24.25
      vertex 10.6313 0.300173 21.34
      vertex 9.45612 0.619781 21.34
    endloop
  endfacet
  facet normal 0.470106 0.88261 -0
    outer loop
      vertex 9.45612 0.619781 21.34
      vertex 8.51506 1.12102 24.25
      vertex 9.45612 0.619781 24.25
    endloop
  endfacet
  facet normal 0.470106 0.88261 0
    outer loop
      vertex 8.51506 1.12102 24.25
      vertex 9.45612 0.619781 21.34
      vertex 8.51506 1.12102 21.34
    endloop
  endfacet
  facet normal 0.914274 -0.405097 0
    outer loop
      vertex 8.51506 1.12102 24.25
      vertex 8.79335 1.7491 21.34
      vertex 8.79335 1.7491 24.25
    endloop
  endfacet
  facet normal 0.914274 -0.405097 0
    outer loop
      vertex 8.79335 1.7491 21.34
      vertex 8.51506 1.12102 24.25
      vertex 8.51506 1.12102 21.34
    endloop
  endfacet
  facet normal 0.946652 -0.322258 0
    outer loop
      vertex 8.79335 1.7491 24.25
      vertex 9.02075 2.4171 21.34
      vertex 9.02075 2.4171 24.25
    endloop
  endfacet
  facet normal 0.946652 -0.322258 0
    outer loop
      vertex 9.02075 2.4171 21.34
      vertex 8.79335 1.7491 24.25
      vertex 8.79335 1.7491 21.34
    endloop
  endfacet
  facet normal 0.658694 0.752411 -0
    outer loop
      vertex 9.02075 2.4171 21.34
      vertex 8.48982 2.8819 24.25
      vertex 9.02075 2.4171 24.25
    endloop
  endfacet
  facet normal 0.658694 0.752411 0
    outer loop
      vertex 8.48982 2.8819 24.25
      vertex 9.02075 2.4171 21.34
      vertex 8.48982 2.8819 21.34
    endloop
  endfacet
  facet normal 0.589232 0.807964 -0
    outer loop
      vertex 8.48982 2.8819 21.34
      vertex 7.93478 3.28668 24.25
      vertex 8.48982 2.8819 24.25
    endloop
  endfacet
  facet normal 0.589232 0.807964 0
    outer loop
      vertex 7.93478 3.28668 24.25
      vertex 8.48982 2.8819 21.34
      vertex 7.93478 3.28668 21.34
    endloop
  endfacet
  facet normal 0.848435 -0.529299 0
    outer loop
      vertex 7.93478 3.28668 24.25
      vertex 8.49913 4.1913 21.34
      vertex 8.49913 4.1913 24.25
    endloop
  endfacet
  facet normal 0.848435 -0.529299 0
    outer loop
      vertex 8.49913 4.1913 21.34
      vertex 7.93478 3.28668 24.25
      vertex 7.93478 3.28668 21.34
    endloop
  endfacet
  facet normal 0.709752 -0.704451 0
    outer loop
      vertex 8.49913 4.1913 24.25
      vertex 10.1628 5.86749 21.34
      vertex 10.1628 5.86749 24.25
    endloop
  endfacet
  facet normal 0.709752 -0.704451 0
    outer loop
      vertex 10.1628 5.86749 21.34
      vertex 8.49913 4.1913 24.25
      vertex 8.49913 4.1913 21.34
    endloop
  endfacet
  facet normal 0.791513 -0.611152 0
    outer loop
      vertex 11.6352 7.77441 24.25
      vertex 10.802 6.69532 21.34
      vertex 11.6352 7.77441 21.34
    endloop
  endfacet
  facet normal 0.791512 -0.611154 9.08882e-07
    outer loop
      vertex 10.1628 5.86749 24.25
      vertex 10.802 6.69532 21.34
      vertex 11.6352 7.77441 24.25
    endloop
  endfacet
  facet normal 0.79151 -0.611156 0
    outer loop
      vertex 10.802 6.69532 21.34
      vertex 10.1628 5.86749 24.25
      vertex 10.1628 5.86749 21.34
    endloop
  endfacet
  facet normal 0.991259 -0.131927 0
    outer loop
      vertex 11.6352 7.77441 24.25
      vertex 11.8062 9.05925 21.34
      vertex 11.8062 9.05925 24.25
    endloop
  endfacet
  facet normal 0.991259 -0.131927 0
    outer loop
      vertex 11.8062 9.05925 21.34
      vertex 11.6352 7.77441 24.25
      vertex 11.6352 7.77441 21.34
    endloop
  endfacet
  facet normal 0.488211 0.872726 -0
    outer loop
      vertex 11.8062 9.05925 21.34
      vertex 10.905 9.56339 24.25
      vertex 11.8062 9.05925 24.25
    endloop
  endfacet
  facet normal 0.488211 0.872726 0
    outer loop
      vertex 10.905 9.56339 24.25
      vertex 11.8062 9.05925 21.34
      vertex 10.905 9.56339 21.34
    endloop
  endfacet
  facet normal 0.42511 0.905142 -0
    outer loop
      vertex 10.905 9.56339 21.34
      vertex 9.99213 9.99213 24.25
      vertex 10.905 9.56339 24.25
    endloop
  endfacet
  facet normal 0.42511 0.905142 0
    outer loop
      vertex 9.99213 9.99213 24.25
      vertex 10.905 9.56339 21.34
      vertex 9.99213 9.99213 21.34
    endloop
  endfacet
  facet normal 0.905142 0.42511 0
    outer loop
      vertex 9.99213 9.99213 24.25
      vertex 9.56339 10.905 21.34
      vertex 9.56339 10.905 24.25
    endloop
  endfacet
  facet normal 0.905142 0.42511 0
    outer loop
      vertex 9.56339 10.905 21.34
      vertex 9.99213 9.99213 24.25
      vertex 9.99213 9.99213 21.34
    endloop
  endfacet
  facet normal 0.872726 0.488211 0
    outer loop
      vertex 9.56339 10.905 24.25
      vertex 9.05925 11.8062 21.34
      vertex 9.05925 11.8062 24.25
    endloop
  endfacet
  facet normal 0.872726 0.488211 0
    outer loop
      vertex 9.05925 11.8062 21.34
      vertex 9.56339 10.905 24.25
      vertex 9.56339 10.905 21.34
    endloop
  endfacet
  facet normal -0.131927 0.991259 0
    outer loop
      vertex 9.05925 11.8062 21.34
      vertex 7.77441 11.6352 24.25
      vertex 9.05925 11.8062 24.25
    endloop
  endfacet
  facet normal -0.131927 0.991259 0
    outer loop
      vertex 7.77441 11.6352 24.25
      vertex 9.05925 11.8062 21.34
      vertex 7.77441 11.6352 21.34
    endloop
  endfacet
  facet normal -0.611154 0.791512 0
    outer loop
      vertex 7.77441 11.6352 21.34
      vertex 5.86749 10.1628 24.25
      vertex 7.77441 11.6352 24.25
    endloop
  endfacet
  facet normal -0.611154 0.791512 0
    outer loop
      vertex 5.86749 10.1628 24.25
      vertex 7.77441 11.6352 21.34
      vertex 5.86749 10.1628 21.34
    endloop
  endfacet
  facet normal -0.704453 0.709751 0
    outer loop
      vertex 5.05568 9.35705 21.34
      vertex 5.86749 10.1628 24.25
      vertex 5.86749 10.1628 21.34
    endloop
  endfacet
  facet normal -0.704451 0.709752 -8.94853e-07
    outer loop
      vertex 5.86749 10.1628 24.25
      vertex 5.05568 9.35705 21.34
      vertex 4.1913 8.49913 24.25
    endloop
  endfacet
  facet normal -0.70445 0.709754 0
    outer loop
      vertex 4.1913 8.49913 24.25
      vertex 5.05568 9.35705 21.34
      vertex 4.1913 8.49913 21.34
    endloop
  endfacet
  facet normal -0.529299 0.848435 0
    outer loop
      vertex 4.1913 8.49913 21.34
      vertex 3.28668 7.93478 24.25
      vertex 4.1913 8.49913 24.25
    endloop
  endfacet
  facet normal -0.529299 0.848435 0
    outer loop
      vertex 3.28668 7.93478 24.25
      vertex 4.1913 8.49913 21.34
      vertex 3.28668 7.93478 21.34
    endloop
  endfacet
  facet normal 0.807964 0.589232 0
    outer loop
      vertex 3.28668 7.93478 24.25
      vertex 2.8819 8.48982 21.34
      vertex 2.8819 8.48982 24.25
    endloop
  endfacet
  facet normal 0.807964 0.589232 0
    outer loop
      vertex 2.8819 8.48982 21.34
      vertex 3.28668 7.93478 24.25
      vertex 3.28668 7.93478 21.34
    endloop
  endfacet
  facet normal 0.752411 0.658694 0
    outer loop
      vertex 2.8819 8.48982 24.25
      vertex 2.4171 9.02075 21.34
      vertex 2.4171 9.02075 24.25
    endloop
  endfacet
  facet normal 0.752411 0.658694 0
    outer loop
      vertex 2.4171 9.02075 21.34
      vertex 2.8819 8.48982 24.25
      vertex 2.8819 8.48982 21.34
    endloop
  endfacet
  facet normal -0.322258 0.946652 0
    outer loop
      vertex 2.4171 9.02075 21.34
      vertex 1.7491 8.79335 24.25
      vertex 2.4171 9.02075 24.25
    endloop
  endfacet
  facet normal -0.322258 0.946652 0
    outer loop
      vertex 1.7491 8.79335 24.25
      vertex 2.4171 9.02075 21.34
      vertex 1.7491 8.79335 21.34
    endloop
  endfacet
  facet normal -0.405097 0.914274 0
    outer loop
      vertex 1.7491 8.79335 21.34
      vertex 1.12102 8.51506 24.25
      vertex 1.7491 8.79335 24.25
    endloop
  endfacet
  facet normal -0.405097 0.914274 0
    outer loop
      vertex 1.12102 8.51506 24.25
      vertex 1.7491 8.79335 21.34
      vertex 1.12102 8.51506 21.34
    endloop
  endfacet
  facet normal 0.88261 0.470106 0
    outer loop
      vertex 1.12102 8.51506 24.25
      vertex 0.619781 9.45612 21.34
      vertex 0.619781 9.45612 24.25
    endloop
  endfacet
  facet normal 0.88261 0.470106 0
    outer loop
      vertex 0.619781 9.45612 21.34
      vertex 1.12102 8.51506 24.25
      vertex 1.12102 8.51506 21.34
    endloop
  endfacet
  facet normal 0.96495 0.262435 0
    outer loop
      vertex 0.619781 9.45612 24.25
      vertex 0 11.735 21.34
      vertex 0 11.735 24.25
    endloop
  endfacet
  facet normal 0.96495 0.262435 0
    outer loop
      vertex 0 11.735 21.34
      vertex 0.619781 9.45612 24.25
      vertex 0.619781 9.45612 21.34
    endloop
  endfacet
  facet normal 0.925032 0.37989 0
    outer loop
      vertex -0.915222 13.9636 24.25
      vertex -0.397316 12.7025 21.34
      vertex -0.915222 13.9636 21.34
    endloop
  endfacet
  facet normal 0.925034 0.379885 2.68834e-06
    outer loop
      vertex 0 11.735 24.25
      vertex -0.397316 12.7025 21.34
      vertex -0.915222 13.9636 24.25
    endloop
  endfacet
  facet normal 0.925037 0.379878 0
    outer loop
      vertex -0.397316 12.7025 21.34
      vertex 0 11.735 24.25
      vertex 0 11.735 21.34
    endloop
  endfacet
  facet normal 0.609883 0.792491 -0
    outer loop
      vertex -0.915222 13.9636 21.34
      vertex -1.94241 14.7541 24.25
      vertex -0.915222 13.9636 24.25
    endloop
  endfacet
  facet normal 0.609883 0.792491 0
    outer loop
      vertex -1.94241 14.7541 24.25
      vertex -0.915222 13.9636 21.34
      vertex -1.94241 14.7541 21.34
    endloop
  endfacet
  facet normal -0.511685 0.859173 0
    outer loop
      vertex -1.94241 14.7541 21.34
      vertex -2.82965 14.2257 24.25
      vertex -1.94241 14.7541 24.25
    endloop
  endfacet
  facet normal -0.511685 0.859173 0
    outer loop
      vertex -2.82965 14.2257 24.25
      vertex -1.94241 14.7541 21.34
      vertex -2.82965 14.2257 21.34
    endloop
  endfacet
  facet normal -0.571333 0.820718 0
    outer loop
      vertex -2.82965 14.2257 21.34
      vertex -3.65736 13.6495 24.25
      vertex -2.82965 14.2257 24.25
    endloop
  endfacet
  facet normal -0.571333 0.820718 0
    outer loop
      vertex -3.65736 13.6495 24.25
      vertex -2.82965 14.2257 21.34
      vertex -3.65736 13.6495 21.34
    endloop
  endfacet
  facet normal 0.084383 0.996433 -0
    outer loop
      vertex -3.65736 13.6495 21.34
      vertex -4.66226 13.7346 24.25
      vertex -3.65736 13.6495 24.25
    endloop
  endfacet
  facet normal 0.084383 0.996433 0
    outer loop
      vertex -4.66226 13.7346 24.25
      vertex -3.65736 13.6495 21.34
      vertex -4.66226 13.7346 21.34
    endloop
  endfacet
  facet normal 0.0136534 0.999907 -0
    outer loop
      vertex -4.66226 13.7346 21.34
      vertex -5.69487 13.7487 24.25
      vertex -4.66226 13.7346 24.25
    endloop
  endfacet
  facet normal 0.0136534 0.999907 0
    outer loop
      vertex -5.69487 13.7487 24.25
      vertex -4.66226 13.7346 21.34
      vertex -5.69487 13.7487 21.34
    endloop
  endfacet
  facet normal -0.924422 0.381372 0
    outer loop
      vertex -6.18919 12.5505 21.34
      vertex -5.69487 13.7487 24.25
      vertex -5.69487 13.7487 21.34
    endloop
  endfacet
  facet normal -0.924422 0.381372 0
    outer loop
      vertex -5.69487 13.7487 24.25
      vertex -6.18919 12.5505 21.34
      vertex -6.18919 12.5505 24.25
    endloop
  endfacet
  facet normal -0.991045 -0.133526 0
    outer loop
      vertex -5.86749 10.1628 21.34
      vertex -6.18919 12.5505 24.25
      vertex -6.18919 12.5505 21.34
    endloop
  endfacet
  facet normal -0.991045 -0.133526 0
    outer loop
      vertex -6.18919 12.5505 24.25
      vertex -5.86749 10.1628 21.34
      vertex -5.86749 10.1628 24.25
    endloop
  endfacet
  facet normal -0.966888 -0.255201 0
    outer loop
      vertex -5.57559 9.05687 21.34
      vertex -5.86749 10.1628 24.25
      vertex -5.86749 10.1628 21.34
    endloop
  endfacet
  facet normal -0.966889 -0.255197 -0
    outer loop
      vertex -5.2648 7.87935 24.25
      vertex -5.57559 9.05687 21.34
      vertex -5.2648 7.87935 21.34
    endloop
  endfacet
  facet normal -0.966889 -0.255199 -8.88089e-07
    outer loop
      vertex -5.57559 9.05687 21.34
      vertex -5.2648 7.87935 24.25
      vertex -5.86749 10.1628 24.25
    endloop
  endfacet
  facet normal -0.999416 -0.034158 0
    outer loop
      vertex -5.22838 6.81375 21.34
      vertex -5.2648 7.87935 24.25
      vertex -5.2648 7.87935 21.34
    endloop
  endfacet
  facet normal -0.999416 -0.034158 0
    outer loop
      vertex -5.2648 7.87935 24.25
      vertex -5.22838 6.81375 21.34
      vertex -5.22838 6.81375 24.25
    endloop
  endfacet
  facet normal -0.106324 0.994331 0
    outer loop
      vertex -5.22838 6.81375 21.34
      vertex -5.91144 6.74071 24.25
      vertex -5.22838 6.81375 24.25
    endloop
  endfacet
  facet normal -0.106324 0.994331 0
    outer loop
      vertex -5.91144 6.74071 24.25
      vertex -5.22838 6.81375 21.34
      vertex -5.91144 6.74071 21.34
    endloop
  endfacet
  facet normal -0.194233 0.980955 0
    outer loop
      vertex -5.91144 6.74071 21.34
      vertex -6.60365 6.60365 24.25
      vertex -5.91144 6.74071 24.25
    endloop
  endfacet
  facet normal -0.194233 0.980955 0
    outer loop
      vertex -6.60365 6.60365 24.25
      vertex -5.91144 6.74071 21.34
      vertex -6.60365 6.60365 21.34
    endloop
  endfacet
  facet normal -0.980955 0.194233 0
    outer loop
      vertex -6.74071 5.91144 21.34
      vertex -6.60365 6.60365 24.25
      vertex -6.60365 6.60365 21.34
    endloop
  endfacet
  facet normal -0.980955 0.194233 0
    outer loop
      vertex -6.60365 6.60365 24.25
      vertex -6.74071 5.91144 21.34
      vertex -6.74071 5.91144 24.25
    endloop
  endfacet
  facet normal -0.994331 0.106324 0
    outer loop
      vertex -6.81375 5.22838 21.34
      vertex -6.74071 5.91144 24.25
      vertex -6.74071 5.91144 21.34
    endloop
  endfacet
  facet normal -0.994331 0.106324 0
    outer loop
      vertex -6.74071 5.91144 24.25
      vertex -6.81375 5.22838 21.34
      vertex -6.81375 5.22838 24.25
    endloop
  endfacet
  facet normal 0.034158 0.999416 -0
    outer loop
      vertex -6.81375 5.22838 21.34
      vertex -7.87935 5.2648 24.25
      vertex -6.81375 5.22838 24.25
    endloop
  endfacet
  facet normal 0.034158 0.999416 0
    outer loop
      vertex -7.87935 5.2648 24.25
      vertex -6.81375 5.22838 21.34
      vertex -7.87935 5.2648 21.34
    endloop
  endfacet
  facet normal 0.255199 0.966889 -0
    outer loop
      vertex -7.87935 5.2648 21.34
      vertex -10.1628 5.86749 24.25
      vertex -7.87935 5.2648 24.25
    endloop
  endfacet
  facet normal 0.255199 0.966889 0
    outer loop
      vertex -10.1628 5.86749 24.25
      vertex -7.87935 5.2648 21.34
      vertex -10.1628 5.86749 21.34
    endloop
  endfacet
  facet normal 0.133535 0.991044 0
    outer loop
      vertex -11.1993 6.00715 21.34
      vertex -10.1628 5.86749 24.25
      vertex -10.1628 5.86749 21.34
    endloop
  endfacet
  facet normal 0.133526 0.991045 3.44203e-06
    outer loop
      vertex -10.1628 5.86749 24.25
      vertex -11.1993 6.00715 21.34
      vertex -12.5505 6.18919 24.25
    endloop
  endfacet
  facet normal 0.133518 0.991046 0
    outer loop
      vertex -12.5505 6.18919 24.25
      vertex -11.1993 6.00715 21.34
      vertex -12.5505 6.18919 21.34
    endloop
  endfacet
  facet normal -0.381372 0.924422 0
    outer loop
      vertex -12.5505 6.18919 21.34
      vertex -13.7487 5.69487 24.25
      vertex -12.5505 6.18919 24.25
    endloop
  endfacet
  facet normal -0.381372 0.924422 0
    outer loop
      vertex -13.7487 5.69487 24.25
      vertex -12.5505 6.18919 21.34
      vertex -13.7487 5.69487 21.34
    endloop
  endfacet
  facet normal -0.999907 -0.0136534 0
    outer loop
      vertex -13.7346 4.66226 21.34
      vertex -13.7487 5.69487 24.25
      vertex -13.7487 5.69487 21.34
    endloop
  endfacet
  facet normal -0.999907 -0.0136534 0
    outer loop
      vertex -13.7487 5.69487 24.25
      vertex -13.7346 4.66226 21.34
      vertex -13.7346 4.66226 24.25
    endloop
  endfacet
  facet normal -0.996433 -0.084383 0
    outer loop
      vertex -13.6495 3.65736 21.34
      vertex -13.7346 4.66226 24.25
      vertex -13.7346 4.66226 21.34
    endloop
  endfacet
  facet normal -0.996433 -0.084383 0
    outer loop
      vertex -13.7346 4.66226 24.25
      vertex -13.6495 3.65736 21.34
      vertex -13.6495 3.65736 24.25
    endloop
  endfacet
  facet normal -0.820718 0.571333 0
    outer loop
      vertex -14.2257 2.82965 21.34
      vertex -13.6495 3.65736 24.25
      vertex -13.6495 3.65736 21.34
    endloop
  endfacet
  facet normal -0.820718 0.571333 0
    outer loop
      vertex -13.6495 3.65736 24.25
      vertex -14.2257 2.82965 21.34
      vertex -14.2257 2.82965 24.25
    endloop
  endfacet
  facet normal -0.859173 0.511685 0
    outer loop
      vertex -14.7541 1.94241 21.34
      vertex -14.2257 2.82965 24.25
      vertex -14.2257 2.82965 21.34
    endloop
  endfacet
  facet normal -0.859173 0.511685 0
    outer loop
      vertex -14.2257 2.82965 24.25
      vertex -14.7541 1.94241 21.34
      vertex -14.7541 1.94241 24.25
    endloop
  endfacet
  facet normal -0.792491 -0.609883 0
    outer loop
      vertex -13.9636 0.915222 21.34
      vertex -14.7541 1.94241 24.25
      vertex -14.7541 1.94241 21.34
    endloop
  endfacet
  facet normal -0.792491 -0.609883 0
    outer loop
      vertex -14.7541 1.94241 24.25
      vertex -13.9636 0.915222 21.34
      vertex -13.9636 0.915222 24.25
    endloop
  endfacet
  facet normal -0.379885 -0.925034 0
    outer loop
      vertex -13.9636 0.915222 21.34
      vertex -11.735 0 24.25
      vertex -13.9636 0.915222 24.25
    endloop
  endfacet
  facet normal -0.379885 -0.925034 -0
    outer loop
      vertex -11.735 0 24.25
      vertex -13.9636 0.915222 21.34
      vertex -11.735 0 21.34
    endloop
  endfacet
  facet normal -0.262437 -0.964949 0
    outer loop
      vertex -10.6313 -0.300173 21.34
      vertex -11.735 0 24.25
      vertex -11.735 0 21.34
    endloop
  endfacet
  facet normal -0.262435 -0.96495 8.66731e-07
    outer loop
      vertex -11.735 0 24.25
      vertex -10.6313 -0.300173 21.34
      vertex -9.45612 -0.619781 24.25
    endloop
  endfacet
  facet normal -0.262433 -0.96495 -0
    outer loop
      vertex -9.45612 -0.619781 24.25
      vertex -10.6313 -0.300173 21.34
      vertex -9.45612 -0.619781 21.34
    endloop
  endfacet
  facet normal -0.470106 -0.88261 0
    outer loop
      vertex -9.45612 -0.619781 21.34
      vertex -8.51506 -1.12102 24.25
      vertex -9.45612 -0.619781 24.25
    endloop
  endfacet
  facet normal -0.470106 -0.88261 -0
    outer loop
      vertex -8.51506 -1.12102 24.25
      vertex -9.45612 -0.619781 21.34
      vertex -8.51506 -1.12102 21.34
    endloop
  endfacet
  facet normal -0.914274 0.405097 0
    outer loop
      vertex -8.79335 -1.7491 21.34
      vertex -8.51506 -1.12102 24.25
      vertex -8.51506 -1.12102 21.34
    endloop
  endfacet
  facet normal -0.914274 0.405097 0
    outer loop
      vertex -8.51506 -1.12102 24.25
      vertex -8.79335 -1.7491 21.34
      vertex -8.79335 -1.7491 24.25
    endloop
  endfacet
  facet normal -0.946652 0.322258 0
    outer loop
      vertex -9.02075 -2.4171 21.34
      vertex -8.79335 -1.7491 24.25
      vertex -8.79335 -1.7491 21.34
    endloop
  endfacet
  facet normal -0.946652 0.322258 0
    outer loop
      vertex -8.79335 -1.7491 24.25
      vertex -9.02075 -2.4171 21.34
      vertex -9.02075 -2.4171 24.25
    endloop
  endfacet
  facet normal -0.658694 -0.752411 0
    outer loop
      vertex -9.02075 -2.4171 21.34
      vertex -8.48982 -2.8819 24.25
      vertex -9.02075 -2.4171 24.25
    endloop
  endfacet
  facet normal -0.658694 -0.752411 -0
    outer loop
      vertex -8.48982 -2.8819 24.25
      vertex -9.02075 -2.4171 21.34
      vertex -8.48982 -2.8819 21.34
    endloop
  endfacet
  facet normal -0.589232 -0.807964 0
    outer loop
      vertex -8.48982 -2.8819 21.34
      vertex -7.93478 -3.28668 24.25
      vertex -8.48982 -2.8819 24.25
    endloop
  endfacet
  facet normal -0.589232 -0.807964 -0
    outer loop
      vertex -7.93478 -3.28668 24.25
      vertex -8.48982 -2.8819 21.34
      vertex -7.93478 -3.28668 21.34
    endloop
  endfacet
  facet normal -0.848435 0.529299 0
    outer loop
      vertex -8.49913 -4.1913 21.34
      vertex -7.93478 -3.28668 24.25
      vertex -7.93478 -3.28668 21.34
    endloop
  endfacet
  facet normal -0.848435 0.529299 0
    outer loop
      vertex -7.93478 -3.28668 24.25
      vertex -8.49913 -4.1913 21.34
      vertex -8.49913 -4.1913 24.25
    endloop
  endfacet
  facet normal -0.709752 0.704451 0
    outer loop
      vertex -10.1628 -5.86749 21.34
      vertex -8.49913 -4.1913 24.25
      vertex -8.49913 -4.1913 21.34
    endloop
  endfacet
  facet normal -0.709752 0.704451 0
    outer loop
      vertex -8.49913 -4.1913 24.25
      vertex -10.1628 -5.86749 21.34
      vertex -10.1628 -5.86749 24.25
    endloop
  endfacet
  facet normal -0.79151 0.611156 0
    outer loop
      vertex -10.802 -6.69532 21.34
      vertex -10.1628 -5.86749 24.25
      vertex -10.1628 -5.86749 21.34
    endloop
  endfacet
  facet normal -0.791513 0.611152 0
    outer loop
      vertex -11.6352 -7.77441 24.25
      vertex -10.802 -6.69532 21.34
      vertex -11.6352 -7.77441 21.34
    endloop
  endfacet
  facet normal -0.791512 0.611154 9.08882e-07
    outer loop
      vertex -10.802 -6.69532 21.34
      vertex -11.6352 -7.77441 24.25
      vertex -10.1628 -5.86749 24.25
    endloop
  endfacet
  facet normal -0.991259 0.131927 0
    outer loop
      vertex -11.8062 -9.05925 21.34
      vertex -11.6352 -7.77441 24.25
      vertex -11.6352 -7.77441 21.34
    endloop
  endfacet
  facet normal -0.991259 0.131927 0
    outer loop
      vertex -11.6352 -7.77441 24.25
      vertex -11.8062 -9.05925 21.34
      vertex -11.8062 -9.05925 24.25
    endloop
  endfacet
  facet normal -0.488211 -0.872726 0
    outer loop
      vertex -11.8062 -9.05925 21.34
      vertex -10.905 -9.56339 24.25
      vertex -11.8062 -9.05925 24.25
    endloop
  endfacet
  facet normal -0.488211 -0.872726 -0
    outer loop
      vertex -10.905 -9.56339 24.25
      vertex -11.8062 -9.05925 21.34
      vertex -10.905 -9.56339 21.34
    endloop
  endfacet
  facet normal -0.42511 -0.905142 0
    outer loop
      vertex -10.905 -9.56339 21.34
      vertex -9.99213 -9.99213 24.25
      vertex -10.905 -9.56339 24.25
    endloop
  endfacet
  facet normal -0.42511 -0.905142 -0
    outer loop
      vertex -9.99213 -9.99213 24.25
      vertex -10.905 -9.56339 21.34
      vertex -9.99213 -9.99213 21.34
    endloop
  endfacet
  facet normal -0.905142 -0.42511 0
    outer loop
      vertex -9.56339 -10.905 21.34
      vertex -9.99213 -9.99213 24.25
      vertex -9.99213 -9.99213 21.34
    endloop
  endfacet
  facet normal -0.905142 -0.42511 0
    outer loop
      vertex -9.99213 -9.99213 24.25
      vertex -9.56339 -10.905 21.34
      vertex -9.56339 -10.905 24.25
    endloop
  endfacet
  facet normal -0.872726 -0.488211 0
    outer loop
      vertex -9.05925 -11.8062 21.34
      vertex -9.56339 -10.905 24.25
      vertex -9.56339 -10.905 21.34
    endloop
  endfacet
  facet normal -0.872726 -0.488211 0
    outer loop
      vertex -9.56339 -10.905 24.25
      vertex -9.05925 -11.8062 21.34
      vertex -9.05925 -11.8062 24.25
    endloop
  endfacet
  facet normal 0.131927 -0.991259 0
    outer loop
      vertex -9.05925 -11.8062 21.34
      vertex -7.77441 -11.6352 24.25
      vertex -9.05925 -11.8062 24.25
    endloop
  endfacet
  facet normal 0.131927 -0.991259 0
    outer loop
      vertex -7.77441 -11.6352 24.25
      vertex -9.05925 -11.8062 21.34
      vertex -7.77441 -11.6352 21.34
    endloop
  endfacet
  facet normal 0.611154 -0.791512 0
    outer loop
      vertex -7.77441 -11.6352 21.34
      vertex -5.86749 -10.1628 24.25
      vertex -7.77441 -11.6352 24.25
    endloop
  endfacet
  facet normal 0.611154 -0.791512 0
    outer loop
      vertex -5.86749 -10.1628 24.25
      vertex -7.77441 -11.6352 21.34
      vertex -5.86749 -10.1628 21.34
    endloop
  endfacet
  facet normal 0.704453 -0.709751 0
    outer loop
      vertex -5.05568 -9.35705 21.34
      vertex -5.86749 -10.1628 24.25
      vertex -5.86749 -10.1628 21.34
    endloop
  endfacet
  facet normal 0.704451 -0.709752 -8.94853e-07
    outer loop
      vertex -5.86749 -10.1628 24.25
      vertex -5.05568 -9.35705 21.34
      vertex -4.1913 -8.49913 24.25
    endloop
  endfacet
  facet normal 0.70445 -0.709754 0
    outer loop
      vertex -4.1913 -8.49913 24.25
      vertex -5.05568 -9.35705 21.34
      vertex -4.1913 -8.49913 21.34
    endloop
  endfacet
  facet normal 0.529299 -0.848435 0
    outer loop
      vertex -4.1913 -8.49913 21.34
      vertex -3.28668 -7.93478 24.25
      vertex -4.1913 -8.49913 24.25
    endloop
  endfacet
  facet normal 0.529299 -0.848435 0
    outer loop
      vertex -3.28668 -7.93478 24.25
      vertex -4.1913 -8.49913 21.34
      vertex -3.28668 -7.93478 21.34
    endloop
  endfacet
  facet normal -0.807964 -0.589232 0
    outer loop
      vertex -2.8819 -8.48982 21.34
      vertex -3.28668 -7.93478 24.25
      vertex -3.28668 -7.93478 21.34
    endloop
  endfacet
  facet normal -0.807964 -0.589232 0
    outer loop
      vertex -3.28668 -7.93478 24.25
      vertex -2.8819 -8.48982 21.34
      vertex -2.8819 -8.48982 24.25
    endloop
  endfacet
  facet normal -0.752411 -0.658694 0
    outer loop
      vertex -2.4171 -9.02075 21.34
      vertex -2.8819 -8.48982 24.25
      vertex -2.8819 -8.48982 21.34
    endloop
  endfacet
  facet normal -0.752411 -0.658694 0
    outer loop
      vertex -2.8819 -8.48982 24.25
      vertex -2.4171 -9.02075 21.34
      vertex -2.4171 -9.02075 24.25
    endloop
  endfacet
  facet normal 0.322258 -0.946652 0
    outer loop
      vertex -2.4171 -9.02075 21.34
      vertex -1.7491 -8.79335 24.25
      vertex -2.4171 -9.02075 24.25
    endloop
  endfacet
  facet normal 0.322258 -0.946652 0
    outer loop
      vertex -1.7491 -8.79335 24.25
      vertex -2.4171 -9.02075 21.34
      vertex -1.7491 -8.79335 21.34
    endloop
  endfacet
  facet normal 0.405097 -0.914274 0
    outer loop
      vertex -1.7491 -8.79335 21.34
      vertex -1.12102 -8.51506 24.25
      vertex -1.7491 -8.79335 24.25
    endloop
  endfacet
  facet normal 0.405097 -0.914274 0
    outer loop
      vertex -1.12102 -8.51506 24.25
      vertex -1.7491 -8.79335 21.34
      vertex -1.12102 -8.51506 21.34
    endloop
  endfacet
  facet normal -0.88261 -0.470106 0
    outer loop
      vertex -0.619781 -9.45612 21.34
      vertex -1.12102 -8.51506 24.25
      vertex -1.12102 -8.51506 21.34
    endloop
  endfacet
  facet normal -0.88261 -0.470106 0
    outer loop
      vertex -1.12102 -8.51506 24.25
      vertex -0.619781 -9.45612 21.34
      vertex -0.619781 -9.45612 24.25
    endloop
  endfacet
  facet normal -0.96495 -0.262435 0
    outer loop
      vertex 0 -11.735 21.34
      vertex -0.619781 -9.45612 24.25
      vertex -0.619781 -9.45612 21.34
    endloop
  endfacet
  facet normal -0.96495 -0.262435 0
    outer loop
      vertex -0.619781 -9.45612 24.25
      vertex 0 -11.735 21.34
      vertex 0 -11.735 24.25
    endloop
  endfacet
  facet normal -0.925037 -0.379878 0
    outer loop
      vertex 0.397316 -12.7025 21.34
      vertex 0 -11.735 24.25
      vertex 0 -11.735 21.34
    endloop
  endfacet
  facet normal -0.925032 -0.37989 -0
    outer loop
      vertex 0.915222 -13.9636 24.25
      vertex 0.397316 -12.7025 21.34
      vertex 0.915222 -13.9636 21.34
    endloop
  endfacet
  facet normal -0.925034 -0.379885 2.68834e-06
    outer loop
      vertex 0.397316 -12.7025 21.34
      vertex 0.915222 -13.9636 24.25
      vertex 0 -11.735 24.25
    endloop
  endfacet
  facet normal -0.609883 -0.792491 0
    outer loop
      vertex 0.915222 -13.9636 21.34
      vertex 1.94241 -14.7541 24.25
      vertex 0.915222 -13.9636 24.25
    endloop
  endfacet
  facet normal -0.609883 -0.792491 -0
    outer loop
      vertex 1.94241 -14.7541 24.25
      vertex 0.915222 -13.9636 21.34
      vertex 1.94241 -14.7541 21.34
    endloop
  endfacet
  facet normal 0.511685 -0.859173 0
    outer loop
      vertex 1.94241 -14.7541 21.34
      vertex 2.82965 -14.2257 24.25
      vertex 1.94241 -14.7541 24.25
    endloop
  endfacet
  facet normal 0.511685 -0.859173 0
    outer loop
      vertex 2.82965 -14.2257 24.25
      vertex 1.94241 -14.7541 21.34
      vertex 2.82965 -14.2257 21.34
    endloop
  endfacet
  facet normal 0.999463 0.0327681 0
    outer loop
      vertex 14.97 0 3.2
      vertex 14.9379 0.979084 0
      vertex 14.9379 0.979084 3.2
    endloop
  endfacet
  facet normal 0.999463 0.0327681 0
    outer loop
      vertex 14.9379 0.979084 0
      vertex 14.97 0 3.2
      vertex 14.97 0 0
    endloop
  endfacet
  facet normal -0.999463 0.0327681 0
    outer loop
      vertex -14.97 0 0
      vertex -14.9379 0.979084 3.2
      vertex -14.9379 0.979084 0
    endloop
  endfacet
  facet normal -0.999463 0.0327681 0
    outer loop
      vertex -14.9379 0.979084 3.2
      vertex -14.97 0 0
      vertex -14.97 0 3.2
    endloop
  endfacet
  facet normal 0.0327681 0.999463 -0
    outer loop
      vertex 0.979084 14.9379 0
      vertex 0 14.97 3.2
      vertex 0.979084 14.9379 3.2
    endloop
  endfacet
  facet normal 0.0327681 0.999463 0
    outer loop
      vertex 0 14.97 3.2
      vertex 0.979084 14.9379 0
      vertex 0 14.97 0
    endloop
  endfacet
  facet normal 0.729895 0.683559 0
    outer loop
      vertex 11.255 9.87041 3.2
      vertex 10.5854 10.5854 0
      vertex 10.5854 10.5854 3.2
    endloop
  endfacet
  facet normal 0.729895 0.683559 0
    outer loop
      vertex 10.5854 10.5854 0
      vertex 11.255 9.87041 3.2
      vertex 11.255 9.87041 0
    endloop
  endfacet
  facet normal -0.683559 0.729895 0
    outer loop
      vertex -9.87041 11.255 0
      vertex -10.5854 10.5854 3.2
      vertex -9.87041 11.255 3.2
    endloop
  endfacet
  facet normal -0.683559 0.729895 0
    outer loop
      vertex -10.5854 10.5854 3.2
      vertex -9.87041 11.255 0
      vertex -10.5854 10.5854 0
    endloop
  endfacet
  facet normal -0.35219 0.935928 0
    outer loop
      vertex -4.81195 14.1755 0
      vertex -5.72877 13.8305 3.2
      vertex -4.81195 14.1755 3.2
    endloop
  endfacet
  facet normal -0.35219 0.935928 0
    outer loop
      vertex -5.72877 13.8305 3.2
      vertex -4.81195 14.1755 0
      vertex -5.72877 13.8305 0
    endloop
  endfacet
  facet normal 0.910861 0.412714 0
    outer loop
      vertex 13.8305 5.72877 3.2
      vertex 13.4262 6.62106 0
      vertex 13.4262 6.62106 3.2
    endloop
  endfacet
  facet normal 0.910861 0.412714 0
    outer loop
      vertex 13.4262 6.62106 0
      vertex 13.8305 5.72877 3.2
      vertex 13.8305 5.72877 0
    endloop
  endfacet
  facet normal 0.412714 0.910861 -0
    outer loop
      vertex 6.62106 13.4262 0
      vertex 5.72877 13.8305 3.2
      vertex 6.62106 13.4262 3.2
    endloop
  endfacet
  facet normal 0.412714 0.910861 0
    outer loop
      vertex 5.72877 13.8305 3.2
      vertex 6.62106 13.4262 0
      vertex 5.72877 13.8305 0
    endloop
  endfacet
  facet normal 0.582478 0.812846 -0
    outer loop
      vertex 9.11316 11.8765 0
      vertex 8.31689 12.4471 3.2
      vertex 9.11316 11.8765 3.2
    endloop
  endfacet
  facet normal 0.582478 0.812846 0
    outer loop
      vertex 8.31689 12.4471 3.2
      vertex 9.11316 11.8765 0
      vertex 8.31689 12.4471 0
    endloop
  endfacet
  facet normal -0.910861 0.412714 0
    outer loop
      vertex -13.8305 5.72877 0
      vertex -13.4262 6.62106 3.2
      vertex -13.4262 6.62106 0
    endloop
  endfacet
  facet normal -0.910861 0.412714 0
    outer loop
      vertex -13.4262 6.62106 3.2
      vertex -13.8305 5.72877 0
      vertex -13.8305 5.72877 3.2
    endloop
  endfacet
  facet normal -0.162823 0.986655 0
    outer loop
      vertex -1.95398 14.8419 0
      vertex -2.9205 14.6824 3.2
      vertex -1.95398 14.8419 3.2
    endloop
  endfacet
  facet normal -0.162823 0.986655 0
    outer loop
      vertex -2.9205 14.6824 3.2
      vertex -1.95398 14.8419 0
      vertex -2.9205 14.6824 0
    endloop
  endfacet
  facet normal 0.973865 0.227128 0
    outer loop
      vertex 14.6824 2.9205 3.2
      vertex 14.4599 3.87452 0
      vertex 14.4599 3.87452 3.2
    endloop
  endfacet
  facet normal 0.973865 0.227128 0
    outer loop
      vertex 14.4599 3.87452 0
      vertex 14.6824 2.9205 3.2
      vertex 14.6824 2.9205 0
    endloop
  endfacet
  facet normal 0.995187 0.0979981 0
    outer loop
      vertex 14.9379 0.979084 3.2
      vertex 14.8419 1.95398 0
      vertex 14.8419 1.95398 3.2
    endloop
  endfacet
  facet normal 0.995187 0.0979981 0
    outer loop
      vertex 14.8419 1.95398 0
      vertex 14.9379 0.979084 3.2
      vertex 14.9379 0.979084 0
    endloop
  endfacet
  facet normal 0.956931 0.290316 0
    outer loop
      vertex 14.4599 3.87452 3.2
      vertex 14.1755 4.81195 0
      vertex 14.1755 4.81195 3.2
    endloop
  endfacet
  facet normal 0.956931 0.290316 0
    outer loop
      vertex 14.1755 4.81195 0
      vertex 14.4599 3.87452 3.2
      vertex 14.4599 3.87452 0
    endloop
  endfacet
  facet normal 0.812846 0.582478 0
    outer loop
      vertex 12.4471 8.31689 3.2
      vertex 11.8765 9.11316 0
      vertex 11.8765 9.11316 3.2
    endloop
  endfacet
  facet normal 0.812846 0.582478 0
    outer loop
      vertex 11.8765 9.11316 0
      vertex 12.4471 8.31689 3.2
      vertex 12.4471 8.31689 0
    endloop
  endfacet
  facet normal 0.77299 0.634418 0
    outer loop
      vertex 11.8765 9.11316 3.2
      vertex 11.255 9.87041 0
      vertex 11.255 9.87041 3.2
    endloop
  endfacet
  facet normal 0.77299 0.634418 0
    outer loop
      vertex 11.255 9.87041 0
      vertex 11.8765 9.11316 3.2
      vertex 11.8765 9.11316 0
    endloop
  endfacet
  facet normal 0.881915 0.471408 0
    outer loop
      vertex 13.4262 6.62106 3.2
      vertex 12.9644 7.485 0
      vertex 12.9644 7.485 3.2
    endloop
  endfacet
  facet normal 0.881915 0.471408 0
    outer loop
      vertex 12.9644 7.485 0
      vertex 13.4262 6.62106 3.2
      vertex 13.4262 6.62106 0
    endloop
  endfacet
  facet normal 0.227128 0.973865 -0
    outer loop
      vertex 3.87452 14.4599 0
      vertex 2.9205 14.6824 3.2
      vertex 3.87452 14.4599 3.2
    endloop
  endfacet
  facet normal 0.227128 0.973865 0
    outer loop
      vertex 2.9205 14.6824 3.2
      vertex 3.87452 14.4599 0
      vertex 2.9205 14.6824 0
    endloop
  endfacet
  facet normal 0.35219 0.935928 -0
    outer loop
      vertex 5.72877 13.8305 0
      vertex 4.81195 14.1755 3.2
      vertex 5.72877 13.8305 3.2
    endloop
  endfacet
  facet normal 0.35219 0.935928 0
    outer loop
      vertex 4.81195 14.1755 3.2
      vertex 5.72877 13.8305 0
      vertex 4.81195 14.1755 0
    endloop
  endfacet
  facet normal 0.162823 0.986655 -0
    outer loop
      vertex 2.9205 14.6824 0
      vertex 1.95398 14.8419 3.2
      vertex 2.9205 14.6824 3.2
    endloop
  endfacet
  facet normal 0.162823 0.986655 0
    outer loop
      vertex 1.95398 14.8419 3.2
      vertex 2.9205 14.6824 0
      vertex 1.95398 14.8419 0
    endloop
  endfacet
  facet normal 0.528066 0.849203 -0
    outer loop
      vertex 8.31689 12.4471 0
      vertex 7.485 12.9644 3.2
      vertex 8.31689 12.4471 3.2
    endloop
  endfacet
  facet normal 0.528066 0.849203 0
    outer loop
      vertex 7.485 12.9644 3.2
      vertex 8.31689 12.4471 0
      vertex 7.485 12.9644 0
    endloop
  endfacet
  facet normal 0.634418 0.77299 -0
    outer loop
      vertex 9.87041 11.255 0
      vertex 9.11316 11.8765 3.2
      vertex 9.87041 11.255 3.2
    endloop
  endfacet
  facet normal 0.634418 0.77299 0
    outer loop
      vertex 9.11316 11.8765 3.2
      vertex 9.87041 11.255 0
      vertex 9.11316 11.8765 0
    endloop
  endfacet
  facet normal -0.973865 0.227128 0
    outer loop
      vertex -14.6824 2.9205 0
      vertex -14.4599 3.87452 3.2
      vertex -14.4599 3.87452 0
    endloop
  endfacet
  facet normal -0.973865 0.227128 0
    outer loop
      vertex -14.4599 3.87452 3.2
      vertex -14.6824 2.9205 0
      vertex -14.6824 2.9205 3.2
    endloop
  endfacet
  facet normal -0.812846 0.582478 0
    outer loop
      vertex -12.4471 8.31689 0
      vertex -11.8765 9.11316 3.2
      vertex -11.8765 9.11316 0
    endloop
  endfacet
  facet normal -0.812846 0.582478 0
    outer loop
      vertex -11.8765 9.11316 3.2
      vertex -12.4471 8.31689 0
      vertex -12.4471 8.31689 3.2
    endloop
  endfacet
  facet normal -0.849203 0.528066 0
    outer loop
      vertex -12.9644 7.485 0
      vertex -12.4471 8.31689 3.2
      vertex -12.4471 8.31689 0
    endloop
  endfacet
  facet normal -0.849203 0.528066 0
    outer loop
      vertex -12.4471 8.31689 3.2
      vertex -12.9644 7.485 0
      vertex -12.9644 7.485 3.2
    endloop
  endfacet
  facet normal -0.935928 0.35219 0
    outer loop
      vertex -14.1755 4.81195 0
      vertex -13.8305 5.72877 3.2
      vertex -13.8305 5.72877 0
    endloop
  endfacet
  facet normal -0.935928 0.35219 0
    outer loop
      vertex -13.8305 5.72877 3.2
      vertex -14.1755 4.81195 0
      vertex -14.1755 4.81195 3.2
    endloop
  endfacet
  facet normal -0.986655 0.162823 0
    outer loop
      vertex -14.8419 1.95398 0
      vertex -14.6824 2.9205 3.2
      vertex -14.6824 2.9205 0
    endloop
  endfacet
  facet normal -0.986655 0.162823 0
    outer loop
      vertex -14.6824 2.9205 3.2
      vertex -14.8419 1.95398 0
      vertex -14.8419 1.95398 3.2
    endloop
  endfacet
  facet normal -0.528066 0.849203 0
    outer loop
      vertex -7.485 12.9644 0
      vertex -8.31689 12.4471 3.2
      vertex -7.485 12.9644 3.2
    endloop
  endfacet
  facet normal -0.528066 0.849203 0
    outer loop
      vertex -8.31689 12.4471 3.2
      vertex -7.485 12.9644 0
      vertex -8.31689 12.4471 0
    endloop
  endfacet
  facet normal -0.582478 0.812846 0
    outer loop
      vertex -8.31689 12.4471 0
      vertex -9.11316 11.8765 3.2
      vertex -8.31689 12.4471 3.2
    endloop
  endfacet
  facet normal -0.582478 0.812846 0
    outer loop
      vertex -9.11316 11.8765 3.2
      vertex -8.31689 12.4471 0
      vertex -9.11316 11.8765 0
    endloop
  endfacet
  facet normal -0.0979981 0.995187 0
    outer loop
      vertex -0.979084 14.9379 0
      vertex -1.95398 14.8419 3.2
      vertex -0.979084 14.9379 3.2
    endloop
  endfacet
  facet normal -0.0979981 0.995187 0
    outer loop
      vertex -1.95398 14.8419 3.2
      vertex -0.979084 14.9379 0
      vertex -1.95398 14.8419 0
    endloop
  endfacet
  facet normal 0.582478 -0.812846 0
    outer loop
      vertex 8.31689 -12.4471 0
      vertex 9.11316 -11.8765 3.2
      vertex 8.31689 -12.4471 3.2
    endloop
  endfacet
  facet normal 0.582478 -0.812846 0
    outer loop
      vertex 9.11316 -11.8765 3.2
      vertex 8.31689 -12.4471 0
      vertex 9.11316 -11.8765 0
    endloop
  endfacet
  facet normal 0.849203 -0.528066 0
    outer loop
      vertex 12.4471 -8.31689 3.2
      vertex 12.9644 -7.485 0
      vertex 12.9644 -7.485 3.2
    endloop
  endfacet
  facet normal 0.849203 -0.528066 0
    outer loop
      vertex 12.9644 -7.485 0
      vertex 12.4471 -8.31689 3.2
      vertex 12.4471 -8.31689 0
    endloop
  endfacet
  facet normal 0.881915 -0.471408 0
    outer loop
      vertex 12.9644 -7.485 3.2
      vertex 13.4262 -6.62106 0
      vertex 13.4262 -6.62106 3.2
    endloop
  endfacet
  facet normal 0.881915 -0.471408 0
    outer loop
      vertex 13.4262 -6.62106 0
      vertex 12.9644 -7.485 3.2
      vertex 12.9644 -7.485 0
    endloop
  endfacet
  facet normal 0.956931 -0.290316 0
    outer loop
      vertex 14.1755 -4.81195 3.2
      vertex 14.4599 -3.87452 0
      vertex 14.4599 -3.87452 3.2
    endloop
  endfacet
  facet normal 0.956931 -0.290316 0
    outer loop
      vertex 14.4599 -3.87452 0
      vertex 14.1755 -4.81195 3.2
      vertex 14.1755 -4.81195 0
    endloop
  endfacet
  facet normal 0.986655 -0.162823 0
    outer loop
      vertex 14.6824 -2.9205 3.2
      vertex 14.8419 -1.95398 0
      vertex 14.8419 -1.95398 3.2
    endloop
  endfacet
  facet normal 0.986655 -0.162823 0
    outer loop
      vertex 14.8419 -1.95398 0
      vertex 14.6824 -2.9205 3.2
      vertex 14.6824 -2.9205 0
    endloop
  endfacet
  facet normal 0.995187 -0.0979981 0
    outer loop
      vertex 14.8419 -1.95398 3.2
      vertex 14.9379 -0.979084 0
      vertex 14.9379 -0.979084 3.2
    endloop
  endfacet
  facet normal 0.995187 -0.0979981 0
    outer loop
      vertex 14.9379 -0.979084 0
      vertex 14.8419 -1.95398 3.2
      vertex 14.8419 -1.95398 0
    endloop
  endfacet
  facet normal -0.227128 -0.973865 0
    outer loop
      vertex -3.87452 -14.4599 0
      vertex -2.9205 -14.6824 3.2
      vertex -3.87452 -14.4599 3.2
    endloop
  endfacet
  facet normal -0.227128 -0.973865 -0
    outer loop
      vertex -2.9205 -14.6824 3.2
      vertex -3.87452 -14.4599 0
      vertex -2.9205 -14.6824 0
    endloop
  endfacet
  facet normal -0.528066 -0.849203 0
    outer loop
      vertex -8.31689 -12.4471 0
      vertex -7.485 -12.9644 3.2
      vertex -8.31689 -12.4471 3.2
    endloop
  endfacet
  facet normal -0.528066 -0.849203 -0
    outer loop
      vertex -7.485 -12.9644 3.2
      vertex -8.31689 -12.4471 0
      vertex -7.485 -12.9644 0
    endloop
  endfacet
  facet normal -0.35219 -0.935928 0
    outer loop
      vertex -5.72877 -13.8305 0
      vertex -4.81195 -14.1755 3.2
      vertex -5.72877 -13.8305 3.2
    endloop
  endfacet
  facet normal -0.35219 -0.935928 -0
    outer loop
      vertex -4.81195 -14.1755 3.2
      vertex -5.72877 -13.8305 0
      vertex -4.81195 -14.1755 0
    endloop
  endfacet
  facet normal -0.162823 -0.986655 0
    outer loop
      vertex -2.9205 -14.6824 0
      vertex -1.95398 -14.8419 3.2
      vertex -2.9205 -14.6824 3.2
    endloop
  endfacet
  facet normal -0.162823 -0.986655 -0
    outer loop
      vertex -1.95398 -14.8419 3.2
      vertex -2.9205 -14.6824 0
      vertex -1.95398 -14.8419 0
    endloop
  endfacet
  facet normal -0.812846 -0.582478 0
    outer loop
      vertex -11.8765 -9.11316 0
      vertex -12.4471 -8.31689 3.2
      vertex -12.4471 -8.31689 0
    endloop
  endfacet
  facet normal -0.812846 -0.582478 0
    outer loop
      vertex -12.4471 -8.31689 3.2
      vertex -11.8765 -9.11316 0
      vertex -11.8765 -9.11316 3.2
    endloop
  endfacet
  facet normal 0 0 -1
    outer loop
      vertex 12.8466 -1.35406 0
      vertex 14.97 0 0
      vertex 14.9379 -0.979084 0
    endloop
  endfacet
  facet normal 0 0 -1
    outer loop
      vertex 13.1111 -2.05185 0
      vertex 14.9379 -0.979084 0
      vertex 14.8419 -1.95398 0
    endloop
  endfacet
  facet normal 0 0 -1
    outer loop
      vertex 14.97 0 0
      vertex 12.8466 -1.35406 0
      vertex 12.4058 -0.796875 0
    endloop
  endfacet
  facet normal 0 0 -1
    outer loop
      vertex 13.1111 -2.05185 0
      vertex 14.8419 -1.95398 0
      vertex 14.6824 -2.9205 0
    endloop
  endfacet
  facet normal -0 0 -1
    outer loop
      vertex 14.97 0 0
      vertex 12.4058 -0.796875 0
      vertex 14.9379 0.979084 0
    endloop
  endfacet
  facet normal 0 0 -1
    outer loop
      vertex 13.1606 -3.45644 0
      vertex 14.6824 -2.9205 0
      vertex 14.4599 -3.87452 0
    endloop
  endfacet
  facet normal 0 0 -1
    outer loop
      vertex 14.9379 -0.979084 0
      vertex 13.1111 -2.05185 0
      vertex 12.8466 -1.35406 0
    endloop
  endfacet
  facet normal 0 0 -1
    outer loop
      vertex 13.0446 -3.9725 0
      vertex 14.4599 -3.87452 0
      vertex 14.1755 -4.81195 0
    endloop
  endfacet
  facet normal 0 0 -1
    outer loop
      vertex 11.8041 -0.391113 0
      vertex 14.9379 0.979084 0
      vertex 12.4058 -0.796875 0
    endloop
  endfacet
  facet normal 0 0 -1
    outer loop
      vertex 12.8514 -4.43839 0
      vertex 14.1755 -4.81195 0
      vertex 13.8305 -5.72877 0
    endloop
  endfacet
  facet normal -0 0 -1
    outer loop
      vertex 14.9379 0.979084 0
      vertex 11.8041 -0.391113 0
      vertex 14.8419 1.95398 0
    endloop
  endfacet
  facet normal 0 0 -1
    outer loop
      vertex 12.2592 -5.18159 0
      vertex 13.8305 -5.72877 0
      vertex 13.4262 -6.62106 0
    endloop
  endfacet
  facet normal 0 0 -1
    outer loop
      vertex 14.6824 -2.9205 0
      vertex 13.1993 -2.89023 0
      vertex 13.1111 -2.05185 0
    endloop
  endfacet
  facet normal -0 0 -1
    outer loop
      vertex 14.8419 1.95398 0
      vertex 11.8041 -0.391113 0
      vertex 14.6824 2.9205 0
    endloop
  endfacet
  facet normal -0 0 -1
    outer loop
      vertex 14.6824 -2.9205 0
      vertex 13.1606 -3.45644 0
      vertex 13.1993 -2.89023 0
    endloop
  endfacet
  facet normal -0 0 -1
    outer loop
      vertex 14.4599 -3.87452 0
      vertex 13.0446 -3.9725 0
      vertex 13.1606 -3.45644 0
    endloop
  endfacet
  facet normal 0 0 -1
    outer loop
      vertex 11.8667 -5.44945 0
      vertex 13.4262 -6.62106 0
      vertex 12.9644 -7.485 0
    endloop
  endfacet
  facet normal 0 0 -1
    outer loop
      vertex 14.1755 -4.81195 0
      vertex 12.8514 -4.43839 0
      vertex 13.0446 -3.9725 0
    endloop
  endfacet
  facet normal 0 0 -1
    outer loop
      vertex 13.8305 -5.72877 0
      vertex 12.5874 -4.84457 0
      vertex 12.8514 -4.43839 0
    endloop
  endfacet
  facet normal 0 0 -1
    outer loop
      vertex 10.9355 -5.76048 0
      vertex 12.9644 -7.485 0
      vertex 12.4471 -8.31689 0
    endloop
  endfacet
  facet normal 0 0 -1
    outer loop
      vertex 13.8305 -5.72877 0
      vertex 12.2592 -5.18159 0
      vertex 12.5874 -4.84457 0
    endloop
  endfacet
  facet normal 0 0 -1
    outer loop
      vertex 10.4081 -5.79936 0
      vertex 12.4471 -8.31689 0
      vertex 11.8765 -9.11316 0
    endloop
  endfacet
  facet normal 0 0 -1
    outer loop
      vertex 13.4262 -6.62106 0
      vertex 11.8667 -5.44945 0
      vertex 12.2592 -5.18159 0
    endloop
  endfacet
  facet normal 0 0 -1
    outer loop
      vertex 12.9644 -7.485 0
      vertex 11.4217 -5.64384 0
      vertex 11.8667 -5.44945 0
    endloop
  endfacet
  facet normal 0 0 -1
    outer loop
      vertex 10.4081 -5.79936 0
      vertex 11.8765 -9.11316 0
      vertex 11.255 -9.87041 0
    endloop
  endfacet
  facet normal 0 0 -1
    outer loop
      vertex 12.9644 -7.485 0
      vertex 10.9355 -5.76048 0
      vertex 11.4217 -5.64384 0
    endloop
  endfacet
  facet normal 0 0 -1
    outer loop
      vertex 8.0889 -5.79936 0
      vertex 11.255 -9.87041 0
      vertex 10.5854 -10.5854 0
    endloop
  endfacet
  facet normal 0 0 -1
    outer loop
      vertex 12.4471 -8.31689 0
      vertex 10.4081 -5.79936 0
      vertex 10.9355 -5.76048 0
    endloop
  endfacet
  facet normal 0 0 -1
    outer loop
      vertex 8.0889 -5.79936 0
      vertex 10.5854 -10.5854 0
      vertex 9.87041 -11.255 0
    endloop
  endfacet
  facet normal 0 0 -1
    outer loop
      vertex 8.0889 -5.79936 0
      vertex 9.87041 -11.255 0
      vertex 9.11316 -11.8765 0
    endloop
  endfacet
  facet normal 0 0 -1
    outer loop
      vertex 4.33345 -6.48546 0
      vertex 9.11316 -11.8765 0
      vertex 8.31689 -12.4471 0
    endloop
  endfacet
  facet normal 0 0 -1
    outer loop
      vertex 11.255 -9.87041 0
      vertex 8.0889 -5.79936 0
      vertex 10.4081 -5.79936 0
    endloop
  endfacet
  facet normal 0 0 -1
    outer loop
      vertex 7.65012 -1.5217 0
      vertex 8.0889 -0.0664978 0
      vertex 8.0889 -5.79936 0
    endloop
  endfacet
  facet normal 0 0 -1
    outer loop
      vertex 9.11316 -11.8765 0
      vertex 4.33345 -6.48546 0
      vertex 8.0889 -5.79936 0
    endloop
  endfacet
  facet normal -0 0 -1
    outer loop
      vertex 8.0889 -0.0664978 0
      vertex 7.76244 -0.764533 0
      vertex 7.8 0 0
    endloop
  endfacet
  facet normal 0 0 -1
    outer loop
      vertex 8.0889 -0.0664978 0
      vertex 7.65012 -1.5217 0
      vertex 7.76244 -0.764533 0
    endloop
  endfacet
  facet normal 0 0 -1
    outer loop
      vertex 4.33345 -6.48546 0
      vertex 8.31689 -12.4471 0
      vertex 7.485 -12.9644 0
    endloop
  endfacet
  facet normal 0 0 -1
    outer loop
      vertex 8.0889 -5.79936 0
      vertex 7.46413 -2.26422 0
      vertex 7.65012 -1.5217 0
    endloop
  endfacet
  facet normal 0 0 -1
    outer loop
      vertex 8.0889 -5.79936 0
      vertex 7.20626 -2.98493 0
      vertex 7.46413 -2.26422 0
    endloop
  endfacet
  facet normal 0 0 -1
    outer loop
      vertex 8.0889 -5.79936 0
      vertex 6.87899 -3.67689 0
      vertex 7.20626 -2.98493 0
    endloop
  endfacet
  facet normal 0 0 -1
    outer loop
      vertex 3.67689 -6.87899 0
      vertex 7.485 -12.9644 0
      vertex 6.62106 -13.4262 0
    endloop
  endfacet
  facet normal 0 0 -1
    outer loop
      vertex 8.0889 -5.79936 0
      vertex 6.48546 -4.33345 0
      vertex 6.87899 -3.67689 0
    endloop
  endfacet
  facet normal 0 0 -1
    outer loop
      vertex 8.0889 -5.79936 0
      vertex 6.02948 -4.94827 0
      vertex 6.48546 -4.33345 0
    endloop
  endfacet
  facet normal 0 0 -1
    outer loop
      vertex 2.98493 -7.20626 0
      vertex 6.62106 -13.4262 0
      vertex 5.72877 -13.8305 0
    endloop
  endfacet
  facet normal 0 0 -1
    outer loop
      vertex 8.0889 -5.79936 0
      vertex 5.51543 -5.51543 0
      vertex 6.02948 -4.94827 0
    endloop
  endfacet
  facet normal -0 0 -1
    outer loop
      vertex 8.0889 -5.79936 0
      vertex 4.94827 -6.02948 0
      vertex 5.51543 -5.51543 0
    endloop
  endfacet
  facet normal 0 0 -1
    outer loop
      vertex 2.98493 -7.20626 0
      vertex 5.72877 -13.8305 0
      vertex 4.81195 -14.1755 0
    endloop
  endfacet
  facet normal 0 0 -1
    outer loop
      vertex 8.0889 -5.79936 0
      vertex 4.33345 -6.48546 0
      vertex 4.94827 -6.02948 0
    endloop
  endfacet
  facet normal 0 0 -1
    outer loop
      vertex 2.26422 -7.46413 0
      vertex 4.81195 -14.1755 0
      vertex 3.87452 -14.4599 0
    endloop
  endfacet
  facet normal 0 0 -1
    outer loop
      vertex 7.485 -12.9644 0
      vertex 3.67689 -6.87899 0
      vertex 4.33345 -6.48546 0
    endloop
  endfacet
  facet normal 0 0 -1
    outer loop
      vertex 6.62106 -13.4262 0
      vertex 2.98493 -7.20626 0
      vertex 3.67689 -6.87899 0
    endloop
  endfacet
  facet normal 0 0 -1
    outer loop
      vertex 1.5217 -7.65012 0
      vertex 3.87452 -14.4599 0
      vertex 2.9205 -14.6824 0
    endloop
  endfacet
  facet normal 0 0 -1
    outer loop
      vertex 4.81195 -14.1755 0
      vertex 2.26422 -7.46413 0
      vertex 2.98493 -7.20626 0
    endloop
  endfacet
  facet normal 0 0 -1
    outer loop
      vertex 1.5217 -7.65012 0
      vertex 2.9205 -14.6824 0
      vertex 1.95398 -14.8419 0
    endloop
  endfacet
  facet normal 0 0 -1
    outer loop
      vertex 3.87452 -14.4599 0
      vertex 1.5217 -7.65012 0
      vertex 2.26422 -7.46413 0
    endloop
  endfacet
  facet normal 0 0 -1
    outer loop
      vertex 0.764533 -7.76244 0
      vertex 1.95398 -14.8419 0
      vertex 0.979084 -14.9379 0
    endloop
  endfacet
  facet normal 0 0 -1
    outer loop
      vertex 1.95398 -14.8419 0
      vertex 0.764533 -7.76244 0
      vertex 1.5217 -7.65012 0
    endloop
  endfacet
  facet normal 0 0 -1
    outer loop
      vertex 0 -7.8 0
      vertex 0.979084 -14.9379 0
      vertex 0 -14.97 0
    endloop
  endfacet
  facet normal 0 0 -1
    outer loop
      vertex 0.979084 -14.9379 0
      vertex 0 -7.8 0
      vertex 0.764533 -7.76244 0
    endloop
  endfacet
  facet normal 0 0 -1
    outer loop
      vertex -0.979084 -14.9379 0
      vertex 0 -7.8 0
      vertex 0 -14.97 0
    endloop
  endfacet
  facet normal -0 0 -1
    outer loop
      vertex 0 -7.8 0
      vertex -0.979084 -14.9379 0
      vertex -0.764533 -7.76244 0
    endloop
  endfacet
  facet normal 0 0 -1
    outer loop
      vertex -1.95398 -14.8419 0
      vertex -0.764533 -7.76244 0
      vertex -0.979084 -14.9379 0
    endloop
  endfacet
  facet normal -0 0 -1
    outer loop
      vertex -0.764533 -7.76244 0
      vertex -1.95398 -14.8419 0
      vertex -1.5217 -7.65012 0
    endloop
  endfacet
  facet normal 0 0 -1
    outer loop
      vertex -2.9205 -14.6824 0
      vertex -1.5217 -7.65012 0
      vertex -1.95398 -14.8419 0
    endloop
  endfacet
  facet normal 0 0 -1
    outer loop
      vertex -3.87452 -14.4599 0
      vertex -1.5217 -7.65012 0
      vertex -2.9205 -14.6824 0
    endloop
  endfacet
  facet normal -0 0 -1
    outer loop
      vertex -1.5217 -7.65012 0
      vertex -3.87452 -14.4599 0
      vertex -2.26422 -7.46413 0
    endloop
  endfacet
  facet normal 0 0 -1
    outer loop
      vertex -4.81195 -14.1755 0
      vertex -2.26422 -7.46413 0
      vertex -3.87452 -14.4599 0
    endloop
  endfacet
  facet normal -0 0 -1
    outer loop
      vertex -2.26422 -7.46413 0
      vertex -4.81195 -14.1755 0
      vertex -2.98493 -7.20626 0
    endloop
  endfacet
  facet normal 0 0 -1
    outer loop
      vertex -5.72877 -13.8305 0
      vertex -2.98493 -7.20626 0
      vertex -4.81195 -14.1755 0
    endloop
  endfacet
  facet normal 0 0 -1
    outer loop
      vertex -6.62106 -13.4262 0
      vertex -2.98493 -7.20626 0
      vertex -5.72877 -13.8305 0
    endloop
  endfacet
  facet normal -0 0 -1
    outer loop
      vertex -2.98493 -7.20626 0
      vertex -6.62106 -13.4262 0
      vertex -3.67689 -6.87899 0
    endloop
  endfacet
  facet normal 0 0 -1
    outer loop
      vertex -7.485 -12.9644 0
      vertex -3.67689 -6.87899 0
      vertex -6.62106 -13.4262 0
    endloop
  endfacet
  facet normal -0 0 -1
    outer loop
      vertex -3.67689 -6.87899 0
      vertex -7.485 -12.9644 0
      vertex -4.33345 -6.48546 0
    endloop
  endfacet
  facet normal 0 0 -1
    outer loop
      vertex -8.31689 -12.4471 0
      vertex -4.33345 -6.48546 0
      vertex -7.485 -12.9644 0
    endloop
  endfacet
  facet normal 0 0 -1
    outer loop
      vertex -9.11316 -11.8765 0
      vertex -4.33345 -6.48546 0
      vertex -8.31689 -12.4471 0
    endloop
  endfacet
  facet normal -0 0 -1
    outer loop
      vertex -4.33345 -6.48546 0
      vertex -9.11316 -11.8765 0
      vertex -4.94827 -6.02948 0
    endloop
  endfacet
  facet normal 0 0 -1
    outer loop
      vertex -9.87041 -11.255 0
      vertex -4.94827 -6.02948 0
      vertex -9.11316 -11.8765 0
    endloop
  endfacet
  facet normal -0 0 -1
    outer loop
      vertex -4.94827 -6.02948 0
      vertex -9.87041 -11.255 0
      vertex -5.51543 -5.51543 0
    endloop
  endfacet
  facet normal 0 0 -1
    outer loop
      vertex -10.5854 -10.5854 0
      vertex -5.51543 -5.51543 0
      vertex -9.87041 -11.255 0
    endloop
  endfacet
  facet normal 0 0 -1
    outer loop
      vertex -11.255 -9.87041 0
      vertex -5.51543 -5.51543 0
      vertex -10.5854 -10.5854 0
    endloop
  endfacet
  facet normal -0 0 -1
    outer loop
      vertex -5.51543 -5.51543 0
      vertex -11.255 -9.87041 0
      vertex -6.02948 -4.94827 0
    endloop
  endfacet
  facet normal 0 0 -1
    outer loop
      vertex -11.8765 -9.11316 0
      vertex -6.02948 -4.94827 0
      vertex -11.255 -9.87041 0
    endloop
  endfacet
  facet normal -0 0 -1
    outer loop
      vertex -6.02948 -4.94827 0
      vertex -11.8765 -9.11316 0
      vertex -6.48546 -4.33345 0
    endloop
  endfacet
  facet normal 0 0 -1
    outer loop
      vertex -12.4471 -8.31689 0
      vertex -6.48546 -4.33345 0
      vertex -11.8765 -9.11316 0
    endloop
  endfacet
  facet normal 0 0 -1
    outer loop
      vertex 11.0568 -0.147659 0
      vertex 14.6824 2.9205 0
      vertex 11.8041 -0.391113 0
    endloop
  endfacet
  facet normal -0 0 -1
    outer loop
      vertex 14.6824 2.9205 0
      vertex 11.0568 -0.147659 0
      vertex 14.4599 3.87452 0
    endloop
  endfacet
  facet normal -0 0 -1
    outer loop
      vertex 14.4599 3.87452 0
      vertex 11.0568 -0.147659 0
      vertex 14.1755 4.81195 0
    endloop
  endfacet
  facet normal 0 0 -1
    outer loop
      vertex 10.164 -0.0664978 0
      vertex 14.1755 4.81195 0
      vertex 11.0568 -0.147659 0
    endloop
  endfacet
  facet normal 0 0 -1
    outer loop
      vertex 7.20626 2.98493 0
      vertex 14.1755 4.81195 0
      vertex 7.46413 2.26422 0
    endloop
  endfacet
  facet normal -0 0 -1
    outer loop
      vertex 14.1755 4.81195 0
      vertex 7.20626 2.98493 0
      vertex 13.8305 5.72877 0
    endloop
  endfacet
  facet normal -0 0 -1
    outer loop
      vertex 13.8305 5.72877 0
      vertex 7.20626 2.98493 0
      vertex 13.4262 6.62106 0
    endloop
  endfacet
  facet normal -0 0 -1
    outer loop
      vertex 13.4262 6.62106 0
      vertex 6.87899 3.67689 0
      vertex 12.9644 7.485 0
    endloop
  endfacet
  facet normal 0 0 -1
    outer loop
      vertex 6.48546 4.33345 0
      vertex 12.9644 7.485 0
      vertex 6.87899 3.67689 0
    endloop
  endfacet
  facet normal -0 0 -1
    outer loop
      vertex 12.9644 7.485 0
      vertex 6.48546 4.33345 0
      vertex 12.4471 8.31689 0
    endloop
  endfacet
  facet normal 0 0 -1
    outer loop
      vertex 14.1755 4.81195 0
      vertex 10.164 -0.0664978 0
      vertex 7.46413 2.26422 0
    endloop
  endfacet
  facet normal -0 0 -1
    outer loop
      vertex 12.4471 8.31689 0
      vertex 6.48546 4.33345 0
      vertex 11.8765 9.11316 0
    endloop
  endfacet
  facet normal 0 0 -1
    outer loop
      vertex 6.02948 4.94827 0
      vertex 11.8765 9.11316 0
      vertex 6.48546 4.33345 0
    endloop
  endfacet
  facet normal -0 0 -1
    outer loop
      vertex 11.8765 9.11316 0
      vertex 6.02948 4.94827 0
      vertex 11.255 9.87041 0
    endloop
  endfacet
  facet normal 0 0 -1
    outer loop
      vertex 7.76244 0.764533 0
      vertex 10.164 -0.0664978 0
      vertex 8.0889 -0.0664978 0
    endloop
  endfacet
  facet normal 0 0 -1
    outer loop
      vertex 7.76244 0.764533 0
      vertex 8.0889 -0.0664978 0
      vertex 7.8 0 0
    endloop
  endfacet
  facet normal 0 0 -1
    outer loop
      vertex 10.164 -0.0664978 0
      vertex 7.76244 0.764533 0
      vertex 7.65012 1.5217 0
    endloop
  endfacet
  facet normal 0 0 -1
    outer loop
      vertex 7.46413 2.26422 0
      vertex 10.164 -0.0664978 0
      vertex 7.65012 1.5217 0
    endloop
  endfacet
  facet normal 0 0 -1
    outer loop
      vertex 6.87899 3.67689 0
      vertex 13.4262 6.62106 0
      vertex 7.20626 2.98493 0
    endloop
  endfacet
  facet normal 0 0 -1
    outer loop
      vertex 5.51543 5.51543 0
      vertex 11.255 9.87041 0
      vertex 6.02948 4.94827 0
    endloop
  endfacet
  facet normal -0 0 -1
    outer loop
      vertex 11.255 9.87041 0
      vertex 5.51543 5.51543 0
      vertex 10.5854 10.5854 0
    endloop
  endfacet
  facet normal -0 0 -1
    outer loop
      vertex 10.5854 10.5854 0
      vertex 5.51543 5.51543 0
      vertex 9.87041 11.255 0
    endloop
  endfacet
  facet normal 0 0 -1
    outer loop
      vertex 4.94827 6.02948 0
      vertex 9.87041 11.255 0
      vertex 5.51543 5.51543 0
    endloop
  endfacet
  facet normal -0 0 -1
    outer loop
      vertex 9.87041 11.255 0
      vertex 4.94827 6.02948 0
      vertex 9.11316 11.8765 0
    endloop
  endfacet
  facet normal 0 0 -1
    outer loop
      vertex 4.33345 6.48546 0
      vertex 9.11316 11.8765 0
      vertex 4.94827 6.02948 0
    endloop
  endfacet
  facet normal -0 0 -1
    outer loop
      vertex 9.11316 11.8765 0
      vertex 4.33345 6.48546 0
      vertex 8.31689 12.4471 0
    endloop
  endfacet
  facet normal -0 0 -1
    outer loop
      vertex 8.31689 12.4471 0
      vertex 4.33345 6.48546 0
      vertex 7.485 12.9644 0
    endloop
  endfacet
  facet normal 0 0 -1
    outer loop
      vertex 3.67689 6.87899 0
      vertex 7.485 12.9644 0
      vertex 4.33345 6.48546 0
    endloop
  endfacet
  facet normal -0 0 -1
    outer loop
      vertex 7.485 12.9644 0
      vertex 3.67689 6.87899 0
      vertex 6.62106 13.4262 0
    endloop
  endfacet
  facet normal 0 0 -1
    outer loop
      vertex 2.98493 7.20626 0
      vertex 6.62106 13.4262 0
      vertex 3.67689 6.87899 0
    endloop
  endfacet
  facet normal -0 0 -1
    outer loop
      vertex 6.62106 13.4262 0
      vertex 2.98493 7.20626 0
      vertex 5.72877 13.8305 0
    endloop
  endfacet
  facet normal -0 0 -1
    outer loop
      vertex 5.72877 13.8305 0
      vertex 2.98493 7.20626 0
      vertex 4.81195 14.1755 0
    endloop
  endfacet
  facet normal 0 0 -1
    outer loop
      vertex 2.26422 7.46413 0
      vertex 4.81195 14.1755 0
      vertex 2.98493 7.20626 0
    endloop
  endfacet
  facet normal -0 0 -1
    outer loop
      vertex 4.81195 14.1755 0
      vertex 2.26422 7.46413 0
      vertex 3.87452 14.4599 0
    endloop
  endfacet
  facet normal 0 0 -1
    outer loop
      vertex 1.5217 7.65012 0
      vertex 3.87452 14.4599 0
      vertex 2.26422 7.46413 0
    endloop
  endfacet
  facet normal -0 0 -1
    outer loop
      vertex 3.87452 14.4599 0
      vertex 1.5217 7.65012 0
      vertex 2.9205 14.6824 0
    endloop
  endfacet
  facet normal -0 0 -1
    outer loop
      vertex 2.9205 14.6824 0
      vertex 1.5217 7.65012 0
      vertex 1.95398 14.8419 0
    endloop
  endfacet
  facet normal 0 0 -1
    outer loop
      vertex 0.764533 7.76244 0
      vertex 1.95398 14.8419 0
      vertex 1.5217 7.65012 0
    endloop
  endfacet
  facet normal -0 0 -1
    outer loop
      vertex 1.95398 14.8419 0
      vertex 0.764533 7.76244 0
      vertex 0.979084 14.9379 0
    endloop
  endfacet
  facet normal 0 0 -1
    outer loop
      vertex 0 7.8 0
      vertex 0.979084 14.9379 0
      vertex 0.764533 7.76244 0
    endloop
  endfacet
  facet normal 0 0 -1
    outer loop
      vertex 0 7.8 0
      vertex 0 14.97 0
      vertex 0.979084 14.9379 0
    endloop
  endfacet
  facet normal 0 0 -1
    outer loop
      vertex -0.979084 14.9379 0
      vertex 0 7.8 0
      vertex -0.764533 7.76244 0
    endloop
  endfacet
  facet normal 0 0 -1
    outer loop
      vertex 0 7.8 0
      vertex -0.979084 14.9379 0
      vertex 0 14.97 0
    endloop
  endfacet
  facet normal 0 0 -1
    outer loop
      vertex -1.95398 14.8419 0
      vertex -0.764533 7.76244 0
      vertex -1.5217 7.65012 0
    endloop
  endfacet
  facet normal 0 0 -1
    outer loop
      vertex -0.764533 7.76244 0
      vertex -1.95398 14.8419 0
      vertex -0.979084 14.9379 0
    endloop
  endfacet
  facet normal 0 0 -1
    outer loop
      vertex -3.87452 14.4599 0
      vertex -1.5217 7.65012 0
      vertex -2.26422 7.46413 0
    endloop
  endfacet
  facet normal 0 0 -1
    outer loop
      vertex -1.5217 7.65012 0
      vertex -2.9205 14.6824 0
      vertex -1.95398 14.8419 0
    endloop
  endfacet
  facet normal 0 0 -1
    outer loop
      vertex -4.81195 14.1755 0
      vertex -2.26422 7.46413 0
      vertex -2.98493 7.20626 0
    endloop
  endfacet
  facet normal 0 0 -1
    outer loop
      vertex -6.62106 13.4262 0
      vertex -2.98493 7.20626 0
      vertex -3.67689 6.87899 0
    endloop
  endfacet
  facet normal 0 0 -1
    outer loop
      vertex -1.5217 7.65012 0
      vertex -3.87452 14.4599 0
      vertex -2.9205 14.6824 0
    endloop
  endfacet
  facet normal 0 0 -1
    outer loop
      vertex -7.485 12.9644 0
      vertex -3.67689 6.87899 0
      vertex -4.33345 6.48546 0
    endloop
  endfacet
  facet normal 0 0 -1
    outer loop
      vertex -2.26422 7.46413 0
      vertex -4.81195 14.1755 0
      vertex -3.87452 14.4599 0
    endloop
  endfacet
  facet normal 0 0 -1
    outer loop
      vertex -9.11316 11.8765 0
      vertex -4.33345 6.48546 0
      vertex -4.94827 6.02948 0
    endloop
  endfacet
  facet normal 0 0 -1
    outer loop
      vertex -9.87041 11.255 0
      vertex -4.94827 6.02948 0
      vertex -5.51543 5.51543 0
    endloop
  endfacet
  facet normal 0 0 -1
    outer loop
      vertex -2.98493 7.20626 0
      vertex -5.72877 13.8305 0
      vertex -4.81195 14.1755 0
    endloop
  endfacet
  facet normal 0 0 -1
    outer loop
      vertex -11.255 9.87041 0
      vertex -5.51543 5.51543 0
      vertex -6.02948 4.94827 0
    endloop
  endfacet
  facet normal 0 0 -1
    outer loop
      vertex -11.8765 9.11316 0
      vertex -6.02948 4.94827 0
      vertex -6.48546 4.33345 0
    endloop
  endfacet
  facet normal 0 0 -1
    outer loop
      vertex -2.98493 7.20626 0
      vertex -6.62106 13.4262 0
      vertex -5.72877 13.8305 0
    endloop
  endfacet
  facet normal 0 0 -1
    outer loop
      vertex -12.9644 7.485 0
      vertex -6.48546 4.33345 0
      vertex -6.87899 3.67689 0
    endloop
  endfacet
  facet normal 0 0 -1
    outer loop
      vertex -13.4262 6.62106 0
      vertex -6.87899 3.67689 0
      vertex -7.20626 2.98493 0
    endloop
  endfacet
  facet normal 0 0 -1
    outer loop
      vertex -14.1755 4.81195 0
      vertex -7.20626 2.98493 0
      vertex -7.46413 2.26422 0
    endloop
  endfacet
  facet normal 0 0 -1
    outer loop
      vertex -3.67689 6.87899 0
      vertex -7.485 12.9644 0
      vertex -6.62106 13.4262 0
    endloop
  endfacet
  facet normal 0 0 -1
    outer loop
      vertex -14.4599 3.87452 0
      vertex -7.46413 2.26422 0
      vertex -7.65012 1.5217 0
    endloop
  endfacet
  facet normal 0 0 -1
    outer loop
      vertex -14.8419 1.95398 0
      vertex -7.65012 1.5217 0
      vertex -7.76244 0.764533 0
    endloop
  endfacet
  facet normal 0 0 -1
    outer loop
      vertex -14.9379 0.979084 0
      vertex -7.76244 0.764533 0
      vertex -7.8 0 0
    endloop
  endfacet
  facet normal 0 0 -1
    outer loop
      vertex -12.9644 -7.485 0
      vertex -6.48546 -4.33345 0
      vertex -12.4471 -8.31689 0
    endloop
  endfacet
  facet normal 0 0 -1
    outer loop
      vertex -4.33345 6.48546 0
      vertex -8.31689 12.4471 0
      vertex -7.485 12.9644 0
    endloop
  endfacet
  facet normal -0 0 -1
    outer loop
      vertex -6.48546 -4.33345 0
      vertex -12.9644 -7.485 0
      vertex -6.87899 -3.67689 0
    endloop
  endfacet
  facet normal 0 0 -1
    outer loop
      vertex -4.33345 6.48546 0
      vertex -9.11316 11.8765 0
      vertex -8.31689 12.4471 0
    endloop
  endfacet
  facet normal 0 0 -1
    outer loop
      vertex -13.4262 -6.62106 0
      vertex -6.87899 -3.67689 0
      vertex -12.9644 -7.485 0
    endloop
  endfacet
  facet normal 0 0 -1
    outer loop
      vertex -4.94827 6.02948 0
      vertex -9.87041 11.255 0
      vertex -9.11316 11.8765 0
    endloop
  endfacet
  facet normal -0 0 -1
    outer loop
      vertex -6.87899 -3.67689 0
      vertex -13.4262 -6.62106 0
      vertex -7.20626 -2.98493 0
    endloop
  endfacet
  facet normal 0 0 -1
    outer loop
      vertex -5.51543 5.51543 0
      vertex -10.5854 10.5854 0
      vertex -9.87041 11.255 0
    endloop
  endfacet
  facet normal 0 0 -1
    outer loop
      vertex -13.8305 -5.72877 0
      vertex -7.20626 -2.98493 0
      vertex -13.4262 -6.62106 0
    endloop
  endfacet
  facet normal 0 0 -1
    outer loop
      vertex -5.51543 5.51543 0
      vertex -11.255 9.87041 0
      vertex -10.5854 10.5854 0
    endloop
  endfacet
  facet normal 0 0 -1
    outer loop
      vertex -14.1755 -4.81195 0
      vertex -7.20626 -2.98493 0
      vertex -13.8305 -5.72877 0
    endloop
  endfacet
  facet normal 0 0 -1
    outer loop
      vertex -6.02948 4.94827 0
      vertex -11.8765 9.11316 0
      vertex -11.255 9.87041 0
    endloop
  endfacet
  facet normal -0 0 -1
    outer loop
      vertex -7.20626 -2.98493 0
      vertex -14.1755 -4.81195 0
      vertex -7.46413 -2.26422 0
    endloop
  endfacet
  facet normal 0 0 -1
    outer loop
      vertex -6.48546 4.33345 0
      vertex -12.4471 8.31689 0
      vertex -11.8765 9.11316 0
    endloop
  endfacet
  facet normal 0 0 -1
    outer loop
      vertex -14.4599 -3.87452 0
      vertex -7.46413 -2.26422 0
      vertex -14.1755 -4.81195 0
    endloop
  endfacet
  facet normal 0 0 -1
    outer loop
      vertex -6.48546 4.33345 0
      vertex -12.9644 7.485 0
      vertex -12.4471 8.31689 0
    endloop
  endfacet
  facet normal -0 0 -1
    outer loop
      vertex -7.46413 -2.26422 0
      vertex -14.4599 -3.87452 0
      vertex -7.65012 -1.5217 0
    endloop
  endfacet
  facet normal 0 0 -1
    outer loop
      vertex -6.87899 3.67689 0
      vertex -13.4262 6.62106 0
      vertex -12.9644 7.485 0
    endloop
  endfacet
  facet normal 0 0 -1
    outer loop
      vertex -14.6824 -2.9205 0
      vertex -7.65012 -1.5217 0
      vertex -14.4599 -3.87452 0
    endloop
  endfacet
  facet normal 0 0 -1
    outer loop
      vertex -7.20626 2.98493 0
      vertex -13.8305 5.72877 0
      vertex -13.4262 6.62106 0
    endloop
  endfacet
  facet normal 0 0 -1
    outer loop
      vertex -14.8419 -1.95398 0
      vertex -7.65012 -1.5217 0
      vertex -14.6824 -2.9205 0
    endloop
  endfacet
  facet normal 0 0 -1
    outer loop
      vertex -7.20626 2.98493 0
      vertex -14.1755 4.81195 0
      vertex -13.8305 5.72877 0
    endloop
  endfacet
  facet normal -0 0 -1
    outer loop
      vertex -7.65012 -1.5217 0
      vertex -14.8419 -1.95398 0
      vertex -7.76244 -0.764533 0
    endloop
  endfacet
  facet normal 0 0 -1
    outer loop
      vertex -7.46413 2.26422 0
      vertex -14.4599 3.87452 0
      vertex -14.1755 4.81195 0
    endloop
  endfacet
  facet normal 0 0 -1
    outer loop
      vertex -14.9379 -0.979084 0
      vertex -7.76244 -0.764533 0
      vertex -14.8419 -1.95398 0
    endloop
  endfacet
  facet normal 0 0 -1
    outer loop
      vertex -7.65012 1.5217 0
      vertex -14.6824 2.9205 0
      vertex -14.4599 3.87452 0
    endloop
  endfacet
  facet normal -0 0 -1
    outer loop
      vertex -7.76244 -0.764533 0
      vertex -14.9379 -0.979084 0
      vertex -7.8 0 0
    endloop
  endfacet
  facet normal 0 0 -1
    outer loop
      vertex -7.65012 1.5217 0
      vertex -14.8419 1.95398 0
      vertex -14.6824 2.9205 0
    endloop
  endfacet
  facet normal 0 0 -1
    outer loop
      vertex -14.97 0 0
      vertex -7.8 0 0
      vertex -14.9379 -0.979084 0
    endloop
  endfacet
  facet normal 0 0 -1
    outer loop
      vertex -7.76244 0.764533 0
      vertex -14.9379 0.979084 0
      vertex -14.8419 1.95398 0
    endloop
  endfacet
  facet normal 0 0 -1
    outer loop
      vertex -7.8 0 0
      vertex -14.97 0 0
      vertex -14.9379 0.979084 0
    endloop
  endfacet
  facet normal 0 0 -1
    outer loop
      vertex 10.3064 -4.8717 0
      vertex 11.9909 -2.89023 0
      vertex 11.9402 -3.45804 0
    endloop
  endfacet
  facet normal 0 0 -1
    outer loop
      vertex 10.3064 -4.8717 0
      vertex 11.9402 -3.45804 0
      vertex 11.7883 -3.94087 0
    endloop
  endfacet
  facet normal -0 0 -1
    outer loop
      vertex 11.9909 -2.89023 0
      vertex 10.3064 -4.8717 0
      vertex 10.1396 -0.994156 0
    endloop
  endfacet
  facet normal 0 0 -1
    outer loop
      vertex 10.3064 -4.8717 0
      vertex 11.7883 -3.94087 0
      vertex 11.5352 -4.33873 0
    endloop
  endfacet
  facet normal 0 0 -1
    outer loop
      vertex 11.9909 -2.89023 0
      vertex 10.1396 -0.994156 0
      vertex 11.9375 -2.32309 0
    endloop
  endfacet
  facet normal 0 0 -1
    outer loop
      vertex 10.7865 -4.81248 0
      vertex 11.5352 -4.33873 0
      vertex 11.1961 -4.63483 0
    endloop
  endfacet
  facet normal -0 -0 -1
    outer loop
      vertex 10.6879 -1.04819 0
      vertex 11.9375 -2.32309 0
      vertex 10.1396 -0.994156 0
    endloop
  endfacet
  facet normal 0 0 -1
    outer loop
      vertex 11.5352 -4.33873 0
      vertex 10.7865 -4.81248 0
      vertex 10.3064 -4.8717 0
    endloop
  endfacet
  facet normal -0 -0 -1
    outer loop
      vertex 11.145 -1.21027 0
      vertex 11.7775 -1.85315 0
      vertex 10.6879 -1.04819 0
    endloop
  endfacet
  facet normal 0 0 -1
    outer loop
      vertex 11.7775 -1.85315 0
      vertex 11.145 -1.21027 0
      vertex 11.5107 -1.48041 0
    endloop
  endfacet
  facet normal 0 0 -1
    outer loop
      vertex 11.9375 -2.32309 0
      vertex 10.6879 -1.04819 0
      vertex 11.7775 -1.85315 0
    endloop
  endfacet
  facet normal 0 0 -1
    outer loop
      vertex 9.2892 -4.8717 0
      vertex 10.1396 -0.994156 0
      vertex 10.3064 -4.8717 0
    endloop
  endfacet
  facet normal -0 0 -1
    outer loop
      vertex 10.1396 -0.994156 0
      vertex 9.2892 -4.8717 0
      vertex 9.2892 -0.994156 0
    endloop
  endfacet
  facet normal 0.986655 0.162823 0
    outer loop
      vertex 14.8419 1.95398 3.2
      vertex 14.6824 2.9205 0
      vertex 14.6824 2.9205 3.2
    endloop
  endfacet
  facet normal 0.986655 0.162823 0
    outer loop
      vertex 14.6824 2.9205 0
      vertex 14.8419 1.95398 3.2
      vertex 14.8419 1.95398 0
    endloop
  endfacet
  facet normal 0.935928 0.35219 0
    outer loop
      vertex 14.1755 4.81195 3.2
      vertex 13.8305 5.72877 0
      vertex 13.8305 5.72877 3.2
    endloop
  endfacet
  facet normal 0.935928 0.35219 0
    outer loop
      vertex 13.8305 5.72877 0
      vertex 14.1755 4.81195 3.2
      vertex 14.1755 4.81195 0
    endloop
  endfacet
  facet normal 0.849203 0.528066 0
    outer loop
      vertex 12.9644 7.485 3.2
      vertex 12.4471 8.31689 0
      vertex 12.4471 8.31689 3.2
    endloop
  endfacet
  facet normal 0.849203 0.528066 0
    outer loop
      vertex 12.4471 8.31689 0
      vertex 12.9644 7.485 3.2
      vertex 12.9644 7.485 0
    endloop
  endfacet
  facet normal 0.290316 0.956931 -0
    outer loop
      vertex 4.81195 14.1755 0
      vertex 3.87452 14.4599 3.2
      vertex 4.81195 14.1755 3.2
    endloop
  endfacet
  facet normal 0.290316 0.956931 0
    outer loop
      vertex 3.87452 14.4599 3.2
      vertex 4.81195 14.1755 0
      vertex 3.87452 14.4599 0
    endloop
  endfacet
  facet normal 0.0979981 0.995187 -0
    outer loop
      vertex 1.95398 14.8419 0
      vertex 0.979084 14.9379 3.2
      vertex 1.95398 14.8419 3.2
    endloop
  endfacet
  facet normal 0.0979981 0.995187 0
    outer loop
      vertex 0.979084 14.9379 3.2
      vertex 1.95398 14.8419 0
      vertex 0.979084 14.9379 0
    endloop
  endfacet
  facet normal 0.471408 0.881915 -0
    outer loop
      vertex 7.485 12.9644 0
      vertex 6.62106 13.4262 3.2
      vertex 7.485 12.9644 3.2
    endloop
  endfacet
  facet normal 0.471408 0.881915 0
    outer loop
      vertex 6.62106 13.4262 3.2
      vertex 7.485 12.9644 0
      vertex 6.62106 13.4262 0
    endloop
  endfacet
  facet normal 0.683559 0.729895 -0
    outer loop
      vertex 10.5854 10.5854 0
      vertex 9.87041 11.255 3.2
      vertex 10.5854 10.5854 3.2
    endloop
  endfacet
  facet normal 0.683559 0.729895 0
    outer loop
      vertex 9.87041 11.255 3.2
      vertex 10.5854 10.5854 0
      vertex 9.87041 11.255 0
    endloop
  endfacet
  facet normal -0.77299 0.634418 0
    outer loop
      vertex -11.8765 9.11316 0
      vertex -11.255 9.87041 3.2
      vertex -11.255 9.87041 0
    endloop
  endfacet
  facet normal -0.77299 0.634418 0
    outer loop
      vertex -11.255 9.87041 3.2
      vertex -11.8765 9.11316 0
      vertex -11.8765 9.11316 3.2
    endloop
  endfacet
  facet normal -0.729895 0.683559 0
    outer loop
      vertex -11.255 9.87041 0
      vertex -10.5854 10.5854 3.2
      vertex -10.5854 10.5854 0
    endloop
  endfacet
  facet normal -0.729895 0.683559 0
    outer loop
      vertex -10.5854 10.5854 3.2
      vertex -11.255 9.87041 0
      vertex -11.255 9.87041 3.2
    endloop
  endfacet
  facet normal -0.881915 0.471408 0
    outer loop
      vertex -13.4262 6.62106 0
      vertex -12.9644 7.485 3.2
      vertex -12.9644 7.485 0
    endloop
  endfacet
  facet normal -0.881915 0.471408 0
    outer loop
      vertex -12.9644 7.485 3.2
      vertex -13.4262 6.62106 0
      vertex -13.4262 6.62106 3.2
    endloop
  endfacet
  facet normal -0.956931 0.290316 0
    outer loop
      vertex -14.4599 3.87452 0
      vertex -14.1755 4.81195 3.2
      vertex -14.1755 4.81195 0
    endloop
  endfacet
  facet normal -0.956931 0.290316 0
    outer loop
      vertex -14.1755 4.81195 3.2
      vertex -14.4599 3.87452 0
      vertex -14.4599 3.87452 3.2
    endloop
  endfacet
  facet normal -0.995187 0.0979981 0
    outer loop
      vertex -14.9379 0.979084 0
      vertex -14.8419 1.95398 3.2
      vertex -14.8419 1.95398 0
    endloop
  endfacet
  facet normal -0.995187 0.0979981 0
    outer loop
      vertex -14.8419 1.95398 3.2
      vertex -14.9379 0.979084 0
      vertex -14.9379 0.979084 3.2
    endloop
  endfacet
  facet normal -0.471408 0.881915 0
    outer loop
      vertex -6.62106 13.4262 0
      vertex -7.485 12.9644 3.2
      vertex -6.62106 13.4262 3.2
    endloop
  endfacet
  facet normal -0.471408 0.881915 0
    outer loop
      vertex -7.485 12.9644 3.2
      vertex -6.62106 13.4262 0
      vertex -7.485 12.9644 0
    endloop
  endfacet
  facet normal -0.412714 0.910861 0
    outer loop
      vertex -5.72877 13.8305 0
      vertex -6.62106 13.4262 3.2
      vertex -5.72877 13.8305 3.2
    endloop
  endfacet
  facet normal -0.412714 0.910861 0
    outer loop
      vertex -6.62106 13.4262 3.2
      vertex -5.72877 13.8305 0
      vertex -6.62106 13.4262 0
    endloop
  endfacet
  facet normal -0.634418 0.77299 0
    outer loop
      vertex -9.11316 11.8765 0
      vertex -9.87041 11.255 3.2
      vertex -9.11316 11.8765 3.2
    endloop
  endfacet
  facet normal -0.634418 0.77299 0
    outer loop
      vertex -9.87041 11.255 3.2
      vertex -9.11316 11.8765 0
      vertex -9.87041 11.255 0
    endloop
  endfacet
  facet normal -0.227128 0.973865 0
    outer loop
      vertex -2.9205 14.6824 0
      vertex -3.87452 14.4599 3.2
      vertex -2.9205 14.6824 3.2
    endloop
  endfacet
  facet normal -0.227128 0.973865 0
    outer loop
      vertex -3.87452 14.4599 3.2
      vertex -2.9205 14.6824 0
      vertex -3.87452 14.4599 0
    endloop
  endfacet
  facet normal -0.290316 0.956931 0
    outer loop
      vertex -3.87452 14.4599 0
      vertex -4.81195 14.1755 3.2
      vertex -3.87452 14.4599 3.2
    endloop
  endfacet
  facet normal -0.290316 0.956931 0
    outer loop
      vertex -4.81195 14.1755 3.2
      vertex -3.87452 14.4599 0
      vertex -4.81195 14.1755 0
    endloop
  endfacet
  facet normal -0.0327681 0.999463 0
    outer loop
      vertex 0 14.97 0
      vertex -0.979084 14.9379 3.2
      vertex 0 14.97 3.2
    endloop
  endfacet
  facet normal -0.0327681 0.999463 0
    outer loop
      vertex -0.979084 14.9379 3.2
      vertex 0 14.97 0
      vertex -0.979084 14.9379 0
    endloop
  endfacet
  facet normal 0.999463 -0.0327681 0
    outer loop
      vertex 14.9379 -0.979084 3.2
      vertex 14.97 0 0
      vertex 14.97 0 3.2
    endloop
  endfacet
  facet normal 0.999463 -0.0327681 0
    outer loop
      vertex 14.97 0 0
      vertex 14.9379 -0.979084 3.2
      vertex 14.9379 -0.979084 0
    endloop
  endfacet
  facet normal 0.0327681 -0.999463 0
    outer loop
      vertex 0 -14.97 0
      vertex 0.979084 -14.9379 3.2
      vertex 0 -14.97 3.2
    endloop
  endfacet
  facet normal 0.0327681 -0.999463 0
    outer loop
      vertex 0.979084 -14.9379 3.2
      vertex 0 -14.97 0
      vertex 0.979084 -14.9379 0
    endloop
  endfacet
  facet normal 0.162823 -0.986655 0
    outer loop
      vertex 1.95398 -14.8419 0
      vertex 2.9205 -14.6824 3.2
      vertex 1.95398 -14.8419 3.2
    endloop
  endfacet
  facet normal 0.162823 -0.986655 0
    outer loop
      vertex 2.9205 -14.6824 3.2
      vertex 1.95398 -14.8419 0
      vertex 2.9205 -14.6824 0
    endloop
  endfacet
  facet normal 0.35219 -0.935928 0
    outer loop
      vertex 4.81195 -14.1755 0
      vertex 5.72877 -13.8305 3.2
      vertex 4.81195 -14.1755 3.2
    endloop
  endfacet
  facet normal 0.35219 -0.935928 0
    outer loop
      vertex 5.72877 -13.8305 3.2
      vertex 4.81195 -14.1755 0
      vertex 5.72877 -13.8305 0
    endloop
  endfacet
  facet normal 0.227128 -0.973865 0
    outer loop
      vertex 2.9205 -14.6824 0
      vertex 3.87452 -14.4599 3.2
      vertex 2.9205 -14.6824 3.2
    endloop
  endfacet
  facet normal 0.227128 -0.973865 0
    outer loop
      vertex 3.87452 -14.4599 3.2
      vertex 2.9205 -14.6824 0
      vertex 3.87452 -14.4599 0
    endloop
  endfacet
  facet normal 0.634418 -0.77299 0
    outer loop
      vertex 9.11316 -11.8765 0
      vertex 9.87041 -11.255 3.2
      vertex 9.11316 -11.8765 3.2
    endloop
  endfacet
  facet normal 0.634418 -0.77299 0
    outer loop
      vertex 9.87041 -11.255 3.2
      vertex 9.11316 -11.8765 0
      vertex 9.87041 -11.255 0
    endloop
  endfacet
  facet normal 0.528066 -0.849203 0
    outer loop
      vertex 7.485 -12.9644 0
      vertex 8.31689 -12.4471 3.2
      vertex 7.485 -12.9644 3.2
    endloop
  endfacet
  facet normal 0.528066 -0.849203 0
    outer loop
      vertex 8.31689 -12.4471 3.2
      vertex 7.485 -12.9644 0
      vertex 8.31689 -12.4471 0
    endloop
  endfacet
  facet normal 0.412714 -0.910861 0
    outer loop
      vertex 5.72877 -13.8305 0
      vertex 6.62106 -13.4262 3.2
      vertex 5.72877 -13.8305 3.2
    endloop
  endfacet
  facet normal 0.412714 -0.910861 0
    outer loop
      vertex 6.62106 -13.4262 3.2
      vertex 5.72877 -13.8305 0
      vertex 6.62106 -13.4262 0
    endloop
  endfacet
  facet normal 0.729895 -0.683559 0
    outer loop
      vertex 10.5854 -10.5854 3.2
      vertex 11.255 -9.87041 0
      vertex 11.255 -9.87041 3.2
    endloop
  endfacet
  facet normal 0.729895 -0.683559 0
    outer loop
      vertex 11.255 -9.87041 0
      vertex 10.5854 -10.5854 3.2
      vertex 10.5854 -10.5854 0
    endloop
  endfacet
  facet normal 0.812846 -0.582478 0
    outer loop
      vertex 11.8765 -9.11316 3.2
      vertex 12.4471 -8.31689 0
      vertex 12.4471 -8.31689 3.2
    endloop
  endfacet
  facet normal 0.812846 -0.582478 0
    outer loop
      vertex 12.4471 -8.31689 0
      vertex 11.8765 -9.11316 3.2
      vertex 11.8765 -9.11316 0
    endloop
  endfacet
  facet normal 0.910861 -0.412714 0
    outer loop
      vertex 13.4262 -6.62106 3.2
      vertex 13.8305 -5.72877 0
      vertex 13.8305 -5.72877 3.2
    endloop
  endfacet
  facet normal 0.910861 -0.412714 0
    outer loop
      vertex 13.8305 -5.72877 0
      vertex 13.4262 -6.62106 3.2
      vertex 13.4262 -6.62106 0
    endloop
  endfacet
  facet normal 0.973865 -0.227128 0
    outer loop
      vertex 14.4599 -3.87452 3.2
      vertex 14.6824 -2.9205 0
      vertex 14.6824 -2.9205 3.2
    endloop
  endfacet
  facet normal 0.973865 -0.227128 0
    outer loop
      vertex 14.6824 -2.9205 0
      vertex 14.4599 -3.87452 3.2
      vertex 14.4599 -3.87452 0
    endloop
  endfacet
  facet normal -0.683559 -0.729895 0
    outer loop
      vertex -10.5854 -10.5854 0
      vertex -9.87041 -11.255 3.2
      vertex -10.5854 -10.5854 3.2
    endloop
  endfacet
  facet normal -0.683559 -0.729895 -0
    outer loop
      vertex -9.87041 -11.255 3.2
      vertex -10.5854 -10.5854 0
      vertex -9.87041 -11.255 0
    endloop
  endfacet
  facet normal -0.582478 -0.812846 0
    outer loop
      vertex -9.11316 -11.8765 0
      vertex -8.31689 -12.4471 3.2
      vertex -9.11316 -11.8765 3.2
    endloop
  endfacet
  facet normal -0.582478 -0.812846 -0
    outer loop
      vertex -8.31689 -12.4471 3.2
      vertex -9.11316 -11.8765 0
      vertex -8.31689 -12.4471 0
    endloop
  endfacet
  facet normal -0.471408 -0.881915 0
    outer loop
      vertex -7.485 -12.9644 0
      vertex -6.62106 -13.4262 3.2
      vertex -7.485 -12.9644 3.2
    endloop
  endfacet
  facet normal -0.471408 -0.881915 -0
    outer loop
      vertex -6.62106 -13.4262 3.2
      vertex -7.485 -12.9644 0
      vertex -6.62106 -13.4262 0
    endloop
  endfacet
  facet normal -0.290316 -0.956931 0
    outer loop
      vertex -4.81195 -14.1755 0
      vertex -3.87452 -14.4599 3.2
      vertex -4.81195 -14.1755 3.2
    endloop
  endfacet
  facet normal -0.290316 -0.956931 -0
    outer loop
      vertex -3.87452 -14.4599 3.2
      vertex -4.81195 -14.1755 0
      vertex -3.87452 -14.4599 0
    endloop
  endfacet
  facet normal -0.0979981 -0.995187 0
    outer loop
      vertex -1.95398 -14.8419 0
      vertex -0.979084 -14.9379 3.2
      vertex -1.95398 -14.8419 3.2
    endloop
  endfacet
  facet normal -0.0979981 -0.995187 -0
    outer loop
      vertex -0.979084 -14.9379 3.2
      vertex -1.95398 -14.8419 0
      vertex -0.979084 -14.9379 0
    endloop
  endfacet
  facet normal -0.910861 -0.412714 0
    outer loop
      vertex -13.4262 -6.62106 0
      vertex -13.8305 -5.72877 3.2
      vertex -13.8305 -5.72877 0
    endloop
  endfacet
  facet normal -0.910861 -0.412714 0
    outer loop
      vertex -13.8305 -5.72877 3.2
      vertex -13.4262 -6.62106 0
      vertex -13.4262 -6.62106 3.2
    endloop
  endfacet
  facet normal -0.849203 -0.528066 0
    outer loop
      vertex -12.4471 -8.31689 0
      vertex -12.9644 -7.485 3.2
      vertex -12.9644 -7.485 0
    endloop
  endfacet
  facet normal -0.849203 -0.528066 0
    outer loop
      vertex -12.9644 -7.485 3.2
      vertex -12.4471 -8.31689 0
      vertex -12.4471 -8.31689 3.2
    endloop
  endfacet
  facet normal -0.77299 -0.634418 0
    outer loop
      vertex -11.255 -9.87041 0
      vertex -11.8765 -9.11316 3.2
      vertex -11.8765 -9.11316 0
    endloop
  endfacet
  facet normal -0.77299 -0.634418 0
    outer loop
      vertex -11.8765 -9.11316 3.2
      vertex -11.255 -9.87041 0
      vertex -11.255 -9.87041 3.2
    endloop
  endfacet
  facet normal -0.973865 -0.227128 0
    outer loop
      vertex -14.4599 -3.87452 0
      vertex -14.6824 -2.9205 3.2
      vertex -14.6824 -2.9205 0
    endloop
  endfacet
  facet normal -0.973865 -0.227128 0
    outer loop
      vertex -14.6824 -2.9205 3.2
      vertex -14.4599 -3.87452 0
      vertex -14.4599 -3.87452 3.2
    endloop
  endfacet
  facet normal -0.935928 -0.35219 0
    outer loop
      vertex -13.8305 -5.72877 0
      vertex -14.1755 -4.81195 3.2
      vertex -14.1755 -4.81195 0
    endloop
  endfacet
  facet normal -0.935928 -0.35219 0
    outer loop
      vertex -14.1755 -4.81195 3.2
      vertex -13.8305 -5.72877 0
      vertex -13.8305 -5.72877 3.2
    endloop
  endfacet
  facet normal -0.986655 -0.162823 0
    outer loop
      vertex -14.6824 -2.9205 0
      vertex -14.8419 -1.95398 3.2
      vertex -14.8419 -1.95398 0
    endloop
  endfacet
  facet normal -0.986655 -0.162823 0
    outer loop
      vertex -14.8419 -1.95398 3.2
      vertex -14.6824 -2.9205 0
      vertex -14.6824 -2.9205 3.2
    endloop
  endfacet
  facet normal -0.999463 -0.0327681 0
    outer loop
      vertex -14.9379 -0.979084 0
      vertex -14.97 0 3.2
      vertex -14.97 0 0
    endloop
  endfacet
  facet normal -0.999463 -0.0327681 0
    outer loop
      vertex -14.97 0 3.2
      vertex -14.9379 -0.979084 0
      vertex -14.9379 -0.979084 3.2
    endloop
  endfacet
  facet normal 0.0979981 -0.995187 0
    outer loop
      vertex 0.979084 -14.9379 0
      vertex 1.95398 -14.8419 3.2
      vertex 0.979084 -14.9379 3.2
    endloop
  endfacet
  facet normal 0.0979981 -0.995187 0
    outer loop
      vertex 1.95398 -14.8419 3.2
      vertex 0.979084 -14.9379 0
      vertex 1.95398 -14.8419 0
    endloop
  endfacet
  facet normal 0.290316 -0.956931 0
    outer loop
      vertex 3.87452 -14.4599 0
      vertex 4.81195 -14.1755 3.2
      vertex 3.87452 -14.4599 3.2
    endloop
  endfacet
  facet normal 0.290316 -0.956931 0
    outer loop
      vertex 4.81195 -14.1755 3.2
      vertex 3.87452 -14.4599 0
      vertex 4.81195 -14.1755 0
    endloop
  endfacet
  facet normal 0.683559 -0.729895 0
    outer loop
      vertex 9.87041 -11.255 0
      vertex 10.5854 -10.5854 3.2
      vertex 9.87041 -11.255 3.2
    endloop
  endfacet
  facet normal 0.683559 -0.729895 0
    outer loop
      vertex 10.5854 -10.5854 3.2
      vertex 9.87041 -11.255 0
      vertex 10.5854 -10.5854 0
    endloop
  endfacet
  facet normal 0.471408 -0.881915 0
    outer loop
      vertex 6.62106 -13.4262 0
      vertex 7.485 -12.9644 3.2
      vertex 6.62106 -13.4262 3.2
    endloop
  endfacet
  facet normal 0.471408 -0.881915 0
    outer loop
      vertex 7.485 -12.9644 3.2
      vertex 6.62106 -13.4262 0
      vertex 7.485 -12.9644 0
    endloop
  endfacet
  facet normal 0.77299 -0.634418 0
    outer loop
      vertex 11.255 -9.87041 3.2
      vertex 11.8765 -9.11316 0
      vertex 11.8765 -9.11316 3.2
    endloop
  endfacet
  facet normal 0.77299 -0.634418 0
    outer loop
      vertex 11.8765 -9.11316 0
      vertex 11.255 -9.87041 3.2
      vertex 11.255 -9.87041 0
    endloop
  endfacet
  facet normal 0.935928 -0.35219 0
    outer loop
      vertex 13.8305 -5.72877 3.2
      vertex 14.1755 -4.81195 0
      vertex 14.1755 -4.81195 3.2
    endloop
  endfacet
  facet normal 0.935928 -0.35219 0
    outer loop
      vertex 14.1755 -4.81195 0
      vertex 13.8305 -5.72877 3.2
      vertex 13.8305 -5.72877 0
    endloop
  endfacet
  facet normal -0.634418 -0.77299 0
    outer loop
      vertex -9.87041 -11.255 0
      vertex -9.11316 -11.8765 3.2
      vertex -9.87041 -11.255 3.2
    endloop
  endfacet
  facet normal -0.634418 -0.77299 -0
    outer loop
      vertex -9.11316 -11.8765 3.2
      vertex -9.87041 -11.255 0
      vertex -9.11316 -11.8765 0
    endloop
  endfacet
  facet normal -0.412714 -0.910861 0
    outer loop
      vertex -6.62106 -13.4262 0
      vertex -5.72877 -13.8305 3.2
      vertex -6.62106 -13.4262 3.2
    endloop
  endfacet
  facet normal -0.412714 -0.910861 -0
    outer loop
      vertex -5.72877 -13.8305 3.2
      vertex -6.62106 -13.4262 0
      vertex -5.72877 -13.8305 0
    endloop
  endfacet
  facet normal -0.0327681 -0.999463 0
    outer loop
      vertex -0.979084 -14.9379 0
      vertex 0 -14.97 3.2
      vertex -0.979084 -14.9379 3.2
    endloop
  endfacet
  facet normal -0.0327681 -0.999463 -0
    outer loop
      vertex 0 -14.97 3.2
      vertex -0.979084 -14.9379 0
      vertex 0 -14.97 0
    endloop
  endfacet
  facet normal -0.881915 -0.471408 0
    outer loop
      vertex -12.9644 -7.485 0
      vertex -13.4262 -6.62106 3.2
      vertex -13.4262 -6.62106 0
    endloop
  endfacet
  facet normal -0.881915 -0.471408 0
    outer loop
      vertex -13.4262 -6.62106 3.2
      vertex -12.9644 -7.485 0
      vertex -12.9644 -7.485 3.2
    endloop
  endfacet
  facet normal -0.729895 -0.683559 0
    outer loop
      vertex -10.5854 -10.5854 0
      vertex -11.255 -9.87041 3.2
      vertex -11.255 -9.87041 0
    endloop
  endfacet
  facet normal -0.729895 -0.683559 0
    outer loop
      vertex -11.255 -9.87041 3.2
      vertex -10.5854 -10.5854 0
      vertex -10.5854 -10.5854 3.2
    endloop
  endfacet
  facet normal -0.956931 -0.290316 0
    outer loop
      vertex -14.1755 -4.81195 0
      vertex -14.4599 -3.87452 3.2
      vertex -14.4599 -3.87452 0
    endloop
  endfacet
  facet normal -0.956931 -0.290316 0
    outer loop
      vertex -14.4599 -3.87452 3.2
      vertex -14.1755 -4.81195 0
      vertex -14.1755 -4.81195 3.2
    endloop
  endfacet
  facet normal -0.995187 -0.0979981 0
    outer loop
      vertex -14.8419 -1.95398 0
      vertex -14.9379 -0.979084 3.2
      vertex -14.9379 -0.979084 0
    endloop
  endfacet
  facet normal -0.995187 -0.0979981 0
    outer loop
      vertex -14.9379 -0.979084 3.2
      vertex -14.8419 -1.95398 0
      vertex -14.8419 -1.95398 3.2
    endloop
  endfacet
  facet normal 0.999462 0.0327886 0
    outer loop
      vertex 10.3 0 26
      vertex 10.2779 0.673652 24.25
      vertex 10.2779 0.673652 26
    endloop
  endfacet
  facet normal 0.999462 0.0327886 0
    outer loop
      vertex 10.2779 0.673652 24.25
      vertex 10.3 0 26
      vertex 10.3 0 24.25
    endloop
  endfacet
  facet normal -0.999462 0.0327886 0
    outer loop
      vertex -10.3 0 24.25
      vertex -10.2779 0.673652 26
      vertex -10.2779 0.673652 24.25
    endloop
  endfacet
  facet normal -0.999462 0.0327886 0
    outer loop
      vertex -10.2779 0.673652 26
      vertex -10.3 0 24.25
      vertex -10.3 0 26
    endloop
  endfacet
  facet normal -0.0327886 0.999462 0
    outer loop
      vertex 0 10.3 24.25
      vertex -0.673652 10.2779 26
      vertex 0 10.3 26
    endloop
  endfacet
  facet normal -0.0327886 0.999462 0
    outer loop
      vertex -0.673652 10.2779 26
      vertex 0 10.3 24.25
      vertex -0.673652 10.2779 24.25
    endloop
  endfacet
  facet normal 0.0327886 -0.999462 0
    outer loop
      vertex 0 -10.3 24.25
      vertex 0.673652 -10.2779 26
      vertex 0 -10.3 26
    endloop
  endfacet
  facet normal 0.0327886 -0.999462 0
    outer loop
      vertex 0.673652 -10.2779 26
      vertex 0 -10.3 24.25
      vertex 0.673652 -10.2779 24.25
    endloop
  endfacet
  facet normal 0.683591 0.729866 -0
    outer loop
      vertex 7.2832 7.2832 24.25
      vertex 6.79126 7.74395 26
      vertex 7.2832 7.2832 26
    endloop
  endfacet
  facet normal 0.683591 0.729866 0
    outer loop
      vertex 6.79126 7.74395 26
      vertex 7.2832 7.2832 24.25
      vertex 6.79126 7.74395 24.25
    endloop
  endfacet
  facet normal -0.729866 0.683591 0
    outer loop
      vertex -7.74395 6.79126 24.25
      vertex -7.2832 7.2832 26
      vertex -7.2832 7.2832 24.25
    endloop
  endfacet
  facet normal -0.729866 0.683591 0
    outer loop
      vertex -7.2832 7.2832 26
      vertex -7.74395 6.79126 24.25
      vertex -7.74395 6.79126 26
    endloop
  endfacet
  facet normal 0.910863 0.412709 0
    outer loop
      vertex 9.51596 3.94164 26
      vertex 9.23779 4.55557 24.25
      vertex 9.23779 4.55557 26
    endloop
  endfacet
  facet normal 0.910863 0.412709 0
    outer loop
      vertex 9.23779 4.55557 24.25
      vertex 9.51596 3.94164 26
      vertex 9.51596 3.94164 24.25
    endloop
  endfacet
  facet normal 0.58248 0.812845 -0
    outer loop
      vertex 6.27024 8.17154 24.25
      vertex 5.72237 8.56414 26
      vertex 6.27024 8.17154 26
    endloop
  endfacet
  facet normal 0.58248 0.812845 0
    outer loop
      vertex 5.72237 8.56414 26
      vertex 6.27024 8.17154 24.25
      vertex 5.72237 8.56414 24.25
    endloop
  endfacet
  facet normal -0.881921 0.471397 0
    outer loop
      vertex -9.23779 4.55557 24.25
      vertex -8.92006 5.15 26
      vertex -8.92006 5.15 24.25
    endloop
  endfacet
  facet normal -0.881921 0.471397 0
    outer loop
      vertex -8.92006 5.15 26
      vertex -9.23779 4.55557 24.25
      vertex -9.23779 4.55557 26
    endloop
  endfacet
  facet normal -0.683591 0.729866 0
    outer loop
      vertex -6.79126 7.74395 24.25
      vertex -7.2832 7.2832 26
      vertex -6.79126 7.74395 26
    endloop
  endfacet
  facet normal -0.683591 0.729866 0
    outer loop
      vertex -7.2832 7.2832 26
      vertex -6.79126 7.74395 24.25
      vertex -7.2832 7.2832 24.25
    endloop
  endfacet
  facet normal -0.162905 0.986642 0
    outer loop
      vertex -1.34442 10.2119 24.25
      vertex -2.00943 10.1021 26
      vertex -1.34442 10.2119 26
    endloop
  endfacet
  facet normal -0.162905 0.986642 0
    outer loop
      vertex -2.00943 10.1021 26
      vertex -1.34442 10.2119 24.25
      vertex -2.00943 10.1021 24.25
    endloop
  endfacet
  facet normal 0.986642 0.162905 0
    outer loop
      vertex 10.2119 1.34442 26
      vertex 10.1021 2.00943 24.25
      vertex 10.1021 2.00943 26
    endloop
  endfacet
  facet normal 0.986642 0.162905 0
    outer loop
      vertex 10.1021 2.00943 24.25
      vertex 10.2119 1.34442 26
      vertex 10.2119 1.34442 24.25
    endloop
  endfacet
  facet normal 0.995194 0.0979218 0
    outer loop
      vertex 10.2779 0.673652 26
      vertex 10.2119 1.34442 24.25
      vertex 10.2119 1.34442 26
    endloop
  endfacet
  facet normal 0.995194 0.0979218 0
    outer loop
      vertex 10.2119 1.34442 24.25
      vertex 10.2779 0.673652 26
      vertex 10.2779 0.673652 24.25
    endloop
  endfacet
  facet normal 0.956939 0.290291 0
    outer loop
      vertex 9.94904 2.66584 26
      vertex 9.75338 3.31083 24.25
      vertex 9.75338 3.31083 26
    endloop
  endfacet
  facet normal 0.956939 0.290291 0
    outer loop
      vertex 9.75338 3.31083 24.25
      vertex 9.94904 2.66584 26
      vertex 9.94904 2.66584 24.25
    endloop
  endfacet
  facet normal 0.812845 0.58248 0
    outer loop
      vertex 8.56414 5.72237 26
      vertex 8.17154 6.27024 24.25
      vertex 8.17154 6.27024 26
    endloop
  endfacet
  facet normal 0.812845 0.58248 0
    outer loop
      vertex 8.17154 6.27024 24.25
      vertex 8.56414 5.72237 26
      vertex 8.56414 5.72237 24.25
    endloop
  endfacet
  facet normal 0.77301 0.634393 0
    outer loop
      vertex 8.17154 6.27024 26
      vertex 7.74395 6.79126 24.25
      vertex 7.74395 6.79126 26
    endloop
  endfacet
  facet normal 0.77301 0.634393 0
    outer loop
      vertex 7.74395 6.79126 24.25
      vertex 8.17154 6.27024 26
      vertex 8.17154 6.27024 24.25
    endloop
  endfacet
  facet normal 0.162905 0.986642 -0
    outer loop
      vertex 2.00943 10.1021 24.25
      vertex 1.34442 10.2119 26
      vertex 2.00943 10.1021 26
    endloop
  endfacet
  facet normal 0.162905 0.986642 0
    outer loop
      vertex 1.34442 10.2119 26
      vertex 2.00943 10.1021 24.25
      vertex 1.34442 10.2119 24.25
    endloop
  endfacet
  facet normal 0.0979218 0.995194 -0
    outer loop
      vertex 1.34442 10.2119 24.25
      vertex 0.673652 10.2779 26
      vertex 1.34442 10.2119 26
    endloop
  endfacet
  facet normal 0.0979218 0.995194 0
    outer loop
      vertex 0.673652 10.2779 26
      vertex 1.34442 10.2119 24.25
      vertex 0.673652 10.2779 24.25
    endloop
  endfacet
  facet normal 0.412709 0.910863 -0
    outer loop
      vertex 4.55557 9.23779 24.25
      vertex 3.94164 9.51596 26
      vertex 4.55557 9.23779 26
    endloop
  endfacet
  facet normal 0.412709 0.910863 0
    outer loop
      vertex 3.94164 9.51596 26
      vertex 4.55557 9.23779 24.25
      vertex 3.94164 9.51596 24.25
    endloop
  endfacet
  facet normal 0.634393 0.77301 -0
    outer loop
      vertex 6.79126 7.74395 24.25
      vertex 6.27024 8.17154 26
      vertex 6.79126 7.74395 26
    endloop
  endfacet
  facet normal 0.634393 0.77301 0
    outer loop
      vertex 6.27024 8.17154 26
      vertex 6.79126 7.74395 24.25
      vertex 6.27024 8.17154 24.25
    endloop
  endfacet
  facet normal -0.986642 0.162905 0
    outer loop
      vertex -10.2119 1.34442 24.25
      vertex -10.1021 2.00943 26
      vertex -10.1021 2.00943 24.25
    endloop
  endfacet
  facet normal -0.986642 0.162905 0
    outer loop
      vertex -10.1021 2.00943 26
      vertex -10.2119 1.34442 24.25
      vertex -10.2119 1.34442 26
    endloop
  endfacet
  facet normal -0.995194 0.0979218 0
    outer loop
      vertex -10.2779 0.673652 24.25
      vertex -10.2119 1.34442 26
      vertex -10.2119 1.34442 24.25
    endloop
  endfacet
  facet normal -0.995194 0.0979218 0
    outer loop
      vertex -10.2119 1.34442 26
      vertex -10.2779 0.673652 24.25
      vertex -10.2779 0.673652 26
    endloop
  endfacet
  facet normal 0 0 1
    outer loop
      vertex 10.2779 0.673652 26
      vertex 10.2779 -0.673652 26
      vertex 10.3 0 26
    endloop
  endfacet
  facet normal 0 0 1
    outer loop
      vertex 10.2119 1.34442 26
      vertex 10.2779 -0.673652 26
      vertex 10.2779 0.673652 26
    endloop
  endfacet
  facet normal 0 0 1
    outer loop
      vertex 10.2119 1.34442 26
      vertex 10.2119 -1.34442 26
      vertex 10.2779 -0.673652 26
    endloop
  endfacet
  facet normal 0 0 1
    outer loop
      vertex 10.1021 2.00943 26
      vertex 10.2119 -1.34442 26
      vertex 10.2119 1.34442 26
    endloop
  endfacet
  facet normal 0 0 1
    outer loop
      vertex 10.1021 2.00943 26
      vertex 10.1021 -2.00943 26
      vertex 10.2119 -1.34442 26
    endloop
  endfacet
  facet normal 0 0 1
    outer loop
      vertex 9.94904 2.66584 26
      vertex 10.1021 -2.00943 26
      vertex 10.1021 2.00943 26
    endloop
  endfacet
  facet normal 0 0 1
    outer loop
      vertex 9.94904 2.66584 26
      vertex 9.94904 -2.66584 26
      vertex 10.1021 -2.00943 26
    endloop
  endfacet
  facet normal 0 0 1
    outer loop
      vertex 9.75338 3.31083 26
      vertex 9.94904 -2.66584 26
      vertex 9.94904 2.66584 26
    endloop
  endfacet
  facet normal 0 0 1
    outer loop
      vertex 9.75338 3.31083 26
      vertex 9.75338 -3.31083 26
      vertex 9.94904 -2.66584 26
    endloop
  endfacet
  facet normal 0 0 1
    outer loop
      vertex 9.51596 3.94164 26
      vertex 9.75338 -3.31083 26
      vertex 9.75338 3.31083 26
    endloop
  endfacet
  facet normal 0 0 1
    outer loop
      vertex 9.51596 3.94164 26
      vertex 9.51596 -3.94164 26
      vertex 9.75338 -3.31083 26
    endloop
  endfacet
  facet normal 0 0 1
    outer loop
      vertex 9.23779 4.55557 26
      vertex 9.51596 -3.94164 26
      vertex 9.51596 3.94164 26
    endloop
  endfacet
  facet normal 0 0 1
    outer loop
      vertex 9.23779 4.55557 26
      vertex 9.23779 -4.55557 26
      vertex 9.51596 -3.94164 26
    endloop
  endfacet
  facet normal 0 0 1
    outer loop
      vertex 8.92006 5.15 26
      vertex 9.23779 -4.55557 26
      vertex 9.23779 4.55557 26
    endloop
  endfacet
  facet normal 0 0 1
    outer loop
      vertex 8.92006 5.15 26
      vertex 8.92006 -5.15 26
      vertex 9.23779 -4.55557 26
    endloop
  endfacet
  facet normal 0 0 1
    outer loop
      vertex 8.56414 5.72237 26
      vertex 8.92006 -5.15 26
      vertex 8.92006 5.15 26
    endloop
  endfacet
  facet normal 0 0 1
    outer loop
      vertex 8.56414 5.72237 26
      vertex 8.56414 -5.72237 26
      vertex 8.92006 -5.15 26
    endloop
  endfacet
  facet normal 0 0 1
    outer loop
      vertex 8.17154 6.27024 26
      vertex 8.56414 -5.72237 26
      vertex 8.56414 5.72237 26
    endloop
  endfacet
  facet normal 0 0 1
    outer loop
      vertex 8.17154 6.27024 26
      vertex 8.17154 -6.27024 26
      vertex 8.56414 -5.72237 26
    endloop
  endfacet
  facet normal 0 0 1
    outer loop
      vertex 7.74395 6.79126 26
      vertex 8.17154 -6.27024 26
      vertex 8.17154 6.27024 26
    endloop
  endfacet
  facet normal 0 0 1
    outer loop
      vertex 7.74395 6.79126 26
      vertex 7.74395 -6.79126 26
      vertex 8.17154 -6.27024 26
    endloop
  endfacet
  facet normal 0 0 1
    outer loop
      vertex 7.2832 7.2832 26
      vertex 7.74395 -6.79126 26
      vertex 7.74395 6.79126 26
    endloop
  endfacet
  facet normal 0 0 1
    outer loop
      vertex 7.2832 7.2832 26
      vertex 7.2832 -7.2832 26
      vertex 7.74395 -6.79126 26
    endloop
  endfacet
  facet normal 0 0 1
    outer loop
      vertex 6.79126 7.74395 26
      vertex 7.2832 -7.2832 26
      vertex 7.2832 7.2832 26
    endloop
  endfacet
  facet normal 0 0 1
    outer loop
      vertex 6.79126 7.74395 26
      vertex 6.79126 -7.74395 26
      vertex 7.2832 -7.2832 26
    endloop
  endfacet
  facet normal 0 0 1
    outer loop
      vertex 6.27024 8.17154 26
      vertex 6.79126 -7.74395 26
      vertex 6.79126 7.74395 26
    endloop
  endfacet
  facet normal 0 0 1
    outer loop
      vertex 6.27024 8.17154 26
      vertex 6.27024 -8.17154 26
      vertex 6.79126 -7.74395 26
    endloop
  endfacet
  facet normal 0 0 1
    outer loop
      vertex 5.72237 8.56414 26
      vertex 6.27024 -8.17154 26
      vertex 6.27024 8.17154 26
    endloop
  endfacet
  facet normal 0 0 1
    outer loop
      vertex 5.72237 8.56414 26
      vertex 5.72237 -8.56414 26
      vertex 6.27024 -8.17154 26
    endloop
  endfacet
  facet normal 0 0 1
    outer loop
      vertex 5.15 8.92006 26
      vertex 5.72237 -8.56414 26
      vertex 5.72237 8.56414 26
    endloop
  endfacet
  facet normal 0 0 1
    outer loop
      vertex 5.15 8.92006 26
      vertex 5.15 -8.92006 26
      vertex 5.72237 -8.56414 26
    endloop
  endfacet
  facet normal 0 0 1
    outer loop
      vertex 4.55557 9.23779 26
      vertex 5.15 -8.92006 26
      vertex 5.15 8.92006 26
    endloop
  endfacet
  facet normal 0 0 1
    outer loop
      vertex 4.55557 9.23779 26
      vertex 4.55557 -9.23779 26
      vertex 5.15 -8.92006 26
    endloop
  endfacet
  facet normal 0 0 1
    outer loop
      vertex 3.94164 9.51596 26
      vertex 4.55557 -9.23779 26
      vertex 4.55557 9.23779 26
    endloop
  endfacet
  facet normal 0 0 1
    outer loop
      vertex 3.94164 9.51596 26
      vertex 3.94164 -9.51596 26
      vertex 4.55557 -9.23779 26
    endloop
  endfacet
  facet normal 0 0 1
    outer loop
      vertex 3.31083 9.75338 26
      vertex 3.94164 -9.51596 26
      vertex 3.94164 9.51596 26
    endloop
  endfacet
  facet normal 0 0 1
    outer loop
      vertex 3.31083 9.75338 26
      vertex 3.31083 -9.75338 26
      vertex 3.94164 -9.51596 26
    endloop
  endfacet
  facet normal 0 0 1
    outer loop
      vertex 2.66584 9.94904 26
      vertex 3.31083 -9.75338 26
      vertex 3.31083 9.75338 26
    endloop
  endfacet
  facet normal 0 0 1
    outer loop
      vertex 2.66584 9.94904 26
      vertex 2.66584 -9.94904 26
      vertex 3.31083 -9.75338 26
    endloop
  endfacet
  facet normal 0 0 1
    outer loop
      vertex 2.00943 10.1021 26
      vertex 2.66584 -9.94904 26
      vertex 2.66584 9.94904 26
    endloop
  endfacet
  facet normal 0 0 1
    outer loop
      vertex 2.00943 10.1021 26
      vertex 2.00943 -10.1021 26
      vertex 2.66584 -9.94904 26
    endloop
  endfacet
  facet normal 0 0 1
    outer loop
      vertex 1.34442 10.2119 26
      vertex 2.00943 -10.1021 26
      vertex 2.00943 10.1021 26
    endloop
  endfacet
  facet normal 0 0 1
    outer loop
      vertex 1.34442 10.2119 26
      vertex 1.34442 -10.2119 26
      vertex 2.00943 -10.1021 26
    endloop
  endfacet
  facet normal 0 0 1
    outer loop
      vertex 0.673652 10.2779 26
      vertex 1.34442 -10.2119 26
      vertex 1.34442 10.2119 26
    endloop
  endfacet
  facet normal 0 0 1
    outer loop
      vertex 0.673652 10.2779 26
      vertex 0.673652 -10.2779 26
      vertex 1.34442 -10.2119 26
    endloop
  endfacet
  facet normal 0 0 1
    outer loop
      vertex 0 10.3 26
      vertex 0.673652 -10.2779 26
      vertex 0.673652 10.2779 26
    endloop
  endfacet
  facet normal 0 0 1
    outer loop
      vertex 0 10.3 26
      vertex 0 -10.3 26
      vertex 0.673652 -10.2779 26
    endloop
  endfacet
  facet normal -0 0 1
    outer loop
      vertex -0.673652 10.2779 26
      vertex 0 -10.3 26
      vertex 0 10.3 26
    endloop
  endfacet
  facet normal 0 0 1
    outer loop
      vertex -0.673652 10.2779 26
      vertex -0.673652 -10.2779 26
      vertex 0 -10.3 26
    endloop
  endfacet
  facet normal -0 0 1
    outer loop
      vertex -1.34442 10.2119 26
      vertex -0.673652 -10.2779 26
      vertex -0.673652 10.2779 26
    endloop
  endfacet
  facet normal 0 0 1
    outer loop
      vertex -1.34442 10.2119 26
      vertex -1.34442 -10.2119 26
      vertex -0.673652 -10.2779 26
    endloop
  endfacet
  facet normal -0 0 1
    outer loop
      vertex -2.00943 10.1021 26
      vertex -1.34442 -10.2119 26
      vertex -1.34442 10.2119 26
    endloop
  endfacet
  facet normal 0 0 1
    outer loop
      vertex -2.00943 10.1021 26
      vertex -2.00943 -10.1021 26
      vertex -1.34442 -10.2119 26
    endloop
  endfacet
  facet normal -0 0 1
    outer loop
      vertex -2.66584 9.94904 26
      vertex -2.00943 -10.1021 26
      vertex -2.00943 10.1021 26
    endloop
  endfacet
  facet normal 0 0 1
    outer loop
      vertex -2.66584 9.94904 26
      vertex -2.66584 -9.94904 26
      vertex -2.00943 -10.1021 26
    endloop
  endfacet
  facet normal -0 0 1
    outer loop
      vertex -3.31083 9.75338 26
      vertex -2.66584 -9.94904 26
      vertex -2.66584 9.94904 26
    endloop
  endfacet
  facet normal 0 0 1
    outer loop
      vertex -3.31083 9.75338 26
      vertex -3.31083 -9.75338 26
      vertex -2.66584 -9.94904 26
    endloop
  endfacet
  facet normal -0 0 1
    outer loop
      vertex -3.94164 9.51596 26
      vertex -3.31083 -9.75338 26
      vertex -3.31083 9.75338 26
    endloop
  endfacet
  facet normal 0 0 1
    outer loop
      vertex -3.94164 9.51596 26
      vertex -3.94164 -9.51596 26
      vertex -3.31083 -9.75338 26
    endloop
  endfacet
  facet normal -0 0 1
    outer loop
      vertex -4.55557 9.23779 26
      vertex -3.94164 -9.51596 26
      vertex -3.94164 9.51596 26
    endloop
  endfacet
  facet normal 0 0 1
    outer loop
      vertex -4.55557 9.23779 26
      vertex -4.55557 -9.23779 26
      vertex -3.94164 -9.51596 26
    endloop
  endfacet
  facet normal -0 0 1
    outer loop
      vertex -5.15 8.92006 26
      vertex -4.55557 -9.23779 26
      vertex -4.55557 9.23779 26
    endloop
  endfacet
  facet normal 0 0 1
    outer loop
      vertex -5.15 8.92006 26
      vertex -5.15 -8.92006 26
      vertex -4.55557 -9.23779 26
    endloop
  endfacet
  facet normal -0 0 1
    outer loop
      vertex -5.72237 8.56414 26
      vertex -5.15 -8.92006 26
      vertex -5.15 8.92006 26
    endloop
  endfacet
  facet normal 0 0 1
    outer loop
      vertex -5.72237 8.56414 26
      vertex -5.72237 -8.56414 26
      vertex -5.15 -8.92006 26
    endloop
  endfacet
  facet normal -0 0 1
    outer loop
      vertex -6.27024 8.17154 26
      vertex -5.72237 -8.56414 26
      vertex -5.72237 8.56414 26
    endloop
  endfacet
  facet normal 0 0 1
    outer loop
      vertex -6.27024 8.17154 26
      vertex -6.27024 -8.17154 26
      vertex -5.72237 -8.56414 26
    endloop
  endfacet
  facet normal -0 0 1
    outer loop
      vertex -6.79126 7.74395 26
      vertex -6.27024 -8.17154 26
      vertex -6.27024 8.17154 26
    endloop
  endfacet
  facet normal 0 0 1
    outer loop
      vertex -6.79126 7.74395 26
      vertex -6.79126 -7.74395 26
      vertex -6.27024 -8.17154 26
    endloop
  endfacet
  facet normal -0 0 1
    outer loop
      vertex -7.2832 7.2832 26
      vertex -6.79126 -7.74395 26
      vertex -6.79126 7.74395 26
    endloop
  endfacet
  facet normal 0 0 1
    outer loop
      vertex -7.2832 7.2832 26
      vertex -7.2832 -7.2832 26
      vertex -6.79126 -7.74395 26
    endloop
  endfacet
  facet normal -0 0 1
    outer loop
      vertex -7.74395 6.79126 26
      vertex -7.2832 -7.2832 26
      vertex -7.2832 7.2832 26
    endloop
  endfacet
  facet normal 0 0 1
    outer loop
      vertex -7.74395 6.79126 26
      vertex -7.74395 -6.79126 26
      vertex -7.2832 -7.2832 26
    endloop
  endfacet
  facet normal -0 0 1
    outer loop
      vertex -8.17154 6.27024 26
      vertex -7.74395 -6.79126 26
      vertex -7.74395 6.79126 26
    endloop
  endfacet
  facet normal 0 0 1
    outer loop
      vertex -8.17154 6.27024 26
      vertex -8.17154 -6.27024 26
      vertex -7.74395 -6.79126 26
    endloop
  endfacet
  facet normal -0 0 1
    outer loop
      vertex -8.56414 5.72237 26
      vertex -8.17154 -6.27024 26
      vertex -8.17154 6.27024 26
    endloop
  endfacet
  facet normal 0 0 1
    outer loop
      vertex -8.56414 5.72237 26
      vertex -8.56414 -5.72237 26
      vertex -8.17154 -6.27024 26
    endloop
  endfacet
  facet normal -0 0 1
    outer loop
      vertex -8.92006 5.15 26
      vertex -8.56414 -5.72237 26
      vertex -8.56414 5.72237 26
    endloop
  endfacet
  facet normal 0 0 1
    outer loop
      vertex -8.92006 5.15 26
      vertex -8.92006 -5.15 26
      vertex -8.56414 -5.72237 26
    endloop
  endfacet
  facet normal -0 0 1
    outer loop
      vertex -9.23779 4.55557 26
      vertex -8.92006 -5.15 26
      vertex -8.92006 5.15 26
    endloop
  endfacet
  facet normal 0 0 1
    outer loop
      vertex -9.23779 4.55557 26
      vertex -9.23779 -4.55557 26
      vertex -8.92006 -5.15 26
    endloop
  endfacet
  facet normal -0 0 1
    outer loop
      vertex -9.51596 3.94164 26
      vertex -9.23779 -4.55557 26
      vertex -9.23779 4.55557 26
    endloop
  endfacet
  facet normal 0 0 1
    outer loop
      vertex -9.51596 3.94164 26
      vertex -9.51596 -3.94164 26
      vertex -9.23779 -4.55557 26
    endloop
  endfacet
  facet normal -0 0 1
    outer loop
      vertex -9.75338 3.31083 26
      vertex -9.51596 -3.94164 26
      vertex -9.51596 3.94164 26
    endloop
  endfacet
  facet normal 0 0 1
    outer loop
      vertex -9.75338 3.31083 26
      vertex -9.75338 -3.31083 26
      vertex -9.51596 -3.94164 26
    endloop
  endfacet
  facet normal -0 0 1
    outer loop
      vertex -9.94904 2.66584 26
      vertex -9.75338 -3.31083 26
      vertex -9.75338 3.31083 26
    endloop
  endfacet
  facet normal 0 0 1
    outer loop
      vertex -9.94904 2.66584 26
      vertex -9.94904 -2.66584 26
      vertex -9.75338 -3.31083 26
    endloop
  endfacet
  facet normal -0 0 1
    outer loop
      vertex -10.1021 2.00943 26
      vertex -9.94904 -2.66584 26
      vertex -9.94904 2.66584 26
    endloop
  endfacet
  facet normal 0 0 1
    outer loop
      vertex -10.1021 2.00943 26
      vertex -10.1021 -2.00943 26
      vertex -9.94904 -2.66584 26
    endloop
  endfacet
  facet normal -0 0 1
    outer loop
      vertex -10.2119 1.34442 26
      vertex -10.1021 -2.00943 26
      vertex -10.1021 2.00943 26
    endloop
  endfacet
  facet normal 0 0 1
    outer loop
      vertex -10.2119 1.34442 26
      vertex -10.2119 -1.34442 26
      vertex -10.1021 -2.00943 26
    endloop
  endfacet
  facet normal -0 0 1
    outer loop
      vertex -10.2779 0.673652 26
      vertex -10.2119 -1.34442 26
      vertex -10.2119 1.34442 26
    endloop
  endfacet
  facet normal 0 0 1
    outer loop
      vertex -10.2779 0.673652 26
      vertex -10.2779 -0.673652 26
      vertex -10.2119 -1.34442 26
    endloop
  endfacet
  facet normal 0 -0 1
    outer loop
      vertex -10.2779 -0.673652 26
      vertex -10.2779 0.673652 26
      vertex -10.3 0 26
    endloop
  endfacet
  facet normal -0.58248 0.812845 0
    outer loop
      vertex -5.72237 8.56414 24.25
      vertex -6.27024 8.17154 26
      vertex -5.72237 8.56414 26
    endloop
  endfacet
  facet normal -0.58248 0.812845 0
    outer loop
      vertex -6.27024 8.17154 26
      vertex -5.72237 8.56414 24.25
      vertex -6.27024 8.17154 24.25
    endloop
  endfacet
  facet normal -0.35225 0.935906 0
    outer loop
      vertex -3.31083 9.75338 24.25
      vertex -3.94164 9.51596 26
      vertex -3.31083 9.75338 26
    endloop
  endfacet
  facet normal -0.35225 0.935906 0
    outer loop
      vertex -3.94164 9.51596 26
      vertex -3.31083 9.75338 24.25
      vertex -3.94164 9.51596 24.25
    endloop
  endfacet
  facet normal -0.0979218 0.995194 0
    outer loop
      vertex -0.673652 10.2779 24.25
      vertex -1.34442 10.2119 26
      vertex -0.673652 10.2779 26
    endloop
  endfacet
  facet normal -0.0979218 0.995194 0
    outer loop
      vertex -1.34442 10.2119 26
      vertex -0.673652 10.2779 24.25
      vertex -1.34442 10.2119 24.25
    endloop
  endfacet
  facet normal -0.35225 -0.935906 0
    outer loop
      vertex -3.94164 -9.51596 24.25
      vertex -3.31083 -9.75338 26
      vertex -3.94164 -9.51596 26
    endloop
  endfacet
  facet normal -0.35225 -0.935906 -0
    outer loop
      vertex -3.31083 -9.75338 26
      vertex -3.94164 -9.51596 24.25
      vertex -3.31083 -9.75338 24.25
    endloop
  endfacet
  facet normal -0.910863 -0.412709 0
    outer loop
      vertex -9.23779 -4.55557 24.25
      vertex -9.51596 -3.94164 26
      vertex -9.51596 -3.94164 24.25
    endloop
  endfacet
  facet normal -0.910863 -0.412709 0
    outer loop
      vertex -9.51596 -3.94164 26
      vertex -9.23779 -4.55557 24.25
      vertex -9.23779 -4.55557 26
    endloop
  endfacet
  facet normal 0 0 -1
    outer loop
      vertex 10.2779 -0.673652 24.25
      vertex 10.2779 0.673652 24.25
      vertex 10.3 0 24.25
    endloop
  endfacet
  facet normal 0 0 -1
    outer loop
      vertex 10.2119 -1.34442 24.25
      vertex 10.2779 0.673652 24.25
      vertex 10.2779 -0.673652 24.25
    endloop
  endfacet
  facet normal 0 0 -1
    outer loop
      vertex 10.2119 -1.34442 24.25
      vertex 10.2119 1.34442 24.25
      vertex 10.2779 0.673652 24.25
    endloop
  endfacet
  facet normal 0 0 -1
    outer loop
      vertex 10.1021 -2.00943 24.25
      vertex 10.2119 1.34442 24.25
      vertex 10.2119 -1.34442 24.25
    endloop
  endfacet
  facet normal 0 0 -1
    outer loop
      vertex 10.1021 -2.00943 24.25
      vertex 10.1021 2.00943 24.25
      vertex 10.2119 1.34442 24.25
    endloop
  endfacet
  facet normal 0 0 -1
    outer loop
      vertex 9.94904 -2.66584 24.25
      vertex 10.1021 2.00943 24.25
      vertex 10.1021 -2.00943 24.25
    endloop
  endfacet
  facet normal 0 0 -1
    outer loop
      vertex 9.94904 -2.66584 24.25
      vertex 9.94904 2.66584 24.25
      vertex 10.1021 2.00943 24.25
    endloop
  endfacet
  facet normal 0 0 -1
    outer loop
      vertex 9.75338 -3.31083 24.25
      vertex 9.94904 2.66584 24.25
      vertex 9.94904 -2.66584 24.25
    endloop
  endfacet
  facet normal 0 0 -1
    outer loop
      vertex 9.75338 -3.31083 24.25
      vertex 9.75338 3.31083 24.25
      vertex 9.94904 2.66584 24.25
    endloop
  endfacet
  facet normal 0 0 -1
    outer loop
      vertex 9.51596 -3.94164 24.25
      vertex 9.75338 3.31083 24.25
      vertex 9.75338 -3.31083 24.25
    endloop
  endfacet
  facet normal 0 0 -1
    outer loop
      vertex 9.51596 -3.94164 24.25
      vertex 9.51596 3.94164 24.25
      vertex 9.75338 3.31083 24.25
    endloop
  endfacet
  facet normal 0 0 -1
    outer loop
      vertex 9.23779 -4.55557 24.25
      vertex 9.51596 3.94164 24.25
      vertex 9.51596 -3.94164 24.25
    endloop
  endfacet
  facet normal 0 0 -1
    outer loop
      vertex 9.23779 -4.55557 24.25
      vertex 9.23779 4.55557 24.25
      vertex 9.51596 3.94164 24.25
    endloop
  endfacet
  facet normal 0 0 -1
    outer loop
      vertex 8.92006 -5.15 24.25
      vertex 9.23779 4.55557 24.25
      vertex 9.23779 -4.55557 24.25
    endloop
  endfacet
  facet normal 0 0 -1
    outer loop
      vertex 8.92006 -5.15 24.25
      vertex 8.92006 5.15 24.25
      vertex 9.23779 4.55557 24.25
    endloop
  endfacet
  facet normal 0 0 -1
    outer loop
      vertex 8.56414 -5.72237 24.25
      vertex 8.92006 5.15 24.25
      vertex 8.92006 -5.15 24.25
    endloop
  endfacet
  facet normal 0 0 -1
    outer loop
      vertex 8.56414 -5.72237 24.25
      vertex 8.56414 5.72237 24.25
      vertex 8.92006 5.15 24.25
    endloop
  endfacet
  facet normal 0 0 -1
    outer loop
      vertex 8.17154 -6.27024 24.25
      vertex 8.56414 5.72237 24.25
      vertex 8.56414 -5.72237 24.25
    endloop
  endfacet
  facet normal 0 0 -1
    outer loop
      vertex 8.17154 -6.27024 24.25
      vertex 8.17154 6.27024 24.25
      vertex 8.56414 5.72237 24.25
    endloop
  endfacet
  facet normal 0 0 -1
    outer loop
      vertex 7.74395 -6.79126 24.25
      vertex 8.17154 6.27024 24.25
      vertex 8.17154 -6.27024 24.25
    endloop
  endfacet
  facet normal 0 0 -1
    outer loop
      vertex 7.74395 -6.79126 24.25
      vertex 7.74395 6.79126 24.25
      vertex 8.17154 6.27024 24.25
    endloop
  endfacet
  facet normal 0 0 -1
    outer loop
      vertex 7.2832 -7.2832 24.25
      vertex 7.74395 6.79126 24.25
      vertex 7.74395 -6.79126 24.25
    endloop
  endfacet
  facet normal 0 0 -1
    outer loop
      vertex 7.2832 -7.2832 24.25
      vertex 7.2832 7.2832 24.25
      vertex 7.74395 6.79126 24.25
    endloop
  endfacet
  facet normal 0 0 -1
    outer loop
      vertex 6.79126 -7.74395 24.25
      vertex 7.2832 7.2832 24.25
      vertex 7.2832 -7.2832 24.25
    endloop
  endfacet
  facet normal 0 0 -1
    outer loop
      vertex 6.79126 -7.74395 24.25
      vertex 6.79126 7.74395 24.25
      vertex 7.2832 7.2832 24.25
    endloop
  endfacet
  facet normal 0 0 -1
    outer loop
      vertex 6.27024 -8.17154 24.25
      vertex 6.79126 7.74395 24.25
      vertex 6.79126 -7.74395 24.25
    endloop
  endfacet
  facet normal 0 0 -1
    outer loop
      vertex 6.27024 -8.17154 24.25
      vertex 6.27024 8.17154 24.25
      vertex 6.79126 7.74395 24.25
    endloop
  endfacet
  facet normal 0 0 -1
    outer loop
      vertex 5.72237 -8.56414 24.25
      vertex 6.27024 8.17154 24.25
      vertex 6.27024 -8.17154 24.25
    endloop
  endfacet
  facet normal 0 0 -1
    outer loop
      vertex 5.72237 -8.56414 24.25
      vertex 5.72237 8.56414 24.25
      vertex 6.27024 8.17154 24.25
    endloop
  endfacet
  facet normal 0 0 -1
    outer loop
      vertex 5.15 -8.92006 24.25
      vertex 5.72237 8.56414 24.25
      vertex 5.72237 -8.56414 24.25
    endloop
  endfacet
  facet normal 0 0 -1
    outer loop
      vertex 5.15 -8.92006 24.25
      vertex 5.15 8.92006 24.25
      vertex 5.72237 8.56414 24.25
    endloop
  endfacet
  facet normal 0 0 -1
    outer loop
      vertex 4.55557 -9.23779 24.25
      vertex 5.15 8.92006 24.25
      vertex 5.15 -8.92006 24.25
    endloop
  endfacet
  facet normal 0 0 -1
    outer loop
      vertex 4.55557 -9.23779 24.25
      vertex 4.55557 9.23779 24.25
      vertex 5.15 8.92006 24.25
    endloop
  endfacet
  facet normal 0 0 -1
    outer loop
      vertex 3.94164 -9.51596 24.25
      vertex 4.55557 9.23779 24.25
      vertex 4.55557 -9.23779 24.25
    endloop
  endfacet
  facet normal 0 0 -1
    outer loop
      vertex 3.94164 -9.51596 24.25
      vertex 3.94164 9.51596 24.25
      vertex 4.55557 9.23779 24.25
    endloop
  endfacet
  facet normal 0 0 -1
    outer loop
      vertex 3.31083 -9.75338 24.25
      vertex 3.94164 9.51596 24.25
      vertex 3.94164 -9.51596 24.25
    endloop
  endfacet
  facet normal 0 0 -1
    outer loop
      vertex 3.31083 -9.75338 24.25
      vertex 3.31083 9.75338 24.25
      vertex 3.94164 9.51596 24.25
    endloop
  endfacet
  facet normal 0 0 -1
    outer loop
      vertex 2.66584 -9.94904 24.25
      vertex 3.31083 9.75338 24.25
      vertex 3.31083 -9.75338 24.25
    endloop
  endfacet
  facet normal 0 0 -1
    outer loop
      vertex 2.66584 -9.94904 24.25
      vertex 2.66584 9.94904 24.25
      vertex 3.31083 9.75338 24.25
    endloop
  endfacet
  facet normal 0 0 -1
    outer loop
      vertex 2.00943 -10.1021 24.25
      vertex 2.66584 9.94904 24.25
      vertex 2.66584 -9.94904 24.25
    endloop
  endfacet
  facet normal 0 0 -1
    outer loop
      vertex 2.00943 -10.1021 24.25
      vertex 2.00943 10.1021 24.25
      vertex 2.66584 9.94904 24.25
    endloop
  endfacet
  facet normal 0 0 -1
    outer loop
      vertex 1.34442 -10.2119 24.25
      vertex 2.00943 10.1021 24.25
      vertex 2.00943 -10.1021 24.25
    endloop
  endfacet
  facet normal 0 0 -1
    outer loop
      vertex 1.34442 -10.2119 24.25
      vertex 1.34442 10.2119 24.25
      vertex 2.00943 10.1021 24.25
    endloop
  endfacet
  facet normal 0 0 -1
    outer loop
      vertex 0.673652 -10.2779 24.25
      vertex 1.34442 10.2119 24.25
      vertex 1.34442 -10.2119 24.25
    endloop
  endfacet
  facet normal 0 0 -1
    outer loop
      vertex 0.673652 -10.2779 24.25
      vertex 0.673652 10.2779 24.25
      vertex 1.34442 10.2119 24.25
    endloop
  endfacet
  facet normal 0 0 -1
    outer loop
      vertex 0 -10.3 24.25
      vertex 0.673652 10.2779 24.25
      vertex 0.673652 -10.2779 24.25
    endloop
  endfacet
  facet normal 0 0 -1
    outer loop
      vertex 0 -10.3 24.25
      vertex 0 10.3 24.25
      vertex 0.673652 10.2779 24.25
    endloop
  endfacet
  facet normal 0 0 -1
    outer loop
      vertex -0.673652 -10.2779 24.25
      vertex 0 10.3 24.25
      vertex 0 -10.3 24.25
    endloop
  endfacet
  facet normal 0 0 -1
    outer loop
      vertex -0.673652 -10.2779 24.25
      vertex -0.673652 10.2779 24.25
      vertex 0 10.3 24.25
    endloop
  endfacet
  facet normal 0 0 -1
    outer loop
      vertex -1.34442 -10.2119 24.25
      vertex -0.673652 10.2779 24.25
      vertex -0.673652 -10.2779 24.25
    endloop
  endfacet
  facet normal 0 0 -1
    outer loop
      vertex -1.34442 -10.2119 24.25
      vertex -1.34442 10.2119 24.25
      vertex -0.673652 10.2779 24.25
    endloop
  endfacet
  facet normal 0 0 -1
    outer loop
      vertex -2.00943 -10.1021 24.25
      vertex -1.34442 10.2119 24.25
      vertex -1.34442 -10.2119 24.25
    endloop
  endfacet
  facet normal 0 0 -1
    outer loop
      vertex -2.00943 -10.1021 24.25
      vertex -2.00943 10.1021 24.25
      vertex -1.34442 10.2119 24.25
    endloop
  endfacet
  facet normal 0 0 -1
    outer loop
      vertex -2.66584 -9.94904 24.25
      vertex -2.00943 10.1021 24.25
      vertex -2.00943 -10.1021 24.25
    endloop
  endfacet
  facet normal 0 0 -1
    outer loop
      vertex -2.66584 -9.94904 24.25
      vertex -2.66584 9.94904 24.25
      vertex -2.00943 10.1021 24.25
    endloop
  endfacet
  facet normal 0 0 -1
    outer loop
      vertex -3.31083 -9.75338 24.25
      vertex -2.66584 9.94904 24.25
      vertex -2.66584 -9.94904 24.25
    endloop
  endfacet
  facet normal 0 0 -1
    outer loop
      vertex -3.31083 -9.75338 24.25
      vertex -3.31083 9.75338 24.25
      vertex -2.66584 9.94904 24.25
    endloop
  endfacet
  facet normal 0 0 -1
    outer loop
      vertex -3.94164 -9.51596 24.25
      vertex -3.31083 9.75338 24.25
      vertex -3.31083 -9.75338 24.25
    endloop
  endfacet
  facet normal 0 0 -1
    outer loop
      vertex -3.94164 -9.51596 24.25
      vertex -3.94164 9.51596 24.25
      vertex -3.31083 9.75338 24.25
    endloop
  endfacet
  facet normal 0 0 -1
    outer loop
      vertex -4.55557 -9.23779 24.25
      vertex -3.94164 9.51596 24.25
      vertex -3.94164 -9.51596 24.25
    endloop
  endfacet
  facet normal 0 0 -1
    outer loop
      vertex -4.55557 -9.23779 24.25
      vertex -4.55557 9.23779 24.25
      vertex -3.94164 9.51596 24.25
    endloop
  endfacet
  facet normal 0 0 -1
    outer loop
      vertex -5.15 -8.92006 24.25
      vertex -4.55557 9.23779 24.25
      vertex -4.55557 -9.23779 24.25
    endloop
  endfacet
  facet normal 0 0 -1
    outer loop
      vertex -5.15 -8.92006 24.25
      vertex -5.15 8.92006 24.25
      vertex -4.55557 9.23779 24.25
    endloop
  endfacet
  facet normal 0 0 -1
    outer loop
      vertex -5.72237 -8.56414 24.25
      vertex -5.15 8.92006 24.25
      vertex -5.15 -8.92006 24.25
    endloop
  endfacet
  facet normal 0 0 -1
    outer loop
      vertex -5.72237 -8.56414 24.25
      vertex -5.72237 8.56414 24.25
      vertex -5.15 8.92006 24.25
    endloop
  endfacet
  facet normal 0 0 -1
    outer loop
      vertex -6.27024 -8.17154 24.25
      vertex -5.72237 8.56414 24.25
      vertex -5.72237 -8.56414 24.25
    endloop
  endfacet
  facet normal 0 0 -1
    outer loop
      vertex -6.27024 -8.17154 24.25
      vertex -6.27024 8.17154 24.25
      vertex -5.72237 8.56414 24.25
    endloop
  endfacet
  facet normal 0 0 -1
    outer loop
      vertex -6.79126 -7.74395 24.25
      vertex -6.27024 8.17154 24.25
      vertex -6.27024 -8.17154 24.25
    endloop
  endfacet
  facet normal 0 0 -1
    outer loop
      vertex -6.79126 -7.74395 24.25
      vertex -6.79126 7.74395 24.25
      vertex -6.27024 8.17154 24.25
    endloop
  endfacet
  facet normal 0 0 -1
    outer loop
      vertex -7.2832 -7.2832 24.25
      vertex -6.79126 7.74395 24.25
      vertex -6.79126 -7.74395 24.25
    endloop
  endfacet
  facet normal 0 0 -1
    outer loop
      vertex -7.2832 -7.2832 24.25
      vertex -7.2832 7.2832 24.25
      vertex -6.79126 7.74395 24.25
    endloop
  endfacet
  facet normal 0 0 -1
    outer loop
      vertex -7.74395 -6.79126 24.25
      vertex -7.2832 7.2832 24.25
      vertex -7.2832 -7.2832 24.25
    endloop
  endfacet
  facet normal 0 0 -1
    outer loop
      vertex -7.74395 -6.79126 24.25
      vertex -7.74395 6.79126 24.25
      vertex -7.2832 7.2832 24.25
    endloop
  endfacet
  facet normal 0 0 -1
    outer loop
      vertex -8.17154 -6.27024 24.25
      vertex -7.74395 6.79126 24.25
      vertex -7.74395 -6.79126 24.25
    endloop
  endfacet
  facet normal 0 0 -1
    outer loop
      vertex -8.17154 -6.27024 24.25
      vertex -8.17154 6.27024 24.25
      vertex -7.74395 6.79126 24.25
    endloop
  endfacet
  facet normal 0 0 -1
    outer loop
      vertex -8.56414 -5.72237 24.25
      vertex -8.17154 6.27024 24.25
      vertex -8.17154 -6.27024 24.25
    endloop
  endfacet
  facet normal 0 0 -1
    outer loop
      vertex -8.56414 -5.72237 24.25
      vertex -8.56414 5.72237 24.25
      vertex -8.17154 6.27024 24.25
    endloop
  endfacet
  facet normal 0 0 -1
    outer loop
      vertex -8.92006 -5.15 24.25
      vertex -8.56414 5.72237 24.25
      vertex -8.56414 -5.72237 24.25
    endloop
  endfacet
  facet normal 0 0 -1
    outer loop
      vertex -8.92006 -5.15 24.25
      vertex -8.92006 5.15 24.25
      vertex -8.56414 5.72237 24.25
    endloop
  endfacet
  facet normal 0 0 -1
    outer loop
      vertex -9.23779 -4.55557 24.25
      vertex -8.92006 5.15 24.25
      vertex -8.92006 -5.15 24.25
    endloop
  endfacet
  facet normal 0 0 -1
    outer loop
      vertex -9.23779 -4.55557 24.25
      vertex -9.23779 4.55557 24.25
      vertex -8.92006 5.15 24.25
    endloop
  endfacet
  facet normal 0 0 -1
    outer loop
      vertex -9.51596 -3.94164 24.25
      vertex -9.23779 4.55557 24.25
      vertex -9.23779 -4.55557 24.25
    endloop
  endfacet
  facet normal 0 0 -1
    outer loop
      vertex -9.51596 -3.94164 24.25
      vertex -9.51596 3.94164 24.25
      vertex -9.23779 4.55557 24.25
    endloop
  endfacet
  facet normal 0 0 -1
    outer loop
      vertex -9.75338 -3.31083 24.25
      vertex -9.51596 3.94164 24.25
      vertex -9.51596 -3.94164 24.25
    endloop
  endfacet
  facet normal 0 0 -1
    outer loop
      vertex -9.75338 -3.31083 24.25
      vertex -9.75338 3.31083 24.25
      vertex -9.51596 3.94164 24.25
    endloop
  endfacet
  facet normal 0 0 -1
    outer loop
      vertex -9.94904 -2.66584 24.25
      vertex -9.75338 3.31083 24.25
      vertex -9.75338 -3.31083 24.25
    endloop
  endfacet
  facet normal 0 0 -1
    outer loop
      vertex -9.94904 -2.66584 24.25
      vertex -9.94904 2.66584 24.25
      vertex -9.75338 3.31083 24.25
    endloop
  endfacet
  facet normal 0 0 -1
    outer loop
      vertex -10.1021 -2.00943 24.25
      vertex -9.94904 2.66584 24.25
      vertex -9.94904 -2.66584 24.25
    endloop
  endfacet
  facet normal 0 0 -1
    outer loop
      vertex -10.1021 -2.00943 24.25
      vertex -10.1021 2.00943 24.25
      vertex -9.94904 2.66584 24.25
    endloop
  endfacet
  facet normal 0 0 -1
    outer loop
      vertex -10.2119 -1.34442 24.25
      vertex -10.1021 2.00943 24.25
      vertex -10.1021 -2.00943 24.25
    endloop
  endfacet
  facet normal 0 0 -1
    outer loop
      vertex -10.2119 -1.34442 24.25
      vertex -10.2119 1.34442 24.25
      vertex -10.1021 2.00943 24.25
    endloop
  endfacet
  facet normal 0 0 -1
    outer loop
      vertex -10.2779 -0.673652 24.25
      vertex -10.2119 1.34442 24.25
      vertex -10.2119 -1.34442 24.25
    endloop
  endfacet
  facet normal 0 0 -1
    outer loop
      vertex -10.2779 -0.673652 24.25
      vertex -10.2779 0.673652 24.25
      vertex -10.2119 1.34442 24.25
    endloop
  endfacet
  facet normal 0 -0 -1
    outer loop
      vertex -10.2779 0.673652 24.25
      vertex -10.2779 -0.673652 24.25
      vertex -10.3 0 24.25
    endloop
  endfacet
  facet normal 0.35225 -0.935906 0
    outer loop
      vertex 3.31083 -9.75338 24.25
      vertex 3.94164 -9.51596 26
      vertex 3.31083 -9.75338 26
    endloop
  endfacet
  facet normal 0.35225 -0.935906 0
    outer loop
      vertex 3.94164 -9.51596 26
      vertex 3.31083 -9.75338 24.25
      vertex 3.94164 -9.51596 24.25
    endloop
  endfacet
  facet normal 0.973875 0.227086 0
    outer loop
      vertex 10.1021 2.00943 26
      vertex 9.94904 2.66584 24.25
      vertex 9.94904 2.66584 26
    endloop
  endfacet
  facet normal 0.973875 0.227086 0
    outer loop
      vertex 9.94904 2.66584 24.25
      vertex 10.1021 2.00943 26
      vertex 10.1021 2.00943 24.25
    endloop
  endfacet
  facet normal 0.729866 0.683591 0
    outer loop
      vertex 7.74395 6.79126 26
      vertex 7.2832 7.2832 24.25
      vertex 7.2832 7.2832 26
    endloop
  endfacet
  facet normal 0.729866 0.683591 0
    outer loop
      vertex 7.2832 7.2832 24.25
      vertex 7.74395 6.79126 26
      vertex 7.74395 6.79126 24.25
    endloop
  endfacet
  facet normal 0.849204 0.528065 0
    outer loop
      vertex 8.92006 5.15 26
      vertex 8.56414 5.72237 24.25
      vertex 8.56414 5.72237 26
    endloop
  endfacet
  facet normal 0.849204 0.528065 0
    outer loop
      vertex 8.56414 5.72237 24.25
      vertex 8.92006 5.15 26
      vertex 8.92006 5.15 24.25
    endloop
  endfacet
  facet normal 0.881921 0.471397 0
    outer loop
      vertex 9.23779 4.55557 26
      vertex 8.92006 5.15 24.25
      vertex 8.92006 5.15 26
    endloop
  endfacet
  facet normal 0.881921 0.471397 0
    outer loop
      vertex 8.92006 5.15 24.25
      vertex 9.23779 4.55557 26
      vertex 9.23779 4.55557 24.25
    endloop
  endfacet
  facet normal 0.227086 0.973875 -0
    outer loop
      vertex 2.66584 9.94904 24.25
      vertex 2.00943 10.1021 26
      vertex 2.66584 9.94904 26
    endloop
  endfacet
  facet normal 0.227086 0.973875 0
    outer loop
      vertex 2.00943 10.1021 26
      vertex 2.66584 9.94904 24.25
      vertex 2.00943 10.1021 24.25
    endloop
  endfacet
  facet normal 0.0327886 0.999462 -0
    outer loop
      vertex 0.673652 10.2779 24.25
      vertex 0 10.3 26
      vertex 0.673652 10.2779 26
    endloop
  endfacet
  facet normal 0.0327886 0.999462 0
    outer loop
      vertex 0 10.3 26
      vertex 0.673652 10.2779 24.25
      vertex 0 10.3 24.25
    endloop
  endfacet
  facet normal 0.35225 0.935906 -0
    outer loop
      vertex 3.94164 9.51596 24.25
      vertex 3.31083 9.75338 26
      vertex 3.94164 9.51596 26
    endloop
  endfacet
  facet normal 0.35225 0.935906 0
    outer loop
      vertex 3.31083 9.75338 26
      vertex 3.94164 9.51596 24.25
      vertex 3.31083 9.75338 24.25
    endloop
  endfacet
  facet normal 0.471397 0.881921 -0
    outer loop
      vertex 5.15 8.92006 24.25
      vertex 4.55557 9.23779 26
      vertex 5.15 8.92006 26
    endloop
  endfacet
  facet normal 0.471397 0.881921 0
    outer loop
      vertex 4.55557 9.23779 26
      vertex 5.15 8.92006 24.25
      vertex 4.55557 9.23779 24.25
    endloop
  endfacet
  facet normal 0.528065 0.849204 -0
    outer loop
      vertex 5.72237 8.56414 24.25
      vertex 5.15 8.92006 26
      vertex 5.72237 8.56414 26
    endloop
  endfacet
  facet normal 0.528065 0.849204 0
    outer loop
      vertex 5.15 8.92006 26
      vertex 5.72237 8.56414 24.25
      vertex 5.15 8.92006 24.25
    endloop
  endfacet
  facet normal -0.935906 0.35225 0
    outer loop
      vertex -9.75338 3.31083 24.25
      vertex -9.51596 3.94164 26
      vertex -9.51596 3.94164 24.25
    endloop
  endfacet
  facet normal -0.935906 0.35225 0
    outer loop
      vertex -9.51596 3.94164 26
      vertex -9.75338 3.31083 24.25
      vertex -9.75338 3.31083 26
    endloop
  endfacet
  facet normal -0.910863 0.412709 0
    outer loop
      vertex -9.51596 3.94164 24.25
      vertex -9.23779 4.55557 26
      vertex -9.23779 4.55557 24.25
    endloop
  endfacet
  facet normal -0.910863 0.412709 0
    outer loop
      vertex -9.23779 4.55557 26
      vertex -9.51596 3.94164 24.25
      vertex -9.51596 3.94164 26
    endloop
  endfacet
  facet normal -0.956939 0.290291 0
    outer loop
      vertex -9.94904 2.66584 24.25
      vertex -9.75338 3.31083 26
      vertex -9.75338 3.31083 24.25
    endloop
  endfacet
  facet normal -0.956939 0.290291 0
    outer loop
      vertex -9.75338 3.31083 26
      vertex -9.94904 2.66584 24.25
      vertex -9.94904 2.66584 26
    endloop
  endfacet
  facet normal -0.973875 0.227086 0
    outer loop
      vertex -10.1021 2.00943 24.25
      vertex -9.94904 2.66584 26
      vertex -9.94904 2.66584 24.25
    endloop
  endfacet
  facet normal -0.973875 0.227086 0
    outer loop
      vertex -9.94904 2.66584 26
      vertex -10.1021 2.00943 24.25
      vertex -10.1021 2.00943 26
    endloop
  endfacet
  facet normal -0.634393 0.77301 0
    outer loop
      vertex -6.27024 8.17154 24.25
      vertex -6.79126 7.74395 26
      vertex -6.27024 8.17154 26
    endloop
  endfacet
  facet normal -0.634393 0.77301 0
    outer loop
      vertex -6.79126 7.74395 26
      vertex -6.27024 8.17154 24.25
      vertex -6.79126 7.74395 24.25
    endloop
  endfacet
  facet normal -0.528065 0.849204 0
    outer loop
      vertex -5.15 8.92006 24.25
      vertex -5.72237 8.56414 26
      vertex -5.15 8.92006 26
    endloop
  endfacet
  facet normal -0.528065 0.849204 0
    outer loop
      vertex -5.72237 8.56414 26
      vertex -5.15 8.92006 24.25
      vertex -5.72237 8.56414 24.25
    endloop
  endfacet
  facet normal -0.412709 0.910863 0
    outer loop
      vertex -3.94164 9.51596 24.25
      vertex -4.55557 9.23779 26
      vertex -3.94164 9.51596 26
    endloop
  endfacet
  facet normal -0.412709 0.910863 0
    outer loop
      vertex -4.55557 9.23779 26
      vertex -3.94164 9.51596 24.25
      vertex -4.55557 9.23779 24.25
    endloop
  endfacet
  facet normal -0.290291 0.956939 0
    outer loop
      vertex -2.66584 9.94904 24.25
      vertex -3.31083 9.75338 26
      vertex -2.66584 9.94904 26
    endloop
  endfacet
  facet normal -0.290291 0.956939 0
    outer loop
      vertex -3.31083 9.75338 26
      vertex -2.66584 9.94904 24.25
      vertex -3.31083 9.75338 24.25
    endloop
  endfacet
  facet normal -0.227086 0.973875 0
    outer loop
      vertex -2.00943 10.1021 24.25
      vertex -2.66584 9.94904 26
      vertex -2.00943 10.1021 26
    endloop
  endfacet
  facet normal -0.227086 0.973875 0
    outer loop
      vertex -2.66584 9.94904 26
      vertex -2.00943 10.1021 24.25
      vertex -2.66584 9.94904 24.25
    endloop
  endfacet
  facet normal 0.999462 -0.0327886 0
    outer loop
      vertex 10.2779 -0.673652 26
      vertex 10.3 0 24.25
      vertex 10.3 0 26
    endloop
  endfacet
  facet normal 0.999462 -0.0327886 0
    outer loop
      vertex 10.3 0 24.25
      vertex 10.2779 -0.673652 26
      vertex 10.2779 -0.673652 24.25
    endloop
  endfacet
  facet normal 0.986642 -0.162905 0
    outer loop
      vertex 10.1021 -2.00943 26
      vertex 10.2119 -1.34442 24.25
      vertex 10.2119 -1.34442 26
    endloop
  endfacet
  facet normal 0.986642 -0.162905 0
    outer loop
      vertex 10.2119 -1.34442 24.25
      vertex 10.1021 -2.00943 26
      vertex 10.1021 -2.00943 24.25
    endloop
  endfacet
  facet normal 0.995194 -0.0979218 0
    outer loop
      vertex 10.2119 -1.34442 26
      vertex 10.2779 -0.673652 24.25
      vertex 10.2779 -0.673652 26
    endloop
  endfacet
  facet normal 0.995194 -0.0979218 0
    outer loop
      vertex 10.2779 -0.673652 24.25
      vertex 10.2119 -1.34442 26
      vertex 10.2119 -1.34442 24.25
    endloop
  endfacet
  facet normal 0.77301 -0.634393 0
    outer loop
      vertex 7.74395 -6.79126 26
      vertex 8.17154 -6.27024 24.25
      vertex 8.17154 -6.27024 26
    endloop
  endfacet
  facet normal 0.77301 -0.634393 0
    outer loop
      vertex 8.17154 -6.27024 24.25
      vertex 7.74395 -6.79126 26
      vertex 7.74395 -6.79126 24.25
    endloop
  endfacet
  facet normal -0.999462 -0.0327886 0
    outer loop
      vertex -10.2779 -0.673652 24.25
      vertex -10.3 0 26
      vertex -10.3 0 24.25
    endloop
  endfacet
  facet normal -0.999462 -0.0327886 0
    outer loop
      vertex -10.3 0 26
      vertex -10.2779 -0.673652 24.25
      vertex -10.2779 -0.673652 26
    endloop
  endfacet
  facet normal 0.0979218 -0.995194 0
    outer loop
      vertex 0.673652 -10.2779 24.25
      vertex 1.34442 -10.2119 26
      vertex 0.673652 -10.2779 26
    endloop
  endfacet
  facet normal 0.0979218 -0.995194 0
    outer loop
      vertex 1.34442 -10.2119 26
      vertex 0.673652 -10.2779 24.25
      vertex 1.34442 -10.2119 24.25
    endloop
  endfacet
  facet normal 0.412709 -0.910863 0
    outer loop
      vertex 3.94164 -9.51596 24.25
      vertex 4.55557 -9.23779 26
      vertex 3.94164 -9.51596 26
    endloop
  endfacet
  facet normal 0.412709 -0.910863 0
    outer loop
      vertex 4.55557 -9.23779 26
      vertex 3.94164 -9.51596 24.25
      vertex 4.55557 -9.23779 24.25
    endloop
  endfacet
  facet normal 0.935906 0.35225 0
    outer loop
      vertex 9.75338 3.31083 26
      vertex 9.51596 3.94164 24.25
      vertex 9.51596 3.94164 26
    endloop
  endfacet
  facet normal 0.935906 0.35225 0
    outer loop
      vertex 9.51596 3.94164 24.25
      vertex 9.75338 3.31083 26
      vertex 9.75338 3.31083 24.25
    endloop
  endfacet
  facet normal 0.290291 0.956939 -0
    outer loop
      vertex 3.31083 9.75338 24.25
      vertex 2.66584 9.94904 26
      vertex 3.31083 9.75338 26
    endloop
  endfacet
  facet normal 0.290291 0.956939 0
    outer loop
      vertex 2.66584 9.94904 26
      vertex 3.31083 9.75338 24.25
      vertex 2.66584 9.94904 24.25
    endloop
  endfacet
  facet normal -0.849204 0.528065 0
    outer loop
      vertex -8.92006 5.15 24.25
      vertex -8.56414 5.72237 26
      vertex -8.56414 5.72237 24.25
    endloop
  endfacet
  facet normal -0.849204 0.528065 0
    outer loop
      vertex -8.56414 5.72237 26
      vertex -8.92006 5.15 24.25
      vertex -8.92006 5.15 26
    endloop
  endfacet
  facet normal -0.812845 0.58248 0
    outer loop
      vertex -8.56414 5.72237 24.25
      vertex -8.17154 6.27024 26
      vertex -8.17154 6.27024 24.25
    endloop
  endfacet
  facet normal -0.812845 0.58248 0
    outer loop
      vertex -8.17154 6.27024 26
      vertex -8.56414 5.72237 24.25
      vertex -8.56414 5.72237 26
    endloop
  endfacet
  facet normal -0.77301 0.634393 0
    outer loop
      vertex -8.17154 6.27024 24.25
      vertex -7.74395 6.79126 26
      vertex -7.74395 6.79126 24.25
    endloop
  endfacet
  facet normal -0.77301 0.634393 0
    outer loop
      vertex -7.74395 6.79126 26
      vertex -8.17154 6.27024 24.25
      vertex -8.17154 6.27024 26
    endloop
  endfacet
  facet normal -0.471397 0.881921 0
    outer loop
      vertex -4.55557 9.23779 24.25
      vertex -5.15 8.92006 26
      vertex -4.55557 9.23779 26
    endloop
  endfacet
  facet normal -0.471397 0.881921 0
    outer loop
      vertex -5.15 8.92006 26
      vertex -4.55557 9.23779 24.25
      vertex -5.15 8.92006 24.25
    endloop
  endfacet
  facet normal 0.881921 -0.471397 0
    outer loop
      vertex 8.92006 -5.15 26
      vertex 9.23779 -4.55557 24.25
      vertex 9.23779 -4.55557 26
    endloop
  endfacet
  facet normal 0.881921 -0.471397 0
    outer loop
      vertex 9.23779 -4.55557 24.25
      vertex 8.92006 -5.15 26
      vertex 8.92006 -5.15 24.25
    endloop
  endfacet
  facet normal 0.956939 -0.290291 0
    outer loop
      vertex 9.75338 -3.31083 26
      vertex 9.94904 -2.66584 24.25
      vertex 9.94904 -2.66584 26
    endloop
  endfacet
  facet normal 0.956939 -0.290291 0
    outer loop
      vertex 9.94904 -2.66584 24.25
      vertex 9.75338 -3.31083 26
      vertex 9.75338 -3.31083 24.25
    endloop
  endfacet
  facet normal 0.973875 -0.227086 0
    outer loop
      vertex 9.94904 -2.66584 26
      vertex 10.1021 -2.00943 24.25
      vertex 10.1021 -2.00943 26
    endloop
  endfacet
  facet normal 0.973875 -0.227086 0
    outer loop
      vertex 10.1021 -2.00943 24.25
      vertex 9.94904 -2.66584 26
      vertex 9.94904 -2.66584 24.25
    endloop
  endfacet
  facet normal 0.812845 -0.58248 0
    outer loop
      vertex 8.17154 -6.27024 26
      vertex 8.56414 -5.72237 24.25
      vertex 8.56414 -5.72237 26
    endloop
  endfacet
  facet normal 0.812845 -0.58248 0
    outer loop
      vertex 8.56414 -5.72237 24.25
      vertex 8.17154 -6.27024 26
      vertex 8.17154 -6.27024 24.25
    endloop
  endfacet
  facet normal 0.849204 -0.528065 0
    outer loop
      vertex 8.56414 -5.72237 26
      vertex 8.92006 -5.15 24.25
      vertex 8.92006 -5.15 26
    endloop
  endfacet
  facet normal 0.849204 -0.528065 0
    outer loop
      vertex 8.92006 -5.15 24.25
      vertex 8.56414 -5.72237 26
      vertex 8.56414 -5.72237 24.25
    endloop
  endfacet
  facet normal 0.471397 -0.881921 0
    outer loop
      vertex 4.55557 -9.23779 24.25
      vertex 5.15 -8.92006 26
      vertex 4.55557 -9.23779 26
    endloop
  endfacet
  facet normal 0.471397 -0.881921 0
    outer loop
      vertex 5.15 -8.92006 26
      vertex 4.55557 -9.23779 24.25
      vertex 5.15 -8.92006 24.25
    endloop
  endfacet
  facet normal 0.683591 -0.729866 0
    outer loop
      vertex 6.79126 -7.74395 24.25
      vertex 7.2832 -7.2832 26
      vertex 6.79126 -7.74395 26
    endloop
  endfacet
  facet normal 0.683591 -0.729866 0
    outer loop
      vertex 7.2832 -7.2832 26
      vertex 6.79126 -7.74395 24.25
      vertex 7.2832 -7.2832 24.25
    endloop
  endfacet
  facet normal 0.634393 -0.77301 0
    outer loop
      vertex 6.27024 -8.17154 24.25
      vertex 6.79126 -7.74395 26
      vertex 6.27024 -8.17154 26
    endloop
  endfacet
  facet normal 0.634393 -0.77301 0
    outer loop
      vertex 6.79126 -7.74395 26
      vertex 6.27024 -8.17154 24.25
      vertex 6.79126 -7.74395 24.25
    endloop
  endfacet
  facet normal 0.58248 -0.812845 0
    outer loop
      vertex 5.72237 -8.56414 24.25
      vertex 6.27024 -8.17154 26
      vertex 5.72237 -8.56414 26
    endloop
  endfacet
  facet normal 0.58248 -0.812845 0
    outer loop
      vertex 6.27024 -8.17154 26
      vertex 5.72237 -8.56414 24.25
      vertex 6.27024 -8.17154 24.25
    endloop
  endfacet
  facet normal -0.412709 -0.910863 0
    outer loop
      vertex -4.55557 -9.23779 24.25
      vertex -3.94164 -9.51596 26
      vertex -4.55557 -9.23779 26
    endloop
  endfacet
  facet normal -0.412709 -0.910863 -0
    outer loop
      vertex -3.94164 -9.51596 26
      vertex -4.55557 -9.23779 24.25
      vertex -3.94164 -9.51596 24.25
    endloop
  endfacet
  facet normal -0.973875 -0.227086 0
    outer loop
      vertex -9.94904 -2.66584 24.25
      vertex -10.1021 -2.00943 26
      vertex -10.1021 -2.00943 24.25
    endloop
  endfacet
  facet normal -0.973875 -0.227086 0
    outer loop
      vertex -10.1021 -2.00943 26
      vertex -9.94904 -2.66584 24.25
      vertex -9.94904 -2.66584 26
    endloop
  endfacet
  facet normal -0.995194 -0.0979218 0
    outer loop
      vertex -10.2119 -1.34442 24.25
      vertex -10.2779 -0.673652 26
      vertex -10.2779 -0.673652 24.25
    endloop
  endfacet
  facet normal -0.995194 -0.0979218 0
    outer loop
      vertex -10.2779 -0.673652 26
      vertex -10.2119 -1.34442 24.25
      vertex -10.2119 -1.34442 26
    endloop
  endfacet
  facet normal 0.227086 -0.973875 0
    outer loop
      vertex 2.00943 -10.1021 24.25
      vertex 2.66584 -9.94904 26
      vertex 2.00943 -10.1021 26
    endloop
  endfacet
  facet normal 0.227086 -0.973875 0
    outer loop
      vertex 2.66584 -9.94904 26
      vertex 2.00943 -10.1021 24.25
      vertex 2.66584 -9.94904 24.25
    endloop
  endfacet
  facet normal 0.290291 -0.956939 0
    outer loop
      vertex 2.66584 -9.94904 24.25
      vertex 3.31083 -9.75338 26
      vertex 2.66584 -9.94904 26
    endloop
  endfacet
  facet normal 0.290291 -0.956939 0
    outer loop
      vertex 3.31083 -9.75338 26
      vertex 2.66584 -9.94904 24.25
      vertex 3.31083 -9.75338 24.25
    endloop
  endfacet
  facet normal 0.162905 -0.986642 0
    outer loop
      vertex 1.34442 -10.2119 24.25
      vertex 2.00943 -10.1021 26
      vertex 1.34442 -10.2119 26
    endloop
  endfacet
  facet normal 0.162905 -0.986642 0
    outer loop
      vertex 2.00943 -10.1021 26
      vertex 1.34442 -10.2119 24.25
      vertex 2.00943 -10.1021 24.25
    endloop
  endfacet
  facet normal 0.729866 -0.683591 0
    outer loop
      vertex 7.2832 -7.2832 26
      vertex 7.74395 -6.79126 24.25
      vertex 7.74395 -6.79126 26
    endloop
  endfacet
  facet normal 0.729866 -0.683591 0
    outer loop
      vertex 7.74395 -6.79126 24.25
      vertex 7.2832 -7.2832 26
      vertex 7.2832 -7.2832 24.25
    endloop
  endfacet
  facet normal 0.528065 -0.849204 0
    outer loop
      vertex 5.15 -8.92006 24.25
      vertex 5.72237 -8.56414 26
      vertex 5.15 -8.92006 26
    endloop
  endfacet
  facet normal 0.528065 -0.849204 0
    outer loop
      vertex 5.72237 -8.56414 26
      vertex 5.15 -8.92006 24.25
      vertex 5.72237 -8.56414 24.25
    endloop
  endfacet
  facet normal -0.0327886 -0.999462 0
    outer loop
      vertex -0.673652 -10.2779 24.25
      vertex 0 -10.3 26
      vertex -0.673652 -10.2779 26
    endloop
  endfacet
  facet normal -0.0327886 -0.999462 -0
    outer loop
      vertex 0 -10.3 26
      vertex -0.673652 -10.2779 24.25
      vertex 0 -10.3 24.25
    endloop
  endfacet
  facet normal -0.162905 -0.986642 0
    outer loop
      vertex -2.00943 -10.1021 24.25
      vertex -1.34442 -10.2119 26
      vertex -2.00943 -10.1021 26
    endloop
  endfacet
  facet normal -0.162905 -0.986642 -0
    outer loop
      vertex -1.34442 -10.2119 26
      vertex -2.00943 -10.1021 24.25
      vertex -1.34442 -10.2119 24.25
    endloop
  endfacet
  facet normal -0.0979218 -0.995194 0
    outer loop
      vertex -1.34442 -10.2119 24.25
      vertex -0.673652 -10.2779 26
      vertex -1.34442 -10.2119 26
    endloop
  endfacet
  facet normal -0.0979218 -0.995194 -0
    outer loop
      vertex -0.673652 -10.2779 26
      vertex -1.34442 -10.2119 24.25
      vertex -0.673652 -10.2779 24.25
    endloop
  endfacet
  facet normal -0.683591 -0.729866 0
    outer loop
      vertex -7.2832 -7.2832 24.25
      vertex -6.79126 -7.74395 26
      vertex -7.2832 -7.2832 26
    endloop
  endfacet
  facet normal -0.683591 -0.729866 -0
    outer loop
      vertex -6.79126 -7.74395 26
      vertex -7.2832 -7.2832 24.25
      vertex -6.79126 -7.74395 24.25
    endloop
  endfacet
  facet normal -0.729866 -0.683591 0
    outer loop
      vertex -7.2832 -7.2832 24.25
      vertex -7.74395 -6.79126 26
      vertex -7.74395 -6.79126 24.25
    endloop
  endfacet
  facet normal -0.729866 -0.683591 0
    outer loop
      vertex -7.74395 -6.79126 26
      vertex -7.2832 -7.2832 24.25
      vertex -7.2832 -7.2832 26
    endloop
  endfacet
  facet normal -0.812845 -0.58248 0
    outer loop
      vertex -8.17154 -6.27024 24.25
      vertex -8.56414 -5.72237 26
      vertex -8.56414 -5.72237 24.25
    endloop
  endfacet
  facet normal -0.812845 -0.58248 0
    outer loop
      vertex -8.56414 -5.72237 26
      vertex -8.17154 -6.27024 24.25
      vertex -8.17154 -6.27024 26
    endloop
  endfacet
  facet normal -0.935906 -0.35225 0
    outer loop
      vertex -9.51596 -3.94164 24.25
      vertex -9.75338 -3.31083 26
      vertex -9.75338 -3.31083 24.25
    endloop
  endfacet
  facet normal -0.935906 -0.35225 0
    outer loop
      vertex -9.75338 -3.31083 26
      vertex -9.51596 -3.94164 24.25
      vertex -9.51596 -3.94164 26
    endloop
  endfacet
  facet normal -0.986642 -0.162905 0
    outer loop
      vertex -10.1021 -2.00943 24.25
      vertex -10.2119 -1.34442 26
      vertex -10.2119 -1.34442 24.25
    endloop
  endfacet
  facet normal -0.986642 -0.162905 0
    outer loop
      vertex -10.2119 -1.34442 26
      vertex -10.1021 -2.00943 24.25
      vertex -10.1021 -2.00943 26
    endloop
  endfacet
  facet normal 0.935906 -0.35225 0
    outer loop
      vertex 9.51596 -3.94164 26
      vertex 9.75338 -3.31083 24.25
      vertex 9.75338 -3.31083 26
    endloop
  endfacet
  facet normal 0.935906 -0.35225 0
    outer loop
      vertex 9.75338 -3.31083 24.25
      vertex 9.51596 -3.94164 26
      vertex 9.51596 -3.94164 24.25
    endloop
  endfacet
  facet normal 0.910863 -0.412709 0
    outer loop
      vertex 9.23779 -4.55557 26
      vertex 9.51596 -3.94164 24.25
      vertex 9.51596 -3.94164 26
    endloop
  endfacet
  facet normal 0.910863 -0.412709 0
    outer loop
      vertex 9.51596 -3.94164 24.25
      vertex 9.23779 -4.55557 26
      vertex 9.23779 -4.55557 24.25
    endloop
  endfacet
  facet normal -0.634393 -0.77301 0
    outer loop
      vertex -6.79126 -7.74395 24.25
      vertex -6.27024 -8.17154 26
      vertex -6.79126 -7.74395 26
    endloop
  endfacet
  facet normal -0.634393 -0.77301 -0
    outer loop
      vertex -6.27024 -8.17154 26
      vertex -6.79126 -7.74395 24.25
      vertex -6.27024 -8.17154 24.25
    endloop
  endfacet
  facet normal -0.77301 -0.634393 0
    outer loop
      vertex -7.74395 -6.79126 24.25
      vertex -8.17154 -6.27024 26
      vertex -8.17154 -6.27024 24.25
    endloop
  endfacet
  facet normal -0.77301 -0.634393 0
    outer loop
      vertex -8.17154 -6.27024 26
      vertex -7.74395 -6.79126 24.25
      vertex -7.74395 -6.79126 26
    endloop
  endfacet
  facet normal -0.881921 -0.471397 0
    outer loop
      vertex -8.92006 -5.15 24.25
      vertex -9.23779 -4.55557 26
      vertex -9.23779 -4.55557 24.25
    endloop
  endfacet
  facet normal -0.881921 -0.471397 0
    outer loop
      vertex -9.23779 -4.55557 26
      vertex -8.92006 -5.15 24.25
      vertex -8.92006 -5.15 26
    endloop
  endfacet
  facet normal -0.956939 -0.290291 0
    outer loop
      vertex -9.75338 -3.31083 24.25
      vertex -9.94904 -2.66584 26
      vertex -9.94904 -2.66584 24.25
    endloop
  endfacet
  facet normal -0.956939 -0.290291 0
    outer loop
      vertex -9.94904 -2.66584 26
      vertex -9.75338 -3.31083 24.25
      vertex -9.75338 -3.31083 26
    endloop
  endfacet
  facet normal -0.528065 -0.849204 0
    outer loop
      vertex -5.72237 -8.56414 24.25
      vertex -5.15 -8.92006 26
      vertex -5.72237 -8.56414 26
    endloop
  endfacet
  facet normal -0.528065 -0.849204 -0
    outer loop
      vertex -5.15 -8.92006 26
      vertex -5.72237 -8.56414 24.25
      vertex -5.15 -8.92006 24.25
    endloop
  endfacet
  facet normal -0.471397 -0.881921 0
    outer loop
      vertex -5.15 -8.92006 24.25
      vertex -4.55557 -9.23779 26
      vertex -5.15 -8.92006 26
    endloop
  endfacet
  facet normal -0.471397 -0.881921 -0
    outer loop
      vertex -4.55557 -9.23779 26
      vertex -5.15 -8.92006 24.25
      vertex -4.55557 -9.23779 24.25
    endloop
  endfacet
  facet normal -0.58248 -0.812845 0
    outer loop
      vertex -6.27024 -8.17154 24.25
      vertex -5.72237 -8.56414 26
      vertex -6.27024 -8.17154 26
    endloop
  endfacet
  facet normal -0.58248 -0.812845 -0
    outer loop
      vertex -5.72237 -8.56414 26
      vertex -6.27024 -8.17154 24.25
      vertex -5.72237 -8.56414 24.25
    endloop
  endfacet
  facet normal -0.227086 -0.973875 0
    outer loop
      vertex -2.66584 -9.94904 24.25
      vertex -2.00943 -10.1021 26
      vertex -2.66584 -9.94904 26
    endloop
  endfacet
  facet normal -0.227086 -0.973875 -0
    outer loop
      vertex -2.00943 -10.1021 26
      vertex -2.66584 -9.94904 24.25
      vertex -2.00943 -10.1021 24.25
    endloop
  endfacet
  facet normal -0.290291 -0.956939 0
    outer loop
      vertex -3.31083 -9.75338 24.25
      vertex -2.66584 -9.94904 26
      vertex -3.31083 -9.75338 26
    endloop
  endfacet
  facet normal -0.290291 -0.956939 -0
    outer loop
      vertex -2.66584 -9.94904 26
      vertex -3.31083 -9.75338 24.25
      vertex -2.66584 -9.94904 24.25
    endloop
  endfacet
  facet normal -0.849204 -0.528065 0
    outer loop
      vertex -8.56414 -5.72237 24.25
      vertex -8.92006 -5.15 26
      vertex -8.92006 -5.15 24.25
    endloop
  endfacet
  facet normal -0.849204 -0.528065 0
    outer loop
      vertex -8.92006 -5.15 26
      vertex -8.56414 -5.72237 24.25
      vertex -8.56414 -5.72237 26
    endloop
  endfacet
  facet normal -0.857727 -0.514106 0
    outer loop
      vertex 6.87899 3.67689 0
      vertex 6.48546 4.33345 2.5
      vertex 6.48546 4.33345 0
    endloop
  endfacet
  facet normal -0.857727 -0.514106 0
    outer loop
      vertex 6.48546 4.33345 2.5
      vertex 6.87899 3.67689 0
      vertex 6.87899 3.67689 2.5
    endloop
  endfacet
  facet normal -0.336885 -0.941546 0
    outer loop
      vertex 2.26422 7.46413 0
      vertex 2.98493 7.20626 2.5
      vertex 2.26422 7.46413 2.5
    endloop
  endfacet
  facet normal -0.336885 -0.941546 -0
    outer loop
      vertex 2.98493 7.20626 2.5
      vertex 2.26422 7.46413 0
      vertex 2.98493 7.20626 0
    endloop
  endfacet
  facet normal 0.427552 -0.903991 0
    outer loop
      vertex -3.67689 6.87899 0
      vertex -2.98493 7.20626 2.5
      vertex -3.67689 6.87899 2.5
    endloop
  endfacet
  facet normal 0.427552 -0.903991 0
    outer loop
      vertex -2.98493 7.20626 2.5
      vertex -3.67689 6.87899 0
      vertex -2.98493 7.20626 0
    endloop
  endfacet
  facet normal 0.903991 -0.427552 0
    outer loop
      vertex -7.20626 2.98493 2.5
      vertex -6.87899 3.67689 0
      vertex -6.87899 3.67689 2.5
    endloop
  endfacet
  facet normal 0.903991 -0.427552 0
    outer loop
      vertex -6.87899 3.67689 0
      vertex -7.20626 2.98493 2.5
      vertex -7.20626 2.98493 0
    endloop
  endfacet
  facet normal -0.427552 0.903991 0
    outer loop
      vertex 3.67689 -6.87899 0
      vertex 2.98493 -7.20626 2.5
      vertex 3.67689 -6.87899 2.5
    endloop
  endfacet
  facet normal -0.427552 0.903991 0
    outer loop
      vertex 2.98493 -7.20626 2.5
      vertex 3.67689 -6.87899 0
      vertex 2.98493 -7.20626 0
    endloop
  endfacet
  facet normal 0.671563 -0.740947 0
    outer loop
      vertex -5.51543 5.51543 0
      vertex -4.94827 6.02948 2.5
      vertex -5.51543 5.51543 2.5
    endloop
  endfacet
  facet normal 0.671563 -0.740947 0
    outer loop
      vertex -4.94827 6.02948 2.5
      vertex -5.51543 5.51543 0
      vertex -4.94827 6.02948 0
    endloop
  endfacet
  facet normal -0.970032 0.242978 0
    outer loop
      vertex 7.46413 -2.26422 0
      vertex 7.65012 -1.5217 2.5
      vertex 7.65012 -1.5217 0
    endloop
  endfacet
  facet normal -0.970032 0.242978 0
    outer loop
      vertex 7.65012 -1.5217 2.5
      vertex 7.46413 -2.26422 0
      vertex 7.46413 -2.26422 2.5
    endloop
  endfacet
  facet normal 0.0490689 0.998795 -0
    outer loop
      vertex 0 -7.8 0
      vertex -0.764533 -7.76244 2.5
      vertex 0 -7.8 2.5
    endloop
  endfacet
  facet normal 0.0490689 0.998795 0
    outer loop
      vertex -0.764533 -7.76244 2.5
      vertex 0 -7.8 0
      vertex -0.764533 -7.76244 0
    endloop
  endfacet
  facet normal -0.336885 0.941546 0
    outer loop
      vertex 2.98493 -7.20626 0
      vertex 2.26422 -7.46413 2.5
      vertex 2.98493 -7.20626 2.5
    endloop
  endfacet
  facet normal -0.336885 0.941546 0
    outer loop
      vertex 2.26422 -7.46413 2.5
      vertex 2.98493 -7.20626 0
      vertex 2.26422 -7.46413 0
    endloop
  endfacet
  facet normal -0.989176 -0.146737 0
    outer loop
      vertex 7.76244 0.764533 0
      vertex 7.65012 1.5217 2.5
      vertex 7.65012 1.5217 0
    endloop
  endfacet
  facet normal -0.989176 -0.146737 0
    outer loop
      vertex 7.65012 1.5217 2.5
      vertex 7.76244 0.764533 0
      vertex 7.76244 0.764533 2.5
    endloop
  endfacet
  facet normal -0.803209 -0.595698 0
    outer loop
      vertex 6.48546 4.33345 0
      vertex 6.02948 4.94827 2.5
      vertex 6.02948 4.94827 0
    endloop
  endfacet
  facet normal -0.803209 -0.595698 0
    outer loop
      vertex 6.02948 4.94827 2.5
      vertex 6.48546 4.33345 0
      vertex 6.48546 4.33345 2.5
    endloop
  endfacet
  facet normal -0.671563 -0.740947 0
    outer loop
      vertex 4.94827 6.02948 0
      vertex 5.51543 5.51543 2.5
      vertex 4.94827 6.02948 2.5
    endloop
  endfacet
  facet normal -0.671563 -0.740947 -0
    outer loop
      vertex 5.51543 5.51543 2.5
      vertex 4.94827 6.02948 0
      vertex 5.51543 5.51543 0
    endloop
  endfacet
  facet normal -0.740947 -0.671563 0
    outer loop
      vertex 6.02948 4.94827 0
      vertex 5.51543 5.51543 2.5
      vertex 5.51543 5.51543 0
    endloop
  endfacet
  facet normal -0.740947 -0.671563 0
    outer loop
      vertex 5.51543 5.51543 2.5
      vertex 6.02948 4.94827 0
      vertex 6.02948 4.94827 2.5
    endloop
  endfacet
  facet normal 0.0490689 -0.998795 0
    outer loop
      vertex -0.764533 7.76244 0
      vertex 0 7.8 2.5
      vertex -0.764533 7.76244 2.5
    endloop
  endfacet
  facet normal 0.0490689 -0.998795 0
    outer loop
      vertex 0 7.8 2.5
      vertex -0.764533 7.76244 0
      vertex 0 7.8 0
    endloop
  endfacet
  facet normal -0.242978 -0.970032 0
    outer loop
      vertex 1.5217 7.65012 0
      vertex 2.26422 7.46413 2.5
      vertex 1.5217 7.65012 2.5
    endloop
  endfacet
  facet normal -0.242978 -0.970032 -0
    outer loop
      vertex 2.26422 7.46413 2.5
      vertex 1.5217 7.65012 0
      vertex 2.26422 7.46413 0
    endloop
  endfacet
  facet normal -0.146737 -0.989176 0
    outer loop
      vertex 0.764533 7.76244 0
      vertex 1.5217 7.65012 2.5
      vertex 0.764533 7.76244 2.5
    endloop
  endfacet
  facet normal -0.146737 -0.989176 -0
    outer loop
      vertex 1.5217 7.65012 2.5
      vertex 0.764533 7.76244 0
      vertex 1.5217 7.65012 0
    endloop
  endfacet
  facet normal -0.595698 -0.803209 0
    outer loop
      vertex 4.33345 6.48546 0
      vertex 4.94827 6.02948 2.5
      vertex 4.33345 6.48546 2.5
    endloop
  endfacet
  facet normal -0.595698 -0.803209 -0
    outer loop
      vertex 4.94827 6.02948 2.5
      vertex 4.33345 6.48546 0
      vertex 4.94827 6.02948 0
    endloop
  endfacet
  facet normal -0.427552 -0.903991 0
    outer loop
      vertex 2.98493 7.20626 0
      vertex 3.67689 6.87899 2.5
      vertex 2.98493 7.20626 2.5
    endloop
  endfacet
  facet normal -0.427552 -0.903991 -0
    outer loop
      vertex 3.67689 6.87899 2.5
      vertex 2.98493 7.20626 0
      vertex 3.67689 6.87899 0
    endloop
  endfacet
  facet normal -0.514106 -0.857727 0
    outer loop
      vertex 3.67689 6.87899 0
      vertex 4.33345 6.48546 2.5
      vertex 3.67689 6.87899 2.5
    endloop
  endfacet
  facet normal -0.514106 -0.857727 -0
    outer loop
      vertex 4.33345 6.48546 2.5
      vertex 3.67689 6.87899 0
      vertex 4.33345 6.48546 0
    endloop
  endfacet
  facet normal 0.998795 -0.0490689 0
    outer loop
      vertex -7.8 0 2.5
      vertex -7.76244 0.764533 0
      vertex -7.76244 0.764533 2.5
    endloop
  endfacet
  facet normal 0.998795 -0.0490689 0
    outer loop
      vertex -7.76244 0.764533 0
      vertex -7.8 0 2.5
      vertex -7.8 0 0
    endloop
  endfacet
  facet normal 0.941546 -0.336885 0
    outer loop
      vertex -7.46413 2.26422 2.5
      vertex -7.20626 2.98493 0
      vertex -7.20626 2.98493 2.5
    endloop
  endfacet
  facet normal 0.941546 -0.336885 0
    outer loop
      vertex -7.20626 2.98493 0
      vertex -7.46413 2.26422 2.5
      vertex -7.46413 2.26422 0
    endloop
  endfacet
  facet normal 0.970032 -0.242978 0
    outer loop
      vertex -7.65012 1.5217 2.5
      vertex -7.46413 2.26422 0
      vertex -7.46413 2.26422 2.5
    endloop
  endfacet
  facet normal 0.970032 -0.242978 0
    outer loop
      vertex -7.46413 2.26422 0
      vertex -7.65012 1.5217 2.5
      vertex -7.65012 1.5217 0
    endloop
  endfacet
  facet normal 0.740947 -0.671563 0
    outer loop
      vertex -6.02948 4.94827 2.5
      vertex -5.51543 5.51543 0
      vertex -5.51543 5.51543 2.5
    endloop
  endfacet
  facet normal 0.740947 -0.671563 0
    outer loop
      vertex -5.51543 5.51543 0
      vertex -6.02948 4.94827 2.5
      vertex -6.02948 4.94827 0
    endloop
  endfacet
  facet normal 0.857727 -0.514106 0
    outer loop
      vertex -6.87899 3.67689 2.5
      vertex -6.48546 4.33345 0
      vertex -6.48546 4.33345 2.5
    endloop
  endfacet
  facet normal 0.857727 -0.514106 0
    outer loop
      vertex -6.48546 4.33345 0
      vertex -6.87899 3.67689 2.5
      vertex -6.87899 3.67689 0
    endloop
  endfacet
  facet normal 0.803209 -0.595698 0
    outer loop
      vertex -6.48546 4.33345 2.5
      vertex -6.02948 4.94827 0
      vertex -6.02948 4.94827 2.5
    endloop
  endfacet
  facet normal 0.803209 -0.595698 0
    outer loop
      vertex -6.02948 4.94827 0
      vertex -6.48546 4.33345 2.5
      vertex -6.48546 4.33345 0
    endloop
  endfacet
  facet normal 0.146737 -0.989176 0
    outer loop
      vertex -1.5217 7.65012 0
      vertex -0.764533 7.76244 2.5
      vertex -1.5217 7.65012 2.5
    endloop
  endfacet
  facet normal 0.146737 -0.989176 0
    outer loop
      vertex -0.764533 7.76244 2.5
      vertex -1.5217 7.65012 0
      vertex -0.764533 7.76244 0
    endloop
  endfacet
  facet normal 0.242978 -0.970032 0
    outer loop
      vertex -2.26422 7.46413 0
      vertex -1.5217 7.65012 2.5
      vertex -2.26422 7.46413 2.5
    endloop
  endfacet
  facet normal 0.242978 -0.970032 0
    outer loop
      vertex -1.5217 7.65012 2.5
      vertex -2.26422 7.46413 0
      vertex -1.5217 7.65012 0
    endloop
  endfacet
  facet normal 0.514106 -0.857727 0
    outer loop
      vertex -4.33345 6.48546 0
      vertex -3.67689 6.87899 2.5
      vertex -4.33345 6.48546 2.5
    endloop
  endfacet
  facet normal 0.514106 -0.857727 0
    outer loop
      vertex -3.67689 6.87899 2.5
      vertex -4.33345 6.48546 0
      vertex -3.67689 6.87899 0
    endloop
  endfacet
  facet normal 0.595698 -0.803209 0
    outer loop
      vertex -4.94827 6.02948 0
      vertex -4.33345 6.48546 2.5
      vertex -4.94827 6.02948 2.5
    endloop
  endfacet
  facet normal 0.595698 -0.803209 0
    outer loop
      vertex -4.33345 6.48546 2.5
      vertex -4.94827 6.02948 0
      vertex -4.33345 6.48546 0
    endloop
  endfacet
  facet normal -0.998795 -0.0490689 0
    outer loop
      vertex 7.8 0 0
      vertex 7.76244 0.764533 2.5
      vertex 7.76244 0.764533 0
    endloop
  endfacet
  facet normal -0.998795 -0.0490689 0
    outer loop
      vertex 7.76244 0.764533 2.5
      vertex 7.8 0 0
      vertex 7.8 0 2.5
    endloop
  endfacet
  facet normal 0.803209 0.595698 0
    outer loop
      vertex -6.02948 -4.94827 2.5
      vertex -6.48546 -4.33345 0
      vertex -6.48546 -4.33345 2.5
    endloop
  endfacet
  facet normal 0.803209 0.595698 0
    outer loop
      vertex -6.48546 -4.33345 0
      vertex -6.02948 -4.94827 2.5
      vertex -6.02948 -4.94827 0
    endloop
  endfacet
  facet normal 0.970032 0.242978 0
    outer loop
      vertex -7.46413 -2.26422 2.5
      vertex -7.65012 -1.5217 0
      vertex -7.65012 -1.5217 2.5
    endloop
  endfacet
  facet normal 0.970032 0.242978 0
    outer loop
      vertex -7.65012 -1.5217 0
      vertex -7.46413 -2.26422 2.5
      vertex -7.46413 -2.26422 0
    endloop
  endfacet
  facet normal -0.146737 0.989176 0
    outer loop
      vertex 1.5217 -7.65012 0
      vertex 0.764533 -7.76244 2.5
      vertex 1.5217 -7.65012 2.5
    endloop
  endfacet
  facet normal -0.146737 0.989176 0
    outer loop
      vertex 0.764533 -7.76244 2.5
      vertex 1.5217 -7.65012 0
      vertex 0.764533 -7.76244 0
    endloop
  endfacet
  facet normal -0.903991 -0.427552 0
    outer loop
      vertex 7.20626 2.98493 0
      vertex 6.87899 3.67689 2.5
      vertex 6.87899 3.67689 0
    endloop
  endfacet
  facet normal -0.903991 -0.427552 0
    outer loop
      vertex 6.87899 3.67689 2.5
      vertex 7.20626 2.98493 0
      vertex 7.20626 2.98493 2.5
    endloop
  endfacet
  facet normal -0.941546 -0.336885 0
    outer loop
      vertex 7.46413 2.26422 0
      vertex 7.20626 2.98493 2.5
      vertex 7.20626 2.98493 0
    endloop
  endfacet
  facet normal -0.941546 -0.336885 0
    outer loop
      vertex 7.20626 2.98493 2.5
      vertex 7.46413 2.26422 0
      vertex 7.46413 2.26422 2.5
    endloop
  endfacet
  facet normal -0.970032 -0.242978 0
    outer loop
      vertex 7.65012 1.5217 0
      vertex 7.46413 2.26422 2.5
      vertex 7.46413 2.26422 0
    endloop
  endfacet
  facet normal -0.970032 -0.242978 0
    outer loop
      vertex 7.46413 2.26422 2.5
      vertex 7.65012 1.5217 0
      vertex 7.65012 1.5217 2.5
    endloop
  endfacet
  facet normal -0.0490689 -0.998795 0
    outer loop
      vertex 0 7.8 0
      vertex 0.764533 7.76244 2.5
      vertex 0 7.8 2.5
    endloop
  endfacet
  facet normal -0.0490689 -0.998795 -0
    outer loop
      vertex 0.764533 7.76244 2.5
      vertex 0 7.8 0
      vertex 0.764533 7.76244 0
    endloop
  endfacet
  facet normal 0 0 -1
    outer loop
      vertex 7.76244 -0.764533 2.5
      vertex 7.76244 0.764533 2.5
      vertex 7.8 0 2.5
    endloop
  endfacet
  facet normal 0 0 -1
    outer loop
      vertex 7.65012 -1.5217 2.5
      vertex 7.76244 0.764533 2.5
      vertex 7.76244 -0.764533 2.5
    endloop
  endfacet
  facet normal 0 0 -1
    outer loop
      vertex 7.65012 -1.5217 2.5
      vertex 7.65012 1.5217 2.5
      vertex 7.76244 0.764533 2.5
    endloop
  endfacet
  facet normal 0 0 -1
    outer loop
      vertex 7.46413 -2.26422 2.5
      vertex 7.65012 1.5217 2.5
      vertex 7.65012 -1.5217 2.5
    endloop
  endfacet
  facet normal 0 0 -1
    outer loop
      vertex 7.46413 -2.26422 2.5
      vertex 7.46413 2.26422 2.5
      vertex 7.65012 1.5217 2.5
    endloop
  endfacet
  facet normal 0 0 -1
    outer loop
      vertex 7.20626 -2.98493 2.5
      vertex 7.46413 2.26422 2.5
      vertex 7.46413 -2.26422 2.5
    endloop
  endfacet
  facet normal 0 0 -1
    outer loop
      vertex 7.20626 -2.98493 2.5
      vertex 7.20626 2.98493 2.5
      vertex 7.46413 2.26422 2.5
    endloop
  endfacet
  facet normal 0 0 -1
    outer loop
      vertex 6.87899 -3.67689 2.5
      vertex 7.20626 2.98493 2.5
      vertex 7.20626 -2.98493 2.5
    endloop
  endfacet
  facet normal 0 0 -1
    outer loop
      vertex 6.87899 -3.67689 2.5
      vertex 6.87899 3.67689 2.5
      vertex 7.20626 2.98493 2.5
    endloop
  endfacet
  facet normal 0 0 -1
    outer loop
      vertex 6.48546 -4.33345 2.5
      vertex 6.87899 3.67689 2.5
      vertex 6.87899 -3.67689 2.5
    endloop
  endfacet
  facet normal 0 0 -1
    outer loop
      vertex 6.48546 -4.33345 2.5
      vertex 6.48546 4.33345 2.5
      vertex 6.87899 3.67689 2.5
    endloop
  endfacet
  facet normal 0 0 -1
    outer loop
      vertex 6.02948 -4.94827 2.5
      vertex 6.48546 4.33345 2.5
      vertex 6.48546 -4.33345 2.5
    endloop
  endfacet
  facet normal 0 0 -1
    outer loop
      vertex 6.02948 -4.94827 2.5
      vertex 6.02948 4.94827 2.5
      vertex 6.48546 4.33345 2.5
    endloop
  endfacet
  facet normal 0 0 -1
    outer loop
      vertex 5.51543 -5.51543 2.5
      vertex 6.02948 4.94827 2.5
      vertex 6.02948 -4.94827 2.5
    endloop
  endfacet
  facet normal 0 0 -1
    outer loop
      vertex 5.51543 -5.51543 2.5
      vertex 5.51543 5.51543 2.5
      vertex 6.02948 4.94827 2.5
    endloop
  endfacet
  facet normal 0 0 -1
    outer loop
      vertex 4.94827 -6.02948 2.5
      vertex 5.51543 5.51543 2.5
      vertex 5.51543 -5.51543 2.5
    endloop
  endfacet
  facet normal 0 0 -1
    outer loop
      vertex 4.94827 -6.02948 2.5
      vertex 4.94827 6.02948 2.5
      vertex 5.51543 5.51543 2.5
    endloop
  endfacet
  facet normal 0 0 -1
    outer loop
      vertex 4.33345 -6.48546 2.5
      vertex 4.94827 6.02948 2.5
      vertex 4.94827 -6.02948 2.5
    endloop
  endfacet
  facet normal 0 0 -1
    outer loop
      vertex 4.33345 -6.48546 2.5
      vertex 4.33345 6.48546 2.5
      vertex 4.94827 6.02948 2.5
    endloop
  endfacet
  facet normal 0 0 -1
    outer loop
      vertex 3.67689 -6.87899 2.5
      vertex 4.33345 6.48546 2.5
      vertex 4.33345 -6.48546 2.5
    endloop
  endfacet
  facet normal 0 0 -1
    outer loop
      vertex 3.67689 -6.87899 2.5
      vertex 3.67689 6.87899 2.5
      vertex 4.33345 6.48546 2.5
    endloop
  endfacet
  facet normal 0 0 -1
    outer loop
      vertex 2.98493 -7.20626 2.5
      vertex 3.67689 6.87899 2.5
      vertex 3.67689 -6.87899 2.5
    endloop
  endfacet
  facet normal 0 0 -1
    outer loop
      vertex 2.98493 -7.20626 2.5
      vertex 2.98493 7.20626 2.5
      vertex 3.67689 6.87899 2.5
    endloop
  endfacet
  facet normal 0 0 -1
    outer loop
      vertex 2.26422 -7.46413 2.5
      vertex 2.98493 7.20626 2.5
      vertex 2.98493 -7.20626 2.5
    endloop
  endfacet
  facet normal 0 0 -1
    outer loop
      vertex 2.26422 -7.46413 2.5
      vertex 2.26422 7.46413 2.5
      vertex 2.98493 7.20626 2.5
    endloop
  endfacet
  facet normal 0 0 -1
    outer loop
      vertex 1.5217 -7.65012 2.5
      vertex 2.26422 7.46413 2.5
      vertex 2.26422 -7.46413 2.5
    endloop
  endfacet
  facet normal 0 0 -1
    outer loop
      vertex 1.5217 -7.65012 2.5
      vertex 1.5217 7.65012 2.5
      vertex 2.26422 7.46413 2.5
    endloop
  endfacet
  facet normal 0 0 -1
    outer loop
      vertex 0.764533 -7.76244 2.5
      vertex 1.5217 7.65012 2.5
      vertex 1.5217 -7.65012 2.5
    endloop
  endfacet
  facet normal 0 0 -1
    outer loop
      vertex 0.764533 -7.76244 2.5
      vertex 0.764533 7.76244 2.5
      vertex 1.5217 7.65012 2.5
    endloop
  endfacet
  facet normal 0 0 -1
    outer loop
      vertex 0 -7.8 2.5
      vertex 0.764533 7.76244 2.5
      vertex 0.764533 -7.76244 2.5
    endloop
  endfacet
  facet normal 0 0 -1
    outer loop
      vertex 0 -7.8 2.5
      vertex 0 7.8 2.5
      vertex 0.764533 7.76244 2.5
    endloop
  endfacet
  facet normal 0 0 -1
    outer loop
      vertex -0.764533 -7.76244 2.5
      vertex 0 7.8 2.5
      vertex 0 -7.8 2.5
    endloop
  endfacet
  facet normal 0 0 -1
    outer loop
      vertex -0.764533 -7.76244 2.5
      vertex -0.764533 7.76244 2.5
      vertex 0 7.8 2.5
    endloop
  endfacet
  facet normal 0 0 -1
    outer loop
      vertex -1.5217 -7.65012 2.5
      vertex -0.764533 7.76244 2.5
      vertex -0.764533 -7.76244 2.5
    endloop
  endfacet
  facet normal 0 0 -1
    outer loop
      vertex -1.5217 -7.65012 2.5
      vertex -1.5217 7.65012 2.5
      vertex -0.764533 7.76244 2.5
    endloop
  endfacet
  facet normal 0 0 -1
    outer loop
      vertex -2.26422 -7.46413 2.5
      vertex -1.5217 7.65012 2.5
      vertex -1.5217 -7.65012 2.5
    endloop
  endfacet
  facet normal 0 0 -1
    outer loop
      vertex -2.26422 -7.46413 2.5
      vertex -2.26422 7.46413 2.5
      vertex -1.5217 7.65012 2.5
    endloop
  endfacet
  facet normal 0 0 -1
    outer loop
      vertex -2.98493 -7.20626 2.5
      vertex -2.26422 7.46413 2.5
      vertex -2.26422 -7.46413 2.5
    endloop
  endfacet
  facet normal 0 0 -1
    outer loop
      vertex -2.98493 -7.20626 2.5
      vertex -2.98493 7.20626 2.5
      vertex -2.26422 7.46413 2.5
    endloop
  endfacet
  facet normal 0 0 -1
    outer loop
      vertex -3.67689 -6.87899 2.5
      vertex -2.98493 7.20626 2.5
      vertex -2.98493 -7.20626 2.5
    endloop
  endfacet
  facet normal 0 0 -1
    outer loop
      vertex -3.67689 -6.87899 2.5
      vertex -3.67689 6.87899 2.5
      vertex -2.98493 7.20626 2.5
    endloop
  endfacet
  facet normal 0 0 -1
    outer loop
      vertex -4.33345 -6.48546 2.5
      vertex -3.67689 6.87899 2.5
      vertex -3.67689 -6.87899 2.5
    endloop
  endfacet
  facet normal 0 0 -1
    outer loop
      vertex -4.33345 -6.48546 2.5
      vertex -4.33345 6.48546 2.5
      vertex -3.67689 6.87899 2.5
    endloop
  endfacet
  facet normal 0 0 -1
    outer loop
      vertex -4.94827 -6.02948 2.5
      vertex -4.33345 6.48546 2.5
      vertex -4.33345 -6.48546 2.5
    endloop
  endfacet
  facet normal 0 0 -1
    outer loop
      vertex -4.94827 -6.02948 2.5
      vertex -4.94827 6.02948 2.5
      vertex -4.33345 6.48546 2.5
    endloop
  endfacet
  facet normal 0 0 -1
    outer loop
      vertex -5.51543 -5.51543 2.5
      vertex -4.94827 6.02948 2.5
      vertex -4.94827 -6.02948 2.5
    endloop
  endfacet
  facet normal 0 0 -1
    outer loop
      vertex -5.51543 -5.51543 2.5
      vertex -5.51543 5.51543 2.5
      vertex -4.94827 6.02948 2.5
    endloop
  endfacet
  facet normal 0 0 -1
    outer loop
      vertex -6.02948 -4.94827 2.5
      vertex -5.51543 5.51543 2.5
      vertex -5.51543 -5.51543 2.5
    endloop
  endfacet
  facet normal 0 0 -1
    outer loop
      vertex -6.02948 -4.94827 2.5
      vertex -6.02948 4.94827 2.5
      vertex -5.51543 5.51543 2.5
    endloop
  endfacet
  facet normal 0 0 -1
    outer loop
      vertex -6.48546 -4.33345 2.5
      vertex -6.02948 4.94827 2.5
      vertex -6.02948 -4.94827 2.5
    endloop
  endfacet
  facet normal 0 0 -1
    outer loop
      vertex -6.48546 -4.33345 2.5
      vertex -6.48546 4.33345 2.5
      vertex -6.02948 4.94827 2.5
    endloop
  endfacet
  facet normal 0 0 -1
    outer loop
      vertex -6.87899 -3.67689 2.5
      vertex -6.48546 4.33345 2.5
      vertex -6.48546 -4.33345 2.5
    endloop
  endfacet
  facet normal 0 0 -1
    outer loop
      vertex -6.87899 -3.67689 2.5
      vertex -6.87899 3.67689 2.5
      vertex -6.48546 4.33345 2.5
    endloop
  endfacet
  facet normal 0 0 -1
    outer loop
      vertex -7.20626 -2.98493 2.5
      vertex -6.87899 3.67689 2.5
      vertex -6.87899 -3.67689 2.5
    endloop
  endfacet
  facet normal 0 0 -1
    outer loop
      vertex -7.20626 -2.98493 2.5
      vertex -7.20626 2.98493 2.5
      vertex -6.87899 3.67689 2.5
    endloop
  endfacet
  facet normal 0 0 -1
    outer loop
      vertex -7.46413 -2.26422 2.5
      vertex -7.20626 2.98493 2.5
      vertex -7.20626 -2.98493 2.5
    endloop
  endfacet
  facet normal 0 0 -1
    outer loop
      vertex -7.46413 -2.26422 2.5
      vertex -7.46413 2.26422 2.5
      vertex -7.20626 2.98493 2.5
    endloop
  endfacet
  facet normal 0 0 -1
    outer loop
      vertex -7.65012 -1.5217 2.5
      vertex -7.46413 2.26422 2.5
      vertex -7.46413 -2.26422 2.5
    endloop
  endfacet
  facet normal 0 0 -1
    outer loop
      vertex -7.65012 -1.5217 2.5
      vertex -7.65012 1.5217 2.5
      vertex -7.46413 2.26422 2.5
    endloop
  endfacet
  facet normal 0 0 -1
    outer loop
      vertex -7.76244 -0.764533 2.5
      vertex -7.65012 1.5217 2.5
      vertex -7.65012 -1.5217 2.5
    endloop
  endfacet
  facet normal 0 0 -1
    outer loop
      vertex -7.76244 -0.764533 2.5
      vertex -7.76244 0.764533 2.5
      vertex -7.65012 1.5217 2.5
    endloop
  endfacet
  facet normal 0 -0 -1
    outer loop
      vertex -7.76244 0.764533 2.5
      vertex -7.76244 -0.764533 2.5
      vertex -7.8 0 2.5
    endloop
  endfacet
  facet normal 0.989176 -0.146737 0
    outer loop
      vertex -7.76244 0.764533 2.5
      vertex -7.65012 1.5217 0
      vertex -7.65012 1.5217 2.5
    endloop
  endfacet
  facet normal 0.989176 -0.146737 0
    outer loop
      vertex -7.65012 1.5217 0
      vertex -7.76244 0.764533 2.5
      vertex -7.76244 0.764533 0
    endloop
  endfacet
  facet normal 0.336885 -0.941546 0
    outer loop
      vertex -2.98493 7.20626 0
      vertex -2.26422 7.46413 2.5
      vertex -2.98493 7.20626 2.5
    endloop
  endfacet
  facet normal 0.336885 -0.941546 0
    outer loop
      vertex -2.26422 7.46413 2.5
      vertex -2.98493 7.20626 0
      vertex -2.26422 7.46413 0
    endloop
  endfacet
  facet normal -0.989176 0.146737 0
    outer loop
      vertex 7.65012 -1.5217 0
      vertex 7.76244 -0.764533 2.5
      vertex 7.76244 -0.764533 0
    endloop
  endfacet
  facet normal -0.989176 0.146737 0
    outer loop
      vertex 7.76244 -0.764533 2.5
      vertex 7.65012 -1.5217 0
      vertex 7.65012 -1.5217 2.5
    endloop
  endfacet
  facet normal -0.998795 0.0490689 0
    outer loop
      vertex 7.76244 -0.764533 0
      vertex 7.8 0 2.5
      vertex 7.8 0 0
    endloop
  endfacet
  facet normal -0.998795 0.0490689 0
    outer loop
      vertex 7.8 0 2.5
      vertex 7.76244 -0.764533 0
      vertex 7.76244 -0.764533 2.5
    endloop
  endfacet
  facet normal -0.941546 0.336885 0
    outer loop
      vertex 7.20626 -2.98493 0
      vertex 7.46413 -2.26422 2.5
      vertex 7.46413 -2.26422 0
    endloop
  endfacet
  facet normal -0.941546 0.336885 0
    outer loop
      vertex 7.46413 -2.26422 2.5
      vertex 7.20626 -2.98493 0
      vertex 7.20626 -2.98493 2.5
    endloop
  endfacet
  facet normal -0.671563 0.740947 0
    outer loop
      vertex 5.51543 -5.51543 0
      vertex 4.94827 -6.02948 2.5
      vertex 5.51543 -5.51543 2.5
    endloop
  endfacet
  facet normal -0.671563 0.740947 0
    outer loop
      vertex 4.94827 -6.02948 2.5
      vertex 5.51543 -5.51543 0
      vertex 4.94827 -6.02948 0
    endloop
  endfacet
  facet normal -0.903991 0.427552 0
    outer loop
      vertex 6.87899 -3.67689 0
      vertex 7.20626 -2.98493 2.5
      vertex 7.20626 -2.98493 0
    endloop
  endfacet
  facet normal -0.903991 0.427552 0
    outer loop
      vertex 7.20626 -2.98493 2.5
      vertex 6.87899 -3.67689 0
      vertex 6.87899 -3.67689 2.5
    endloop
  endfacet
  facet normal -0.803209 0.595698 0
    outer loop
      vertex 6.02948 -4.94827 0
      vertex 6.48546 -4.33345 2.5
      vertex 6.48546 -4.33345 0
    endloop
  endfacet
  facet normal -0.803209 0.595698 0
    outer loop
      vertex 6.48546 -4.33345 2.5
      vertex 6.02948 -4.94827 0
      vertex 6.02948 -4.94827 2.5
    endloop
  endfacet
  facet normal 0.671563 0.740947 -0
    outer loop
      vertex -4.94827 -6.02948 0
      vertex -5.51543 -5.51543 2.5
      vertex -4.94827 -6.02948 2.5
    endloop
  endfacet
  facet normal 0.671563 0.740947 0
    outer loop
      vertex -5.51543 -5.51543 2.5
      vertex -4.94827 -6.02948 0
      vertex -5.51543 -5.51543 0
    endloop
  endfacet
  facet normal 0.998795 0.0490689 0
    outer loop
      vertex -7.76244 -0.764533 2.5
      vertex -7.8 0 0
      vertex -7.8 0 2.5
    endloop
  endfacet
  facet normal 0.998795 0.0490689 0
    outer loop
      vertex -7.8 0 0
      vertex -7.76244 -0.764533 2.5
      vertex -7.76244 -0.764533 0
    endloop
  endfacet
  facet normal 0.941546 0.336885 0
    outer loop
      vertex -7.20626 -2.98493 2.5
      vertex -7.46413 -2.26422 0
      vertex -7.46413 -2.26422 2.5
    endloop
  endfacet
  facet normal 0.941546 0.336885 0
    outer loop
      vertex -7.46413 -2.26422 0
      vertex -7.20626 -2.98493 2.5
      vertex -7.20626 -2.98493 0
    endloop
  endfacet
  facet normal 0.740947 0.671563 0
    outer loop
      vertex -5.51543 -5.51543 2.5
      vertex -6.02948 -4.94827 0
      vertex -6.02948 -4.94827 2.5
    endloop
  endfacet
  facet normal 0.740947 0.671563 0
    outer loop
      vertex -6.02948 -4.94827 0
      vertex -5.51543 -5.51543 2.5
      vertex -5.51543 -5.51543 0
    endloop
  endfacet
  facet normal -0.857727 0.514106 0
    outer loop
      vertex 6.48546 -4.33345 0
      vertex 6.87899 -3.67689 2.5
      vertex 6.87899 -3.67689 0
    endloop
  endfacet
  facet normal -0.857727 0.514106 0
    outer loop
      vertex 6.87899 -3.67689 2.5
      vertex 6.48546 -4.33345 0
      vertex 6.48546 -4.33345 2.5
    endloop
  endfacet
  facet normal -0.0490689 0.998795 0
    outer loop
      vertex 0.764533 -7.76244 0
      vertex 0 -7.8 2.5
      vertex 0.764533 -7.76244 2.5
    endloop
  endfacet
  facet normal -0.0490689 0.998795 0
    outer loop
      vertex 0 -7.8 2.5
      vertex 0.764533 -7.76244 0
      vertex 0 -7.8 0
    endloop
  endfacet
  facet normal 0.242978 0.970032 -0
    outer loop
      vertex -1.5217 -7.65012 0
      vertex -2.26422 -7.46413 2.5
      vertex -1.5217 -7.65012 2.5
    endloop
  endfacet
  facet normal 0.242978 0.970032 0
    outer loop
      vertex -2.26422 -7.46413 2.5
      vertex -1.5217 -7.65012 0
      vertex -2.26422 -7.46413 0
    endloop
  endfacet
  facet normal 0.427552 0.903991 -0
    outer loop
      vertex -2.98493 -7.20626 0
      vertex -3.67689 -6.87899 2.5
      vertex -2.98493 -7.20626 2.5
    endloop
  endfacet
  facet normal 0.427552 0.903991 0
    outer loop
      vertex -3.67689 -6.87899 2.5
      vertex -2.98493 -7.20626 0
      vertex -3.67689 -6.87899 0
    endloop
  endfacet
  facet normal 0.989176 0.146737 0
    outer loop
      vertex -7.65012 -1.5217 2.5
      vertex -7.76244 -0.764533 0
      vertex -7.76244 -0.764533 2.5
    endloop
  endfacet
  facet normal 0.989176 0.146737 0
    outer loop
      vertex -7.76244 -0.764533 0
      vertex -7.65012 -1.5217 2.5
      vertex -7.65012 -1.5217 0
    endloop
  endfacet
  facet normal 0.857727 0.514106 0
    outer loop
      vertex -6.48546 -4.33345 2.5
      vertex -6.87899 -3.67689 0
      vertex -6.87899 -3.67689 2.5
    endloop
  endfacet
  facet normal 0.857727 0.514106 0
    outer loop
      vertex -6.87899 -3.67689 0
      vertex -6.48546 -4.33345 2.5
      vertex -6.48546 -4.33345 0
    endloop
  endfacet
  facet normal 0.903991 0.427552 0
    outer loop
      vertex -6.87899 -3.67689 2.5
      vertex -7.20626 -2.98493 0
      vertex -7.20626 -2.98493 2.5
    endloop
  endfacet
  facet normal 0.903991 0.427552 0
    outer loop
      vertex -7.20626 -2.98493 0
      vertex -6.87899 -3.67689 2.5
      vertex -6.87899 -3.67689 0
    endloop
  endfacet
  facet normal -0.242978 0.970032 0
    outer loop
      vertex 2.26422 -7.46413 0
      vertex 1.5217 -7.65012 2.5
      vertex 2.26422 -7.46413 2.5
    endloop
  endfacet
  facet normal -0.242978 0.970032 0
    outer loop
      vertex 1.5217 -7.65012 2.5
      vertex 2.26422 -7.46413 0
      vertex 1.5217 -7.65012 0
    endloop
  endfacet
  facet normal -0.595698 0.803209 0
    outer loop
      vertex 4.94827 -6.02948 0
      vertex 4.33345 -6.48546 2.5
      vertex 4.94827 -6.02948 2.5
    endloop
  endfacet
  facet normal -0.595698 0.803209 0
    outer loop
      vertex 4.33345 -6.48546 2.5
      vertex 4.94827 -6.02948 0
      vertex 4.33345 -6.48546 0
    endloop
  endfacet
  facet normal -0.514106 0.857727 0
    outer loop
      vertex 4.33345 -6.48546 0
      vertex 3.67689 -6.87899 2.5
      vertex 4.33345 -6.48546 2.5
    endloop
  endfacet
  facet normal -0.514106 0.857727 0
    outer loop
      vertex 3.67689 -6.87899 2.5
      vertex 4.33345 -6.48546 0
      vertex 3.67689 -6.87899 0
    endloop
  endfacet
  facet normal -0.740947 0.671563 0
    outer loop
      vertex 5.51543 -5.51543 0
      vertex 6.02948 -4.94827 2.5
      vertex 6.02948 -4.94827 0
    endloop
  endfacet
  facet normal -0.740947 0.671563 0
    outer loop
      vertex 6.02948 -4.94827 2.5
      vertex 5.51543 -5.51543 0
      vertex 5.51543 -5.51543 2.5
    endloop
  endfacet
  facet normal 0.146737 0.989176 -0
    outer loop
      vertex -0.764533 -7.76244 0
      vertex -1.5217 -7.65012 2.5
      vertex -0.764533 -7.76244 2.5
    endloop
  endfacet
  facet normal 0.146737 0.989176 0
    outer loop
      vertex -1.5217 -7.65012 2.5
      vertex -0.764533 -7.76244 0
      vertex -1.5217 -7.65012 0
    endloop
  endfacet
  facet normal 0.595698 0.803209 -0
    outer loop
      vertex -4.33345 -6.48546 0
      vertex -4.94827 -6.02948 2.5
      vertex -4.33345 -6.48546 2.5
    endloop
  endfacet
  facet normal 0.595698 0.803209 0
    outer loop
      vertex -4.94827 -6.02948 2.5
      vertex -4.33345 -6.48546 0
      vertex -4.94827 -6.02948 0
    endloop
  endfacet
  facet normal 0.336885 0.941546 -0
    outer loop
      vertex -2.26422 -7.46413 0
      vertex -2.98493 -7.20626 2.5
      vertex -2.26422 -7.46413 2.5
    endloop
  endfacet
  facet normal 0.336885 0.941546 0
    outer loop
      vertex -2.98493 -7.20626 2.5
      vertex -2.26422 -7.46413 0
      vertex -2.98493 -7.20626 0
    endloop
  endfacet
  facet normal 0.514106 0.857727 -0
    outer loop
      vertex -3.67689 -6.87899 0
      vertex -4.33345 -6.48546 2.5
      vertex -3.67689 -6.87899 2.5
    endloop
  endfacet
  facet normal 0.514106 0.857727 0
    outer loop
      vertex -4.33345 -6.48546 2.5
      vertex -3.67689 -6.87899 0
      vertex -4.33345 -6.48546 0
    endloop
  endfacet
  facet normal -0 0 -1
    outer loop
      vertex 13.1606 -3.45644 0.69
      vertex 11.9402 -3.45804 0.69
      vertex 11.9909 -2.89023 0.69
    endloop
  endfacet
  facet normal 0 0 -1
    outer loop
      vertex 11.5352 -4.33873 0.69
      vertex 12.2592 -5.18159 0.69
      vertex 11.8667 -5.44945 0.69
    endloop
  endfacet
  facet normal 0 0 -1
    outer loop
      vertex 12.5874 -4.84457 0.69
      vertex 11.7883 -3.94087 0.69
      vertex 11.9402 -3.45804 0.69
    endloop
  endfacet
  facet normal 0 0 -1
    outer loop
      vertex 12.5874 -4.84457 0.69
      vertex 11.5352 -4.33873 0.69
      vertex 11.7883 -3.94087 0.69
    endloop
  endfacet
  facet normal 0 0 -1
    outer loop
      vertex 11.1961 -4.63483 0.69
      vertex 11.8667 -5.44945 0.69
      vertex 11.4217 -5.64384 0.69
    endloop
  endfacet
  facet normal 0 0 -1
    outer loop
      vertex 11.8667 -5.44945 0.69
      vertex 11.1961 -4.63483 0.69
      vertex 11.5352 -4.33873 0.69
    endloop
  endfacet
  facet normal 0 0 -1
    outer loop
      vertex 10.7865 -4.81248 0.69
      vertex 11.4217 -5.64384 0.69
      vertex 10.9355 -5.76048 0.69
    endloop
  endfacet
  facet normal 0 0 -1
    outer loop
      vertex 11.4217 -5.64384 0.69
      vertex 10.7865 -4.81248 0.69
      vertex 11.1961 -4.63483 0.69
    endloop
  endfacet
  facet normal 0 0 -1
    outer loop
      vertex 10.4081 -5.79936 0.69
      vertex 10.7865 -4.81248 0.69
      vertex 10.9355 -5.76048 0.69
    endloop
  endfacet
  facet normal 0 0 -1
    outer loop
      vertex 10.4081 -5.79936 0.69
      vertex 10.3064 -4.8717 0.69
      vertex 10.7865 -4.81248 0.69
    endloop
  endfacet
  facet normal 0 0 -1
    outer loop
      vertex 10.4081 -5.79936 0.69
      vertex 9.2892 -4.8717 0.69
      vertex 10.3064 -4.8717 0.69
    endloop
  endfacet
  facet normal -0 0 -1
    outer loop
      vertex 9.2892 -4.8717 0.69
      vertex 8.0889 -5.79936 0.69
      vertex 9.2892 -0.994156 0.69
    endloop
  endfacet
  facet normal 0 0 -1
    outer loop
      vertex 8.0889 -5.79936 0.69
      vertex 9.2892 -4.8717 0.69
      vertex 10.4081 -5.79936 0.69
    endloop
  endfacet
  facet normal 0 0 -1
    outer loop
      vertex 11.9909 -2.89023 0.69
      vertex 13.1993 -2.89023 0.69
      vertex 13.1606 -3.45644 0.69
    endloop
  endfacet
  facet normal 0 0 -1
    outer loop
      vertex 11.9402 -3.45804 0.69
      vertex 13.1606 -3.45644 0.69
      vertex 13.0446 -3.9725 0.69
    endloop
  endfacet
  facet normal 0 0 -1
    outer loop
      vertex 11.9402 -3.45804 0.69
      vertex 13.0446 -3.9725 0.69
      vertex 12.8514 -4.43839 0.69
    endloop
  endfacet
  facet normal 0 0 -1
    outer loop
      vertex 11.9375 -2.32309 0.69
      vertex 13.1993 -2.89023 0.69
      vertex 11.9909 -2.89023 0.69
    endloop
  endfacet
  facet normal 0 0 -1
    outer loop
      vertex 11.9402 -3.45804 0.69
      vertex 12.8514 -4.43839 0.69
      vertex 12.5874 -4.84457 0.69
    endloop
  endfacet
  facet normal 0 0 -1
    outer loop
      vertex 13.1993 -2.89023 0.69
      vertex 11.9375 -2.32309 0.69
      vertex 13.1111 -2.05185 0.69
    endloop
  endfacet
  facet normal 0 0 -1
    outer loop
      vertex 11.5352 -4.33873 0.69
      vertex 12.5874 -4.84457 0.69
      vertex 12.2592 -5.18159 0.69
    endloop
  endfacet
  facet normal -0 0 -1
    outer loop
      vertex 13.1111 -2.05185 0.69
      vertex 11.9375 -2.32309 0.69
      vertex 12.8466 -1.35406 0.69
    endloop
  endfacet
  facet normal 0 0 -1
    outer loop
      vertex 11.7775 -1.85315 0.69
      vertex 12.8466 -1.35406 0.69
      vertex 11.9375 -2.32309 0.69
    endloop
  endfacet
  facet normal -0 0 -1
    outer loop
      vertex 12.8466 -1.35406 0.69
      vertex 11.7775 -1.85315 0.69
      vertex 12.4058 -0.796875 0.69
    endloop
  endfacet
  facet normal 0 0 -1
    outer loop
      vertex 11.5107 -1.48041 0.69
      vertex 12.4058 -0.796875 0.69
      vertex 11.7775 -1.85315 0.69
    endloop
  endfacet
  facet normal -0 0 -1
    outer loop
      vertex 12.4058 -0.796875 0.69
      vertex 11.5107 -1.48041 0.69
      vertex 11.8041 -0.391113 0.69
    endloop
  endfacet
  facet normal 0 0 -1
    outer loop
      vertex 11.145 -1.21027 0.69
      vertex 11.8041 -0.391113 0.69
      vertex 11.5107 -1.48041 0.69
    endloop
  endfacet
  facet normal 0 0 -1
    outer loop
      vertex 11.145 -1.21027 0.69
      vertex 11.0568 -0.147659 0.69
      vertex 11.8041 -0.391113 0.69
    endloop
  endfacet
  facet normal 0 0 -1
    outer loop
      vertex 10.6879 -1.04819 0.69
      vertex 11.0568 -0.147659 0.69
      vertex 11.145 -1.21027 0.69
    endloop
  endfacet
  facet normal 0 0 -1
    outer loop
      vertex 10.6879 -1.04819 0.69
      vertex 10.164 -0.0664978 0.69
      vertex 11.0568 -0.147659 0.69
    endloop
  endfacet
  facet normal 0 0 -1
    outer loop
      vertex 10.1396 -0.994156 0.69
      vertex 10.164 -0.0664978 0.69
      vertex 10.6879 -1.04819 0.69
    endloop
  endfacet
  facet normal 0 0 -1
    outer loop
      vertex 9.2892 -0.994156 0.69
      vertex 10.164 -0.0664978 0.69
      vertex 10.1396 -0.994156 0.69
    endloop
  endfacet
  facet normal 0 0 -1
    outer loop
      vertex 9.2892 -0.994156 0.69
      vertex 8.0889 -0.0664978 0.69
      vertex 10.164 -0.0664978 0.69
    endloop
  endfacet
  facet normal 0 0 -1
    outer loop
      vertex 8.0889 -0.0664978 0.69
      vertex 9.2892 -0.994156 0.69
      vertex 8.0889 -5.79936 0.69
    endloop
  endfacet
  facet normal -0.233282 0.972409 0
    outer loop
      vertex 11.4217 -5.64384 0
      vertex 10.9355 -5.76048 0.69
      vertex 11.4217 -5.64384 0.69
    endloop
  endfacet
  facet normal -0.233282 0.972409 0
    outer loop
      vertex 10.9355 -5.76048 0.69
      vertex 11.4217 -5.64384 0
      vertex 10.9355 -5.76048 0
    endloop
  endfacet
  facet normal -0.400305 0.916382 0
    outer loop
      vertex 11.8667 -5.44945 0
      vertex 11.4217 -5.64384 0.69
      vertex 11.8667 -5.44945 0.69
    endloop
  endfacet
  facet normal -0.400305 0.916382 0
    outer loop
      vertex 11.4217 -5.64384 0.69
      vertex 11.8667 -5.44945 0
      vertex 11.4217 -5.64384 0
    endloop
  endfacet
  facet normal -0.563691 0.825986 0
    outer loop
      vertex 12.2592 -5.18159 0
      vertex 11.8667 -5.44945 0.69
      vertex 12.2592 -5.18159 0.69
    endloop
  endfacet
  facet normal -0.563691 0.825986 0
    outer loop
      vertex 11.8667 -5.44945 0.69
      vertex 12.2592 -5.18159 0
      vertex 11.8667 -5.44945 0
    endloop
  endfacet
  facet normal -0.716419 0.69767 0
    outer loop
      vertex 12.2592 -5.18159 0
      vertex 12.5874 -4.84457 0.69
      vertex 12.5874 -4.84457 0
    endloop
  endfacet
  facet normal -0.716419 0.69767 0
    outer loop
      vertex 12.5874 -4.84457 0.69
      vertex 12.2592 -5.18159 0
      vertex 12.2592 -5.18159 0.69
    endloop
  endfacet
  facet normal -0.83846 0.544964 0
    outer loop
      vertex 12.5874 -4.84457 0
      vertex 12.8514 -4.43839 0.69
      vertex 12.8514 -4.43839 0
    endloop
  endfacet
  facet normal -0.83846 0.544964 0
    outer loop
      vertex 12.8514 -4.43839 0.69
      vertex 12.5874 -4.84457 0
      vertex 12.5874 -4.84457 0.69
    endloop
  endfacet
  facet normal -0.923724 0.383059 0
    outer loop
      vertex 12.8514 -4.43839 0
      vertex 13.0446 -3.9725 0.69
      vertex 13.0446 -3.9725 0
    endloop
  endfacet
  facet normal -0.923724 0.383059 0
    outer loop
      vertex 13.0446 -3.9725 0.69
      vertex 12.8514 -4.43839 0
      vertex 12.8514 -4.43839 0.69
    endloop
  endfacet
  facet normal -0.975656 0.219308 0
    outer loop
      vertex 13.0446 -3.9725 0
      vertex 13.1606 -3.45644 0.69
      vertex 13.1606 -3.45644 0
    endloop
  endfacet
  facet normal -0.975656 0.219308 0
    outer loop
      vertex 13.1606 -3.45644 0.69
      vertex 13.0446 -3.9725 0
      vertex 13.0446 -3.9725 0.69
    endloop
  endfacet
  facet normal -0.997672 0.0681901 0
    outer loop
      vertex 13.1606 -3.45644 0
      vertex 13.1993 -2.89023 0.69
      vertex 13.1993 -2.89023 0
    endloop
  endfacet
  facet normal -0.997672 0.0681901 0
    outer loop
      vertex 13.1993 -2.89023 0.69
      vertex 13.1606 -3.45644 0
      vertex 13.1606 -3.45644 0.69
    endloop
  endfacet
  facet normal -0.994512 -0.104626 0
    outer loop
      vertex 13.1993 -2.89023 0
      vertex 13.1111 -2.05185 0.69
      vertex 13.1111 -2.05185 0
    endloop
  endfacet
  facet normal -0.994512 -0.104626 0
    outer loop
      vertex 13.1111 -2.05185 0.69
      vertex 13.1993 -2.89023 0
      vertex 13.1993 -2.89023 0.69
    endloop
  endfacet
  facet normal -0.935077 -0.354445 0
    outer loop
      vertex 13.1111 -2.05185 0
      vertex 12.8466 -1.35406 0.69
      vertex 12.8466 -1.35406 0
    endloop
  endfacet
  facet normal -0.935077 -0.354445 0
    outer loop
      vertex 12.8466 -1.35406 0.69
      vertex 13.1111 -2.05185 0
      vertex 13.1111 -2.05185 0.69
    endloop
  endfacet
  facet normal -0.784255 -0.620439 0
    outer loop
      vertex 12.8466 -1.35406 0
      vertex 12.4058 -0.796875 0.69
      vertex 12.4058 -0.796875 0
    endloop
  endfacet
  facet normal -0.784255 -0.620439 0
    outer loop
      vertex 12.4058 -0.796875 0.69
      vertex 12.8466 -1.35406 0
      vertex 12.8466 -1.35406 0.69
    endloop
  endfacet
  facet normal -0.559108 -0.829095 0
    outer loop
      vertex 11.8041 -0.391113 0
      vertex 12.4058 -0.796875 0.69
      vertex 11.8041 -0.391113 0.69
    endloop
  endfacet
  facet normal -0.559108 -0.829095 -0
    outer loop
      vertex 12.4058 -0.796875 0.69
      vertex 11.8041 -0.391113 0
      vertex 12.4058 -0.796875 0
    endloop
  endfacet
  facet normal -0.309755 -0.950816 0
    outer loop
      vertex 11.0568 -0.147659 0
      vertex 11.8041 -0.391113 0.69
      vertex 11.0568 -0.147659 0.69
    endloop
  endfacet
  facet normal -0.309755 -0.950816 -0
    outer loop
      vertex 11.8041 -0.391113 0.69
      vertex 11.0568 -0.147659 0
      vertex 11.8041 -0.391113 0
    endloop
  endfacet
  facet normal -0.0905331 -0.995893 0
    outer loop
      vertex 10.164 -0.0664978 0
      vertex 11.0568 -0.147659 0.69
      vertex 10.164 -0.0664978 0.69
    endloop
  endfacet
  facet normal -0.0905331 -0.995893 -0
    outer loop
      vertex 11.0568 -0.147659 0.69
      vertex 10.164 -0.0664978 0
      vertex 11.0568 -0.147659 0
    endloop
  endfacet
  facet normal 0 -1 0
    outer loop
      vertex 8.0889 -0.0664978 0
      vertex 10.164 -0.0664978 0.69
      vertex 8.0889 -0.0664978 0.69
    endloop
  endfacet
  facet normal 0 -1 -0
    outer loop
      vertex 10.164 -0.0664978 0.69
      vertex 8.0889 -0.0664978 0
      vertex 10.164 -0.0664978 0
    endloop
  endfacet
  facet normal 1 -0 0
    outer loop
      vertex 8.0889 -5.79936 0.69
      vertex 8.0889 -0.0664978 0
      vertex 8.0889 -0.0664978 0.69
    endloop
  endfacet
  facet normal 1 0 0
    outer loop
      vertex 8.0889 -0.0664978 0
      vertex 8.0889 -5.79936 0.69
      vertex 8.0889 -5.79936 0
    endloop
  endfacet
  facet normal 0 1 -0
    outer loop
      vertex 10.4081 -5.79936 0
      vertex 8.0889 -5.79936 0.69
      vertex 10.4081 -5.79936 0.69
    endloop
  endfacet
  facet normal 0 1 0
    outer loop
      vertex 8.0889 -5.79936 0.69
      vertex 10.4081 -5.79936 0
      vertex 8.0889 -5.79936 0
    endloop
  endfacet
  facet normal -0.0735206 0.997294 0
    outer loop
      vertex 10.9355 -5.76048 0
      vertex 10.4081 -5.79936 0.69
      vertex 10.9355 -5.76048 0.69
    endloop
  endfacet
  facet normal -0.0735206 0.997294 0
    outer loop
      vertex 10.4081 -5.79936 0.69
      vertex 10.9355 -5.76048 0
      vertex 10.4081 -5.79936 0
    endloop
  endfacet
  facet normal -1 0 0
    outer loop
      vertex 9.2892 -4.8717 0
      vertex 9.2892 -0.994156 0.69
      vertex 9.2892 -0.994156 0
    endloop
  endfacet
  facet normal -1 -0 0
    outer loop
      vertex 9.2892 -0.994156 0.69
      vertex 9.2892 -4.8717 0
      vertex 9.2892 -4.8717 0.69
    endloop
  endfacet
  facet normal 0 1 -0
    outer loop
      vertex 10.1396 -0.994156 0
      vertex 9.2892 -0.994156 0.69
      vertex 10.1396 -0.994156 0.69
    endloop
  endfacet
  facet normal 0 1 0
    outer loop
      vertex 9.2892 -0.994156 0.69
      vertex 10.1396 -0.994156 0
      vertex 9.2892 -0.994156 0
    endloop
  endfacet
  facet normal 0.0980732 0.995179 -0
    outer loop
      vertex 10.6879 -1.04819 0
      vertex 10.1396 -0.994156 0.69
      vertex 10.6879 -1.04819 0.69
    endloop
  endfacet
  facet normal 0.0980732 0.995179 0
    outer loop
      vertex 10.1396 -0.994156 0.69
      vertex 10.6879 -1.04819 0
      vertex 10.1396 -0.994156 0
    endloop
  endfacet
  facet normal 0.334196 0.942504 -0
    outer loop
      vertex 11.145 -1.21027 0
      vertex 10.6879 -1.04819 0.69
      vertex 11.145 -1.21027 0.69
    endloop
  endfacet
  facet normal 0.334196 0.942504 0
    outer loop
      vertex 10.6879 -1.04819 0.69
      vertex 11.145 -1.21027 0
      vertex 10.6879 -1.04819 0
    endloop
  endfacet
  facet normal 0.594163 0.804344 -0
    outer loop
      vertex 11.5107 -1.48041 0
      vertex 11.145 -1.21027 0.69
      vertex 11.5107 -1.48041 0.69
    endloop
  endfacet
  facet normal 0.594163 0.804344 0
    outer loop
      vertex 11.145 -1.21027 0.69
      vertex 11.5107 -1.48041 0
      vertex 11.145 -1.21027 0
    endloop
  endfacet
  facet normal 0.813158 0.582043 0
    outer loop
      vertex 11.7775 -1.85315 0.69
      vertex 11.5107 -1.48041 0
      vertex 11.5107 -1.48041 0.69
    endloop
  endfacet
  facet normal 0.813158 0.582043 0
    outer loop
      vertex 11.5107 -1.48041 0
      vertex 11.7775 -1.85315 0.69
      vertex 11.7775 -1.85315 0
    endloop
  endfacet
  facet normal 0.946637 0.322301 0
    outer loop
      vertex 11.9375 -2.32309 0.69
      vertex 11.7775 -1.85315 0
      vertex 11.7775 -1.85315 0.69
    endloop
  endfacet
  facet normal 0.946637 0.322301 0
    outer loop
      vertex 11.7775 -1.85315 0
      vertex 11.9375 -2.32309 0.69
      vertex 11.9375 -2.32309 0
    endloop
  endfacet
  facet normal 0.995597 0.093742 0
    outer loop
      vertex 11.9909 -2.89023 0.69
      vertex 11.9375 -2.32309 0
      vertex 11.9375 -2.32309 0.69
    endloop
  endfacet
  facet normal 0.995597 0.093742 0
    outer loop
      vertex 11.9375 -2.32309 0
      vertex 11.9909 -2.89023 0.69
      vertex 11.9909 -2.89023 0
    endloop
  endfacet
  facet normal 0.996037 -0.0889366 0
    outer loop
      vertex 11.9402 -3.45804 0.69
      vertex 11.9909 -2.89023 0
      vertex 11.9909 -2.89023 0.69
    endloop
  endfacet
  facet normal 0.996037 -0.0889366 0
    outer loop
      vertex 11.9909 -2.89023 0
      vertex 11.9402 -3.45804 0.69
      vertex 11.9402 -3.45804 0
    endloop
  endfacet
  facet normal 0.953907 -0.300102 0
    outer loop
      vertex 11.7883 -3.94087 0.69
      vertex 11.9402 -3.45804 0
      vertex 11.9402 -3.45804 0.69
    endloop
  endfacet
  facet normal 0.953907 -0.300102 0
    outer loop
      vertex 11.9402 -3.45804 0
      vertex 11.7883 -3.94087 0.69
      vertex 11.7883 -3.94087 0
    endloop
  endfacet
  facet normal 0.843742 -0.536749 0
    outer loop
      vertex 11.5352 -4.33873 0.69
      vertex 11.7883 -3.94087 0
      vertex 11.7883 -3.94087 0.69
    endloop
  endfacet
  facet normal 0.843742 -0.536749 0
    outer loop
      vertex 11.7883 -3.94087 0
      vertex 11.5352 -4.33873 0.69
      vertex 11.5352 -4.33873 0
    endloop
  endfacet
  facet normal 0.657734 -0.753251 0
    outer loop
      vertex 11.1961 -4.63483 0
      vertex 11.5352 -4.33873 0.69
      vertex 11.1961 -4.63483 0.69
    endloop
  endfacet
  facet normal 0.657734 -0.753251 0
    outer loop
      vertex 11.5352 -4.33873 0.69
      vertex 11.1961 -4.63483 0
      vertex 11.5352 -4.33873 0
    endloop
  endfacet
  facet normal 0.397903 -0.917428 0
    outer loop
      vertex 10.7865 -4.81248 0
      vertex 11.1961 -4.63483 0.69
      vertex 10.7865 -4.81248 0.69
    endloop
  endfacet
  facet normal 0.397903 -0.917428 0
    outer loop
      vertex 11.1961 -4.63483 0.69
      vertex 10.7865 -4.81248 0
      vertex 11.1961 -4.63483 0
    endloop
  endfacet
  facet normal 0.122421 -0.992478 0
    outer loop
      vertex 10.3064 -4.8717 0
      vertex 10.7865 -4.81248 0.69
      vertex 10.3064 -4.8717 0.69
    endloop
  endfacet
  facet normal 0.122421 -0.992478 0
    outer loop
      vertex 10.7865 -4.81248 0.69
      vertex 10.3064 -4.8717 0
      vertex 10.7865 -4.81248 0
    endloop
  endfacet
  facet normal 0 -1 0
    outer loop
      vertex 9.2892 -4.8717 0
      vertex 10.3064 -4.8717 0.69
      vertex 9.2892 -4.8717 0.69
    endloop
  endfacet
  facet normal 0 -1 -0
    outer loop
      vertex 10.3064 -4.8717 0.69
      vertex 9.2892 -4.8717 0
      vertex 10.3064 -4.8717 0
    endloop
  endfacet
endsolid OpenSCAD_Model
