solid OpenSCAD_Model
  facet normal 0.0953486 0.00312607 0.995439
    outer loop
      vertex 14.9379 0.979084 3.2
      vertex 9.75 0 3.7
      vertex 14.97 0 3.2
    endloop
  endfacet
  facet normal 0.0949412 0.00934905 0.995439
    outer loop
      vertex 14.8419 1.95398 3.2
      vertex 9.72912 0.63768 3.7
      vertex 14.9379 0.979084 3.2
    endloop
  endfacet
  facet normal -0.0155332 0.0941261 0.995439
    outer loop
      vertex -1.95398 14.8419 3.2
      vertex -2.9205 14.6824 3.2
      vertex -1.90213 9.56266 3.7
    endloop
  endfacet
  facet normal 0.0652144 0.0696283 0.995439
    outer loop
      vertex 10.5854 10.5854 3.2
      vertex 6.42862 7.33044 3.7
      vertex 6.89429 6.89429 3.7
    endloop
  endfacet
  facet normal -0.0737433 0.0605236 0.995439
    outer loop
      vertex -11.255 9.87041 3.2
      vertex -11.8765 9.11316 3.2
      vertex -7.33044 6.42862 3.7
    endloop
  endfacet
  facet normal -0.0449722 0.0841344 0.995439
    outer loop
      vertex -6.62106 13.4262 3.2
      vertex -7.485 12.9644 3.2
      vertex -4.875 8.44375 3.7
    endloop
  endfacet
  facet normal -0.0696283 0.0652144 0.995439
    outer loop
      vertex -6.89429 6.89429 3.7
      vertex -10.5854 10.5854 3.2
      vertex -7.33044 6.42862 3.7
    endloop
  endfacet
  facet normal -0.0953486 0.00312607 0.995439
    outer loop
      vertex -14.9379 0.979084 3.2
      vertex -14.97 0 3.2
      vertex -9.75 0 3.7
    endloop
  endfacet
  facet normal -0.0892869 -0.0335987 0.995439
    outer loop
      vertex -9.00782 -3.73116 3.7
      vertex -14.1755 -4.81195 3.2
      vertex -13.8305 -5.72877 3.2
    endloop
  endfacet
  facet normal 0.0868962 0.0393713 0.995439
    outer loop
      vertex 13.4262 6.62106 3.2
      vertex 8.74451 4.31231 3.7
      vertex 9.00782 3.73116 3.7
    endloop
  endfacet
  facet normal -0.0775452 0.0555682 0.995439
    outer loop
      vertex -11.8765 9.11316 3.2
      vertex -12.4471 8.31689 3.2
      vertex -8.10683 5.41681 3.7
    endloop
  endfacet
  facet normal -0.0941261 0.0155332 0.995439
    outer loop
      vertex -14.6824 2.9205 3.2
      vertex -14.8419 1.95398 3.2
      vertex -9.56266 1.90213 3.7
    endloop
  endfacet
  facet normal -0.0652144 -0.0696283 0.995439
    outer loop
      vertex -6.89429 -6.89429 3.7
      vertex -10.5854 -10.5854 3.2
      vertex -6.42862 -7.33044 3.7
    endloop
  endfacet
  facet normal 0.0155332 -0.0941261 0.995439
    outer loop
      vertex 2.9205 -14.6824 3.2
      vertex 1.90213 -9.56266 3.7
      vertex 1.95398 -14.8419 3.2
    endloop
  endfacet
  facet normal 0.0335987 0.0892869 0.995439
    outer loop
      vertex 4.81195 14.1755 3.2
      vertex 3.73116 9.00782 3.7
      vertex 5.72877 13.8305 3.2
    endloop
  endfacet
  facet normal 0.0503773 0.0810137 0.995439
    outer loop
      vertex 7.485 12.9644 3.2
      vertex 5.41681 8.10683 3.7
      vertex 8.31689 12.4471 3.2
    endloop
  endfacet
  facet normal 0.0841344 0.0449722 0.995439
    outer loop
      vertex 12.9644 7.485 3.2
      vertex 8.44375 4.875 3.7
      vertex 13.4262 6.62106 3.2
    endloop
  endfacet
  facet normal 0.0929058 0.0216678 0.995439
    outer loop
      vertex 14.4599 3.87452 3.2
      vertex 9.56266 1.90213 3.7
      vertex 14.6824 2.9205 3.2
    endloop
  endfacet
  facet normal 0.094126 0.0155401 0.995439
    outer loop
      vertex 14.8419 1.95398 3.2
      vertex 9.56266 1.90213 3.7
      vertex 9.66659 1.27263 3.7
    endloop
  endfacet
  facet normal 0.0892869 -0.0335987 0.995439
    outer loop
      vertex 14.1755 -4.81195 3.2
      vertex 9.00782 -3.73116 3.7
      vertex 13.8305 -5.72877 3.2
    endloop
  endfacet
  facet normal 0.094941 -0.00934981 0.995439
    outer loop
      vertex 9.72912 -0.63768 3.7
      vertex 9.66659 -1.27263 3.7
      vertex 14.8419 -1.95398 3.2
    endloop
  endfacet
  facet normal -0.0868953 0.0393726 0.995439
    outer loop
      vertex -13.4262 6.62106 3.2
      vertex -13.8305 5.72877 3.2
      vertex -9.00782 3.73116 3.7
    endloop
  endfacet
  facet normal -0.0555682 0.0775452 0.995439
    outer loop
      vertex -8.31689 12.4471 3.2
      vertex -9.11316 11.8765 3.2
      vertex -5.41681 8.10683 3.7
    endloop
  endfacet
  facet normal -0.0929058 0.0216678 0.995439
    outer loop
      vertex -14.4599 3.87452 3.2
      vertex -14.6824 2.9205 3.2
      vertex -9.56266 1.90213 3.7
    endloop
  endfacet
  facet normal -0.0652115 -0.069632 0.995439
    outer loop
      vertex -6.42862 -7.33044 3.7
      vertex -10.5854 -10.5854 3.2
      vertex -9.87041 -11.255 3.2
    endloop
  endfacet
  facet normal -0.0605236 -0.0737433 0.995439
    outer loop
      vertex -6.42862 -7.33044 3.7
      vertex -9.87041 -11.255 3.2
      vertex -9.11316 -11.8765 3.2
    endloop
  endfacet
  facet normal -0.0810136 -0.0503776 0.995439
    outer loop
      vertex -8.44375 -4.875 3.7
      vertex -12.9644 -7.485 3.2
      vertex -8.10683 -5.41681 3.7
    endloop
  endfacet
  facet normal 0.00934905 -0.0949412 0.995439
    outer loop
      vertex 1.95398 -14.8419 3.2
      vertex 0.63768 -9.72912 3.7
      vertex 0.979084 -14.9379 3.2
    endloop
  endfacet
  facet normal 0.0393726 -0.0868953 0.995439
    outer loop
      vertex 6.62106 -13.4262 3.2
      vertex 3.73116 -9.00782 3.7
      vertex 5.72877 -13.8305 3.2
    endloop
  endfacet
  facet normal 0.0336056 0.0892855 0.995439
    outer loop
      vertex 4.81195 14.1755 3.2
      vertex 3.13403 9.23257 3.7
      vertex 3.73116 9.00782 3.7
    endloop
  endfacet
  facet normal 0.0216678 0.0929058 0.995439
    outer loop
      vertex 2.9205 14.6824 3.2
      vertex 1.90213 9.56266 3.7
      vertex 3.87452 14.4599 3.2
    endloop
  endfacet
  facet normal -0.0216678 0.0929058 0.995439
    outer loop
      vertex -2.9205 14.6824 3.2
      vertex -3.87452 14.4599 3.2
      vertex -1.90213 9.56266 3.7
    endloop
  endfacet
  facet normal 0.0775445 0.055569 0.995439
    outer loop
      vertex 11.8765 9.11316 3.2
      vertex 7.73519 5.93542 3.7
      vertex 8.10683 5.41681 3.7
    endloop
  endfacet
  facet normal 0.0810137 0.0503773 0.995439
    outer loop
      vertex 12.4471 8.31689 3.2
      vertex 8.10683 5.41681 3.7
      vertex 12.9644 7.485 3.2
    endloop
  endfacet
  facet normal 0.0810136 0.0503776 0.995439
    outer loop
      vertex 12.9644 7.485 3.2
      vertex 8.10683 5.41681 3.7
      vertex 8.44375 4.875 3.7
    endloop
  endfacet
  facet normal 0.0503776 0.0810136 0.995439
    outer loop
      vertex 7.485 12.9644 3.2
      vertex 4.875 8.44375 3.7
      vertex 5.41681 8.10683 3.7
    endloop
  endfacet
  facet normal 0.0912915 0.0276963 0.995439
    outer loop
      vertex 14.1755 4.81195 3.2
      vertex 9.23257 3.13403 3.7
      vertex 14.4599 3.87452 3.2
    endloop
  endfacet
  facet normal 0.0912918 0.0276938 0.995439
    outer loop
      vertex 14.4599 3.87452 3.2
      vertex 9.23257 3.13403 3.7
      vertex 9.41778 2.52349 3.7
    endloop
  endfacet
  facet normal 0.0652115 -0.069632 0.995439
    outer loop
      vertex 10.5854 -10.5854 3.2
      vertex 6.42862 -7.33044 3.7
      vertex 9.87041 -11.255 3.2
    endloop
  endfacet
  facet normal 0.0775452 -0.0555682 0.995439
    outer loop
      vertex 12.4471 -8.31689 3.2
      vertex 8.10683 -5.41681 3.7
      vertex 11.8765 -9.11316 3.2
    endloop
  endfacet
  facet normal 0.0810137 -0.0503773 0.995439
    outer loop
      vertex 12.9644 -7.485 3.2
      vertex 8.10683 -5.41681 3.7
      vertex 12.4471 -8.31689 3.2
    endloop
  endfacet
  facet normal 0.0929058 -0.0216678 0.995439
    outer loop
      vertex 14.6824 -2.9205 3.2
      vertex 9.56266 -1.90213 3.7
      vertex 14.4599 -3.87452 3.2
    endloop
  endfacet
  facet normal 0.0953486 -0.00312607 0.995439
    outer loop
      vertex 14.97 0 3.2
      vertex 9.75 0 3.7
      vertex 14.9379 -0.979084 3.2
    endloop
  endfacet
  facet normal -0.069632 0.0652115 0.995439
    outer loop
      vertex -10.5854 10.5854 3.2
      vertex -11.255 9.87041 3.2
      vertex -7.33044 6.42862 3.7
    endloop
  endfacet
  facet normal -0.055569 0.0775445 0.995439
    outer loop
      vertex -5.41681 8.10683 3.7
      vertex -9.11316 11.8765 3.2
      vertex -5.93542 7.73519 3.7
    endloop
  endfacet
  facet normal -0.06052 0.0737454 0.995439
    outer loop
      vertex -5.93542 7.73519 3.7
      vertex -9.11316 11.8765 3.2
      vertex -6.42862 7.33044 3.7
    endloop
  endfacet
  facet normal -0.0605236 0.0737433 0.995439
    outer loop
      vertex -9.11316 11.8765 3.2
      vertex -9.87041 11.255 3.2
      vertex -6.42862 7.33044 3.7
    endloop
  endfacet
  facet normal -0.0775445 0.055569 0.995439
    outer loop
      vertex -7.73519 5.93542 3.7
      vertex -11.8765 9.11316 3.2
      vertex -8.10683 5.41681 3.7
    endloop
  endfacet
  facet normal -0.0810137 0.0503773 0.995439
    outer loop
      vertex -12.4471 8.31689 3.2
      vertex -12.9644 7.485 3.2
      vertex -8.10683 5.41681 3.7
    endloop
  endfacet
  facet normal -0.094126 0.0155401 0.995439
    outer loop
      vertex -9.56266 1.90213 3.7
      vertex -14.8419 1.95398 3.2
      vertex -9.66659 1.27263 3.7
    endloop
  endfacet
  facet normal -0.0892855 0.0336056 0.995439
    outer loop
      vertex -9.00782 3.73116 3.7
      vertex -14.1755 4.81195 3.2
      vertex -9.23257 3.13403 3.7
    endloop
  endfacet
  facet normal -0.0892869 0.0335987 0.995439
    outer loop
      vertex -13.8305 5.72877 3.2
      vertex -14.1755 4.81195 3.2
      vertex -9.00782 3.73116 3.7
    endloop
  endfacet
  facet normal -0.094941 0.00934981 0.995439
    outer loop
      vertex -9.66659 1.27263 3.7
      vertex -14.8419 1.95398 3.2
      vertex -9.72912 0.63768 3.7
    endloop
  endfacet
  facet normal -0.0336056 -0.0892855 0.995439
    outer loop
      vertex -3.73116 -9.00782 3.7
      vertex -4.81195 -14.1755 3.2
      vertex -3.13403 -9.23257 3.7
    endloop
  endfacet
  facet normal -0.0841344 -0.0449722 0.995439
    outer loop
      vertex -8.44375 -4.875 3.7
      vertex -13.4262 -6.62106 3.2
      vertex -12.9644 -7.485 3.2
    endloop
  endfacet
  facet normal -0.0775452 -0.0555682 0.995439
    outer loop
      vertex -8.10683 -5.41681 3.7
      vertex -12.4471 -8.31689 3.2
      vertex -11.8765 -9.11316 3.2
    endloop
  endfacet
  facet normal -0.0737454 -0.06052 0.995439
    outer loop
      vertex -7.73519 -5.93542 3.7
      vertex -11.8765 -9.11316 3.2
      vertex -7.33044 -6.42862 3.7
    endloop
  endfacet
  facet normal -0.0941261 -0.0155332 0.995439
    outer loop
      vertex -9.56266 -1.90213 3.7
      vertex -14.8419 -1.95398 3.2
      vertex -14.6824 -2.9205 3.2
    endloop
  endfacet
  facet normal -0.0929058 -0.0216678 0.995439
    outer loop
      vertex -9.56266 -1.90213 3.7
      vertex -14.6824 -2.9205 3.2
      vertex -14.4599 -3.87452 3.2
    endloop
  endfacet
  facet normal -0.00312607 -0.0953486 0.995439
    outer loop
      vertex 0 -9.75 3.7
      vertex -0.979084 -14.9379 3.2
      vertex 0 -14.97 3.2
    endloop
  endfacet
  facet normal -0.0155401 -0.094126 0.995439
    outer loop
      vertex -1.90213 -9.56266 3.7
      vertex -1.95398 -14.8419 3.2
      vertex -1.27263 -9.66659 3.7
    endloop
  endfacet
  facet normal -0.0335987 -0.0892869 0.995439
    outer loop
      vertex -3.73116 -9.00782 3.7
      vertex -5.72877 -13.8305 3.2
      vertex -4.81195 -14.1755 3.2
    endloop
  endfacet
  facet normal -0.0276963 -0.0912915 0.995439
    outer loop
      vertex -3.13403 -9.23257 3.7
      vertex -4.81195 -14.1755 3.2
      vertex -3.87452 -14.4599 3.2
    endloop
  endfacet
  facet normal 0.0503776 -0.0810136 0.995439
    outer loop
      vertex 5.41681 -8.10683 3.7
      vertex 4.875 -8.44375 3.7
      vertex 7.485 -12.9644 3.2
    endloop
  endfacet
  facet normal 0.0503773 -0.0810137 0.995439
    outer loop
      vertex 8.31689 -12.4471 3.2
      vertex 5.41681 -8.10683 3.7
      vertex 7.485 -12.9644 3.2
    endloop
  endfacet
  facet normal 0.0155401 0.094126 0.995439
    outer loop
      vertex 1.95398 14.8419 3.2
      vertex 1.27263 9.66659 3.7
      vertex 1.90213 9.56266 3.7
    endloop
  endfacet
  facet normal 0.0155332 0.0941261 0.995439
    outer loop
      vertex 1.95398 14.8419 3.2
      vertex 1.90213 9.56266 3.7
      vertex 2.9205 14.6824 3.2
    endloop
  endfacet
  facet normal 0.0449722 0.0841344 0.995439
    outer loop
      vertex 6.62106 13.4262 3.2
      vertex 4.875 8.44375 3.7
      vertex 7.485 12.9644 3.2
    endloop
  endfacet
  facet normal 0.0393726 0.0868953 0.995439
    outer loop
      vertex 5.72877 13.8305 3.2
      vertex 3.73116 9.00782 3.7
      vertex 6.62106 13.4262 3.2
    endloop
  endfacet
  facet normal -0.0216629 0.0929078 0.995439
    outer loop
      vertex -1.90213 9.56266 3.7
      vertex -3.87452 14.4599 3.2
      vertex -2.52349 9.41778 3.7
    endloop
  endfacet
  facet normal -0.0335987 0.0892869 0.995439
    outer loop
      vertex -4.81195 14.1755 3.2
      vertex -5.72877 13.8305 3.2
      vertex -3.73116 9.00782 3.7
    endloop
  endfacet
  facet normal -0.0276963 0.0912915 0.995439
    outer loop
      vertex -3.87452 14.4599 3.2
      vertex -4.81195 14.1755 3.2
      vertex -3.13403 9.23257 3.7
    endloop
  endfacet
  facet normal -0.00312607 0.0953486 0.995439
    outer loop
      vertex 0 14.97 3.2
      vertex -0.979084 14.9379 3.2
      vertex 0 9.75 3.7
    endloop
  endfacet
  facet normal 0.0737433 0.0605236 0.995439
    outer loop
      vertex 11.255 9.87041 3.2
      vertex 7.33044 6.42862 3.7
      vertex 11.8765 9.11316 3.2
    endloop
  endfacet
  facet normal 0.069632 0.0652115 0.995439
    outer loop
      vertex 10.5854 10.5854 3.2
      vertex 7.33044 6.42862 3.7
      vertex 11.255 9.87041 3.2
    endloop
  endfacet
  facet normal 0.0775452 0.0555682 0.995439
    outer loop
      vertex 11.8765 9.11316 3.2
      vertex 8.10683 5.41681 3.7
      vertex 12.4471 8.31689 3.2
    endloop
  endfacet
  facet normal 0.0605236 0.0737433 0.995439
    outer loop
      vertex 9.11316 11.8765 3.2
      vertex 6.42862 7.33044 3.7
      vertex 9.87041 11.255 3.2
    endloop
  endfacet
  facet normal 0.0652115 0.069632 0.995439
    outer loop
      vertex 9.87041 11.255 3.2
      vertex 6.42862 7.33044 3.7
      vertex 10.5854 10.5854 3.2
    endloop
  endfacet
  facet normal 0.0892855 0.0336056 0.995439
    outer loop
      vertex 14.1755 4.81195 3.2
      vertex 9.00782 3.73116 3.7
      vertex 9.23257 3.13403 3.7
    endloop
  endfacet
  facet normal 0.084135 0.0449705 0.995439
    outer loop
      vertex 13.4262 6.62106 3.2
      vertex 8.44375 4.875 3.7
      vertex 8.74451 4.31231 3.7
    endloop
  endfacet
  facet normal 0.0953493 0.00312209 0.995439
    outer loop
      vertex 14.9379 0.979084 3.2
      vertex 9.72912 0.63768 3.7
      vertex 9.75 0 3.7
    endloop
  endfacet
  facet normal 0.0941261 0.0155332 0.995439
    outer loop
      vertex 14.6824 2.9205 3.2
      vertex 9.56266 1.90213 3.7
      vertex 14.8419 1.95398 3.2
    endloop
  endfacet
  facet normal 0.0929078 0.0216629 0.995439
    outer loop
      vertex 14.4599 3.87452 3.2
      vertex 9.41778 2.52349 3.7
      vertex 9.56266 1.90213 3.7
    endloop
  endfacet
  facet normal 0.0696283 -0.0652144 0.995439
    outer loop
      vertex 7.33044 -6.42862 3.7
      vertex 6.89429 -6.89429 3.7
      vertex 10.5854 -10.5854 3.2
    endloop
  endfacet
  facet normal 0.0555682 -0.0775452 0.995439
    outer loop
      vertex 9.11316 -11.8765 3.2
      vertex 5.41681 -8.10683 3.7
      vertex 8.31689 -12.4471 3.2
    endloop
  endfacet
  facet normal 0.0810136 -0.0503776 0.995439
    outer loop
      vertex 8.44375 -4.875 3.7
      vertex 8.10683 -5.41681 3.7
      vertex 12.9644 -7.485 3.2
    endloop
  endfacet
  facet normal 0.0868953 -0.0393726 0.995439
    outer loop
      vertex 13.8305 -5.72877 3.2
      vertex 9.00782 -3.73116 3.7
      vertex 13.4262 -6.62106 3.2
    endloop
  endfacet
  facet normal 0.0892855 -0.0336056 0.995439
    outer loop
      vertex 9.23257 -3.13403 3.7
      vertex 9.00782 -3.73116 3.7
      vertex 14.1755 -4.81195 3.2
    endloop
  endfacet
  facet normal 0.0941261 -0.0155332 0.995439
    outer loop
      vertex 14.8419 -1.95398 3.2
      vertex 9.56266 -1.90213 3.7
      vertex 14.6824 -2.9205 3.2
    endloop
  endfacet
  facet normal -0.0503776 0.0810136 0.995439
    outer loop
      vertex -4.875 8.44375 3.7
      vertex -7.485 12.9644 3.2
      vertex -5.41681 8.10683 3.7
    endloop
  endfacet
  facet normal -0.0503773 0.0810137 0.995439
    outer loop
      vertex -7.485 12.9644 3.2
      vertex -8.31689 12.4471 3.2
      vertex -5.41681 8.10683 3.7
    endloop
  endfacet
  facet normal -0.0652115 0.069632 0.995439
    outer loop
      vertex -9.87041 11.255 3.2
      vertex -10.5854 10.5854 3.2
      vertex -6.42862 7.33044 3.7
    endloop
  endfacet
  facet normal -0.0652144 0.0696283 0.995439
    outer loop
      vertex -6.42862 7.33044 3.7
      vertex -10.5854 10.5854 3.2
      vertex -6.89429 6.89429 3.7
    endloop
  endfacet
  facet normal -0.0737454 0.06052 0.995439
    outer loop
      vertex -7.33044 6.42862 3.7
      vertex -11.8765 9.11316 3.2
      vertex -7.73519 5.93542 3.7
    endloop
  endfacet
  facet normal -0.0810136 0.0503776 0.995439
    outer loop
      vertex -8.10683 5.41681 3.7
      vertex -12.9644 7.485 3.2
      vertex -8.44375 4.875 3.7
    endloop
  endfacet
  facet normal -0.0841344 0.0449722 0.995439
    outer loop
      vertex -12.9644 7.485 3.2
      vertex -13.4262 6.62106 3.2
      vertex -8.44375 4.875 3.7
    endloop
  endfacet
  facet normal -0.0912915 0.0276963 0.995439
    outer loop
      vertex -14.1755 4.81195 3.2
      vertex -14.4599 3.87452 3.2
      vertex -9.23257 3.13403 3.7
    endloop
  endfacet
  facet normal -0.0929078 0.0216629 0.995439
    outer loop
      vertex -9.41778 2.52349 3.7
      vertex -14.4599 3.87452 3.2
      vertex -9.56266 1.90213 3.7
    endloop
  endfacet
  facet normal -0.0949412 0.00934905 0.995439
    outer loop
      vertex -14.8419 1.95398 3.2
      vertex -14.9379 0.979084 3.2
      vertex -9.72912 0.63768 3.7
    endloop
  endfacet
  facet normal -0.0953493 0.00312209 0.995439
    outer loop
      vertex -9.72912 0.63768 3.7
      vertex -14.9379 0.979084 3.2
      vertex -9.75 0 3.7
    endloop
  endfacet
  facet normal -0.055569 -0.0775445 0.995439
    outer loop
      vertex -5.93542 -7.73519 3.7
      vertex -9.11316 -11.8765 3.2
      vertex -5.41681 -8.10683 3.7
    endloop
  endfacet
  facet normal -0.0555682 -0.0775452 0.995439
    outer loop
      vertex -5.41681 -8.10683 3.7
      vertex -9.11316 -11.8765 3.2
      vertex -8.31689 -12.4471 3.2
    endloop
  endfacet
  facet normal -0.0503773 -0.0810137 0.995439
    outer loop
      vertex -5.41681 -8.10683 3.7
      vertex -8.31689 -12.4471 3.2
      vertex -7.485 -12.9644 3.2
    endloop
  endfacet
  facet normal -0.0737433 -0.0605236 0.995439
    outer loop
      vertex -7.33044 -6.42862 3.7
      vertex -11.8765 -9.11316 3.2
      vertex -11.255 -9.87041 3.2
    endloop
  endfacet
  facet normal -0.0810137 -0.0503773 0.995439
    outer loop
      vertex -8.10683 -5.41681 3.7
      vertex -12.9644 -7.485 3.2
      vertex -12.4471 -8.31689 3.2
    endloop
  endfacet
  facet normal -0.0868953 -0.0393726 0.995439
    outer loop
      vertex -9.00782 -3.73116 3.7
      vertex -13.8305 -5.72877 3.2
      vertex -13.4262 -6.62106 3.2
    endloop
  endfacet
  facet normal -0.084135 -0.0449705 0.995439
    outer loop
      vertex -8.74451 -4.31231 3.7
      vertex -13.4262 -6.62106 3.2
      vertex -8.44375 -4.875 3.7
    endloop
  endfacet
  facet normal -0.0953493 -0.00312209 0.995439
    outer loop
      vertex -9.75 0 3.7
      vertex -14.9379 -0.979084 3.2
      vertex -9.72912 -0.63768 3.7
    endloop
  endfacet
  facet normal -0.0929078 -0.0216629 0.995439
    outer loop
      vertex -9.56266 -1.90213 3.7
      vertex -14.4599 -3.87452 3.2
      vertex -9.41778 -2.52349 3.7
    endloop
  endfacet
  facet normal -0.0912918 -0.0276938 0.995439
    outer loop
      vertex -9.41778 -2.52349 3.7
      vertex -14.4599 -3.87452 3.2
      vertex -9.23257 -3.13403 3.7
    endloop
  endfacet
  facet normal 0.0335987 -0.0892869 0.995439
    outer loop
      vertex 5.72877 -13.8305 3.2
      vertex 3.73116 -9.00782 3.7
      vertex 4.81195 -14.1755 3.2
    endloop
  endfacet
  facet normal 0.0155401 -0.094126 0.995439
    outer loop
      vertex 1.90213 -9.56266 3.7
      vertex 1.27263 -9.66659 3.7
      vertex 1.95398 -14.8419 3.2
    endloop
  endfacet
  facet normal 0.00934981 -0.094941 0.995439
    outer loop
      vertex 1.27263 -9.66659 3.7
      vertex 0.63768 -9.72912 3.7
      vertex 1.95398 -14.8419 3.2
    endloop
  endfacet
  facet normal -0.00312209 -0.0953493 0.995439
    outer loop
      vertex -0.63768 -9.72912 3.7
      vertex -0.979084 -14.9379 3.2
      vertex 0 -9.75 3.7
    endloop
  endfacet
  facet normal -0.0155332 -0.0941261 0.995439
    outer loop
      vertex -1.90213 -9.56266 3.7
      vertex -2.9205 -14.6824 3.2
      vertex -1.95398 -14.8419 3.2
    endloop
  endfacet
  facet normal -0.0216678 -0.0929058 0.995439
    outer loop
      vertex -1.90213 -9.56266 3.7
      vertex -3.87452 -14.4599 3.2
      vertex -2.9205 -14.6824 3.2
    endloop
  endfacet
  facet normal 0.0393713 -0.0868962 0.995439
    outer loop
      vertex 4.31231 -8.74451 3.7
      vertex 3.73116 -9.00782 3.7
      vertex 6.62106 -13.4262 3.2
    endloop
  endfacet
  facet normal 0.06052 -0.0737454 0.995439
    outer loop
      vertex 6.42862 -7.33044 3.7
      vertex 5.93542 -7.73519 3.7
      vertex 9.11316 -11.8765 3.2
    endloop
  endfacet
  facet normal 0.0276963 0.0912915 0.995439
    outer loop
      vertex 3.87452 14.4599 3.2
      vertex 3.13403 9.23257 3.7
      vertex 4.81195 14.1755 3.2
    endloop
  endfacet
  facet normal 0.00934905 0.0949412 0.995439
    outer loop
      vertex 0.979084 14.9379 3.2
      vertex 0.63768 9.72912 3.7
      vertex 1.95398 14.8419 3.2
    endloop
  endfacet
  facet normal 0.00934981 0.094941 0.995439
    outer loop
      vertex 1.95398 14.8419 3.2
      vertex 0.63768 9.72912 3.7
      vertex 1.27263 9.66659 3.7
    endloop
  endfacet
  facet normal 0.06052 0.0737454 0.995439
    outer loop
      vertex 9.11316 11.8765 3.2
      vertex 5.93542 7.73519 3.7
      vertex 6.42862 7.33044 3.7
    endloop
  endfacet
  facet normal 0.0555682 0.0775452 0.995439
    outer loop
      vertex 8.31689 12.4471 3.2
      vertex 5.41681 8.10683 3.7
      vertex 9.11316 11.8765 3.2
    endloop
  endfacet
  facet normal 0.0449705 0.084135 0.995439
    outer loop
      vertex 6.62106 13.4262 3.2
      vertex 4.31231 8.74451 3.7
      vertex 4.875 8.44375 3.7
    endloop
  endfacet
  facet normal 0.0393713 0.0868962 0.995439
    outer loop
      vertex 6.62106 13.4262 3.2
      vertex 3.73116 9.00782 3.7
      vertex 4.31231 8.74451 3.7
    endloop
  endfacet
  facet normal -0.0393726 0.0868953 0.995439
    outer loop
      vertex -5.72877 13.8305 3.2
      vertex -6.62106 13.4262 3.2
      vertex -3.73116 9.00782 3.7
    endloop
  endfacet
  facet normal -0.0336056 0.0892855 0.995439
    outer loop
      vertex -3.13403 9.23257 3.7
      vertex -4.81195 14.1755 3.2
      vertex -3.73116 9.00782 3.7
    endloop
  endfacet
  facet normal -0.00934905 0.0949412 0.995439
    outer loop
      vertex -0.979084 14.9379 3.2
      vertex -1.95398 14.8419 3.2
      vertex -0.63768 9.72912 3.7
    endloop
  endfacet
  facet normal -0.00312209 0.0953493 0.995439
    outer loop
      vertex 0 9.75 3.7
      vertex -0.979084 14.9379 3.2
      vertex -0.63768 9.72912 3.7
    endloop
  endfacet
  facet normal -0.00934981 0.094941 0.995439
    outer loop
      vertex -0.63768 9.72912 3.7
      vertex -1.95398 14.8419 3.2
      vertex -1.27263 9.66659 3.7
    endloop
  endfacet
  facet normal -0.0155401 0.094126 0.995439
    outer loop
      vertex -1.27263 9.66659 3.7
      vertex -1.95398 14.8419 3.2
      vertex -1.90213 9.56266 3.7
    endloop
  endfacet
  facet normal 0.00312209 0.0953493 0.995439
    outer loop
      vertex 0.979084 14.9379 3.2
      vertex 0 9.75 3.7
      vertex 0.63768 9.72912 3.7
    endloop
  endfacet
  facet normal 0.00312607 0.0953486 0.995439
    outer loop
      vertex 0 14.97 3.2
      vertex 0 9.75 3.7
      vertex 0.979084 14.9379 3.2
    endloop
  endfacet
  facet normal 0.0696283 0.0652144 0.995439
    outer loop
      vertex 10.5854 10.5854 3.2
      vertex 6.89429 6.89429 3.7
      vertex 7.33044 6.42862 3.7
    endloop
  endfacet
  facet normal 0.0737454 0.06052 0.995439
    outer loop
      vertex 11.8765 9.11316 3.2
      vertex 7.33044 6.42862 3.7
      vertex 7.73519 5.93542 3.7
    endloop
  endfacet
  facet normal 0.0892869 0.0335987 0.995439
    outer loop
      vertex 13.8305 5.72877 3.2
      vertex 9.00782 3.73116 3.7
      vertex 14.1755 4.81195 3.2
    endloop
  endfacet
  facet normal 0.0868953 0.0393726 0.995439
    outer loop
      vertex 13.4262 6.62106 3.2
      vertex 9.00782 3.73116 3.7
      vertex 13.8305 5.72877 3.2
    endloop
  endfacet
  facet normal 0.094941 0.00934981 0.995439
    outer loop
      vertex 14.8419 1.95398 3.2
      vertex 9.66659 1.27263 3.7
      vertex 9.72912 0.63768 3.7
    endloop
  endfacet
  facet normal 0.0737433 -0.0605236 0.995439
    outer loop
      vertex 11.8765 -9.11316 3.2
      vertex 7.33044 -6.42862 3.7
      vertex 11.255 -9.87041 3.2
    endloop
  endfacet
  facet normal 0.069632 -0.0652115 0.995439
    outer loop
      vertex 11.255 -9.87041 3.2
      vertex 7.33044 -6.42862 3.7
      vertex 10.5854 -10.5854 3.2
    endloop
  endfacet
  facet normal 0.0737454 -0.06052 0.995439
    outer loop
      vertex 7.73519 -5.93542 3.7
      vertex 7.33044 -6.42862 3.7
      vertex 11.8765 -9.11316 3.2
    endloop
  endfacet
  facet normal 0.0775445 -0.055569 0.995439
    outer loop
      vertex 8.10683 -5.41681 3.7
      vertex 7.73519 -5.93542 3.7
      vertex 11.8765 -9.11316 3.2
    endloop
  endfacet
  facet normal 0.0652144 -0.0696283 0.995439
    outer loop
      vertex 6.89429 -6.89429 3.7
      vertex 6.42862 -7.33044 3.7
      vertex 10.5854 -10.5854 3.2
    endloop
  endfacet
  facet normal 0.0605236 -0.0737433 0.995439
    outer loop
      vertex 9.87041 -11.255 3.2
      vertex 6.42862 -7.33044 3.7
      vertex 9.11316 -11.8765 3.2
    endloop
  endfacet
  facet normal 0.0868962 -0.0393713 0.995439
    outer loop
      vertex 9.00782 -3.73116 3.7
      vertex 8.74451 -4.31231 3.7
      vertex 13.4262 -6.62106 3.2
    endloop
  endfacet
  facet normal 0.084135 -0.0449705 0.995439
    outer loop
      vertex 8.74451 -4.31231 3.7
      vertex 8.44375 -4.875 3.7
      vertex 13.4262 -6.62106 3.2
    endloop
  endfacet
  facet normal 0.0841344 -0.0449722 0.995439
    outer loop
      vertex 13.4262 -6.62106 3.2
      vertex 8.44375 -4.875 3.7
      vertex 12.9644 -7.485 3.2
    endloop
  endfacet
  facet normal 0.0912915 -0.0276963 0.995439
    outer loop
      vertex 14.4599 -3.87452 3.2
      vertex 9.23257 -3.13403 3.7
      vertex 14.1755 -4.81195 3.2
    endloop
  endfacet
  facet normal 0.0949412 -0.00934905 0.995439
    outer loop
      vertex 14.9379 -0.979084 3.2
      vertex 9.72912 -0.63768 3.7
      vertex 14.8419 -1.95398 3.2
    endloop
  endfacet
  facet normal 0.0953493 -0.00312209 0.995439
    outer loop
      vertex 9.75 0 3.7
      vertex 9.72912 -0.63768 3.7
      vertex 14.9379 -0.979084 3.2
    endloop
  endfacet
  facet normal -0.084135 0.0449705 0.995439
    outer loop
      vertex -8.44375 4.875 3.7
      vertex -13.4262 6.62106 3.2
      vertex -8.74451 4.31231 3.7
    endloop
  endfacet
  facet normal -0.0868962 0.0393713 0.995439
    outer loop
      vertex -8.74451 4.31231 3.7
      vertex -13.4262 6.62106 3.2
      vertex -9.00782 3.73116 3.7
    endloop
  endfacet
  facet normal -0.0912918 0.0276938 0.995439
    outer loop
      vertex -9.23257 3.13403 3.7
      vertex -14.4599 3.87452 3.2
      vertex -9.41778 2.52349 3.7
    endloop
  endfacet
  facet normal -0.06052 -0.0737454 0.995439
    outer loop
      vertex -6.42862 -7.33044 3.7
      vertex -9.11316 -11.8765 3.2
      vertex -5.93542 -7.73519 3.7
    endloop
  endfacet
  facet normal -0.0503776 -0.0810136 0.995439
    outer loop
      vertex -5.41681 -8.10683 3.7
      vertex -7.485 -12.9644 3.2
      vertex -4.875 -8.44375 3.7
    endloop
  endfacet
  facet normal -0.0449722 -0.0841344 0.995439
    outer loop
      vertex -4.875 -8.44375 3.7
      vertex -7.485 -12.9644 3.2
      vertex -6.62106 -13.4262 3.2
    endloop
  endfacet
  facet normal -0.069632 -0.0652115 0.995439
    outer loop
      vertex -7.33044 -6.42862 3.7
      vertex -11.255 -9.87041 3.2
      vertex -10.5854 -10.5854 3.2
    endloop
  endfacet
  facet normal -0.0696283 -0.0652144 0.995439
    outer loop
      vertex -7.33044 -6.42862 3.7
      vertex -10.5854 -10.5854 3.2
      vertex -6.89429 -6.89429 3.7
    endloop
  endfacet
  facet normal -0.0775445 -0.055569 0.995439
    outer loop
      vertex -8.10683 -5.41681 3.7
      vertex -11.8765 -9.11316 3.2
      vertex -7.73519 -5.93542 3.7
    endloop
  endfacet
  facet normal -0.0868962 -0.0393713 0.995439
    outer loop
      vertex -9.00782 -3.73116 3.7
      vertex -13.4262 -6.62106 3.2
      vertex -8.74451 -4.31231 3.7
    endloop
  endfacet
  facet normal -0.0949412 -0.00934905 0.995439
    outer loop
      vertex -9.72912 -0.63768 3.7
      vertex -14.9379 -0.979084 3.2
      vertex -14.8419 -1.95398 3.2
    endloop
  endfacet
  facet normal -0.0953486 -0.00312607 0.995439
    outer loop
      vertex -9.75 0 3.7
      vertex -14.97 0 3.2
      vertex -14.9379 -0.979084 3.2
    endloop
  endfacet
  facet normal -0.094126 -0.0155401 0.995439
    outer loop
      vertex -9.66659 -1.27263 3.7
      vertex -14.8419 -1.95398 3.2
      vertex -9.56266 -1.90213 3.7
    endloop
  endfacet
  facet normal -0.0912915 -0.0276963 0.995439
    outer loop
      vertex -9.23257 -3.13403 3.7
      vertex -14.4599 -3.87452 3.2
      vertex -14.1755 -4.81195 3.2
    endloop
  endfacet
  facet normal -0.0892855 -0.0336056 0.995439
    outer loop
      vertex -9.23257 -3.13403 3.7
      vertex -14.1755 -4.81195 3.2
      vertex -9.00782 -3.73116 3.7
    endloop
  endfacet
  facet normal 0.0276938 -0.0912918 0.995439
    outer loop
      vertex 3.13403 -9.23257 3.7
      vertex 2.52349 -9.41778 3.7
      vertex 3.87452 -14.4599 3.2
    endloop
  endfacet
  facet normal 0.00312209 -0.0953493 0.995439
    outer loop
      vertex 0.63768 -9.72912 3.7
      vertex 0 -9.75 3.7
      vertex 0.979084 -14.9379 3.2
    endloop
  endfacet
  facet normal 0.00312607 -0.0953486 0.995439
    outer loop
      vertex 0 -9.75 3.7
      vertex 0 -14.97 3.2
      vertex 0.979084 -14.9379 3.2
    endloop
  endfacet
  facet normal -0.00934905 -0.0949412 0.995439
    outer loop
      vertex -0.63768 -9.72912 3.7
      vertex -1.95398 -14.8419 3.2
      vertex -0.979084 -14.9379 3.2
    endloop
  endfacet
  facet normal -0.00934981 -0.094941 0.995439
    outer loop
      vertex -1.27263 -9.66659 3.7
      vertex -1.95398 -14.8419 3.2
      vertex -0.63768 -9.72912 3.7
    endloop
  endfacet
  facet normal -0.0393713 -0.0868962 0.995439
    outer loop
      vertex -4.31231 -8.74451 3.7
      vertex -6.62106 -13.4262 3.2
      vertex -3.73116 -9.00782 3.7
    endloop
  endfacet
  facet normal -0.0393726 -0.0868953 0.995439
    outer loop
      vertex -3.73116 -9.00782 3.7
      vertex -6.62106 -13.4262 3.2
      vertex -5.72877 -13.8305 3.2
    endloop
  endfacet
  facet normal -0.0276938 -0.0912918 0.995439
    outer loop
      vertex -3.13403 -9.23257 3.7
      vertex -3.87452 -14.4599 3.2
      vertex -2.52349 -9.41778 3.7
    endloop
  endfacet
  facet normal -0.0216629 -0.0929078 0.995439
    outer loop
      vertex -2.52349 -9.41778 3.7
      vertex -3.87452 -14.4599 3.2
      vertex -1.90213 -9.56266 3.7
    endloop
  endfacet
  facet normal 0.055569 -0.0775445 0.995439
    outer loop
      vertex 5.93542 -7.73519 3.7
      vertex 5.41681 -8.10683 3.7
      vertex 9.11316 -11.8765 3.2
    endloop
  endfacet
  facet normal 0.0276938 0.0912918 0.995439
    outer loop
      vertex 3.87452 14.4599 3.2
      vertex 2.52349 9.41778 3.7
      vertex 3.13403 9.23257 3.7
    endloop
  endfacet
  facet normal 0.0216629 0.0929078 0.995439
    outer loop
      vertex 3.87452 14.4599 3.2
      vertex 1.90213 9.56266 3.7
      vertex 2.52349 9.41778 3.7
    endloop
  endfacet
  facet normal 0.055569 0.0775445 0.995439
    outer loop
      vertex 9.11316 11.8765 3.2
      vertex 5.41681 8.10683 3.7
      vertex 5.93542 7.73519 3.7
    endloop
  endfacet
  facet normal -0.0393713 0.0868962 0.995439
    outer loop
      vertex -3.73116 9.00782 3.7
      vertex -6.62106 13.4262 3.2
      vertex -4.31231 8.74451 3.7
    endloop
  endfacet
  facet normal -0.0449705 0.084135 0.995439
    outer loop
      vertex -4.31231 8.74451 3.7
      vertex -6.62106 13.4262 3.2
      vertex -4.875 8.44375 3.7
    endloop
  endfacet
  facet normal -0.0276938 0.0912918 0.995439
    outer loop
      vertex -2.52349 9.41778 3.7
      vertex -3.87452 14.4599 3.2
      vertex -3.13403 9.23257 3.7
    endloop
  endfacet
  facet normal 0.0912918 -0.0276938 0.995439
    outer loop
      vertex 9.41778 -2.52349 3.7
      vertex 9.23257 -3.13403 3.7
      vertex 14.4599 -3.87452 3.2
    endloop
  endfacet
  facet normal 0.0929078 -0.0216629 0.995439
    outer loop
      vertex 9.56266 -1.90213 3.7
      vertex 9.41778 -2.52349 3.7
      vertex 14.4599 -3.87452 3.2
    endloop
  endfacet
  facet normal 0.094126 -0.0155401 0.995439
    outer loop
      vertex 9.66659 -1.27263 3.7
      vertex 9.56266 -1.90213 3.7
      vertex 14.8419 -1.95398 3.2
    endloop
  endfacet
  facet normal -0.094941 -0.00934981 0.995439
    outer loop
      vertex -9.72912 -0.63768 3.7
      vertex -14.8419 -1.95398 3.2
      vertex -9.66659 -1.27263 3.7
    endloop
  endfacet
  facet normal 0.0216629 -0.0929078 0.995439
    outer loop
      vertex 2.52349 -9.41778 3.7
      vertex 1.90213 -9.56266 3.7
      vertex 3.87452 -14.4599 3.2
    endloop
  endfacet
  facet normal 0.0216678 -0.0929058 0.995439
    outer loop
      vertex 3.87452 -14.4599 3.2
      vertex 1.90213 -9.56266 3.7
      vertex 2.9205 -14.6824 3.2
    endloop
  endfacet
  facet normal 0.0276963 -0.0912915 0.995439
    outer loop
      vertex 4.81195 -14.1755 3.2
      vertex 3.13403 -9.23257 3.7
      vertex 3.87452 -14.4599 3.2
    endloop
  endfacet
  facet normal 0.0336056 -0.0892855 0.995439
    outer loop
      vertex 3.73116 -9.00782 3.7
      vertex 3.13403 -9.23257 3.7
      vertex 4.81195 -14.1755 3.2
    endloop
  endfacet
  facet normal -0.0449705 -0.084135 0.995439
    outer loop
      vertex -4.875 -8.44375 3.7
      vertex -6.62106 -13.4262 3.2
      vertex -4.31231 -8.74451 3.7
    endloop
  endfacet
  facet normal 0.0449705 -0.084135 0.995439
    outer loop
      vertex 4.875 -8.44375 3.7
      vertex 4.31231 -8.74451 3.7
      vertex 6.62106 -13.4262 3.2
    endloop
  endfacet
  facet normal 0.0449722 -0.0841344 0.995439
    outer loop
      vertex 7.485 -12.9644 3.2
      vertex 4.875 -8.44375 3.7
      vertex 6.62106 -13.4262 3.2
    endloop
  endfacet
  facet normal 0.999464 0.0327262 0
    outer loop
      vertex 9.75 0 5.8
      vertex 9.72912 0.63768 3.7
      vertex 9.72912 0.63768 5.8
    endloop
  endfacet
  facet normal 0.999464 0.0327262 0
    outer loop
      vertex 9.72912 0.63768 3.7
      vertex 9.75 0 5.8
      vertex 9.75 0 3.7
    endloop
  endfacet
  facet normal -0.999464 0.0327262 0
    outer loop
      vertex -9.75 0 3.7
      vertex -9.72912 0.63768 5.8
      vertex -9.72912 0.63768 3.7
    endloop
  endfacet
  facet normal -0.999464 0.0327262 0
    outer loop
      vertex -9.72912 0.63768 5.8
      vertex -9.75 0 3.7
      vertex -9.75 0 5.8
    endloop
  endfacet
  facet normal 0.0327262 0.999464 -0
    outer loop
      vertex 0.63768 9.72912 3.7
      vertex 0 9.75 5.8
      vertex 0.63768 9.72912 5.8
    endloop
  endfacet
  facet normal 0.0327262 0.999464 0
    outer loop
      vertex 0 9.75 5.8
      vertex 0.63768 9.72912 3.7
      vertex 0 9.75 3.7
    endloop
  endfacet
  facet normal -0.0327262 -0.999464 0
    outer loop
      vertex -0.63768 -9.72912 3.7
      vertex 0 -9.75 5.8
      vertex -0.63768 -9.72912 5.8
    endloop
  endfacet
  facet normal -0.0327262 -0.999464 -0
    outer loop
      vertex 0 -9.75 5.8
      vertex -0.63768 -9.72912 3.7
      vertex 0 -9.75 3.7
    endloop
  endfacet
  facet normal -0.729862 -0.683594 0
    outer loop
      vertex -6.89429 -6.89429 3.7
      vertex -7.33044 -6.42862 5.8
      vertex -7.33044 -6.42862 3.7
    endloop
  endfacet
  facet normal -0.729862 -0.683594 0
    outer loop
      vertex -7.33044 -6.42862 5.8
      vertex -6.89429 -6.89429 3.7
      vertex -6.89429 -6.89429 5.8
    endloop
  endfacet
  facet normal 0.729862 0.683594 0
    outer loop
      vertex 7.33044 6.42862 5.8
      vertex 6.89429 6.89429 3.7
      vertex 6.89429 6.89429 5.8
    endloop
  endfacet
  facet normal 0.729862 0.683594 0
    outer loop
      vertex 6.89429 6.89429 3.7
      vertex 7.33044 6.42862 5.8
      vertex 7.33044 6.42862 3.7
    endloop
  endfacet
  facet normal -0.683594 0.729862 0
    outer loop
      vertex -6.42862 7.33044 3.7
      vertex -6.89429 6.89429 5.8
      vertex -6.42862 7.33044 5.8
    endloop
  endfacet
  facet normal -0.683594 0.729862 0
    outer loop
      vertex -6.89429 6.89429 5.8
      vertex -6.42862 7.33044 3.7
      vertex -6.89429 6.89429 3.7
    endloop
  endfacet
  facet normal -0.352259 0.935903 0
    outer loop
      vertex -3.13403 9.23257 3.7
      vertex -3.73116 9.00782 5.8
      vertex -3.13403 9.23257 5.8
    endloop
  endfacet
  facet normal -0.352259 0.935903 0
    outer loop
      vertex -3.73116 9.00782 5.8
      vertex -3.13403 9.23257 3.7
      vertex -3.73116 9.00782 3.7
    endloop
  endfacet
  facet normal 0.935903 0.352259 0
    outer loop
      vertex 9.23257 3.13403 5.8
      vertex 9.00782 3.73116 3.7
      vertex 9.00782 3.73116 5.8
    endloop
  endfacet
  facet normal 0.935903 0.352259 0
    outer loop
      vertex 9.00782 3.73116 3.7
      vertex 9.23257 3.13403 5.8
      vertex 9.23257 3.13403 3.7
    endloop
  endfacet
  facet normal 0.471392 0.881924 -0
    outer loop
      vertex 4.875 8.44375 3.7
      vertex 4.31231 8.74451 5.8
      vertex 4.875 8.44375 5.8
    endloop
  endfacet
  facet normal 0.471392 0.881924 0
    outer loop
      vertex 4.31231 8.74451 5.8
      vertex 4.875 8.44375 3.7
      vertex 4.31231 8.74451 3.7
    endloop
  endfacet
  facet normal -0.849202 0.528069 0
    outer loop
      vertex -8.44375 4.875 3.7
      vertex -8.10683 5.41681 5.8
      vertex -8.10683 5.41681 3.7
    endloop
  endfacet
  facet normal -0.849202 0.528069 0
    outer loop
      vertex -8.10683 5.41681 5.8
      vertex -8.44375 4.875 3.7
      vertex -8.44375 4.875 5.8
    endloop
  endfacet
  facet normal -0.0980061 0.995186 0
    outer loop
      vertex -0.63768 9.72912 3.7
      vertex -1.27263 9.66659 5.8
      vertex -0.63768 9.72912 5.8
    endloop
  endfacet
  facet normal -0.0980061 0.995186 0
    outer loop
      vertex -1.27263 9.66659 5.8
      vertex -0.63768 9.72912 3.7
      vertex -1.27263 9.66659 3.7
    endloop
  endfacet
  facet normal 0.881924 -0.471392 0
    outer loop
      vertex 8.44375 -4.875 5.8
      vertex 8.74451 -4.31231 3.7
      vertex 8.74451 -4.31231 5.8
    endloop
  endfacet
  facet normal 0.881924 -0.471392 0
    outer loop
      vertex 8.74451 -4.31231 3.7
      vertex 8.44375 -4.875 5.8
      vertex 8.44375 -4.875 3.7
    endloop
  endfacet
  facet normal 0.227075 -0.973877 0
    outer loop
      vertex 1.90213 -9.56266 3.7
      vertex 2.52349 -9.41778 5.8
      vertex 1.90213 -9.56266 5.8
    endloop
  endfacet
  facet normal 0.227075 -0.973877 0
    outer loop
      vertex 2.52349 -9.41778 5.8
      vertex 1.90213 -9.56266 3.7
      vertex 2.52349 -9.41778 3.7
    endloop
  endfacet
  facet normal 0.683594 -0.729862 0
    outer loop
      vertex 6.42862 -7.33044 3.7
      vertex 6.89429 -6.89429 5.8
      vertex 6.42862 -7.33044 5.8
    endloop
  endfacet
  facet normal 0.683594 -0.729862 0
    outer loop
      vertex 6.89429 -6.89429 5.8
      vertex 6.42862 -7.33044 3.7
      vertex 6.89429 -6.89429 3.7
    endloop
  endfacet
  facet normal -0.352259 -0.935903 0
    outer loop
      vertex -3.73116 -9.00782 3.7
      vertex -3.13403 -9.23257 5.8
      vertex -3.73116 -9.00782 5.8
    endloop
  endfacet
  facet normal -0.352259 -0.935903 -0
    outer loop
      vertex -3.13403 -9.23257 5.8
      vertex -3.73116 -9.00782 3.7
      vertex -3.13403 -9.23257 3.7
    endloop
  endfacet
  facet normal 0.986644 0.162894 0
    outer loop
      vertex 9.66659 1.27263 5.8
      vertex 9.56266 1.90213 3.7
      vertex 9.56266 1.90213 5.8
    endloop
  endfacet
  facet normal 0.986644 0.162894 0
    outer loop
      vertex 9.56266 1.90213 3.7
      vertex 9.66659 1.27263 5.8
      vertex 9.66659 1.27263 3.7
    endloop
  endfacet
  facet normal 0.995186 0.0980061 0
    outer loop
      vertex 9.72912 0.63768 5.8
      vertex 9.66659 1.27263 3.7
      vertex 9.66659 1.27263 5.8
    endloop
  endfacet
  facet normal 0.995186 0.0980061 0
    outer loop
      vertex 9.66659 1.27263 3.7
      vertex 9.72912 0.63768 5.8
      vertex 9.72912 0.63768 3.7
    endloop
  endfacet
  facet normal 0.973877 0.227075 0
    outer loop
      vertex 9.56266 1.90213 5.8
      vertex 9.41778 2.52349 3.7
      vertex 9.41778 2.52349 5.8
    endloop
  endfacet
  facet normal 0.973877 0.227075 0
    outer loop
      vertex 9.41778 2.52349 3.7
      vertex 9.56266 1.90213 5.8
      vertex 9.56266 1.90213 3.7
    endloop
  endfacet
  facet normal 0.849202 0.528069 0
    outer loop
      vertex 8.44375 4.875 5.8
      vertex 8.10683 5.41681 3.7
      vertex 8.10683 5.41681 5.8
    endloop
  endfacet
  facet normal 0.849202 0.528069 0
    outer loop
      vertex 8.10683 5.41681 3.7
      vertex 8.44375 4.875 5.8
      vertex 8.44375 4.875 3.7
    endloop
  endfacet
  facet normal 0.773017 0.634385 0
    outer loop
      vertex 7.73519 5.93542 5.8
      vertex 7.33044 6.42862 3.7
      vertex 7.33044 6.42862 5.8
    endloop
  endfacet
  facet normal 0.773017 0.634385 0
    outer loop
      vertex 7.33044 6.42862 3.7
      vertex 7.73519 5.93542 5.8
      vertex 7.73519 5.93542 3.7
    endloop
  endfacet
  facet normal 0.227075 0.973877 -0
    outer loop
      vertex 2.52349 9.41778 3.7
      vertex 1.90213 9.56266 5.8
      vertex 2.52349 9.41778 5.8
    endloop
  endfacet
  facet normal 0.227075 0.973877 0
    outer loop
      vertex 1.90213 9.56266 5.8
      vertex 2.52349 9.41778 3.7
      vertex 1.90213 9.56266 3.7
    endloop
  endfacet
  facet normal 0.352259 0.935903 -0
    outer loop
      vertex 3.73116 9.00782 3.7
      vertex 3.13403 9.23257 5.8
      vertex 3.73116 9.00782 5.8
    endloop
  endfacet
  facet normal 0.352259 0.935903 0
    outer loop
      vertex 3.13403 9.23257 5.8
      vertex 3.73116 9.00782 3.7
      vertex 3.13403 9.23257 3.7
    endloop
  endfacet
  facet normal 0.683594 0.729862 -0
    outer loop
      vertex 6.89429 6.89429 3.7
      vertex 6.42862 7.33044 5.8
      vertex 6.89429 6.89429 5.8
    endloop
  endfacet
  facet normal 0.683594 0.729862 0
    outer loop
      vertex 6.42862 7.33044 5.8
      vertex 6.89429 6.89429 3.7
      vertex 6.42862 7.33044 3.7
    endloop
  endfacet
  facet normal -0.973877 0.227075 0
    outer loop
      vertex -9.56266 1.90213 3.7
      vertex -9.41778 2.52349 5.8
      vertex -9.41778 2.52349 3.7
    endloop
  endfacet
  facet normal -0.973877 0.227075 0
    outer loop
      vertex -9.41778 2.52349 5.8
      vertex -9.56266 1.90213 3.7
      vertex -9.56266 1.90213 5.8
    endloop
  endfacet
  facet normal -0.935903 0.352259 0
    outer loop
      vertex -9.23257 3.13403 3.7
      vertex -9.00782 3.73116 5.8
      vertex -9.00782 3.73116 3.7
    endloop
  endfacet
  facet normal -0.935903 0.352259 0
    outer loop
      vertex -9.00782 3.73116 5.8
      vertex -9.23257 3.13403 3.7
      vertex -9.23257 3.13403 5.8
    endloop
  endfacet
  facet normal -0.528069 0.849202 0
    outer loop
      vertex -4.875 8.44375 3.7
      vertex -5.41681 8.10683 5.8
      vertex -4.875 8.44375 5.8
    endloop
  endfacet
  facet normal -0.528069 0.849202 0
    outer loop
      vertex -5.41681 8.10683 5.8
      vertex -4.875 8.44375 3.7
      vertex -5.41681 8.10683 3.7
    endloop
  endfacet
  facet normal -0.634385 0.773017 0
    outer loop
      vertex -5.93542 7.73519 3.7
      vertex -6.42862 7.33044 5.8
      vertex -5.93542 7.73519 5.8
    endloop
  endfacet
  facet normal -0.634385 0.773017 0
    outer loop
      vertex -6.42862 7.33044 5.8
      vertex -5.93542 7.73519 3.7
      vertex -6.42862 7.33044 3.7
    endloop
  endfacet
  facet normal -0.0327262 0.999464 0
    outer loop
      vertex 0 9.75 3.7
      vertex -0.63768 9.72912 5.8
      vertex 0 9.75 5.8
    endloop
  endfacet
  facet normal -0.0327262 0.999464 0
    outer loop
      vertex -0.63768 9.72912 5.8
      vertex 0 9.75 3.7
      vertex -0.63768 9.72912 3.7
    endloop
  endfacet
  facet normal 0.986644 -0.162894 0
    outer loop
      vertex 9.56266 -1.90213 5.8
      vertex 9.66659 -1.27263 3.7
      vertex 9.66659 -1.27263 5.8
    endloop
  endfacet
  facet normal 0.986644 -0.162894 0
    outer loop
      vertex 9.66659 -1.27263 3.7
      vertex 9.56266 -1.90213 5.8
      vertex 9.56266 -1.90213 3.7
    endloop
  endfacet
  facet normal 0.0327262 -0.999464 0
    outer loop
      vertex 0 -9.75 3.7
      vertex 0.63768 -9.72912 5.8
      vertex 0 -9.75 5.8
    endloop
  endfacet
  facet normal 0.0327262 -0.999464 0
    outer loop
      vertex 0.63768 -9.72912 5.8
      vertex 0 -9.75 3.7
      vertex 0.63768 -9.72912 3.7
    endloop
  endfacet
  facet normal -0.683594 -0.729862 0
    outer loop
      vertex -6.89429 -6.89429 3.7
      vertex -6.42862 -7.33044 5.8
      vertex -6.89429 -6.89429 5.8
    endloop
  endfacet
  facet normal -0.683594 -0.729862 -0
    outer loop
      vertex -6.42862 -7.33044 5.8
      vertex -6.89429 -6.89429 3.7
      vertex -6.42862 -7.33044 3.7
    endloop
  endfacet
  facet normal -0.582487 -0.81284 0
    outer loop
      vertex -5.93542 -7.73519 3.7
      vertex -5.41681 -8.10683 5.8
      vertex -5.93542 -7.73519 5.8
    endloop
  endfacet
  facet normal -0.582487 -0.81284 -0
    outer loop
      vertex -5.41681 -8.10683 5.8
      vertex -5.93542 -7.73519 3.7
      vertex -5.41681 -8.10683 3.7
    endloop
  endfacet
  facet normal -0.528069 -0.849202 0
    outer loop
      vertex -5.41681 -8.10683 3.7
      vertex -4.875 -8.44375 5.8
      vertex -5.41681 -8.10683 5.8
    endloop
  endfacet
  facet normal -0.528069 -0.849202 -0
    outer loop
      vertex -4.875 -8.44375 5.8
      vertex -5.41681 -8.10683 3.7
      vertex -4.875 -8.44375 3.7
    endloop
  endfacet
  facet normal -0.910867 -0.4127 0
    outer loop
      vertex -8.74451 -4.31231 3.7
      vertex -9.00782 -3.73116 5.8
      vertex -9.00782 -3.73116 3.7
    endloop
  endfacet
  facet normal -0.910867 -0.4127 0
    outer loop
      vertex -9.00782 -3.73116 5.8
      vertex -8.74451 -4.31231 3.7
      vertex -8.74451 -4.31231 5.8
    endloop
  endfacet
  facet normal -0.999464 -0.0327262 0
    outer loop
      vertex -9.72912 -0.63768 3.7
      vertex -9.75 0 5.8
      vertex -9.75 0 3.7
    endloop
  endfacet
  facet normal -0.999464 -0.0327262 0
    outer loop
      vertex -9.75 0 5.8
      vertex -9.72912 -0.63768 3.7
      vertex -9.72912 -0.63768 5.8
    endloop
  endfacet
  facet normal 0.956938 0.290291 0
    outer loop
      vertex 9.41778 2.52349 5.8
      vertex 9.23257 3.13403 3.7
      vertex 9.23257 3.13403 5.8
    endloop
  endfacet
  facet normal 0.956938 0.290291 0
    outer loop
      vertex 9.23257 3.13403 3.7
      vertex 9.41778 2.52349 5.8
      vertex 9.41778 2.52349 3.7
    endloop
  endfacet
  facet normal 0.81284 0.582487 0
    outer loop
      vertex 8.10683 5.41681 5.8
      vertex 7.73519 5.93542 3.7
      vertex 7.73519 5.93542 5.8
    endloop
  endfacet
  facet normal 0.81284 0.582487 0
    outer loop
      vertex 7.73519 5.93542 3.7
      vertex 8.10683 5.41681 5.8
      vertex 8.10683 5.41681 3.7
    endloop
  endfacet
  facet normal 0.881924 0.471392 0
    outer loop
      vertex 8.74451 4.31231 5.8
      vertex 8.44375 4.875 3.7
      vertex 8.44375 4.875 5.8
    endloop
  endfacet
  facet normal 0.881924 0.471392 0
    outer loop
      vertex 8.44375 4.875 3.7
      vertex 8.74451 4.31231 5.8
      vertex 8.74451 4.31231 3.7
    endloop
  endfacet
  facet normal 0.910867 0.4127 0
    outer loop
      vertex 9.00782 3.73116 5.8
      vertex 8.74451 4.31231 3.7
      vertex 8.74451 4.31231 5.8
    endloop
  endfacet
  facet normal 0.910867 0.4127 0
    outer loop
      vertex 8.74451 4.31231 3.7
      vertex 9.00782 3.73116 5.8
      vertex 9.00782 3.73116 3.7
    endloop
  endfacet
  facet normal 0.290291 0.956938 -0
    outer loop
      vertex 3.13403 9.23257 3.7
      vertex 2.52349 9.41778 5.8
      vertex 3.13403 9.23257 5.8
    endloop
  endfacet
  facet normal 0.290291 0.956938 0
    outer loop
      vertex 2.52349 9.41778 5.8
      vertex 3.13403 9.23257 3.7
      vertex 2.52349 9.41778 3.7
    endloop
  endfacet
  facet normal 0.162894 0.986644 -0
    outer loop
      vertex 1.90213 9.56266 3.7
      vertex 1.27263 9.66659 5.8
      vertex 1.90213 9.56266 5.8
    endloop
  endfacet
  facet normal 0.162894 0.986644 0
    outer loop
      vertex 1.27263 9.66659 5.8
      vertex 1.90213 9.56266 3.7
      vertex 1.27263 9.66659 3.7
    endloop
  endfacet
  facet normal 0.0980061 0.995186 -0
    outer loop
      vertex 1.27263 9.66659 3.7
      vertex 0.63768 9.72912 5.8
      vertex 1.27263 9.66659 5.8
    endloop
  endfacet
  facet normal 0.0980061 0.995186 0
    outer loop
      vertex 0.63768 9.72912 5.8
      vertex 1.27263 9.66659 3.7
      vertex 0.63768 9.72912 3.7
    endloop
  endfacet
  facet normal 0.4127 0.910867 -0
    outer loop
      vertex 4.31231 8.74451 3.7
      vertex 3.73116 9.00782 5.8
      vertex 4.31231 8.74451 5.8
    endloop
  endfacet
  facet normal 0.4127 0.910867 0
    outer loop
      vertex 3.73116 9.00782 5.8
      vertex 4.31231 8.74451 3.7
      vertex 3.73116 9.00782 3.7
    endloop
  endfacet
  facet normal 0.528069 0.849202 -0
    outer loop
      vertex 5.41681 8.10683 3.7
      vertex 4.875 8.44375 5.8
      vertex 5.41681 8.10683 5.8
    endloop
  endfacet
  facet normal 0.528069 0.849202 0
    outer loop
      vertex 4.875 8.44375 5.8
      vertex 5.41681 8.10683 3.7
      vertex 4.875 8.44375 3.7
    endloop
  endfacet
  facet normal 0.582487 0.81284 -0
    outer loop
      vertex 5.93542 7.73519 3.7
      vertex 5.41681 8.10683 5.8
      vertex 5.93542 7.73519 5.8
    endloop
  endfacet
  facet normal 0.582487 0.81284 0
    outer loop
      vertex 5.41681 8.10683 5.8
      vertex 5.93542 7.73519 3.7
      vertex 5.41681 8.10683 3.7
    endloop
  endfacet
  facet normal 0.634385 0.773017 -0
    outer loop
      vertex 6.42862 7.33044 3.7
      vertex 5.93542 7.73519 5.8
      vertex 6.42862 7.33044 5.8
    endloop
  endfacet
  facet normal 0.634385 0.773017 0
    outer loop
      vertex 5.93542 7.73519 5.8
      vertex 6.42862 7.33044 3.7
      vertex 5.93542 7.73519 3.7
    endloop
  endfacet
  facet normal -0.910867 0.4127 0
    outer loop
      vertex -9.00782 3.73116 3.7
      vertex -8.74451 4.31231 5.8
      vertex -8.74451 4.31231 3.7
    endloop
  endfacet
  facet normal -0.910867 0.4127 0
    outer loop
      vertex -8.74451 4.31231 5.8
      vertex -9.00782 3.73116 3.7
      vertex -9.00782 3.73116 5.8
    endloop
  endfacet
  facet normal -0.881924 0.471392 0
    outer loop
      vertex -8.74451 4.31231 3.7
      vertex -8.44375 4.875 5.8
      vertex -8.44375 4.875 3.7
    endloop
  endfacet
  facet normal -0.881924 0.471392 0
    outer loop
      vertex -8.44375 4.875 5.8
      vertex -8.74451 4.31231 3.7
      vertex -8.74451 4.31231 5.8
    endloop
  endfacet
  facet normal -0.956938 0.290291 0
    outer loop
      vertex -9.41778 2.52349 3.7
      vertex -9.23257 3.13403 5.8
      vertex -9.23257 3.13403 3.7
    endloop
  endfacet
  facet normal -0.956938 0.290291 0
    outer loop
      vertex -9.23257 3.13403 5.8
      vertex -9.41778 2.52349 3.7
      vertex -9.41778 2.52349 5.8
    endloop
  endfacet
  facet normal -0.986644 0.162894 0
    outer loop
      vertex -9.66659 1.27263 3.7
      vertex -9.56266 1.90213 5.8
      vertex -9.56266 1.90213 3.7
    endloop
  endfacet
  facet normal -0.986644 0.162894 0
    outer loop
      vertex -9.56266 1.90213 5.8
      vertex -9.66659 1.27263 3.7
      vertex -9.66659 1.27263 5.8
    endloop
  endfacet
  facet normal -0.995186 0.0980061 0
    outer loop
      vertex -9.72912 0.63768 3.7
      vertex -9.66659 1.27263 5.8
      vertex -9.66659 1.27263 3.7
    endloop
  endfacet
  facet normal -0.995186 0.0980061 0
    outer loop
      vertex -9.66659 1.27263 5.8
      vertex -9.72912 0.63768 3.7
      vertex -9.72912 0.63768 5.8
    endloop
  endfacet
  facet normal -0.4127 0.910867 0
    outer loop
      vertex -3.73116 9.00782 3.7
      vertex -4.31231 8.74451 5.8
      vertex -3.73116 9.00782 5.8
    endloop
  endfacet
  facet normal -0.4127 0.910867 0
    outer loop
      vertex -4.31231 8.74451 5.8
      vertex -3.73116 9.00782 3.7
      vertex -4.31231 8.74451 3.7
    endloop
  endfacet
  facet normal -0.471392 0.881924 0
    outer loop
      vertex -4.31231 8.74451 3.7
      vertex -4.875 8.44375 5.8
      vertex -4.31231 8.74451 5.8
    endloop
  endfacet
  facet normal -0.471392 0.881924 0
    outer loop
      vertex -4.875 8.44375 5.8
      vertex -4.31231 8.74451 3.7
      vertex -4.875 8.44375 3.7
    endloop
  endfacet
  facet normal -0.582487 0.81284 0
    outer loop
      vertex -5.41681 8.10683 3.7
      vertex -5.93542 7.73519 5.8
      vertex -5.41681 8.10683 5.8
    endloop
  endfacet
  facet normal -0.582487 0.81284 0
    outer loop
      vertex -5.93542 7.73519 5.8
      vertex -5.41681 8.10683 3.7
      vertex -5.93542 7.73519 3.7
    endloop
  endfacet
  facet normal -0.227075 0.973877 0
    outer loop
      vertex -1.90213 9.56266 3.7
      vertex -2.52349 9.41778 5.8
      vertex -1.90213 9.56266 5.8
    endloop
  endfacet
  facet normal -0.227075 0.973877 0
    outer loop
      vertex -2.52349 9.41778 5.8
      vertex -1.90213 9.56266 3.7
      vertex -2.52349 9.41778 3.7
    endloop
  endfacet
  facet normal -0.290291 0.956938 0
    outer loop
      vertex -2.52349 9.41778 3.7
      vertex -3.13403 9.23257 5.8
      vertex -2.52349 9.41778 5.8
    endloop
  endfacet
  facet normal -0.290291 0.956938 0
    outer loop
      vertex -3.13403 9.23257 5.8
      vertex -2.52349 9.41778 3.7
      vertex -3.13403 9.23257 3.7
    endloop
  endfacet
  facet normal -0.162894 0.986644 0
    outer loop
      vertex -1.27263 9.66659 3.7
      vertex -1.90213 9.56266 5.8
      vertex -1.27263 9.66659 5.8
    endloop
  endfacet
  facet normal -0.162894 0.986644 0
    outer loop
      vertex -1.90213 9.56266 5.8
      vertex -1.27263 9.66659 3.7
      vertex -1.90213 9.56266 3.7
    endloop
  endfacet
  facet normal 0.0980061 -0.995186 0
    outer loop
      vertex 0.63768 -9.72912 3.7
      vertex 1.27263 -9.66659 5.8
      vertex 0.63768 -9.72912 5.8
    endloop
  endfacet
  facet normal 0.0980061 -0.995186 0
    outer loop
      vertex 1.27263 -9.66659 5.8
      vertex 0.63768 -9.72912 3.7
      vertex 1.27263 -9.66659 3.7
    endloop
  endfacet
  facet normal 0.352259 -0.935903 0
    outer loop
      vertex 3.13403 -9.23257 3.7
      vertex 3.73116 -9.00782 5.8
      vertex 3.13403 -9.23257 5.8
    endloop
  endfacet
  facet normal 0.352259 -0.935903 0
    outer loop
      vertex 3.73116 -9.00782 5.8
      vertex 3.13403 -9.23257 3.7
      vertex 3.73116 -9.00782 3.7
    endloop
  endfacet
  facet normal 0.582487 -0.81284 0
    outer loop
      vertex 5.41681 -8.10683 3.7
      vertex 5.93542 -7.73519 5.8
      vertex 5.41681 -8.10683 5.8
    endloop
  endfacet
  facet normal 0.582487 -0.81284 0
    outer loop
      vertex 5.93542 -7.73519 5.8
      vertex 5.41681 -8.10683 3.7
      vertex 5.93542 -7.73519 3.7
    endloop
  endfacet
  facet normal 0.528069 -0.849202 0
    outer loop
      vertex 4.875 -8.44375 3.7
      vertex 5.41681 -8.10683 5.8
      vertex 4.875 -8.44375 5.8
    endloop
  endfacet
  facet normal 0.528069 -0.849202 0
    outer loop
      vertex 5.41681 -8.10683 5.8
      vertex 4.875 -8.44375 3.7
      vertex 5.41681 -8.10683 3.7
    endloop
  endfacet
  facet normal 0.4127 -0.910867 0
    outer loop
      vertex 3.73116 -9.00782 3.7
      vertex 4.31231 -8.74451 5.8
      vertex 3.73116 -9.00782 5.8
    endloop
  endfacet
  facet normal 0.4127 -0.910867 0
    outer loop
      vertex 4.31231 -8.74451 5.8
      vertex 3.73116 -9.00782 3.7
      vertex 4.31231 -8.74451 3.7
    endloop
  endfacet
  facet normal 0.729862 -0.683594 0
    outer loop
      vertex 6.89429 -6.89429 5.8
      vertex 7.33044 -6.42862 3.7
      vertex 7.33044 -6.42862 5.8
    endloop
  endfacet
  facet normal 0.729862 -0.683594 0
    outer loop
      vertex 7.33044 -6.42862 3.7
      vertex 6.89429 -6.89429 5.8
      vertex 6.89429 -6.89429 3.7
    endloop
  endfacet
  facet normal 0.935903 -0.352259 0
    outer loop
      vertex 9.00782 -3.73116 5.8
      vertex 9.23257 -3.13403 3.7
      vertex 9.23257 -3.13403 5.8
    endloop
  endfacet
  facet normal 0.935903 -0.352259 0
    outer loop
      vertex 9.23257 -3.13403 3.7
      vertex 9.00782 -3.73116 5.8
      vertex 9.00782 -3.73116 3.7
    endloop
  endfacet
  facet normal 0.956938 -0.290291 0
    outer loop
      vertex 9.23257 -3.13403 5.8
      vertex 9.41778 -2.52349 3.7
      vertex 9.41778 -2.52349 5.8
    endloop
  endfacet
  facet normal 0.956938 -0.290291 0
    outer loop
      vertex 9.41778 -2.52349 3.7
      vertex 9.23257 -3.13403 5.8
      vertex 9.23257 -3.13403 3.7
    endloop
  endfacet
  facet normal -0.634385 -0.773017 0
    outer loop
      vertex -6.42862 -7.33044 3.7
      vertex -5.93542 -7.73519 5.8
      vertex -6.42862 -7.33044 5.8
    endloop
  endfacet
  facet normal -0.634385 -0.773017 -0
    outer loop
      vertex -5.93542 -7.73519 5.8
      vertex -6.42862 -7.33044 3.7
      vertex -5.93542 -7.73519 3.7
    endloop
  endfacet
  facet normal -0.471392 -0.881924 0
    outer loop
      vertex -4.875 -8.44375 3.7
      vertex -4.31231 -8.74451 5.8
      vertex -4.875 -8.44375 5.8
    endloop
  endfacet
  facet normal -0.471392 -0.881924 -0
    outer loop
      vertex -4.31231 -8.74451 5.8
      vertex -4.875 -8.44375 3.7
      vertex -4.31231 -8.74451 3.7
    endloop
  endfacet
  facet normal -0.290291 -0.956938 0
    outer loop
      vertex -3.13403 -9.23257 3.7
      vertex -2.52349 -9.41778 5.8
      vertex -3.13403 -9.23257 5.8
    endloop
  endfacet
  facet normal -0.290291 -0.956938 -0
    outer loop
      vertex -2.52349 -9.41778 5.8
      vertex -3.13403 -9.23257 3.7
      vertex -2.52349 -9.41778 3.7
    endloop
  endfacet
  facet normal -0.162894 -0.986644 0
    outer loop
      vertex -1.90213 -9.56266 3.7
      vertex -1.27263 -9.66659 5.8
      vertex -1.90213 -9.56266 5.8
    endloop
  endfacet
  facet normal -0.162894 -0.986644 -0
    outer loop
      vertex -1.27263 -9.66659 5.8
      vertex -1.90213 -9.56266 3.7
      vertex -1.27263 -9.66659 3.7
    endloop
  endfacet
  facet normal -0.81284 -0.582487 0
    outer loop
      vertex -7.73519 -5.93542 3.7
      vertex -8.10683 -5.41681 5.8
      vertex -8.10683 -5.41681 3.7
    endloop
  endfacet
  facet normal -0.81284 -0.582487 0
    outer loop
      vertex -8.10683 -5.41681 5.8
      vertex -7.73519 -5.93542 3.7
      vertex -7.73519 -5.93542 5.8
    endloop
  endfacet
  facet normal -0.849202 -0.528069 0
    outer loop
      vertex -8.10683 -5.41681 3.7
      vertex -8.44375 -4.875 5.8
      vertex -8.44375 -4.875 3.7
    endloop
  endfacet
  facet normal -0.849202 -0.528069 0
    outer loop
      vertex -8.44375 -4.875 5.8
      vertex -8.10683 -5.41681 3.7
      vertex -8.10683 -5.41681 5.8
    endloop
  endfacet
  facet normal -0.935903 -0.352259 0
    outer loop
      vertex -9.00782 -3.73116 3.7
      vertex -9.23257 -3.13403 5.8
      vertex -9.23257 -3.13403 3.7
    endloop
  endfacet
  facet normal -0.935903 -0.352259 0
    outer loop
      vertex -9.23257 -3.13403 5.8
      vertex -9.00782 -3.73116 3.7
      vertex -9.00782 -3.73116 5.8
    endloop
  endfacet
  facet normal -0.973877 -0.227075 0
    outer loop
      vertex -9.41778 -2.52349 3.7
      vertex -9.56266 -1.90213 5.8
      vertex -9.56266 -1.90213 3.7
    endloop
  endfacet
  facet normal -0.973877 -0.227075 0
    outer loop
      vertex -9.56266 -1.90213 5.8
      vertex -9.41778 -2.52349 3.7
      vertex -9.41778 -2.52349 5.8
    endloop
  endfacet
  facet normal -0.956938 -0.290291 0
    outer loop
      vertex -9.23257 -3.13403 3.7
      vertex -9.41778 -2.52349 5.8
      vertex -9.41778 -2.52349 3.7
    endloop
  endfacet
  facet normal -0.956938 -0.290291 0
    outer loop
      vertex -9.41778 -2.52349 5.8
      vertex -9.23257 -3.13403 3.7
      vertex -9.23257 -3.13403 5.8
    endloop
  endfacet
  facet normal -0.995186 -0.0980061 0
    outer loop
      vertex -9.66659 -1.27263 3.7
      vertex -9.72912 -0.63768 5.8
      vertex -9.72912 -0.63768 3.7
    endloop
  endfacet
  facet normal -0.995186 -0.0980061 0
    outer loop
      vertex -9.72912 -0.63768 5.8
      vertex -9.66659 -1.27263 3.7
      vertex -9.66659 -1.27263 5.8
    endloop
  endfacet
  facet normal -0.986644 -0.162894 0
    outer loop
      vertex -9.56266 -1.90213 3.7
      vertex -9.66659 -1.27263 5.8
      vertex -9.66659 -1.27263 3.7
    endloop
  endfacet
  facet normal -0.986644 -0.162894 0
    outer loop
      vertex -9.66659 -1.27263 5.8
      vertex -9.56266 -1.90213 3.7
      vertex -9.56266 -1.90213 5.8
    endloop
  endfacet
  facet normal -0.81284 0.582487 0
    outer loop
      vertex -8.10683 5.41681 3.7
      vertex -7.73519 5.93542 5.8
      vertex -7.73519 5.93542 3.7
    endloop
  endfacet
  facet normal -0.81284 0.582487 0
    outer loop
      vertex -7.73519 5.93542 5.8
      vertex -8.10683 5.41681 3.7
      vertex -8.10683 5.41681 5.8
    endloop
  endfacet
  facet normal -0.773017 0.634385 0
    outer loop
      vertex -7.73519 5.93542 3.7
      vertex -7.33044 6.42862 5.8
      vertex -7.33044 6.42862 3.7
    endloop
  endfacet
  facet normal -0.773017 0.634385 0
    outer loop
      vertex -7.33044 6.42862 5.8
      vertex -7.73519 5.93542 3.7
      vertex -7.73519 5.93542 5.8
    endloop
  endfacet
  facet normal -0.729862 0.683594 0
    outer loop
      vertex -7.33044 6.42862 3.7
      vertex -6.89429 6.89429 5.8
      vertex -6.89429 6.89429 3.7
    endloop
  endfacet
  facet normal -0.729862 0.683594 0
    outer loop
      vertex -6.89429 6.89429 5.8
      vertex -7.33044 6.42862 3.7
      vertex -7.33044 6.42862 5.8
    endloop
  endfacet
  facet normal 0.162894 -0.986644 0
    outer loop
      vertex 1.27263 -9.66659 3.7
      vertex 1.90213 -9.56266 5.8
      vertex 1.27263 -9.66659 5.8
    endloop
  endfacet
  facet normal 0.162894 -0.986644 0
    outer loop
      vertex 1.90213 -9.56266 5.8
      vertex 1.27263 -9.66659 3.7
      vertex 1.90213 -9.56266 3.7
    endloop
  endfacet
  facet normal 0.290291 -0.956938 0
    outer loop
      vertex 2.52349 -9.41778 3.7
      vertex 3.13403 -9.23257 5.8
      vertex 2.52349 -9.41778 5.8
    endloop
  endfacet
  facet normal 0.290291 -0.956938 0
    outer loop
      vertex 3.13403 -9.23257 5.8
      vertex 2.52349 -9.41778 3.7
      vertex 3.13403 -9.23257 3.7
    endloop
  endfacet
  facet normal 0.634385 -0.773017 0
    outer loop
      vertex 5.93542 -7.73519 3.7
      vertex 6.42862 -7.33044 5.8
      vertex 5.93542 -7.73519 5.8
    endloop
  endfacet
  facet normal 0.634385 -0.773017 0
    outer loop
      vertex 6.42862 -7.33044 5.8
      vertex 5.93542 -7.73519 3.7
      vertex 6.42862 -7.33044 3.7
    endloop
  endfacet
  facet normal 0.471392 -0.881924 0
    outer loop
      vertex 4.31231 -8.74451 3.7
      vertex 4.875 -8.44375 5.8
      vertex 4.31231 -8.74451 5.8
    endloop
  endfacet
  facet normal 0.471392 -0.881924 0
    outer loop
      vertex 4.875 -8.44375 5.8
      vertex 4.31231 -8.74451 3.7
      vertex 4.875 -8.44375 3.7
    endloop
  endfacet
  facet normal 0.849202 -0.528069 0
    outer loop
      vertex 8.10683 -5.41681 5.8
      vertex 8.44375 -4.875 3.7
      vertex 8.44375 -4.875 5.8
    endloop
  endfacet
  facet normal 0.849202 -0.528069 0
    outer loop
      vertex 8.44375 -4.875 3.7
      vertex 8.10683 -5.41681 5.8
      vertex 8.10683 -5.41681 3.7
    endloop
  endfacet
  facet normal 0.773017 -0.634385 0
    outer loop
      vertex 7.33044 -6.42862 5.8
      vertex 7.73519 -5.93542 3.7
      vertex 7.73519 -5.93542 5.8
    endloop
  endfacet
  facet normal 0.773017 -0.634385 0
    outer loop
      vertex 7.73519 -5.93542 3.7
      vertex 7.33044 -6.42862 5.8
      vertex 7.33044 -6.42862 3.7
    endloop
  endfacet
  facet normal 0.910867 -0.4127 0
    outer loop
      vertex 8.74451 -4.31231 5.8
      vertex 9.00782 -3.73116 3.7
      vertex 9.00782 -3.73116 5.8
    endloop
  endfacet
  facet normal 0.910867 -0.4127 0
    outer loop
      vertex 9.00782 -3.73116 3.7
      vertex 8.74451 -4.31231 5.8
      vertex 8.74451 -4.31231 3.7
    endloop
  endfacet
  facet normal 0.995186 -0.0980061 0
    outer loop
      vertex 9.66659 -1.27263 5.8
      vertex 9.72912 -0.63768 3.7
      vertex 9.72912 -0.63768 5.8
    endloop
  endfacet
  facet normal 0.995186 -0.0980061 0
    outer loop
      vertex 9.72912 -0.63768 3.7
      vertex 9.66659 -1.27263 5.8
      vertex 9.66659 -1.27263 3.7
    endloop
  endfacet
  facet normal 0.973877 -0.227075 0
    outer loop
      vertex 9.41778 -2.52349 5.8
      vertex 9.56266 -1.90213 3.7
      vertex 9.56266 -1.90213 5.8
    endloop
  endfacet
  facet normal 0.973877 -0.227075 0
    outer loop
      vertex 9.56266 -1.90213 3.7
      vertex 9.41778 -2.52349 5.8
      vertex 9.41778 -2.52349 3.7
    endloop
  endfacet
  facet normal -0.4127 -0.910867 0
    outer loop
      vertex -4.31231 -8.74451 3.7
      vertex -3.73116 -9.00782 5.8
      vertex -4.31231 -8.74451 5.8
    endloop
  endfacet
  facet normal -0.4127 -0.910867 -0
    outer loop
      vertex -3.73116 -9.00782 5.8
      vertex -4.31231 -8.74451 3.7
      vertex -3.73116 -9.00782 3.7
    endloop
  endfacet
  facet normal -0.227075 -0.973877 0
    outer loop
      vertex -2.52349 -9.41778 3.7
      vertex -1.90213 -9.56266 5.8
      vertex -2.52349 -9.41778 5.8
    endloop
  endfacet
  facet normal -0.227075 -0.973877 -0
    outer loop
      vertex -1.90213 -9.56266 5.8
      vertex -2.52349 -9.41778 3.7
      vertex -1.90213 -9.56266 3.7
    endloop
  endfacet
  facet normal -0.0980061 -0.995186 0
    outer loop
      vertex -1.27263 -9.66659 3.7
      vertex -0.63768 -9.72912 5.8
      vertex -1.27263 -9.66659 5.8
    endloop
  endfacet
  facet normal -0.0980061 -0.995186 -0
    outer loop
      vertex -0.63768 -9.72912 5.8
      vertex -1.27263 -9.66659 3.7
      vertex -0.63768 -9.72912 3.7
    endloop
  endfacet
  facet normal -0.773017 -0.634385 0
    outer loop
      vertex -7.33044 -6.42862 3.7
      vertex -7.73519 -5.93542 5.8
      vertex -7.73519 -5.93542 3.7
    endloop
  endfacet
  facet normal -0.773017 -0.634385 0
    outer loop
      vertex -7.73519 -5.93542 5.8
      vertex -7.33044 -6.42862 3.7
      vertex -7.33044 -6.42862 5.8
    endloop
  endfacet
  facet normal -0.881924 -0.471392 0
    outer loop
      vertex -8.44375 -4.875 3.7
      vertex -8.74451 -4.31231 5.8
      vertex -8.74451 -4.31231 3.7
    endloop
  endfacet
  facet normal -0.881924 -0.471392 0
    outer loop
      vertex -8.74451 -4.31231 5.8
      vertex -8.44375 -4.875 3.7
      vertex -8.44375 -4.875 5.8
    endloop
  endfacet
  facet normal 0.81284 -0.582487 0
    outer loop
      vertex 7.73519 -5.93542 5.8
      vertex 8.10683 -5.41681 3.7
      vertex 8.10683 -5.41681 5.8
    endloop
  endfacet
  facet normal 0.81284 -0.582487 0
    outer loop
      vertex 8.10683 -5.41681 3.7
      vertex 7.73519 -5.93542 5.8
      vertex 7.73519 -5.93542 3.7
    endloop
  endfacet
  facet normal 0.999464 -0.0327262 0
    outer loop
      vertex 9.72912 -0.63768 5.8
      vertex 9.75 0 3.7
      vertex 9.75 0 5.8
    endloop
  endfacet
  facet normal 0.999464 -0.0327262 0
    outer loop
      vertex 9.75 0 3.7
      vertex 9.72912 -0.63768 5.8
      vertex 9.72912 -0.63768 3.7
    endloop
  endfacet
  facet normal 0.00385038 -0.11766 -0.993047
    outer loop
      vertex 0.913681 -13.9401 6.3
      vertex 0 -13.97 6.3
      vertex 0 -9.75 5.8
    endloop
  endfacet
  facet normal 0.11766 0.00385038 -0.993047
    outer loop
      vertex 13.97 0 6.3
      vertex 9.75 0 5.8
      vertex 13.9401 0.913681 6.3
    endloop
  endfacet
  facet normal 0.117659 0.00385259 -0.993047
    outer loop
      vertex 9.75 0 5.8
      vertex 9.72912 0.63768 5.8
      vertex 13.9401 0.913681 6.3
    endloop
  endfacet
  facet normal 0.117659 -0.00385259 -0.993047
    outer loop
      vertex 13.9401 -0.913681 6.3
      vertex 9.72912 -0.63768 5.8
      vertex 9.75 0 5.8
    endloop
  endfacet
  facet normal -0.117659 -0.00385259 -0.993047
    outer loop
      vertex -9.72912 -0.63768 5.8
      vertex -13.9401 -0.913681 6.3
      vertex -9.75 0 5.8
    endloop
  endfacet
  facet normal -0.00385259 0.117659 -0.993047
    outer loop
      vertex -0.63768 9.72912 5.8
      vertex -0.913681 13.9401 6.3
      vertex 0 9.75 5.8
    endloop
  endfacet
  facet normal 0.0859213 -0.0804745 -0.993047
    outer loop
      vertex 9.87828 -9.87828 6.3
      vertex 6.89429 -6.89429 5.8
      vertex 7.33044 -6.42862 5.8
    endloop
  endfacet
  facet normal -0.0910021 0.0746819 -0.993046
    outer loop
      vertex -7.73519 5.93542 5.8
      vertex -11.0831 8.5044 6.3
      vertex -7.33044 6.42862 5.8
    endloop
  endfacet
  facet normal 0.11615 -0.0191746 -0.993047
    outer loop
      vertex 13.7016 -2.72541 6.3
      vertex 9.56266 -1.90213 5.8
      vertex 13.8505 -1.82345 6.3
    endloop
  endfacet
  facet normal 0.0485867 -0.107228 -0.993047
    outer loop
      vertex 5.34609 -12.9066 6.3
      vertex 3.73116 -9.00782 5.8
      vertex 6.17877 -12.5293 6.3
    endloop
  endfacet
  facet normal -0.0804743 -0.0859215 -0.993047
    outer loop
      vertex -9.21106 -10.5032 6.3
      vertex -9.87828 -9.87828 6.3
      vertex -6.42862 -7.33044 5.8
    endloop
  endfacet
  facet normal -0.117659 0.00385259 -0.993047
    outer loop
      vertex -9.75 0 5.8
      vertex -13.9401 0.913681 6.3
      vertex -9.72912 0.63768 5.8
    endloop
  endfacet
  facet normal 0.110178 -0.0414657 -0.993047
    outer loop
      vertex 12.9066 -5.34609 6.3
      vertex 9.00782 -3.73116 5.8
      vertex 13.2286 -4.49051 6.3
    endloop
  endfacet
  facet normal 0.110177 -0.0414689 -0.993046
    outer loop
      vertex 13.2286 -4.49051 6.3
      vertex 9.00782 -3.73116 5.8
      vertex 9.23257 -3.13403 5.8
    endloop
  endfacet
  facet normal 0.0999708 -0.062166 -0.993046
    outer loop
      vertex 11.6156 -7.76132 6.3
      vertex 8.10683 -5.41681 5.8
      vertex 8.44375 -4.875 5.8
    endloop
  endfacet
  facet normal 0.0267335 -0.114646 -0.993047
    outer loop
      vertex 2.72541 -13.7016 6.3
      vertex 1.90213 -9.56266 5.8
      vertex 3.6157 -13.494 6.3
    endloop
  endfacet
  facet normal 0.0414657 -0.110178 -0.993047
    outer loop
      vertex 4.49051 -13.2286 6.3
      vertex 3.73116 -9.00782 5.8
      vertex 5.34609 -12.9066 6.3
    endloop
  endfacet
  facet normal 0.0685726 -0.09569 -0.993046
    outer loop
      vertex 7.76132 -11.6156 6.3
      vertex 5.41681 -8.10683 5.8
      vertex 8.5044 -11.0831 6.3
    endloop
  endfacet
  facet normal 0.062166 -0.0999708 -0.993046
    outer loop
      vertex 7.76132 -11.6156 6.3
      vertex 4.875 -8.44375 5.8
      vertex 5.41681 -8.10683 5.8
    endloop
  endfacet
  facet normal -0.112653 -0.0341738 -0.993047
    outer loop
      vertex -9.23257 -3.13403 5.8
      vertex -13.494 -3.6157 6.3
      vertex -9.41778 -2.52349 5.8
    endloop
  endfacet
  facet normal -0.117155 -0.0115382 -0.993047
    outer loop
      vertex -13.8505 -1.82345 6.3
      vertex -13.9401 -0.913681 6.3
      vertex -9.72912 -0.63768 5.8
    endloop
  endfacet
  facet normal -0.0685726 -0.09569 -0.993046
    outer loop
      vertex -7.76132 -11.6156 6.3
      vertex -8.5044 -11.0831 6.3
      vertex -5.41681 -8.10683 5.8
    endloop
  endfacet
  facet normal 0.10723 0.0485842 -0.993046
    outer loop
      vertex 9.00782 3.73116 5.8
      vertex 8.74451 4.31231 5.8
      vertex 12.5293 6.17877 6.3
    endloop
  endfacet
  facet normal 0.0341738 0.112653 -0.993047
    outer loop
      vertex 3.13403 9.23257 5.8
      vertex 2.52349 9.41778 5.8
      vertex 3.6157 13.494 6.3
    endloop
  endfacet
  facet normal -0.0115382 0.117155 -0.993047
    outer loop
      vertex -0.63768 9.72912 5.8
      vertex -1.82345 13.8505 6.3
      vertex -0.913681 13.9401 6.3
    endloop
  endfacet
  facet normal -0.0746819 0.0910021 -0.993046
    outer loop
      vertex -6.42862 7.33044 5.8
      vertex -8.5044 11.0831 6.3
      vertex -5.93542 7.73519 5.8
    endloop
  endfacet
  facet normal -0.110177 0.0414689 -0.993046
    outer loop
      vertex -9.23257 3.13403 5.8
      vertex -13.2286 4.49051 6.3
      vertex -9.00782 3.73116 5.8
    endloop
  endfacet
  facet normal 0.117155 -0.0115382 -0.993047
    outer loop
      vertex 13.8505 -1.82345 6.3
      vertex 9.72912 -0.63768 5.8
      vertex 13.9401 -0.913681 6.3
    endloop
  endfacet
  facet normal 0.11766 -0.00385038 -0.993047
    outer loop
      vertex 13.9401 -0.913681 6.3
      vertex 9.75 0 5.8
      vertex 13.97 0 6.3
    endloop
  endfacet
  facet normal 0.117156 -0.0115375 -0.993047
    outer loop
      vertex 13.8505 -1.82345 6.3
      vertex 9.66659 -1.27263 5.8
      vertex 9.72912 -0.63768 5.8
    endloop
  endfacet
  facet normal 0.112653 -0.0341766 -0.993046
    outer loop
      vertex 13.2286 -4.49051 6.3
      vertex 9.23257 -3.13403 5.8
      vertex 13.494 -3.6157 6.3
    endloop
  endfacet
  facet normal 0.103823 -0.0554936 -0.993046
    outer loop
      vertex 12.5293 -6.17877 6.3
      vertex 8.44375 -4.875 5.8
      vertex 8.74451 -4.31231 5.8
    endloop
  endfacet
  facet normal 0.107228 -0.0485867 -0.993047
    outer loop
      vertex 12.5293 -6.17877 6.3
      vertex 9.00782 -3.73116 5.8
      vertex 12.9066 -5.34609 6.3
    endloop
  endfacet
  facet normal 0.09569 -0.0685726 -0.993046
    outer loop
      vertex 11.0831 -8.5044 6.3
      vertex 8.10683 -5.41681 5.8
      vertex 11.6156 -7.76132 6.3
    endloop
  endfacet
  facet normal 0.0956902 -0.0685724 -0.993046
    outer loop
      vertex 11.0831 -8.5044 6.3
      vertex 7.73519 -5.93542 5.8
      vertex 8.10683 -5.41681 5.8
    endloop
  endfacet
  facet normal 0.0115375 -0.117156 -0.993047
    outer loop
      vertex 1.82345 -13.8505 6.3
      vertex 0.63768 -9.72912 5.8
      vertex 1.27263 -9.66659 5.8
    endloop
  endfacet
  facet normal 0.0804743 -0.0859215 -0.993047
    outer loop
      vertex 9.21106 -10.5032 6.3
      vertex 6.42862 -7.33044 5.8
      vertex 9.87828 -9.87828 6.3
    endloop
  endfacet
  facet normal 0.0621703 -0.0999669 -0.993047
    outer loop
      vertex 6.985 -12.0984 6.3
      vertex 4.875 -8.44375 5.8
      vertex 7.76132 -11.6156 6.3
    endloop
  endfacet
  facet normal 0.0554936 -0.103823 -0.993046
    outer loop
      vertex 6.17877 -12.5293 6.3
      vertex 4.31231 -8.74451 5.8
      vertex 4.875 -8.44375 5.8
    endloop
  endfacet
  facet normal -0.114647 -0.0267318 -0.993047
    outer loop
      vertex -9.41778 -2.52349 5.8
      vertex -13.494 -3.6157 6.3
      vertex -9.56266 -1.90213 5.8
    endloop
  endfacet
  facet normal -0.0746819 -0.0910021 -0.993046
    outer loop
      vertex -5.93542 -7.73519 5.8
      vertex -8.5044 -11.0831 6.3
      vertex -6.42862 -7.33044 5.8
    endloop
  endfacet
  facet normal -0.0956902 -0.0685724 -0.993046
    outer loop
      vertex -7.73519 -5.93542 5.8
      vertex -11.0831 -8.5044 6.3
      vertex -8.10683 -5.41681 5.8
    endloop
  endfacet
  facet normal -0.0859213 -0.0804745 -0.993047
    outer loop
      vertex -6.89429 -6.89429 5.8
      vertex -9.87828 -9.87828 6.3
      vertex -7.33044 -6.42862 5.8
    endloop
  endfacet
  facet normal 0.0621703 0.0999669 -0.993047
    outer loop
      vertex 7.76132 11.6156 6.3
      vertex 4.875 8.44375 5.8
      vertex 6.985 12.0984 6.3
    endloop
  endfacet
  facet normal 0.0267318 0.114647 -0.993047
    outer loop
      vertex 2.52349 9.41778 5.8
      vertex 1.90213 9.56266 5.8
      vertex 3.6157 13.494 6.3
    endloop
  endfacet
  facet normal -0.0267318 0.114647 -0.993047
    outer loop
      vertex -2.52349 9.41778 5.8
      vertex -3.6157 13.494 6.3
      vertex -1.90213 9.56266 5.8
    endloop
  endfacet
  facet normal -0.0341738 0.112653 -0.993047
    outer loop
      vertex -3.13403 9.23257 5.8
      vertex -3.6157 13.494 6.3
      vertex -2.52349 9.41778 5.8
    endloop
  endfacet
  facet normal -0.0956902 0.0685724 -0.993046
    outer loop
      vertex -8.10683 5.41681 5.8
      vertex -11.0831 8.5044 6.3
      vertex -7.73519 5.93542 5.8
    endloop
  endfacet
  facet normal -0.107228 0.0485867 -0.993047
    outer loop
      vertex -9.00782 3.73116 5.8
      vertex -12.9066 5.34609 6.3
      vertex -12.5293 6.17877 6.3
    endloop
  endfacet
  facet normal -0.103824 0.0554899 -0.993047
    outer loop
      vertex -8.44375 4.875 5.8
      vertex -12.5293 6.17877 6.3
      vertex -12.0984 6.985 6.3
    endloop
  endfacet
  facet normal -0.11615 0.0191746 -0.993047
    outer loop
      vertex -9.56266 1.90213 5.8
      vertex -13.8505 1.82345 6.3
      vertex -13.7016 2.72541 6.3
    endloop
  endfacet
  facet normal -0.11766 0.00385038 -0.993047
    outer loop
      vertex -9.75 0 5.8
      vertex -13.97 0 6.3
      vertex -13.9401 0.913681 6.3
    endloop
  endfacet
  facet normal -0.11766 -0.00385038 -0.993047
    outer loop
      vertex -13.9401 -0.913681 6.3
      vertex -13.97 0 6.3
      vertex -9.75 0 5.8
    endloop
  endfacet
  facet normal 0.11615 -0.0191763 -0.993047
    outer loop
      vertex 13.8505 -1.82345 6.3
      vertex 9.56266 -1.90213 5.8
      vertex 9.66659 -1.27263 5.8
    endloop
  endfacet
  facet normal 0.114646 -0.0267335 -0.993047
    outer loop
      vertex 13.494 -3.6157 6.3
      vertex 9.56266 -1.90213 5.8
      vertex 13.7016 -2.72541 6.3
    endloop
  endfacet
  facet normal 0.0910035 -0.0746794 -0.993046
    outer loop
      vertex 10.5032 -9.21106 6.3
      vertex 7.33044 -6.42862 5.8
      vertex 11.0831 -8.5044 6.3
    endloop
  endfacet
  facet normal 0.0859215 -0.0804743 -0.993047
    outer loop
      vertex 9.87828 -9.87828 6.3
      vertex 7.33044 -6.42862 5.8
      vertex 10.5032 -9.21106 6.3
    endloop
  endfacet
  facet normal 0.0999669 -0.0621703 -0.993047
    outer loop
      vertex 11.6156 -7.76132 6.3
      vertex 8.44375 -4.875 5.8
      vertex 12.0984 -6.985 6.3
    endloop
  endfacet
  facet normal 0.103824 -0.0554899 -0.993047
    outer loop
      vertex 12.0984 -6.985 6.3
      vertex 8.44375 -4.875 5.8
      vertex 12.5293 -6.17877 6.3
    endloop
  endfacet
  facet normal 0.10723 -0.0485842 -0.993046
    outer loop
      vertex 12.5293 -6.17877 6.3
      vertex 8.74451 -4.31231 5.8
      vertex 9.00782 -3.73116 5.8
    endloop
  endfacet
  facet normal 0.0341738 -0.112653 -0.993047
    outer loop
      vertex 3.6157 -13.494 6.3
      vertex 2.52349 -9.41778 5.8
      vertex 3.13403 -9.23257 5.8
    endloop
  endfacet
  facet normal 0.0115382 -0.117155 -0.993047
    outer loop
      vertex 0.913681 -13.9401 6.3
      vertex 0.63768 -9.72912 5.8
      vertex 1.82345 -13.8505 6.3
    endloop
  endfacet
  facet normal 0.00385259 -0.117659 -0.993047
    outer loop
      vertex 0.913681 -13.9401 6.3
      vertex 0 -9.75 5.8
      vertex 0.63768 -9.72912 5.8
    endloop
  endfacet
  facet normal 0.0746794 -0.0910035 -0.993046
    outer loop
      vertex 8.5044 -11.0831 6.3
      vertex 6.42862 -7.33044 5.8
      vertex 9.21106 -10.5032 6.3
    endloop
  endfacet
  facet normal 0.0746819 -0.0910021 -0.993046
    outer loop
      vertex 8.5044 -11.0831 6.3
      vertex 5.93542 -7.73519 5.8
      vertex 6.42862 -7.33044 5.8
    endloop
  endfacet
  facet normal 0.0685724 -0.0956902 -0.993046
    outer loop
      vertex 8.5044 -11.0831 6.3
      vertex 5.41681 -8.10683 5.8
      vertex 5.93542 -7.73519 5.8
    endloop
  endfacet
  facet normal 0.0554899 -0.103824 -0.993047
    outer loop
      vertex 6.17877 -12.5293 6.3
      vertex 4.875 -8.44375 5.8
      vertex 6.985 -12.0984 6.3
    endloop
  endfacet
  facet normal 0.0485842 -0.10723 -0.993046
    outer loop
      vertex 6.17877 -12.5293 6.3
      vertex 3.73116 -9.00782 5.8
      vertex 4.31231 -8.74451 5.8
    endloop
  endfacet
  facet normal -0.117156 -0.0115375 -0.993047
    outer loop
      vertex -9.66659 -1.27263 5.8
      vertex -13.8505 -1.82345 6.3
      vertex -9.72912 -0.63768 5.8
    endloop
  endfacet
  facet normal -0.0191746 -0.11615 -0.993047
    outer loop
      vertex -1.82345 -13.8505 6.3
      vertex -2.72541 -13.7016 6.3
      vertex -1.90213 -9.56266 5.8
    endloop
  endfacet
  facet normal -0.0414689 -0.110177 -0.993046
    outer loop
      vertex -3.13403 -9.23257 5.8
      vertex -4.49051 -13.2286 6.3
      vertex -3.73116 -9.00782 5.8
    endloop
  endfacet
  facet normal -0.0621703 -0.0999669 -0.993047
    outer loop
      vertex -6.985 -12.0984 6.3
      vertex -7.76132 -11.6156 6.3
      vertex -4.875 -8.44375 5.8
    endloop
  endfacet
  facet normal -0.0999708 -0.062166 -0.993046
    outer loop
      vertex -8.10683 -5.41681 5.8
      vertex -11.6156 -7.76132 6.3
      vertex -8.44375 -4.875 5.8
    endloop
  endfacet
  facet normal -0.09569 -0.0685726 -0.993046
    outer loop
      vertex -11.0831 -8.5044 6.3
      vertex -11.6156 -7.76132 6.3
      vertex -8.10683 -5.41681 5.8
    endloop
  endfacet
  facet normal -0.107228 -0.0485867 -0.993047
    outer loop
      vertex -12.5293 -6.17877 6.3
      vertex -12.9066 -5.34609 6.3
      vertex -9.00782 -3.73116 5.8
    endloop
  endfacet
  facet normal -0.0910035 -0.0746794 -0.993046
    outer loop
      vertex -10.5032 -9.21106 6.3
      vertex -11.0831 -8.5044 6.3
      vertex -7.33044 -6.42862 5.8
    endloop
  endfacet
  facet normal -0.0859215 -0.0804743 -0.993047
    outer loop
      vertex -9.87828 -9.87828 6.3
      vertex -10.5032 -9.21106 6.3
      vertex -7.33044 -6.42862 5.8
    endloop
  endfacet
  facet normal -0.0910021 -0.0746819 -0.993046
    outer loop
      vertex -7.33044 -6.42862 5.8
      vertex -11.0831 -8.5044 6.3
      vertex -7.73519 -5.93542 5.8
    endloop
  endfacet
  facet normal -0.0804745 -0.0859213 -0.993047
    outer loop
      vertex -6.42862 -7.33044 5.8
      vertex -9.87828 -9.87828 6.3
      vertex -6.89429 -6.89429 5.8
    endloop
  endfacet
  facet normal 0.0910021 0.0746819 -0.993046
    outer loop
      vertex 7.73519 5.93542 5.8
      vertex 7.33044 6.42862 5.8
      vertex 11.0831 8.5044 6.3
    endloop
  endfacet
  facet normal 0.0115375 0.117156 -0.993047
    outer loop
      vertex 1.27263 9.66659 5.8
      vertex 0.63768 9.72912 5.8
      vertex 1.82345 13.8505 6.3
    endloop
  endfacet
  facet normal -0.00385038 0.11766 -0.993047
    outer loop
      vertex 0 9.75 5.8
      vertex -0.913681 13.9401 6.3
      vertex 0 13.97 6.3
    endloop
  endfacet
  facet normal -0.0115375 0.117156 -0.993047
    outer loop
      vertex -1.27263 9.66659 5.8
      vertex -1.82345 13.8505 6.3
      vertex -0.63768 9.72912 5.8
    endloop
  endfacet
  facet normal -0.0485842 0.10723 -0.993046
    outer loop
      vertex -4.31231 8.74451 5.8
      vertex -6.17877 12.5293 6.3
      vertex -3.73116 9.00782 5.8
    endloop
  endfacet
  facet normal -0.0685726 0.09569 -0.993046
    outer loop
      vertex -5.41681 8.10683 5.8
      vertex -8.5044 11.0831 6.3
      vertex -7.76132 11.6156 6.3
    endloop
  endfacet
  facet normal -0.062166 0.0999708 -0.993046
    outer loop
      vertex -5.41681 8.10683 5.8
      vertex -7.76132 11.6156 6.3
      vertex -4.875 8.44375 5.8
    endloop
  endfacet
  facet normal -0.0859213 0.0804745 -0.993047
    outer loop
      vertex -7.33044 6.42862 5.8
      vertex -9.87828 9.87828 6.3
      vertex -6.89429 6.89429 5.8
    endloop
  endfacet
  facet normal -0.0910035 0.0746794 -0.993046
    outer loop
      vertex -7.33044 6.42862 5.8
      vertex -11.0831 8.5044 6.3
      vertex -10.5032 9.21106 6.3
    endloop
  endfacet
  facet normal -0.0999669 0.0621703 -0.993047
    outer loop
      vertex -8.44375 4.875 5.8
      vertex -12.0984 6.985 6.3
      vertex -11.6156 7.76132 6.3
    endloop
  endfacet
  facet normal -0.110178 0.0414657 -0.993047
    outer loop
      vertex -9.00782 3.73116 5.8
      vertex -13.2286 4.49051 6.3
      vertex -12.9066 5.34609 6.3
    endloop
  endfacet
  facet normal -0.114646 0.0267335 -0.993047
    outer loop
      vertex -9.56266 1.90213 5.8
      vertex -13.7016 2.72541 6.3
      vertex -13.494 3.6157 6.3
    endloop
  endfacet
  facet normal -0.117155 0.0115382 -0.993047
    outer loop
      vertex -9.72912 0.63768 5.8
      vertex -13.9401 0.913681 6.3
      vertex -13.8505 1.82345 6.3
    endloop
  endfacet
  facet normal 0.114647 -0.0267318 -0.993047
    outer loop
      vertex 13.494 -3.6157 6.3
      vertex 9.41778 -2.52349 5.8
      vertex 9.56266 -1.90213 5.8
    endloop
  endfacet
  facet normal 0.112653 -0.0341738 -0.993047
    outer loop
      vertex 13.494 -3.6157 6.3
      vertex 9.23257 -3.13403 5.8
      vertex 9.41778 -2.52349 5.8
    endloop
  endfacet
  facet normal 0.0910021 -0.0746819 -0.993046
    outer loop
      vertex 11.0831 -8.5044 6.3
      vertex 7.33044 -6.42862 5.8
      vertex 7.73519 -5.93542 5.8
    endloop
  endfacet
  facet normal 0.0414689 -0.110177 -0.993046
    outer loop
      vertex 4.49051 -13.2286 6.3
      vertex 3.13403 -9.23257 5.8
      vertex 3.73116 -9.00782 5.8
    endloop
  endfacet
  facet normal 0.0341766 -0.112653 -0.993046
    outer loop
      vertex 3.6157 -13.494 6.3
      vertex 3.13403 -9.23257 5.8
      vertex 4.49051 -13.2286 6.3
    endloop
  endfacet
  facet normal 0.0267318 -0.114647 -0.993047
    outer loop
      vertex 3.6157 -13.494 6.3
      vertex 1.90213 -9.56266 5.8
      vertex 2.52349 -9.41778 5.8
    endloop
  endfacet
  facet normal 0.0191746 -0.11615 -0.993047
    outer loop
      vertex 2.72541 -13.7016 6.3
      vertex 1.82345 -13.8505 6.3
      vertex 1.90213 -9.56266 5.8
    endloop
  endfacet
  facet normal 0.0191763 -0.11615 -0.993047
    outer loop
      vertex 1.82345 -13.8505 6.3
      vertex 1.27263 -9.66659 5.8
      vertex 1.90213 -9.56266 5.8
    endloop
  endfacet
  facet normal 0.0804745 -0.0859213 -0.993047
    outer loop
      vertex 9.87828 -9.87828 6.3
      vertex 6.42862 -7.33044 5.8
      vertex 6.89429 -6.89429 5.8
    endloop
  endfacet
  facet normal -0.114646 -0.0267335 -0.993047
    outer loop
      vertex -13.494 -3.6157 6.3
      vertex -13.7016 -2.72541 6.3
      vertex -9.56266 -1.90213 5.8
    endloop
  endfacet
  facet normal -0.0746794 -0.0910035 -0.993046
    outer loop
      vertex -8.5044 -11.0831 6.3
      vertex -9.21106 -10.5032 6.3
      vertex -6.42862 -7.33044 5.8
    endloop
  endfacet
  facet normal -0.0414657 -0.110178 -0.993047
    outer loop
      vertex -4.49051 -13.2286 6.3
      vertex -5.34609 -12.9066 6.3
      vertex -3.73116 -9.00782 5.8
    endloop
  endfacet
  facet normal -0.0267335 -0.114646 -0.993047
    outer loop
      vertex -2.72541 -13.7016 6.3
      vertex -3.6157 -13.494 6.3
      vertex -1.90213 -9.56266 5.8
    endloop
  endfacet
  facet normal -0.062166 -0.0999708 -0.993046
    outer loop
      vertex -4.875 -8.44375 5.8
      vertex -7.76132 -11.6156 6.3
      vertex -5.41681 -8.10683 5.8
    endloop
  endfacet
  facet normal -0.0485867 -0.107228 -0.993047
    outer loop
      vertex -5.34609 -12.9066 6.3
      vertex -6.17877 -12.5293 6.3
      vertex -3.73116 -9.00782 5.8
    endloop
  endfacet
  facet normal -0.110177 -0.0414689 -0.993046
    outer loop
      vertex -9.00782 -3.73116 5.8
      vertex -13.2286 -4.49051 6.3
      vertex -9.23257 -3.13403 5.8
    endloop
  endfacet
  facet normal -0.112653 -0.0341766 -0.993046
    outer loop
      vertex -13.2286 -4.49051 6.3
      vertex -13.494 -3.6157 6.3
      vertex -9.23257 -3.13403 5.8
    endloop
  endfacet
  facet normal -0.110178 -0.0414657 -0.993047
    outer loop
      vertex -12.9066 -5.34609 6.3
      vertex -13.2286 -4.49051 6.3
      vertex -9.00782 -3.73116 5.8
    endloop
  endfacet
  facet normal -0.103824 -0.0554899 -0.993047
    outer loop
      vertex -12.0984 -6.985 6.3
      vertex -12.5293 -6.17877 6.3
      vertex -8.44375 -4.875 5.8
    endloop
  endfacet
  facet normal -0.0999669 -0.0621703 -0.993047
    outer loop
      vertex -11.6156 -7.76132 6.3
      vertex -12.0984 -6.985 6.3
      vertex -8.44375 -4.875 5.8
    endloop
  endfacet
  facet normal -0.103823 -0.0554936 -0.993046
    outer loop
      vertex -8.44375 -4.875 5.8
      vertex -12.5293 -6.17877 6.3
      vertex -8.74451 -4.31231 5.8
    endloop
  endfacet
  facet normal -0.10723 -0.0485842 -0.993046
    outer loop
      vertex -8.74451 -4.31231 5.8
      vertex -12.5293 -6.17877 6.3
      vertex -9.00782 -3.73116 5.8
    endloop
  endfacet
  facet normal 0.110177 0.0414689 -0.993046
    outer loop
      vertex 9.23257 3.13403 5.8
      vertex 9.00782 3.73116 5.8
      vertex 13.2286 4.49051 6.3
    endloop
  endfacet
  facet normal 0.09569 0.0685726 -0.993046
    outer loop
      vertex 11.6156 7.76132 6.3
      vertex 8.10683 5.41681 5.8
      vertex 11.0831 8.5044 6.3
    endloop
  endfacet
  facet normal 0.103824 0.0554899 -0.993047
    outer loop
      vertex 12.5293 6.17877 6.3
      vertex 8.44375 4.875 5.8
      vertex 12.0984 6.985 6.3
    endloop
  endfacet
  facet normal 0.0804743 0.0859215 -0.993047
    outer loop
      vertex 9.87828 9.87828 6.3
      vertex 6.42862 7.33044 5.8
      vertex 9.21106 10.5032 6.3
    endloop
  endfacet
  facet normal 0.0191746 0.11615 -0.993047
    outer loop
      vertex 1.90213 9.56266 5.8
      vertex 1.82345 13.8505 6.3
      vertex 2.72541 13.7016 6.3
    endloop
  endfacet
  facet normal 0.0267335 0.114646 -0.993047
    outer loop
      vertex 3.6157 13.494 6.3
      vertex 1.90213 9.56266 5.8
      vertex 2.72541 13.7016 6.3
    endloop
  endfacet
  facet normal 0.0414657 0.110178 -0.993047
    outer loop
      vertex 5.34609 12.9066 6.3
      vertex 3.73116 9.00782 5.8
      vertex 4.49051 13.2286 6.3
    endloop
  endfacet
  facet normal 0.0685726 0.09569 -0.993046
    outer loop
      vertex 8.5044 11.0831 6.3
      vertex 5.41681 8.10683 5.8
      vertex 7.76132 11.6156 6.3
    endloop
  endfacet
  facet normal 0.062166 0.0999708 -0.993046
    outer loop
      vertex 5.41681 8.10683 5.8
      vertex 4.875 8.44375 5.8
      vertex 7.76132 11.6156 6.3
    endloop
  endfacet
  facet normal 0.0804745 0.0859213 -0.993047
    outer loop
      vertex 6.89429 6.89429 5.8
      vertex 6.42862 7.33044 5.8
      vertex 9.87828 9.87828 6.3
    endloop
  endfacet
  facet normal 0.00385038 0.11766 -0.993047
    outer loop
      vertex 0.913681 13.9401 6.3
      vertex 0 9.75 5.8
      vertex 0 13.97 6.3
    endloop
  endfacet
  facet normal -0.0267335 0.114646 -0.993047
    outer loop
      vertex -1.90213 9.56266 5.8
      vertex -3.6157 13.494 6.3
      vertex -2.72541 13.7016 6.3
    endloop
  endfacet
  facet normal -0.0341766 0.112653 -0.993046
    outer loop
      vertex -3.13403 9.23257 5.8
      vertex -4.49051 13.2286 6.3
      vertex -3.6157 13.494 6.3
    endloop
  endfacet
  facet normal -0.0621703 0.0999669 -0.993047
    outer loop
      vertex -4.875 8.44375 5.8
      vertex -7.76132 11.6156 6.3
      vertex -6.985 12.0984 6.3
    endloop
  endfacet
  facet normal -0.0859215 0.0804743 -0.993047
    outer loop
      vertex -7.33044 6.42862 5.8
      vertex -10.5032 9.21106 6.3
      vertex -9.87828 9.87828 6.3
    endloop
  endfacet
  facet normal -0.0746794 0.0910035 -0.993046
    outer loop
      vertex -6.42862 7.33044 5.8
      vertex -9.21106 10.5032 6.3
      vertex -8.5044 11.0831 6.3
    endloop
  endfacet
  facet normal -0.0804743 0.0859215 -0.993047
    outer loop
      vertex -6.42862 7.33044 5.8
      vertex -9.87828 9.87828 6.3
      vertex -9.21106 10.5032 6.3
    endloop
  endfacet
  facet normal -0.0804745 0.0859213 -0.993047
    outer loop
      vertex -6.89429 6.89429 5.8
      vertex -9.87828 9.87828 6.3
      vertex -6.42862 7.33044 5.8
    endloop
  endfacet
  facet normal -0.0999708 0.062166 -0.993046
    outer loop
      vertex -8.44375 4.875 5.8
      vertex -11.6156 7.76132 6.3
      vertex -8.10683 5.41681 5.8
    endloop
  endfacet
  facet normal -0.09569 0.0685726 -0.993046
    outer loop
      vertex -8.10683 5.41681 5.8
      vertex -11.6156 7.76132 6.3
      vertex -11.0831 8.5044 6.3
    endloop
  endfacet
  facet normal -0.103823 0.0554936 -0.993046
    outer loop
      vertex -8.74451 4.31231 5.8
      vertex -12.5293 6.17877 6.3
      vertex -8.44375 4.875 5.8
    endloop
  endfacet
  facet normal -0.11615 0.0191763 -0.993047
    outer loop
      vertex -9.66659 1.27263 5.8
      vertex -13.8505 1.82345 6.3
      vertex -9.56266 1.90213 5.8
    endloop
  endfacet
  facet normal -0.112653 0.0341766 -0.993046
    outer loop
      vertex -9.23257 3.13403 5.8
      vertex -13.494 3.6157 6.3
      vertex -13.2286 4.49051 6.3
    endloop
  endfacet
  facet normal -0.11615 -0.0191746 -0.993047
    outer loop
      vertex -13.7016 -2.72541 6.3
      vertex -13.8505 -1.82345 6.3
      vertex -9.56266 -1.90213 5.8
    endloop
  endfacet
  facet normal -0.11615 -0.0191763 -0.993047
    outer loop
      vertex -9.56266 -1.90213 5.8
      vertex -13.8505 -1.82345 6.3
      vertex -9.66659 -1.27263 5.8
    endloop
  endfacet
  facet normal -0.0341766 -0.112653 -0.993046
    outer loop
      vertex -3.6157 -13.494 6.3
      vertex -4.49051 -13.2286 6.3
      vertex -3.13403 -9.23257 5.8
    endloop
  endfacet
  facet normal -0.0115382 -0.117155 -0.993047
    outer loop
      vertex -0.913681 -13.9401 6.3
      vertex -1.82345 -13.8505 6.3
      vertex -0.63768 -9.72912 5.8
    endloop
  endfacet
  facet normal -0.0685724 -0.0956902 -0.993046
    outer loop
      vertex -5.41681 -8.10683 5.8
      vertex -8.5044 -11.0831 6.3
      vertex -5.93542 -7.73519 5.8
    endloop
  endfacet
  facet normal -0.0554899 -0.103824 -0.993047
    outer loop
      vertex -6.17877 -12.5293 6.3
      vertex -6.985 -12.0984 6.3
      vertex -4.875 -8.44375 5.8
    endloop
  endfacet
  facet normal 0.112653 0.0341766 -0.993046
    outer loop
      vertex 13.494 3.6157 6.3
      vertex 9.23257 3.13403 5.8
      vertex 13.2286 4.49051 6.3
    endloop
  endfacet
  facet normal 0.103823 0.0554936 -0.993046
    outer loop
      vertex 8.74451 4.31231 5.8
      vertex 8.44375 4.875 5.8
      vertex 12.5293 6.17877 6.3
    endloop
  endfacet
  facet normal 0.0999708 0.062166 -0.993046
    outer loop
      vertex 8.44375 4.875 5.8
      vertex 8.10683 5.41681 5.8
      vertex 11.6156 7.76132 6.3
    endloop
  endfacet
  facet normal 0.0859213 0.0804745 -0.993047
    outer loop
      vertex 7.33044 6.42862 5.8
      vertex 6.89429 6.89429 5.8
      vertex 9.87828 9.87828 6.3
    endloop
  endfacet
  facet normal 0.0341766 0.112653 -0.993046
    outer loop
      vertex 4.49051 13.2286 6.3
      vertex 3.13403 9.23257 5.8
      vertex 3.6157 13.494 6.3
    endloop
  endfacet
  facet normal 0.0191763 0.11615 -0.993047
    outer loop
      vertex 1.90213 9.56266 5.8
      vertex 1.27263 9.66659 5.8
      vertex 1.82345 13.8505 6.3
    endloop
  endfacet
  facet normal 0.0414689 0.110177 -0.993046
    outer loop
      vertex 3.73116 9.00782 5.8
      vertex 3.13403 9.23257 5.8
      vertex 4.49051 13.2286 6.3
    endloop
  endfacet
  facet normal 0.0554899 0.103824 -0.993047
    outer loop
      vertex 6.985 12.0984 6.3
      vertex 4.875 8.44375 5.8
      vertex 6.17877 12.5293 6.3
    endloop
  endfacet
  facet normal 0.0746794 0.0910035 -0.993046
    outer loop
      vertex 9.21106 10.5032 6.3
      vertex 6.42862 7.33044 5.8
      vertex 8.5044 11.0831 6.3
    endloop
  endfacet
  facet normal 0.0746819 0.0910021 -0.993046
    outer loop
      vertex 6.42862 7.33044 5.8
      vertex 5.93542 7.73519 5.8
      vertex 8.5044 11.0831 6.3
    endloop
  endfacet
  facet normal 0.0685724 0.0956902 -0.993046
    outer loop
      vertex 5.93542 7.73519 5.8
      vertex 5.41681 8.10683 5.8
      vertex 8.5044 11.0831 6.3
    endloop
  endfacet
  facet normal 0.00385259 0.117659 -0.993047
    outer loop
      vertex 0.63768 9.72912 5.8
      vertex 0 9.75 5.8
      vertex 0.913681 13.9401 6.3
    endloop
  endfacet
  facet normal 0.0115382 0.117155 -0.993047
    outer loop
      vertex 1.82345 13.8505 6.3
      vertex 0.63768 9.72912 5.8
      vertex 0.913681 13.9401 6.3
    endloop
  endfacet
  facet normal -0.0191746 0.11615 -0.993047
    outer loop
      vertex -1.90213 9.56266 5.8
      vertex -2.72541 13.7016 6.3
      vertex -1.82345 13.8505 6.3
    endloop
  endfacet
  facet normal -0.0191763 0.11615 -0.993047
    outer loop
      vertex -1.27263 9.66659 5.8
      vertex -1.90213 9.56266 5.8
      vertex -1.82345 13.8505 6.3
    endloop
  endfacet
  facet normal -0.0414657 0.110178 -0.993047
    outer loop
      vertex -3.73116 9.00782 5.8
      vertex -5.34609 12.9066 6.3
      vertex -4.49051 13.2286 6.3
    endloop
  endfacet
  facet normal -0.0485867 0.107228 -0.993047
    outer loop
      vertex -3.73116 9.00782 5.8
      vertex -6.17877 12.5293 6.3
      vertex -5.34609 12.9066 6.3
    endloop
  endfacet
  facet normal -0.0554899 0.103824 -0.993047
    outer loop
      vertex -4.875 8.44375 5.8
      vertex -6.985 12.0984 6.3
      vertex -6.17877 12.5293 6.3
    endloop
  endfacet
  facet normal -0.0554936 0.103823 -0.993046
    outer loop
      vertex -4.875 8.44375 5.8
      vertex -6.17877 12.5293 6.3
      vertex -4.31231 8.74451 5.8
    endloop
  endfacet
  facet normal -0.10723 0.0485842 -0.993046
    outer loop
      vertex -9.00782 3.73116 5.8
      vertex -12.5293 6.17877 6.3
      vertex -8.74451 4.31231 5.8
    endloop
  endfacet
  facet normal -0.117156 0.0115375 -0.993047
    outer loop
      vertex -9.72912 0.63768 5.8
      vertex -13.8505 1.82345 6.3
      vertex -9.66659 1.27263 5.8
    endloop
  endfacet
  facet normal -0.114647 0.0267318 -0.993047
    outer loop
      vertex -9.56266 1.90213 5.8
      vertex -13.494 3.6157 6.3
      vertex -9.41778 2.52349 5.8
    endloop
  endfacet
  facet normal -0.112653 0.0341738 -0.993047
    outer loop
      vertex -9.41778 2.52349 5.8
      vertex -13.494 3.6157 6.3
      vertex -9.23257 3.13403 5.8
    endloop
  endfacet
  facet normal -0.0267318 -0.114647 -0.993047
    outer loop
      vertex -1.90213 -9.56266 5.8
      vertex -3.6157 -13.494 6.3
      vertex -2.52349 -9.41778 5.8
    endloop
  endfacet
  facet normal -0.0341738 -0.112653 -0.993047
    outer loop
      vertex -2.52349 -9.41778 5.8
      vertex -3.6157 -13.494 6.3
      vertex -3.13403 -9.23257 5.8
    endloop
  endfacet
  facet normal -0.00385259 -0.117659 -0.993047
    outer loop
      vertex 0 -9.75 5.8
      vertex -0.913681 -13.9401 6.3
      vertex -0.63768 -9.72912 5.8
    endloop
  endfacet
  facet normal -0.00385038 -0.11766 -0.993047
    outer loop
      vertex 0 -13.97 6.3
      vertex -0.913681 -13.9401 6.3
      vertex 0 -9.75 5.8
    endloop
  endfacet
  facet normal -0.0115375 -0.117156 -0.993047
    outer loop
      vertex -0.63768 -9.72912 5.8
      vertex -1.82345 -13.8505 6.3
      vertex -1.27263 -9.66659 5.8
    endloop
  endfacet
  facet normal -0.0191763 -0.11615 -0.993047
    outer loop
      vertex -1.82345 -13.8505 6.3
      vertex -1.90213 -9.56266 5.8
      vertex -1.27263 -9.66659 5.8
    endloop
  endfacet
  facet normal -0.0485842 -0.10723 -0.993046
    outer loop
      vertex -3.73116 -9.00782 5.8
      vertex -6.17877 -12.5293 6.3
      vertex -4.31231 -8.74451 5.8
    endloop
  endfacet
  facet normal -0.0554936 -0.103823 -0.993046
    outer loop
      vertex -4.31231 -8.74451 5.8
      vertex -6.17877 -12.5293 6.3
      vertex -4.875 -8.44375 5.8
    endloop
  endfacet
  facet normal 0.117155 0.0115382 -0.993047
    outer loop
      vertex 13.9401 0.913681 6.3
      vertex 9.72912 0.63768 5.8
      vertex 13.8505 1.82345 6.3
    endloop
  endfacet
  facet normal 0.114647 0.0267318 -0.993047
    outer loop
      vertex 9.56266 1.90213 5.8
      vertex 9.41778 2.52349 5.8
      vertex 13.494 3.6157 6.3
    endloop
  endfacet
  facet normal 0.110178 0.0414657 -0.993047
    outer loop
      vertex 13.2286 4.49051 6.3
      vertex 9.00782 3.73116 5.8
      vertex 12.9066 5.34609 6.3
    endloop
  endfacet
  facet normal 0.107228 0.0485867 -0.993047
    outer loop
      vertex 12.9066 5.34609 6.3
      vertex 9.00782 3.73116 5.8
      vertex 12.5293 6.17877 6.3
    endloop
  endfacet
  facet normal 0.0999669 0.0621703 -0.993047
    outer loop
      vertex 12.0984 6.985 6.3
      vertex 8.44375 4.875 5.8
      vertex 11.6156 7.76132 6.3
    endloop
  endfacet
  facet normal 0.0956902 0.0685724 -0.993046
    outer loop
      vertex 8.10683 5.41681 5.8
      vertex 7.73519 5.93542 5.8
      vertex 11.0831 8.5044 6.3
    endloop
  endfacet
  facet normal 0.0859215 0.0804743 -0.993047
    outer loop
      vertex 10.5032 9.21106 6.3
      vertex 7.33044 6.42862 5.8
      vertex 9.87828 9.87828 6.3
    endloop
  endfacet
  facet normal 0.0910035 0.0746794 -0.993046
    outer loop
      vertex 11.0831 8.5044 6.3
      vertex 7.33044 6.42862 5.8
      vertex 10.5032 9.21106 6.3
    endloop
  endfacet
  facet normal 0.0485842 0.10723 -0.993046
    outer loop
      vertex 4.31231 8.74451 5.8
      vertex 3.73116 9.00782 5.8
      vertex 6.17877 12.5293 6.3
    endloop
  endfacet
  facet normal 0.0554936 0.103823 -0.993046
    outer loop
      vertex 4.875 8.44375 5.8
      vertex 4.31231 8.74451 5.8
      vertex 6.17877 12.5293 6.3
    endloop
  endfacet
  facet normal 0.0485867 0.107228 -0.993047
    outer loop
      vertex 6.17877 12.5293 6.3
      vertex 3.73116 9.00782 5.8
      vertex 5.34609 12.9066 6.3
    endloop
  endfacet
  facet normal -0.0414689 0.110177 -0.993046
    outer loop
      vertex -3.73116 9.00782 5.8
      vertex -4.49051 13.2286 6.3
      vertex -3.13403 9.23257 5.8
    endloop
  endfacet
  facet normal -0.0685724 0.0956902 -0.993046
    outer loop
      vertex -5.93542 7.73519 5.8
      vertex -8.5044 11.0831 6.3
      vertex -5.41681 8.10683 5.8
    endloop
  endfacet
  facet normal 0.11615 0.0191763 -0.993047
    outer loop
      vertex 9.66659 1.27263 5.8
      vertex 9.56266 1.90213 5.8
      vertex 13.8505 1.82345 6.3
    endloop
  endfacet
  facet normal 0.117156 0.0115375 -0.993047
    outer loop
      vertex 9.72912 0.63768 5.8
      vertex 9.66659 1.27263 5.8
      vertex 13.8505 1.82345 6.3
    endloop
  endfacet
  facet normal 0.11615 0.0191746 -0.993047
    outer loop
      vertex 13.8505 1.82345 6.3
      vertex 9.56266 1.90213 5.8
      vertex 13.7016 2.72541 6.3
    endloop
  endfacet
  facet normal 0.114646 0.0267335 -0.993047
    outer loop
      vertex 13.7016 2.72541 6.3
      vertex 9.56266 1.90213 5.8
      vertex 13.494 3.6157 6.3
    endloop
  endfacet
  facet normal 0.112653 0.0341738 -0.993047
    outer loop
      vertex 9.41778 2.52349 5.8
      vertex 9.23257 3.13403 5.8
      vertex 13.494 3.6157 6.3
    endloop
  endfacet
  facet normal 0.999465 0.0327073 0
    outer loop
      vertex 13.97 0 7.3
      vertex 13.9401 0.913681 6.3
      vertex 13.9401 0.913681 7.3
    endloop
  endfacet
  facet normal 0.999465 0.0327073 0
    outer loop
      vertex 13.9401 0.913681 6.3
      vertex 13.97 0 7.3
      vertex 13.97 0 6.3
    endloop
  endfacet
  facet normal -0.999465 0.0327073 0
    outer loop
      vertex -13.97 0 6.3
      vertex -13.9401 0.913681 7.3
      vertex -13.9401 0.913681 6.3
    endloop
  endfacet
  facet normal -0.999465 0.0327073 0
    outer loop
      vertex -13.9401 0.913681 7.3
      vertex -13.97 0 6.3
      vertex -13.97 0 7.3
    endloop
  endfacet
  facet normal 0.0327073 0.999465 -0
    outer loop
      vertex 0.913681 13.9401 6.3
      vertex 0 13.97 7.3
      vertex 0.913681 13.9401 7.3
    endloop
  endfacet
  facet normal 0.0327073 0.999465 0
    outer loop
      vertex 0 13.97 7.3
      vertex 0.913681 13.9401 6.3
      vertex 0 13.97 6.3
    endloop
  endfacet
  facet normal -0.0327073 -0.999465 0
    outer loop
      vertex -0.913681 -13.9401 6.3
      vertex 0 -13.97 7.3
      vertex -0.913681 -13.9401 7.3
    endloop
  endfacet
  facet normal -0.0327073 -0.999465 -0
    outer loop
      vertex 0 -13.97 7.3
      vertex -0.913681 -13.9401 6.3
      vertex 0 -13.97 6.3
    endloop
  endfacet
  facet normal 0.729864 0.683592 0
    outer loop
      vertex 10.5032 9.21106 7.3
      vertex 9.87828 9.87828 6.3
      vertex 9.87828 9.87828 7.3
    endloop
  endfacet
  facet normal 0.729864 0.683592 0
    outer loop
      vertex 9.87828 9.87828 6.3
      vertex 10.5032 9.21106 7.3
      vertex 10.5032 9.21106 6.3
    endloop
  endfacet
  facet normal -0.683592 0.729864 0
    outer loop
      vertex -9.21106 10.5032 6.3
      vertex -9.87828 9.87828 7.3
      vertex -9.21106 10.5032 7.3
    endloop
  endfacet
  facet normal -0.683592 0.729864 0
    outer loop
      vertex -9.87828 9.87828 7.3
      vertex -9.21106 10.5032 6.3
      vertex -9.87828 9.87828 6.3
    endloop
  endfacet
  facet normal -0.352233 0.935912 0
    outer loop
      vertex -4.49051 13.2286 6.3
      vertex -5.34609 12.9066 7.3
      vertex -4.49051 13.2286 7.3
    endloop
  endfacet
  facet normal -0.352233 0.935912 0
    outer loop
      vertex -5.34609 12.9066 7.3
      vertex -4.49051 13.2286 6.3
      vertex -5.34609 12.9066 6.3
    endloop
  endfacet
  facet normal 0.910857 0.412723 0
    outer loop
      vertex 12.9066 5.34609 7.3
      vertex 12.5293 6.17877 6.3
      vertex 12.5293 6.17877 7.3
    endloop
  endfacet
  facet normal 0.910857 0.412723 0
    outer loop
      vertex 12.5293 6.17877 6.3
      vertex 12.9066 5.34609 7.3
      vertex 12.9066 5.34609 6.3
    endloop
  endfacet
  facet normal 0.412723 0.910857 -0
    outer loop
      vertex 6.17877 12.5293 6.3
      vertex 5.34609 12.9066 7.3
      vertex 6.17877 12.5293 7.3
    endloop
  endfacet
  facet normal 0.412723 0.910857 0
    outer loop
      vertex 5.34609 12.9066 7.3
      vertex 6.17877 12.5293 6.3
      vertex 5.34609 12.9066 6.3
    endloop
  endfacet
  facet normal -0.849176 0.52811 0
    outer loop
      vertex -12.0984 6.985 6.3
      vertex -11.6156 7.76132 7.3
      vertex -11.6156 7.76132 6.3
    endloop
  endfacet
  facet normal -0.849176 0.52811 0
    outer loop
      vertex -11.6156 7.76132 7.3
      vertex -12.0984 6.985 6.3
      vertex -12.0984 6.985 7.3
    endloop
  endfacet
  facet normal -0.812838 0.58249 0
    outer loop
      vertex -11.6156 7.76132 6.3
      vertex -11.0831 8.5044 7.3
      vertex -11.0831 8.5044 6.3
    endloop
  endfacet
  facet normal -0.812838 0.58249 0
    outer loop
      vertex -11.0831 8.5044 7.3
      vertex -11.6156 7.76132 6.3
      vertex -11.6156 7.76132 7.3
    endloop
  endfacet
  facet normal -0.634367 0.773032 0
    outer loop
      vertex -8.5044 11.0831 6.3
      vertex -9.21106 10.5032 7.3
      vertex -8.5044 11.0831 7.3
    endloop
  endfacet
  facet normal -0.634367 0.773032 0
    outer loop
      vertex -9.21106 10.5032 7.3
      vertex -8.5044 11.0831 6.3
      vertex -9.21106 10.5032 6.3
    endloop
  endfacet
  facet normal -0.16288 0.986646 0
    outer loop
      vertex -1.82345 13.8505 6.3
      vertex -2.72541 13.7016 7.3
      vertex -1.82345 13.8505 7.3
    endloop
  endfacet
  facet normal -0.16288 0.986646 0
    outer loop
      vertex -2.72541 13.7016 7.3
      vertex -1.82345 13.8505 6.3
      vertex -2.72541 13.7016 6.3
    endloop
  endfacet
  facet normal 0.881939 -0.471364 0
    outer loop
      vertex 12.0984 -6.985 7.3
      vertex 12.5293 -6.17877 6.3
      vertex 12.5293 -6.17877 7.3
    endloop
  endfacet
  facet normal 0.881939 -0.471364 0
    outer loop
      vertex 12.5293 -6.17877 6.3
      vertex 12.0984 -6.985 7.3
      vertex 12.0984 -6.985 6.3
    endloop
  endfacet
  facet normal 0.22709 -0.973874 0
    outer loop
      vertex 2.72541 -13.7016 6.3
      vertex 3.6157 -13.494 7.3
      vertex 2.72541 -13.7016 7.3
    endloop
  endfacet
  facet normal 0.22709 -0.973874 0
    outer loop
      vertex 3.6157 -13.494 7.3
      vertex 2.72541 -13.7016 6.3
      vertex 3.6157 -13.494 6.3
    endloop
  endfacet
  facet normal 0.634367 -0.773032 0
    outer loop
      vertex 8.5044 -11.0831 6.3
      vertex 9.21106 -10.5032 7.3
      vertex 8.5044 -11.0831 7.3
    endloop
  endfacet
  facet normal 0.634367 -0.773032 0
    outer loop
      vertex 9.21106 -10.5032 7.3
      vertex 8.5044 -11.0831 6.3
      vertex 9.21106 -10.5032 6.3
    endloop
  endfacet
  facet normal -0.352233 -0.935912 0
    outer loop
      vertex -5.34609 -12.9066 6.3
      vertex -4.49051 -13.2286 7.3
      vertex -5.34609 -12.9066 7.3
    endloop
  endfacet
  facet normal -0.352233 -0.935912 -0
    outer loop
      vertex -4.49051 -13.2286 7.3
      vertex -5.34609 -12.9066 6.3
      vertex -4.49051 -13.2286 6.3
    endloop
  endfacet
  facet normal -0.812838 -0.58249 0
    outer loop
      vertex -11.0831 -8.5044 6.3
      vertex -11.6156 -7.76132 7.3
      vertex -11.6156 -7.76132 6.3
    endloop
  endfacet
  facet normal -0.812838 -0.58249 0
    outer loop
      vertex -11.6156 -7.76132 7.3
      vertex -11.0831 -8.5044 6.3
      vertex -11.0831 -8.5044 7.3
    endloop
  endfacet
  facet normal 0.995185 0.0980123 0
    outer loop
      vertex 13.9401 0.913681 7.3
      vertex 13.8505 1.82345 6.3
      vertex 13.8505 1.82345 7.3
    endloop
  endfacet
  facet normal 0.995185 0.0980123 0
    outer loop
      vertex 13.8505 1.82345 6.3
      vertex 13.9401 0.913681 7.3
      vertex 13.9401 0.913681 6.3
    endloop
  endfacet
  facet normal 0.956931 0.290314 0
    outer loop
      vertex 13.494 3.6157 7.3
      vertex 13.2286 4.49051 6.3
      vertex 13.2286 4.49051 7.3
    endloop
  endfacet
  facet normal 0.956931 0.290314 0
    outer loop
      vertex 13.2286 4.49051 6.3
      vertex 13.494 3.6157 7.3
      vertex 13.494 3.6157 6.3
    endloop
  endfacet
  facet normal 0.812838 0.58249 0
    outer loop
      vertex 11.6156 7.76132 7.3
      vertex 11.0831 8.5044 6.3
      vertex 11.0831 8.5044 7.3
    endloop
  endfacet
  facet normal 0.812838 0.58249 0
    outer loop
      vertex 11.0831 8.5044 6.3
      vertex 11.6156 7.76132 7.3
      vertex 11.6156 7.76132 6.3
    endloop
  endfacet
  facet normal 0.773032 0.634367 0
    outer loop
      vertex 11.0831 8.5044 7.3
      vertex 10.5032 9.21106 6.3
      vertex 10.5032 9.21106 7.3
    endloop
  endfacet
  facet normal 0.773032 0.634367 0
    outer loop
      vertex 10.5032 9.21106 6.3
      vertex 11.0831 8.5044 7.3
      vertex 11.0831 8.5044 6.3
    endloop
  endfacet
  facet normal 0.22709 0.973874 -0
    outer loop
      vertex 3.6157 13.494 6.3
      vertex 2.72541 13.7016 7.3
      vertex 3.6157 13.494 7.3
    endloop
  endfacet
  facet normal 0.22709 0.973874 0
    outer loop
      vertex 2.72541 13.7016 7.3
      vertex 3.6157 13.494 6.3
      vertex 2.72541 13.7016 6.3
    endloop
  endfacet
  facet normal 0.352233 0.935912 -0
    outer loop
      vertex 5.34609 12.9066 6.3
      vertex 4.49051 13.2286 7.3
      vertex 5.34609 12.9066 7.3
    endloop
  endfacet
  facet normal 0.352233 0.935912 0
    outer loop
      vertex 4.49051 13.2286 7.3
      vertex 5.34609 12.9066 6.3
      vertex 4.49051 13.2286 6.3
    endloop
  endfacet
  facet normal 0.16288 0.986646 -0
    outer loop
      vertex 2.72541 13.7016 6.3
      vertex 1.82345 13.8505 7.3
      vertex 2.72541 13.7016 7.3
    endloop
  endfacet
  facet normal 0.16288 0.986646 0
    outer loop
      vertex 1.82345 13.8505 7.3
      vertex 2.72541 13.7016 6.3
      vertex 1.82345 13.8505 6.3
    endloop
  endfacet
  facet normal 0.58249 0.812838 -0
    outer loop
      vertex 8.5044 11.0831 6.3
      vertex 7.76132 11.6156 7.3
      vertex 8.5044 11.0831 7.3
    endloop
  endfacet
  facet normal 0.58249 0.812838 0
    outer loop
      vertex 7.76132 11.6156 7.3
      vertex 8.5044 11.0831 6.3
      vertex 7.76132 11.6156 6.3
    endloop
  endfacet
  facet normal 0.471364 0.881939 -0
    outer loop
      vertex 6.985 12.0984 6.3
      vertex 6.17877 12.5293 7.3
      vertex 6.985 12.0984 7.3
    endloop
  endfacet
  facet normal 0.471364 0.881939 0
    outer loop
      vertex 6.17877 12.5293 7.3
      vertex 6.985 12.0984 6.3
      vertex 6.17877 12.5293 6.3
    endloop
  endfacet
  facet normal -0.910857 0.412723 0
    outer loop
      vertex -12.9066 5.34609 6.3
      vertex -12.5293 6.17877 7.3
      vertex -12.5293 6.17877 6.3
    endloop
  endfacet
  facet normal -0.910857 0.412723 0
    outer loop
      vertex -12.5293 6.17877 7.3
      vertex -12.9066 5.34609 6.3
      vertex -12.9066 5.34609 7.3
    endloop
  endfacet
  facet normal -0.973874 0.22709 0
    outer loop
      vertex -13.7016 2.72541 6.3
      vertex -13.494 3.6157 7.3
      vertex -13.494 3.6157 6.3
    endloop
  endfacet
  facet normal -0.973874 0.22709 0
    outer loop
      vertex -13.494 3.6157 7.3
      vertex -13.7016 2.72541 6.3
      vertex -13.7016 2.72541 7.3
    endloop
  endfacet
  facet normal -0.935912 0.352233 0
    outer loop
      vertex -13.2286 4.49051 6.3
      vertex -12.9066 5.34609 7.3
      vertex -12.9066 5.34609 6.3
    endloop
  endfacet
  facet normal -0.935912 0.352233 0
    outer loop
      vertex -12.9066 5.34609 7.3
      vertex -13.2286 4.49051 6.3
      vertex -13.2286 4.49051 7.3
    endloop
  endfacet
  facet normal -0.986646 0.16288 0
    outer loop
      vertex -13.8505 1.82345 6.3
      vertex -13.7016 2.72541 7.3
      vertex -13.7016 2.72541 6.3
    endloop
  endfacet
  facet normal -0.986646 0.16288 0
    outer loop
      vertex -13.7016 2.72541 7.3
      vertex -13.8505 1.82345 6.3
      vertex -13.8505 1.82345 7.3
    endloop
  endfacet
  facet normal -0.52811 0.849176 0
    outer loop
      vertex -6.985 12.0984 6.3
      vertex -7.76132 11.6156 7.3
      vertex -6.985 12.0984 7.3
    endloop
  endfacet
  facet normal -0.52811 0.849176 0
    outer loop
      vertex -7.76132 11.6156 7.3
      vertex -6.985 12.0984 6.3
      vertex -7.76132 11.6156 6.3
    endloop
  endfacet
  facet normal -0.412723 0.910857 0
    outer loop
      vertex -5.34609 12.9066 6.3
      vertex -6.17877 12.5293 7.3
      vertex -5.34609 12.9066 7.3
    endloop
  endfacet
  facet normal -0.412723 0.910857 0
    outer loop
      vertex -6.17877 12.5293 7.3
      vertex -5.34609 12.9066 6.3
      vertex -6.17877 12.5293 6.3
    endloop
  endfacet
  facet normal -0.58249 0.812838 0
    outer loop
      vertex -7.76132 11.6156 6.3
      vertex -8.5044 11.0831 7.3
      vertex -7.76132 11.6156 7.3
    endloop
  endfacet
  facet normal -0.58249 0.812838 0
    outer loop
      vertex -8.5044 11.0831 7.3
      vertex -7.76132 11.6156 6.3
      vertex -8.5044 11.0831 6.3
    endloop
  endfacet
  facet normal -0.0980123 0.995185 0
    outer loop
      vertex -0.913681 13.9401 6.3
      vertex -1.82345 13.8505 7.3
      vertex -0.913681 13.9401 7.3
    endloop
  endfacet
  facet normal -0.0980123 0.995185 0
    outer loop
      vertex -1.82345 13.8505 7.3
      vertex -0.913681 13.9401 6.3
      vertex -1.82345 13.8505 6.3
    endloop
  endfacet
  facet normal 0.412723 -0.910857 0
    outer loop
      vertex 5.34609 -12.9066 6.3
      vertex 6.17877 -12.5293 7.3
      vertex 5.34609 -12.9066 7.3
    endloop
  endfacet
  facet normal 0.412723 -0.910857 0
    outer loop
      vertex 6.17877 -12.5293 7.3
      vertex 5.34609 -12.9066 6.3
      vertex 6.17877 -12.5293 6.3
    endloop
  endfacet
  facet normal 0.58249 -0.812838 0
    outer loop
      vertex 7.76132 -11.6156 6.3
      vertex 8.5044 -11.0831 7.3
      vertex 7.76132 -11.6156 7.3
    endloop
  endfacet
  facet normal 0.58249 -0.812838 0
    outer loop
      vertex 8.5044 -11.0831 7.3
      vertex 7.76132 -11.6156 6.3
      vertex 8.5044 -11.0831 6.3
    endloop
  endfacet
  facet normal 0.986646 -0.16288 0
    outer loop
      vertex 13.7016 -2.72541 7.3
      vertex 13.8505 -1.82345 6.3
      vertex 13.8505 -1.82345 7.3
    endloop
  endfacet
  facet normal 0.986646 -0.16288 0
    outer loop
      vertex 13.8505 -1.82345 6.3
      vertex 13.7016 -2.72541 7.3
      vertex 13.7016 -2.72541 6.3
    endloop
  endfacet
  facet normal 0.995185 -0.0980123 0
    outer loop
      vertex 13.8505 -1.82345 7.3
      vertex 13.9401 -0.913681 6.3
      vertex 13.9401 -0.913681 7.3
    endloop
  endfacet
  facet normal 0.995185 -0.0980123 0
    outer loop
      vertex 13.9401 -0.913681 6.3
      vertex 13.8505 -1.82345 7.3
      vertex 13.8505 -1.82345 6.3
    endloop
  endfacet
  facet normal -0.58249 -0.812838 0
    outer loop
      vertex -8.5044 -11.0831 6.3
      vertex -7.76132 -11.6156 7.3
      vertex -8.5044 -11.0831 7.3
    endloop
  endfacet
  facet normal -0.58249 -0.812838 -0
    outer loop
      vertex -7.76132 -11.6156 7.3
      vertex -8.5044 -11.0831 6.3
      vertex -7.76132 -11.6156 6.3
    endloop
  endfacet
  facet normal -0.16288 -0.986646 0
    outer loop
      vertex -2.72541 -13.7016 6.3
      vertex -1.82345 -13.8505 7.3
      vertex -2.72541 -13.7016 7.3
    endloop
  endfacet
  facet normal -0.16288 -0.986646 -0
    outer loop
      vertex -1.82345 -13.8505 7.3
      vertex -2.72541 -13.7016 6.3
      vertex -1.82345 -13.8505 6.3
    endloop
  endfacet
  facet normal -0.910857 -0.412723 0
    outer loop
      vertex -12.5293 -6.17877 6.3
      vertex -12.9066 -5.34609 7.3
      vertex -12.9066 -5.34609 6.3
    endloop
  endfacet
  facet normal -0.910857 -0.412723 0
    outer loop
      vertex -12.9066 -5.34609 7.3
      vertex -12.5293 -6.17877 6.3
      vertex -12.5293 -6.17877 7.3
    endloop
  endfacet
  facet normal -0.935912 -0.352233 0
    outer loop
      vertex -12.9066 -5.34609 6.3
      vertex -13.2286 -4.49051 7.3
      vertex -13.2286 -4.49051 6.3
    endloop
  endfacet
  facet normal -0.935912 -0.352233 0
    outer loop
      vertex -13.2286 -4.49051 7.3
      vertex -12.9066 -5.34609 6.3
      vertex -12.9066 -5.34609 7.3
    endloop
  endfacet
  facet normal 0.973874 0.22709 0
    outer loop
      vertex 13.7016 2.72541 7.3
      vertex 13.494 3.6157 6.3
      vertex 13.494 3.6157 7.3
    endloop
  endfacet
  facet normal 0.973874 0.22709 0
    outer loop
      vertex 13.494 3.6157 6.3
      vertex 13.7016 2.72541 7.3
      vertex 13.7016 2.72541 6.3
    endloop
  endfacet
  facet normal 0.986646 0.16288 0
    outer loop
      vertex 13.8505 1.82345 7.3
      vertex 13.7016 2.72541 6.3
      vertex 13.7016 2.72541 7.3
    endloop
  endfacet
  facet normal 0.986646 0.16288 0
    outer loop
      vertex 13.7016 2.72541 6.3
      vertex 13.8505 1.82345 7.3
      vertex 13.8505 1.82345 6.3
    endloop
  endfacet
  facet normal 0.935912 0.352233 0
    outer loop
      vertex 13.2286 4.49051 7.3
      vertex 12.9066 5.34609 6.3
      vertex 12.9066 5.34609 7.3
    endloop
  endfacet
  facet normal 0.935912 0.352233 0
    outer loop
      vertex 12.9066 5.34609 6.3
      vertex 13.2286 4.49051 7.3
      vertex 13.2286 4.49051 6.3
    endloop
  endfacet
  facet normal 0.849176 0.52811 0
    outer loop
      vertex 12.0984 6.985 7.3
      vertex 11.6156 7.76132 6.3
      vertex 11.6156 7.76132 7.3
    endloop
  endfacet
  facet normal 0.849176 0.52811 0
    outer loop
      vertex 11.6156 7.76132 6.3
      vertex 12.0984 6.985 7.3
      vertex 12.0984 6.985 6.3
    endloop
  endfacet
  facet normal 0.881939 0.471364 0
    outer loop
      vertex 12.5293 6.17877 7.3
      vertex 12.0984 6.985 6.3
      vertex 12.0984 6.985 7.3
    endloop
  endfacet
  facet normal 0.881939 0.471364 0
    outer loop
      vertex 12.0984 6.985 6.3
      vertex 12.5293 6.17877 7.3
      vertex 12.5293 6.17877 6.3
    endloop
  endfacet
  facet normal 0.290314 0.956931 -0
    outer loop
      vertex 4.49051 13.2286 6.3
      vertex 3.6157 13.494 7.3
      vertex 4.49051 13.2286 7.3
    endloop
  endfacet
  facet normal 0.290314 0.956931 0
    outer loop
      vertex 3.6157 13.494 7.3
      vertex 4.49051 13.2286 6.3
      vertex 3.6157 13.494 6.3
    endloop
  endfacet
  facet normal 0.0980123 0.995185 -0
    outer loop
      vertex 1.82345 13.8505 6.3
      vertex 0.913681 13.9401 7.3
      vertex 1.82345 13.8505 7.3
    endloop
  endfacet
  facet normal 0.0980123 0.995185 0
    outer loop
      vertex 0.913681 13.9401 7.3
      vertex 1.82345 13.8505 6.3
      vertex 0.913681 13.9401 6.3
    endloop
  endfacet
  facet normal 0.52811 0.849176 -0
    outer loop
      vertex 7.76132 11.6156 6.3
      vertex 6.985 12.0984 7.3
      vertex 7.76132 11.6156 7.3
    endloop
  endfacet
  facet normal 0.52811 0.849176 0
    outer loop
      vertex 6.985 12.0984 7.3
      vertex 7.76132 11.6156 6.3
      vertex 6.985 12.0984 6.3
    endloop
  endfacet
  facet normal 0.634367 0.773032 -0
    outer loop
      vertex 9.21106 10.5032 6.3
      vertex 8.5044 11.0831 7.3
      vertex 9.21106 10.5032 7.3
    endloop
  endfacet
  facet normal 0.634367 0.773032 0
    outer loop
      vertex 8.5044 11.0831 7.3
      vertex 9.21106 10.5032 6.3
      vertex 8.5044 11.0831 6.3
    endloop
  endfacet
  facet normal 0.683592 0.729864 -0
    outer loop
      vertex 9.87828 9.87828 6.3
      vertex 9.21106 10.5032 7.3
      vertex 9.87828 9.87828 7.3
    endloop
  endfacet
  facet normal 0.683592 0.729864 0
    outer loop
      vertex 9.21106 10.5032 7.3
      vertex 9.87828 9.87828 6.3
      vertex 9.21106 10.5032 6.3
    endloop
  endfacet
  facet normal -0.729864 0.683592 0
    outer loop
      vertex -10.5032 9.21106 6.3
      vertex -9.87828 9.87828 7.3
      vertex -9.87828 9.87828 6.3
    endloop
  endfacet
  facet normal -0.729864 0.683592 0
    outer loop
      vertex -9.87828 9.87828 7.3
      vertex -10.5032 9.21106 6.3
      vertex -10.5032 9.21106 7.3
    endloop
  endfacet
  facet normal -0.773032 0.634367 0
    outer loop
      vertex -11.0831 8.5044 6.3
      vertex -10.5032 9.21106 7.3
      vertex -10.5032 9.21106 6.3
    endloop
  endfacet
  facet normal -0.773032 0.634367 0
    outer loop
      vertex -10.5032 9.21106 7.3
      vertex -11.0831 8.5044 6.3
      vertex -11.0831 8.5044 7.3
    endloop
  endfacet
  facet normal -0.881939 0.471364 0
    outer loop
      vertex -12.5293 6.17877 6.3
      vertex -12.0984 6.985 7.3
      vertex -12.0984 6.985 6.3
    endloop
  endfacet
  facet normal -0.881939 0.471364 0
    outer loop
      vertex -12.0984 6.985 7.3
      vertex -12.5293 6.17877 6.3
      vertex -12.5293 6.17877 7.3
    endloop
  endfacet
  facet normal -0.956931 0.290314 0
    outer loop
      vertex -13.494 3.6157 6.3
      vertex -13.2286 4.49051 7.3
      vertex -13.2286 4.49051 6.3
    endloop
  endfacet
  facet normal -0.956931 0.290314 0
    outer loop
      vertex -13.2286 4.49051 7.3
      vertex -13.494 3.6157 6.3
      vertex -13.494 3.6157 7.3
    endloop
  endfacet
  facet normal -0.995185 0.0980123 0
    outer loop
      vertex -13.9401 0.913681 6.3
      vertex -13.8505 1.82345 7.3
      vertex -13.8505 1.82345 6.3
    endloop
  endfacet
  facet normal -0.995185 0.0980123 0
    outer loop
      vertex -13.8505 1.82345 7.3
      vertex -13.9401 0.913681 6.3
      vertex -13.9401 0.913681 7.3
    endloop
  endfacet
  facet normal -0.471364 0.881939 0
    outer loop
      vertex -6.17877 12.5293 6.3
      vertex -6.985 12.0984 7.3
      vertex -6.17877 12.5293 7.3
    endloop
  endfacet
  facet normal -0.471364 0.881939 0
    outer loop
      vertex -6.985 12.0984 7.3
      vertex -6.17877 12.5293 6.3
      vertex -6.985 12.0984 6.3
    endloop
  endfacet
  facet normal -0.22709 0.973874 0
    outer loop
      vertex -2.72541 13.7016 6.3
      vertex -3.6157 13.494 7.3
      vertex -2.72541 13.7016 7.3
    endloop
  endfacet
  facet normal -0.22709 0.973874 0
    outer loop
      vertex -3.6157 13.494 7.3
      vertex -2.72541 13.7016 6.3
      vertex -3.6157 13.494 6.3
    endloop
  endfacet
  facet normal -0.290314 0.956931 0
    outer loop
      vertex -3.6157 13.494 6.3
      vertex -4.49051 13.2286 7.3
      vertex -3.6157 13.494 7.3
    endloop
  endfacet
  facet normal -0.290314 0.956931 0
    outer loop
      vertex -4.49051 13.2286 7.3
      vertex -3.6157 13.494 6.3
      vertex -4.49051 13.2286 6.3
    endloop
  endfacet
  facet normal -0.0327073 0.999465 0
    outer loop
      vertex 0 13.97 6.3
      vertex -0.913681 13.9401 7.3
      vertex 0 13.97 7.3
    endloop
  endfacet
  facet normal -0.0327073 0.999465 0
    outer loop
      vertex -0.913681 13.9401 7.3
      vertex 0 13.97 6.3
      vertex -0.913681 13.9401 6.3
    endloop
  endfacet
  facet normal 0.999465 -0.0327073 0
    outer loop
      vertex 13.9401 -0.913681 7.3
      vertex 13.97 0 6.3
      vertex 13.97 0 7.3
    endloop
  endfacet
  facet normal 0.999465 -0.0327073 0
    outer loop
      vertex 13.97 0 6.3
      vertex 13.9401 -0.913681 7.3
      vertex 13.9401 -0.913681 6.3
    endloop
  endfacet
  facet normal 0.0327073 -0.999465 0
    outer loop
      vertex 0 -13.97 6.3
      vertex 0.913681 -13.9401 7.3
      vertex 0 -13.97 7.3
    endloop
  endfacet
  facet normal 0.0327073 -0.999465 0
    outer loop
      vertex 0.913681 -13.9401 7.3
      vertex 0 -13.97 6.3
      vertex 0.913681 -13.9401 6.3
    endloop
  endfacet
  facet normal 0.16288 -0.986646 0
    outer loop
      vertex 1.82345 -13.8505 6.3
      vertex 2.72541 -13.7016 7.3
      vertex 1.82345 -13.8505 7.3
    endloop
  endfacet
  facet normal 0.16288 -0.986646 0
    outer loop
      vertex 2.72541 -13.7016 7.3
      vertex 1.82345 -13.8505 6.3
      vertex 2.72541 -13.7016 6.3
    endloop
  endfacet
  facet normal 0.352233 -0.935912 0
    outer loop
      vertex 4.49051 -13.2286 6.3
      vertex 5.34609 -12.9066 7.3
      vertex 4.49051 -13.2286 7.3
    endloop
  endfacet
  facet normal 0.352233 -0.935912 0
    outer loop
      vertex 5.34609 -12.9066 7.3
      vertex 4.49051 -13.2286 6.3
      vertex 5.34609 -12.9066 6.3
    endloop
  endfacet
  facet normal 0.471364 -0.881939 0
    outer loop
      vertex 6.17877 -12.5293 6.3
      vertex 6.985 -12.0984 7.3
      vertex 6.17877 -12.5293 7.3
    endloop
  endfacet
  facet normal 0.471364 -0.881939 0
    outer loop
      vertex 6.985 -12.0984 7.3
      vertex 6.17877 -12.5293 6.3
      vertex 6.985 -12.0984 6.3
    endloop
  endfacet
  facet normal 0.52811 -0.849176 0
    outer loop
      vertex 6.985 -12.0984 6.3
      vertex 7.76132 -11.6156 7.3
      vertex 6.985 -12.0984 7.3
    endloop
  endfacet
  facet normal 0.52811 -0.849176 0
    outer loop
      vertex 7.76132 -11.6156 7.3
      vertex 6.985 -12.0984 6.3
      vertex 7.76132 -11.6156 6.3
    endloop
  endfacet
  facet normal 0.729864 -0.683592 0
    outer loop
      vertex 9.87828 -9.87828 7.3
      vertex 10.5032 -9.21106 6.3
      vertex 10.5032 -9.21106 7.3
    endloop
  endfacet
  facet normal 0.729864 -0.683592 0
    outer loop
      vertex 10.5032 -9.21106 6.3
      vertex 9.87828 -9.87828 7.3
      vertex 9.87828 -9.87828 6.3
    endloop
  endfacet
  facet normal 0.812838 -0.58249 0
    outer loop
      vertex 11.0831 -8.5044 7.3
      vertex 11.6156 -7.76132 6.3
      vertex 11.6156 -7.76132 7.3
    endloop
  endfacet
  facet normal 0.812838 -0.58249 0
    outer loop
      vertex 11.6156 -7.76132 6.3
      vertex 11.0831 -8.5044 7.3
      vertex 11.0831 -8.5044 6.3
    endloop
  endfacet
  facet normal 0.910857 -0.412723 0
    outer loop
      vertex 12.5293 -6.17877 7.3
      vertex 12.9066 -5.34609 6.3
      vertex 12.9066 -5.34609 7.3
    endloop
  endfacet
  facet normal 0.910857 -0.412723 0
    outer loop
      vertex 12.9066 -5.34609 6.3
      vertex 12.5293 -6.17877 7.3
      vertex 12.5293 -6.17877 6.3
    endloop
  endfacet
  facet normal 0.956931 -0.290314 0
    outer loop
      vertex 13.2286 -4.49051 7.3
      vertex 13.494 -3.6157 6.3
      vertex 13.494 -3.6157 7.3
    endloop
  endfacet
  facet normal 0.956931 -0.290314 0
    outer loop
      vertex 13.494 -3.6157 6.3
      vertex 13.2286 -4.49051 7.3
      vertex 13.2286 -4.49051 6.3
    endloop
  endfacet
  facet normal -0.683592 -0.729864 0
    outer loop
      vertex -9.87828 -9.87828 6.3
      vertex -9.21106 -10.5032 7.3
      vertex -9.87828 -9.87828 7.3
    endloop
  endfacet
  facet normal -0.683592 -0.729864 -0
    outer loop
      vertex -9.21106 -10.5032 7.3
      vertex -9.87828 -9.87828 6.3
      vertex -9.21106 -10.5032 6.3
    endloop
  endfacet
  facet normal -0.412723 -0.910857 0
    outer loop
      vertex -6.17877 -12.5293 6.3
      vertex -5.34609 -12.9066 7.3
      vertex -6.17877 -12.5293 7.3
    endloop
  endfacet
  facet normal -0.412723 -0.910857 -0
    outer loop
      vertex -5.34609 -12.9066 7.3
      vertex -6.17877 -12.5293 6.3
      vertex -5.34609 -12.9066 6.3
    endloop
  endfacet
  facet normal -0.52811 -0.849176 0
    outer loop
      vertex -7.76132 -11.6156 6.3
      vertex -6.985 -12.0984 7.3
      vertex -7.76132 -11.6156 7.3
    endloop
  endfacet
  facet normal -0.52811 -0.849176 -0
    outer loop
      vertex -6.985 -12.0984 7.3
      vertex -7.76132 -11.6156 6.3
      vertex -6.985 -12.0984 6.3
    endloop
  endfacet
  facet normal -0.22709 -0.973874 0
    outer loop
      vertex -3.6157 -13.494 6.3
      vertex -2.72541 -13.7016 7.3
      vertex -3.6157 -13.494 7.3
    endloop
  endfacet
  facet normal -0.22709 -0.973874 -0
    outer loop
      vertex -2.72541 -13.7016 7.3
      vertex -3.6157 -13.494 6.3
      vertex -2.72541 -13.7016 6.3
    endloop
  endfacet
  facet normal -0.290314 -0.956931 0
    outer loop
      vertex -4.49051 -13.2286 6.3
      vertex -3.6157 -13.494 7.3
      vertex -4.49051 -13.2286 7.3
    endloop
  endfacet
  facet normal -0.290314 -0.956931 -0
    outer loop
      vertex -3.6157 -13.494 7.3
      vertex -4.49051 -13.2286 6.3
      vertex -3.6157 -13.494 6.3
    endloop
  endfacet
  facet normal -0.0980123 -0.995185 0
    outer loop
      vertex -1.82345 -13.8505 6.3
      vertex -0.913681 -13.9401 7.3
      vertex -1.82345 -13.8505 7.3
    endloop
  endfacet
  facet normal -0.0980123 -0.995185 -0
    outer loop
      vertex -0.913681 -13.9401 7.3
      vertex -1.82345 -13.8505 6.3
      vertex -0.913681 -13.9401 6.3
    endloop
  endfacet
  facet normal -0.773032 -0.634367 0
    outer loop
      vertex -10.5032 -9.21106 6.3
      vertex -11.0831 -8.5044 7.3
      vertex -11.0831 -8.5044 6.3
    endloop
  endfacet
  facet normal -0.773032 -0.634367 0
    outer loop
      vertex -11.0831 -8.5044 7.3
      vertex -10.5032 -9.21106 6.3
      vertex -10.5032 -9.21106 7.3
    endloop
  endfacet
  facet normal -0.881939 -0.471364 0
    outer loop
      vertex -12.0984 -6.985 6.3
      vertex -12.5293 -6.17877 7.3
      vertex -12.5293 -6.17877 6.3
    endloop
  endfacet
  facet normal -0.881939 -0.471364 0
    outer loop
      vertex -12.5293 -6.17877 7.3
      vertex -12.0984 -6.985 6.3
      vertex -12.0984 -6.985 7.3
    endloop
  endfacet
  facet normal -0.956931 -0.290314 0
    outer loop
      vertex -13.2286 -4.49051 6.3
      vertex -13.494 -3.6157 7.3
      vertex -13.494 -3.6157 6.3
    endloop
  endfacet
  facet normal -0.956931 -0.290314 0
    outer loop
      vertex -13.494 -3.6157 7.3
      vertex -13.2286 -4.49051 6.3
      vertex -13.2286 -4.49051 7.3
    endloop
  endfacet
  facet normal -0.973874 -0.22709 0
    outer loop
      vertex -13.494 -3.6157 6.3
      vertex -13.7016 -2.72541 7.3
      vertex -13.7016 -2.72541 6.3
    endloop
  endfacet
  facet normal -0.973874 -0.22709 0
    outer loop
      vertex -13.7016 -2.72541 7.3
      vertex -13.494 -3.6157 6.3
      vertex -13.494 -3.6157 7.3
    endloop
  endfacet
  facet normal -0.986646 -0.16288 0
    outer loop
      vertex -13.7016 -2.72541 6.3
      vertex -13.8505 -1.82345 7.3
      vertex -13.8505 -1.82345 6.3
    endloop
  endfacet
  facet normal -0.986646 -0.16288 0
    outer loop
      vertex -13.8505 -1.82345 7.3
      vertex -13.7016 -2.72541 6.3
      vertex -13.7016 -2.72541 7.3
    endloop
  endfacet
  facet normal -0.999465 -0.0327073 0
    outer loop
      vertex -13.9401 -0.913681 6.3
      vertex -13.97 0 7.3
      vertex -13.97 0 6.3
    endloop
  endfacet
  facet normal -0.999465 -0.0327073 0
    outer loop
      vertex -13.97 0 7.3
      vertex -13.9401 -0.913681 6.3
      vertex -13.9401 -0.913681 7.3
    endloop
  endfacet
  facet normal 0.0980123 -0.995185 0
    outer loop
      vertex 0.913681 -13.9401 6.3
      vertex 1.82345 -13.8505 7.3
      vertex 0.913681 -13.9401 7.3
    endloop
  endfacet
  facet normal 0.0980123 -0.995185 0
    outer loop
      vertex 1.82345 -13.8505 7.3
      vertex 0.913681 -13.9401 6.3
      vertex 1.82345 -13.8505 6.3
    endloop
  endfacet
  facet normal 0.290314 -0.956931 0
    outer loop
      vertex 3.6157 -13.494 6.3
      vertex 4.49051 -13.2286 7.3
      vertex 3.6157 -13.494 7.3
    endloop
  endfacet
  facet normal 0.290314 -0.956931 0
    outer loop
      vertex 4.49051 -13.2286 7.3
      vertex 3.6157 -13.494 6.3
      vertex 4.49051 -13.2286 6.3
    endloop
  endfacet
  facet normal 0.683592 -0.729864 0
    outer loop
      vertex 9.21106 -10.5032 6.3
      vertex 9.87828 -9.87828 7.3
      vertex 9.21106 -10.5032 7.3
    endloop
  endfacet
  facet normal 0.683592 -0.729864 0
    outer loop
      vertex 9.87828 -9.87828 7.3
      vertex 9.21106 -10.5032 6.3
      vertex 9.87828 -9.87828 6.3
    endloop
  endfacet
  facet normal 0.849176 -0.52811 0
    outer loop
      vertex 11.6156 -7.76132 7.3
      vertex 12.0984 -6.985 6.3
      vertex 12.0984 -6.985 7.3
    endloop
  endfacet
  facet normal 0.849176 -0.52811 0
    outer loop
      vertex 12.0984 -6.985 6.3
      vertex 11.6156 -7.76132 7.3
      vertex 11.6156 -7.76132 6.3
    endloop
  endfacet
  facet normal 0.935912 -0.352233 0
    outer loop
      vertex 12.9066 -5.34609 7.3
      vertex 13.2286 -4.49051 6.3
      vertex 13.2286 -4.49051 7.3
    endloop
  endfacet
  facet normal 0.935912 -0.352233 0
    outer loop
      vertex 13.2286 -4.49051 6.3
      vertex 12.9066 -5.34609 7.3
      vertex 12.9066 -5.34609 6.3
    endloop
  endfacet
  facet normal 0.973874 -0.22709 0
    outer loop
      vertex 13.494 -3.6157 7.3
      vertex 13.7016 -2.72541 6.3
      vertex 13.7016 -2.72541 7.3
    endloop
  endfacet
  facet normal 0.973874 -0.22709 0
    outer loop
      vertex 13.7016 -2.72541 6.3
      vertex 13.494 -3.6157 7.3
      vertex 13.494 -3.6157 6.3
    endloop
  endfacet
  facet normal -0.634367 -0.773032 0
    outer loop
      vertex -9.21106 -10.5032 6.3
      vertex -8.5044 -11.0831 7.3
      vertex -9.21106 -10.5032 7.3
    endloop
  endfacet
  facet normal -0.634367 -0.773032 -0
    outer loop
      vertex -8.5044 -11.0831 7.3
      vertex -9.21106 -10.5032 6.3
      vertex -8.5044 -11.0831 6.3
    endloop
  endfacet
  facet normal -0.471364 -0.881939 0
    outer loop
      vertex -6.985 -12.0984 6.3
      vertex -6.17877 -12.5293 7.3
      vertex -6.985 -12.0984 7.3
    endloop
  endfacet
  facet normal -0.471364 -0.881939 -0
    outer loop
      vertex -6.17877 -12.5293 7.3
      vertex -6.985 -12.0984 6.3
      vertex -6.17877 -12.5293 6.3
    endloop
  endfacet
  facet normal -0.729864 -0.683592 0
    outer loop
      vertex -9.87828 -9.87828 6.3
      vertex -10.5032 -9.21106 7.3
      vertex -10.5032 -9.21106 6.3
    endloop
  endfacet
  facet normal -0.729864 -0.683592 0
    outer loop
      vertex -10.5032 -9.21106 7.3
      vertex -9.87828 -9.87828 6.3
      vertex -9.87828 -9.87828 7.3
    endloop
  endfacet
  facet normal -0.849176 -0.52811 0
    outer loop
      vertex -11.6156 -7.76132 6.3
      vertex -12.0984 -6.985 7.3
      vertex -12.0984 -6.985 6.3
    endloop
  endfacet
  facet normal -0.849176 -0.52811 0
    outer loop
      vertex -12.0984 -6.985 7.3
      vertex -11.6156 -7.76132 6.3
      vertex -11.6156 -7.76132 7.3
    endloop
  endfacet
  facet normal -0.995185 -0.0980123 0
    outer loop
      vertex -13.8505 -1.82345 6.3
      vertex -13.9401 -0.913681 7.3
      vertex -13.9401 -0.913681 6.3
    endloop
  endfacet
  facet normal -0.995185 -0.0980123 0
    outer loop
      vertex -13.9401 -0.913681 7.3
      vertex -13.8505 -1.82345 6.3
      vertex -13.8505 -1.82345 7.3
    endloop
  endfacet
  facet normal 0.773032 -0.634367 0
    outer loop
      vertex 10.5032 -9.21106 7.3
      vertex 11.0831 -8.5044 6.3
      vertex 11.0831 -8.5044 7.3
    endloop
  endfacet
  facet normal 0.773032 -0.634367 0
    outer loop
      vertex 11.0831 -8.5044 6.3
      vertex 10.5032 -9.21106 7.3
      vertex 10.5032 -9.21106 6.3
    endloop
  endfacet
  facet normal 0.0801271 0.00262214 0.996781
    outer loop
      vertex 13.9401 0.913681 7.3
      vertex 7.75 0 7.8
      vertex 13.97 0 7.3
    endloop
  endfacet
  facet normal 0.0797839 0.00785764 0.996781
    outer loop
      vertex 13.8505 1.82345 7.3
      vertex 7.73341 0.506874 7.8
      vertex 13.9401 0.913681 7.3
    endloop
  endfacet
  facet normal -0.0619741 0.0508573 0.996781
    outer loop
      vertex -10.5032 9.21106 7.3
      vertex -11.0831 8.5044 7.3
      vertex -5.82676 5.10993 7.8
    endloop
  endfacet
  facet normal -0.0330878 0.0730236 0.996781
    outer loop
      vertex -2.9658 7.16007 7.8
      vertex -5.34609 12.9066 7.3
      vertex -3.42774 6.95076 7.8
    endloop
  endfacet
  facet normal -0.0585136 0.0548034 0.996781
    outer loop
      vertex -5.48008 5.48008 7.8
      vertex -9.87828 9.87828 7.3
      vertex -5.82676 5.10993 7.8
    endloop
  endfacet
  facet normal -0.0801271 0.00262214 0.996781
    outer loop
      vertex -13.9401 0.913681 7.3
      vertex -13.97 0 7.3
      vertex -7.75 0 7.8
    endloop
  endfacet
  facet normal -0.0750319 -0.0282397 0.996781
    outer loop
      vertex -7.33871 -2.49116 7.8
      vertex -13.2286 -4.49051 7.3
      vertex -7.16007 -2.9658 7.8
    endloop
  endfacet
  facet normal 0.0466974 0.0651662 0.996781
    outer loop
      vertex 7.76132 11.6156 7.3
      vertex 4.30567 6.44389 7.8
      vertex 4.7179 6.14849 7.8
    endloop
  endfacet
  facet normal 0.0651662 0.0466974 0.996781
    outer loop
      vertex 11.6156 7.76132 7.3
      vertex 6.14849 4.7179 7.8
      vertex 6.44389 4.30567 7.8
    endloop
  endfacet
  facet normal 0.0780752 -0.0182059 0.996781
    outer loop
      vertex 7.60109 -1.51195 7.8
      vertex 7.48592 -2.00585 7.8
      vertex 13.494 -3.6157 7.3
    endloop
  endfacet
  facet normal -0.0680807 0.0423356 0.996781
    outer loop
      vertex -6.44389 4.30567 7.8
      vertex -11.6156 7.76132 7.3
      vertex -6.7117 3.875 7.8
    endloop
  endfacet
  facet normal -0.0797839 0.00785764 0.996781
    outer loop
      vertex -13.8505 1.82345 7.3
      vertex -13.9401 0.913681 7.3
      vertex -7.73341 0.506874 7.8
    endloop
  endfacet
  facet normal -0.0548034 -0.0585136 0.996781
    outer loop
      vertex -5.48008 -5.48008 7.8
      vertex -9.87828 -9.87828 7.3
      vertex -5.10993 -5.82676 7.8
    endloop
  endfacet
  facet normal 0.0282386 0.0750322 0.996781
    outer loop
      vertex 4.49051 13.2286 7.3
      vertex 2.9658 7.16007 7.8
      vertex 5.34609 12.9066 7.3
    endloop
  endfacet
  facet normal -0.0282386 0.0750322 0.996781
    outer loop
      vertex -4.49051 13.2286 7.3
      vertex -5.34609 12.9066 7.3
      vertex -2.9658 7.16007 7.8
    endloop
  endfacet
  facet normal 0.0790992 0.0130581 0.996781
    outer loop
      vertex 13.7016 2.72541 7.3
      vertex 7.60109 1.51195 7.8
      vertex 13.8505 1.82345 7.3
    endloop
  endfacet
  facet normal 0.0750319 -0.0282397 0.996781
    outer loop
      vertex 7.33871 -2.49116 7.8
      vertex 7.16007 -2.9658 7.8
      vertex 13.2286 -4.49051 7.3
    endloop
  endfacet
  facet normal 0.0750322 -0.0282386 0.996781
    outer loop
      vertex 13.2286 -4.49051 7.3
      vertex 7.16007 -2.9658 7.8
      vertex 12.9066 -5.34609 7.3
    endloop
  endfacet
  facet normal 0.0790992 -0.0130581 0.996781
    outer loop
      vertex 13.8505 -1.82345 7.3
      vertex 7.60109 -1.51195 7.8
      vertex 13.7016 -2.72541 7.3
    endloop
  endfacet
  facet normal -0.0619727 0.0508595 0.996781
    outer loop
      vertex -5.82676 5.10993 7.8
      vertex -11.0831 8.5044 7.3
      vertex -6.14849 4.7179 7.8
    endloop
  endfacet
  facet normal -0.0377892 0.0707049 0.996781
    outer loop
      vertex -6.17877 12.5293 7.3
      vertex -6.985 12.0984 7.3
      vertex -3.875 6.7117 7.8
    endloop
  endfacet
  facet normal -0.0466985 0.0651656 0.996781
    outer loop
      vertex -7.76132 11.6156 7.3
      vertex -8.5044 11.0831 7.3
      vertex -4.7179 6.14849 7.8
    endloop
  endfacet
  facet normal -0.0730236 0.0330878 0.996781
    outer loop
      vertex -6.95076 3.42774 7.8
      vertex -12.9066 5.34609 7.3
      vertex -7.16007 2.9658 7.8
    endloop
  endfacet
  facet normal -0.0707049 0.0377892 0.996781
    outer loop
      vertex -12.0984 6.985 7.3
      vertex -12.5293 6.17877 7.3
      vertex -6.7117 3.875 7.8
    endloop
  endfacet
  facet normal -0.0750322 0.0282386 0.996781
    outer loop
      vertex -12.9066 5.34609 7.3
      vertex -13.2286 4.49051 7.3
      vertex -7.16007 2.9658 7.8
    endloop
  endfacet
  facet normal -0.0790992 0.0130581 0.996781
    outer loop
      vertex -13.7016 2.72541 7.3
      vertex -13.8505 1.82345 7.3
      vertex -7.60109 1.51195 7.8
    endloop
  endfacet
  facet normal -0.0508573 -0.0619741 0.996781
    outer loop
      vertex -5.10993 -5.82676 7.8
      vertex -9.21106 -10.5032 7.3
      vertex -8.5044 -11.0831 7.3
    endloop
  endfacet
  facet normal -0.0790992 -0.0130581 0.996781
    outer loop
      vertex -7.60109 -1.51195 7.8
      vertex -13.8505 -1.82345 7.3
      vertex -13.7016 -2.72541 7.3
    endloop
  endfacet
  facet normal 0.00785764 -0.0797839 0.996781
    outer loop
      vertex 1.82345 -13.8505 7.3
      vertex 0.506874 -7.73341 7.8
      vertex 0.913681 -13.9401 7.3
    endloop
  endfacet
  facet normal -0.0182058 -0.0780752 0.996781
    outer loop
      vertex -1.51195 -7.60109 7.8
      vertex -3.6157 -13.494 7.3
      vertex -2.72541 -13.7016 7.3
    endloop
  endfacet
  facet normal 0.0282397 0.0750319 0.996781
    outer loop
      vertex 4.49051 13.2286 7.3
      vertex 2.49116 7.33871 7.8
      vertex 2.9658 7.16007 7.8
    endloop
  endfacet
  facet normal 0.00262214 0.0801271 0.996781
    outer loop
      vertex 0 13.97 7.3
      vertex 0 7.75 7.8
      vertex 0.913681 13.9401 7.3
    endloop
  endfacet
  facet normal 0.0377913 0.0707041 0.996781
    outer loop
      vertex 6.17877 12.5293 7.3
      vertex 3.42774 6.95076 7.8
      vertex 3.875 6.7117 7.8
    endloop
  endfacet
  facet normal 0.0548037 0.0585132 0.996781
    outer loop
      vertex 9.21106 10.5032 7.3
      vertex 5.10993 5.82676 7.8
      vertex 9.87828 9.87828 7.3
    endloop
  endfacet
  facet normal -0.0130581 0.0790992 0.996781
    outer loop
      vertex -1.82345 13.8505 7.3
      vertex -2.72541 13.7016 7.3
      vertex -1.51195 7.60109 7.8
    endloop
  endfacet
  facet normal -0.0130591 0.0790991 0.996781
    outer loop
      vertex -1.01158 7.6837 7.8
      vertex -1.82345 13.8505 7.3
      vertex -1.51195 7.60109 7.8
    endloop
  endfacet
  facet normal 0.0619727 0.0508595 0.996781
    outer loop
      vertex 11.0831 8.5044 7.3
      vertex 5.82676 5.10993 7.8
      vertex 6.14849 4.7179 7.8
    endloop
  endfacet
  facet normal 0.0651656 0.0466985 0.996781
    outer loop
      vertex 11.0831 8.5044 7.3
      vertex 6.14849 4.7179 7.8
      vertex 11.6156 7.76132 7.3
    endloop
  endfacet
  facet normal 0.0730235 0.033088 0.996781
    outer loop
      vertex 12.5293 6.17877 7.3
      vertex 6.95076 3.42774 7.8
      vertex 12.9066 5.34609 7.3
    endloop
  endfacet
  facet normal 0.0750322 0.0282386 0.996781
    outer loop
      vertex 12.9066 5.34609 7.3
      vertex 7.16007 2.9658 7.8
      vertex 13.2286 4.49051 7.3
    endloop
  endfacet
  facet normal 0.0767185 0.0232712 0.996781
    outer loop
      vertex 13.2286 4.49051 7.3
      vertex 7.33871 2.49116 7.8
      vertex 7.48592 2.00585 7.8
    endloop
  endfacet
  facet normal 0.0466985 -0.0651656 0.996781
    outer loop
      vertex 8.5044 -11.0831 7.3
      vertex 4.7179 -6.14849 7.8
      vertex 7.76132 -11.6156 7.3
    endloop
  endfacet
  facet normal 0.0548037 -0.0585132 0.996781
    outer loop
      vertex 9.87828 -9.87828 7.3
      vertex 5.10993 -5.82676 7.8
      vertex 9.21106 -10.5032 7.3
    endloop
  endfacet
  facet normal 0.0651656 -0.0466985 0.996781
    outer loop
      vertex 11.6156 -7.76132 7.3
      vertex 6.14849 -4.7179 7.8
      vertex 11.0831 -8.5044 7.3
    endloop
  endfacet
  facet normal 0.0651662 -0.0466974 0.996781
    outer loop
      vertex 6.44389 -4.30567 7.8
      vertex 6.14849 -4.7179 7.8
      vertex 11.6156 -7.76132 7.3
    endloop
  endfacet
  facet normal 0.0707041 -0.0377913 0.996781
    outer loop
      vertex 6.95076 -3.42774 7.8
      vertex 6.7117 -3.875 7.8
      vertex 12.5293 -6.17877 7.3
    endloop
  endfacet
  facet normal 0.0767185 -0.0232712 0.996781
    outer loop
      vertex 7.48592 -2.00585 7.8
      vertex 7.33871 -2.49116 7.8
      vertex 13.2286 -4.49051 7.3
    endloop
  endfacet
  facet normal 0.0801271 -0.00262214 0.996781
    outer loop
      vertex 13.97 0 7.3
      vertex 7.75 0 7.8
      vertex 13.9401 -0.913681 7.3
    endloop
  endfacet
  facet normal -0.0585132 0.0548037 0.996781
    outer loop
      vertex -9.87828 9.87828 7.3
      vertex -10.5032 9.21106 7.3
      vertex -5.82676 5.10993 7.8
    endloop
  endfacet
  facet normal -0.033088 0.0730235 0.996781
    outer loop
      vertex -5.34609 12.9066 7.3
      vertex -6.17877 12.5293 7.3
      vertex -3.42774 6.95076 7.8
    endloop
  endfacet
  facet normal -0.0508595 0.0619727 0.996781
    outer loop
      vertex -4.7179 6.14849 7.8
      vertex -8.5044 11.0831 7.3
      vertex -5.10993 5.82676 7.8
    endloop
  endfacet
  facet normal -0.0680784 0.0423385 0.996781
    outer loop
      vertex -11.6156 7.76132 7.3
      vertex -12.0984 6.985 7.3
      vertex -6.7117 3.875 7.8
    endloop
  endfacet
  facet normal -0.080127 0.00262256 0.996781
    outer loop
      vertex -7.73341 0.506874 7.8
      vertex -13.9401 0.913681 7.3
      vertex -7.75 0 7.8
    endloop
  endfacet
  facet normal -0.0790991 0.0130591 0.996781
    outer loop
      vertex -7.60109 1.51195 7.8
      vertex -13.8505 1.82345 7.3
      vertex -7.6837 1.01158 7.8
    endloop
  endfacet
  facet normal -0.0330878 -0.0730236 0.996781
    outer loop
      vertex -3.42774 -6.95076 7.8
      vertex -5.34609 -12.9066 7.3
      vertex -2.9658 -7.16007 7.8
    endloop
  endfacet
  facet normal -0.0651656 -0.0466985 0.996781
    outer loop
      vertex -6.14849 -4.7179 7.8
      vertex -11.6156 -7.76132 7.3
      vertex -11.0831 -8.5044 7.3
    endloop
  endfacet
  facet normal -0.0651662 -0.0466974 0.996781
    outer loop
      vertex -6.44389 -4.30567 7.8
      vertex -11.6156 -7.76132 7.3
      vertex -6.14849 -4.7179 7.8
    endloop
  endfacet
  facet normal -0.00262214 -0.0801271 0.996781
    outer loop
      vertex 0 -7.75 7.8
      vertex -0.913681 -13.9401 7.3
      vertex 0 -13.97 7.3
    endloop
  endfacet
  facet normal -0.0282386 -0.0750322 0.996781
    outer loop
      vertex -2.9658 -7.16007 7.8
      vertex -5.34609 -12.9066 7.3
      vertex -4.49051 -13.2286 7.3
    endloop
  endfacet
  facet normal -0.00262214 0.0801271 0.996781
    outer loop
      vertex 0 13.97 7.3
      vertex -0.913681 13.9401 7.3
      vertex 0 7.75 7.8
    endloop
  endfacet
  facet normal 0.0130581 0.0790992 0.996781
    outer loop
      vertex 1.82345 13.8505 7.3
      vertex 1.51195 7.60109 7.8
      vertex 2.72541 13.7016 7.3
    endloop
  endfacet
  facet normal 0.0466985 0.0651656 0.996781
    outer loop
      vertex 7.76132 11.6156 7.3
      vertex 4.7179 6.14849 7.8
      vertex 8.5044 11.0831 7.3
    endloop
  endfacet
  facet normal 0.0377892 0.0707049 0.996781
    outer loop
      vertex 6.17877 12.5293 7.3
      vertex 3.875 6.7117 7.8
      vertex 6.985 12.0984 7.3
    endloop
  endfacet
  facet normal 0.0585136 0.0548034 0.996781
    outer loop
      vertex 9.87828 9.87828 7.3
      vertex 5.48008 5.48008 7.8
      vertex 5.82676 5.10993 7.8
    endloop
  endfacet
  facet normal -0.0282397 0.0750319 0.996781
    outer loop
      vertex -2.49116 7.33871 7.8
      vertex -4.49051 13.2286 7.3
      vertex -2.9658 7.16007 7.8
    endloop
  endfacet
  facet normal -0.0182058 0.0780752 0.996781
    outer loop
      vertex -2.72541 13.7016 7.3
      vertex -3.6157 13.494 7.3
      vertex -1.51195 7.60109 7.8
    endloop
  endfacet
  facet normal 0.0680807 0.0423356 0.996781
    outer loop
      vertex 11.6156 7.76132 7.3
      vertex 6.44389 4.30567 7.8
      vertex 6.7117 3.875 7.8
    endloop
  endfacet
  facet normal 0.0707049 0.0377892 0.996781
    outer loop
      vertex 12.0984 6.985 7.3
      vertex 6.7117 3.875 7.8
      vertex 12.5293 6.17877 7.3
    endloop
  endfacet
  facet normal 0.0680784 0.0423385 0.996781
    outer loop
      vertex 11.6156 7.76132 7.3
      vertex 6.7117 3.875 7.8
      vertex 12.0984 6.985 7.3
    endloop
  endfacet
  facet normal 0.0730236 0.0330878 0.996781
    outer loop
      vertex 12.9066 5.34609 7.3
      vertex 6.95076 3.42774 7.8
      vertex 7.16007 2.9658 7.8
    endloop
  endfacet
  facet normal 0.080127 0.00262256 0.996781
    outer loop
      vertex 13.9401 0.913681 7.3
      vertex 7.73341 0.506874 7.8
      vertex 7.75 0 7.8
    endloop
  endfacet
  facet normal 0.0780752 0.0182058 0.996781
    outer loop
      vertex 13.494 3.6157 7.3
      vertex 7.60109 1.51195 7.8
      vertex 13.7016 2.72541 7.3
    endloop
  endfacet
  facet normal 0.0780752 0.0182059 0.996781
    outer loop
      vertex 13.494 3.6157 7.3
      vertex 7.48592 2.00585 7.8
      vertex 7.60109 1.51195 7.8
    endloop
  endfacet
  facet normal 0.0767171 0.0232744 0.996781
    outer loop
      vertex 13.2286 4.49051 7.3
      vertex 7.48592 2.00585 7.8
      vertex 13.494 3.6157 7.3
    endloop
  endfacet
  facet normal 0.0377913 -0.0707041 0.996781
    outer loop
      vertex 3.875 -6.7117 7.8
      vertex 3.42774 -6.95076 7.8
      vertex 6.17877 -12.5293 7.3
    endloop
  endfacet
  facet normal 0.0423385 -0.0680784 0.996781
    outer loop
      vertex 7.76132 -11.6156 7.3
      vertex 3.875 -6.7117 7.8
      vertex 6.985 -12.0984 7.3
    endloop
  endfacet
  facet normal 0.0508595 -0.0619727 0.996781
    outer loop
      vertex 5.10993 -5.82676 7.8
      vertex 4.7179 -6.14849 7.8
      vertex 8.5044 -11.0831 7.3
    endloop
  endfacet
  facet normal 0.0619727 -0.0508595 0.996781
    outer loop
      vertex 6.14849 -4.7179 7.8
      vertex 5.82676 -5.10993 7.8
      vertex 11.0831 -8.5044 7.3
    endloop
  endfacet
  facet normal 0.0680807 -0.0423356 0.996781
    outer loop
      vertex 6.7117 -3.875 7.8
      vertex 6.44389 -4.30567 7.8
      vertex 11.6156 -7.76132 7.3
    endloop
  endfacet
  facet normal 0.0730235 -0.033088 0.996781
    outer loop
      vertex 12.9066 -5.34609 7.3
      vertex 6.95076 -3.42774 7.8
      vertex 12.5293 -6.17877 7.3
    endloop
  endfacet
  facet normal 0.0767171 -0.0232744 0.996781
    outer loop
      vertex 13.494 -3.6157 7.3
      vertex 7.48592 -2.00585 7.8
      vertex 13.2286 -4.49051 7.3
    endloop
  endfacet
  facet normal 0.0797838 -0.00785815 0.996781
    outer loop
      vertex 7.73341 -0.506874 7.8
      vertex 7.6837 -1.01158 7.8
      vertex 13.8505 -1.82345 7.3
    endloop
  endfacet
  facet normal -0.0423385 0.0680784 0.996781
    outer loop
      vertex -6.985 12.0984 7.3
      vertex -7.76132 11.6156 7.3
      vertex -3.875 6.7117 7.8
    endloop
  endfacet
  facet normal -0.0377913 0.0707041 0.996781
    outer loop
      vertex -3.42774 6.95076 7.8
      vertex -6.17877 12.5293 7.3
      vertex -3.875 6.7117 7.8
    endloop
  endfacet
  facet normal -0.0508573 0.0619741 0.996781
    outer loop
      vertex -8.5044 11.0831 7.3
      vertex -9.21106 10.5032 7.3
      vertex -5.10993 5.82676 7.8
    endloop
  endfacet
  facet normal -0.0651656 0.0466985 0.996781
    outer loop
      vertex -11.0831 8.5044 7.3
      vertex -11.6156 7.76132 7.3
      vertex -6.14849 4.7179 7.8
    endloop
  endfacet
  facet normal -0.0651662 0.0466974 0.996781
    outer loop
      vertex -6.14849 4.7179 7.8
      vertex -11.6156 7.76132 7.3
      vertex -6.44389 4.30567 7.8
    endloop
  endfacet
  facet normal -0.0730235 0.033088 0.996781
    outer loop
      vertex -12.5293 6.17877 7.3
      vertex -12.9066 5.34609 7.3
      vertex -6.95076 3.42774 7.8
    endloop
  endfacet
  facet normal -0.0797838 0.00785815 0.996781
    outer loop
      vertex -7.6837 1.01158 7.8
      vertex -13.8505 1.82345 7.3
      vertex -7.73341 0.506874 7.8
    endloop
  endfacet
  facet normal -0.0750319 0.0282397 0.996781
    outer loop
      vertex -7.16007 2.9658 7.8
      vertex -13.2286 4.49051 7.3
      vertex -7.33871 2.49116 7.8
    endloop
  endfacet
  facet normal -0.0767185 0.0232712 0.996781
    outer loop
      vertex -7.33871 2.49116 7.8
      vertex -13.2286 4.49051 7.3
      vertex -7.48592 2.00585 7.8
    endloop
  endfacet
  facet normal -0.0780752 0.0182058 0.996781
    outer loop
      vertex -13.494 3.6157 7.3
      vertex -13.7016 2.72541 7.3
      vertex -7.60109 1.51195 7.8
    endloop
  endfacet
  facet normal -0.0548037 -0.0585132 0.996781
    outer loop
      vertex -5.10993 -5.82676 7.8
      vertex -9.87828 -9.87828 7.3
      vertex -9.21106 -10.5032 7.3
    endloop
  endfacet
  facet normal -0.033088 -0.0730235 0.996781
    outer loop
      vertex -3.42774 -6.95076 7.8
      vertex -6.17877 -12.5293 7.3
      vertex -5.34609 -12.9066 7.3
    endloop
  endfacet
  facet normal -0.0377913 -0.0707041 0.996781
    outer loop
      vertex -3.875 -6.7117 7.8
      vertex -6.17877 -12.5293 7.3
      vertex -3.42774 -6.95076 7.8
    endloop
  endfacet
  facet normal -0.0619741 -0.0508573 0.996781
    outer loop
      vertex -5.82676 -5.10993 7.8
      vertex -11.0831 -8.5044 7.3
      vertex -10.5032 -9.21106 7.3
    endloop
  endfacet
  facet normal -0.0750322 -0.0282386 0.996781
    outer loop
      vertex -7.16007 -2.9658 7.8
      vertex -13.2286 -4.49051 7.3
      vertex -12.9066 -5.34609 7.3
    endloop
  endfacet
  facet normal -0.0780752 -0.0182058 0.996781
    outer loop
      vertex -7.60109 -1.51195 7.8
      vertex -13.7016 -2.72541 7.3
      vertex -13.494 -3.6157 7.3
    endloop
  endfacet
  facet normal -0.0797838 -0.00785815 0.996781
    outer loop
      vertex -7.73341 -0.506874 7.8
      vertex -13.8505 -1.82345 7.3
      vertex -7.6837 -1.01158 7.8
    endloop
  endfacet
  facet normal -0.0730236 -0.0330878 0.996781
    outer loop
      vertex -7.16007 -2.9658 7.8
      vertex -12.9066 -5.34609 7.3
      vertex -6.95076 -3.42774 7.8
    endloop
  endfacet
  facet normal -0.0730235 -0.033088 0.996781
    outer loop
      vertex -6.95076 -3.42774 7.8
      vertex -12.9066 -5.34609 7.3
      vertex -12.5293 -6.17877 7.3
    endloop
  endfacet
  facet normal -0.0619727 -0.0508595 0.996781
    outer loop
      vertex -6.14849 -4.7179 7.8
      vertex -11.0831 -8.5044 7.3
      vertex -5.82676 -5.10993 7.8
    endloop
  endfacet
  facet normal 0.0282386 -0.0750322 0.996781
    outer loop
      vertex 5.34609 -12.9066 7.3
      vertex 2.9658 -7.16007 7.8
      vertex 4.49051 -13.2286 7.3
    endloop
  endfacet
  facet normal 0.0232712 -0.0767185 0.996781
    outer loop
      vertex 2.49116 -7.33871 7.8
      vertex 2.00585 -7.48592 7.8
      vertex 4.49051 -13.2286 7.3
    endloop
  endfacet
  facet normal 0.00785815 -0.0797838 0.996781
    outer loop
      vertex 1.01158 -7.6837 7.8
      vertex 0.506874 -7.73341 7.8
      vertex 1.82345 -13.8505 7.3
    endloop
  endfacet
  facet normal -0.00262256 -0.080127 0.996781
    outer loop
      vertex -0.506874 -7.73341 7.8
      vertex -0.913681 -13.9401 7.3
      vertex 0 -7.75 7.8
    endloop
  endfacet
  facet normal -0.0130581 -0.0790992 0.996781
    outer loop
      vertex -1.51195 -7.60109 7.8
      vertex -2.72541 -13.7016 7.3
      vertex -1.82345 -13.8505 7.3
    endloop
  endfacet
  facet normal -0.0232744 -0.0767171 0.996781
    outer loop
      vertex -2.00585 -7.48592 7.8
      vertex -4.49051 -13.2286 7.3
      vertex -3.6157 -13.494 7.3
    endloop
  endfacet
  facet normal -0.0182059 -0.0780752 0.996781
    outer loop
      vertex -2.00585 -7.48592 7.8
      vertex -3.6157 -13.494 7.3
      vertex -1.51195 -7.60109 7.8
    endloop
  endfacet
  facet normal -0.00785764 0.0797839 0.996781
    outer loop
      vertex -0.913681 13.9401 7.3
      vertex -1.82345 13.8505 7.3
      vertex -0.506874 7.73341 7.8
    endloop
  endfacet
  facet normal -0.00262256 0.080127 0.996781
    outer loop
      vertex 0 7.75 7.8
      vertex -0.913681 13.9401 7.3
      vertex -0.506874 7.73341 7.8
    endloop
  endfacet
  facet normal -0.00785815 0.0797838 0.996781
    outer loop
      vertex -0.506874 7.73341 7.8
      vertex -1.82345 13.8505 7.3
      vertex -1.01158 7.6837 7.8
    endloop
  endfacet
  facet normal 0.00262256 0.080127 0.996781
    outer loop
      vertex 0.913681 13.9401 7.3
      vertex 0 7.75 7.8
      vertex 0.506874 7.73341 7.8
    endloop
  endfacet
  facet normal 0.0182058 0.0780752 0.996781
    outer loop
      vertex 2.72541 13.7016 7.3
      vertex 1.51195 7.60109 7.8
      vertex 3.6157 13.494 7.3
    endloop
  endfacet
  facet normal 0.0232744 0.0767171 0.996781
    outer loop
      vertex 3.6157 13.494 7.3
      vertex 2.00585 7.48592 7.8
      vertex 4.49051 13.2286 7.3
    endloop
  endfacet
  facet normal 0.0182059 0.0780752 0.996781
    outer loop
      vertex 3.6157 13.494 7.3
      vertex 1.51195 7.60109 7.8
      vertex 2.00585 7.48592 7.8
    endloop
  endfacet
  facet normal 0.00785764 0.0797839 0.996781
    outer loop
      vertex 0.913681 13.9401 7.3
      vertex 0.506874 7.73341 7.8
      vertex 1.82345 13.8505 7.3
    endloop
  endfacet
  facet normal 0.0130591 0.0790991 0.996781
    outer loop
      vertex 1.82345 13.8505 7.3
      vertex 1.01158 7.6837 7.8
      vertex 1.51195 7.60109 7.8
    endloop
  endfacet
  facet normal 0.00785815 0.0797838 0.996781
    outer loop
      vertex 1.82345 13.8505 7.3
      vertex 0.506874 7.73341 7.8
      vertex 1.01158 7.6837 7.8
    endloop
  endfacet
  facet normal 0.0508573 0.0619741 0.996781
    outer loop
      vertex 8.5044 11.0831 7.3
      vertex 5.10993 5.82676 7.8
      vertex 9.21106 10.5032 7.3
    endloop
  endfacet
  facet normal 0.0508595 0.0619727 0.996781
    outer loop
      vertex 8.5044 11.0831 7.3
      vertex 4.7179 6.14849 7.8
      vertex 5.10993 5.82676 7.8
    endloop
  endfacet
  facet normal 0.0423356 0.0680807 0.996781
    outer loop
      vertex 7.76132 11.6156 7.3
      vertex 3.875 6.7117 7.8
      vertex 4.30567 6.44389 7.8
    endloop
  endfacet
  facet normal 0.0423385 0.0680784 0.996781
    outer loop
      vertex 6.985 12.0984 7.3
      vertex 3.875 6.7117 7.8
      vertex 7.76132 11.6156 7.3
    endloop
  endfacet
  facet normal 0.033088 0.0730235 0.996781
    outer loop
      vertex 5.34609 12.9066 7.3
      vertex 3.42774 6.95076 7.8
      vertex 6.17877 12.5293 7.3
    endloop
  endfacet
  facet normal 0.0330878 0.0730236 0.996781
    outer loop
      vertex 5.34609 12.9066 7.3
      vertex 2.9658 7.16007 7.8
      vertex 3.42774 6.95076 7.8
    endloop
  endfacet
  facet normal 0.0619741 0.0508573 0.996781
    outer loop
      vertex 10.5032 9.21106 7.3
      vertex 5.82676 5.10993 7.8
      vertex 11.0831 8.5044 7.3
    endloop
  endfacet
  facet normal 0.0585132 0.0548037 0.996781
    outer loop
      vertex 9.87828 9.87828 7.3
      vertex 5.82676 5.10993 7.8
      vertex 10.5032 9.21106 7.3
    endloop
  endfacet
  facet normal -0.0232712 0.0767185 0.996781
    outer loop
      vertex -2.00585 7.48592 7.8
      vertex -4.49051 13.2286 7.3
      vertex -2.49116 7.33871 7.8
    endloop
  endfacet
  facet normal 0.0707041 0.0377913 0.996781
    outer loop
      vertex 12.5293 6.17877 7.3
      vertex 6.7117 3.875 7.8
      vertex 6.95076 3.42774 7.8
    endloop
  endfacet
  facet normal 0.0750319 0.0282397 0.996781
    outer loop
      vertex 13.2286 4.49051 7.3
      vertex 7.16007 2.9658 7.8
      vertex 7.33871 2.49116 7.8
    endloop
  endfacet
  facet normal 0.0797838 0.00785815 0.996781
    outer loop
      vertex 13.8505 1.82345 7.3
      vertex 7.6837 1.01158 7.8
      vertex 7.73341 0.506874 7.8
    endloop
  endfacet
  facet normal 0.0790991 0.0130591 0.996781
    outer loop
      vertex 13.8505 1.82345 7.3
      vertex 7.60109 1.51195 7.8
      vertex 7.6837 1.01158 7.8
    endloop
  endfacet
  facet normal 0.0330878 -0.0730236 0.996781
    outer loop
      vertex 3.42774 -6.95076 7.8
      vertex 2.9658 -7.16007 7.8
      vertex 5.34609 -12.9066 7.3
    endloop
  endfacet
  facet normal 0.033088 -0.0730235 0.996781
    outer loop
      vertex 6.17877 -12.5293 7.3
      vertex 3.42774 -6.95076 7.8
      vertex 5.34609 -12.9066 7.3
    endloop
  endfacet
  facet normal 0.0377892 -0.0707049 0.996781
    outer loop
      vertex 6.985 -12.0984 7.3
      vertex 3.875 -6.7117 7.8
      vertex 6.17877 -12.5293 7.3
    endloop
  endfacet
  facet normal 0.0508573 -0.0619741 0.996781
    outer loop
      vertex 9.21106 -10.5032 7.3
      vertex 5.10993 -5.82676 7.8
      vertex 8.5044 -11.0831 7.3
    endloop
  endfacet
  facet normal 0.0466974 -0.0651662 0.996781
    outer loop
      vertex 4.7179 -6.14849 7.8
      vertex 4.30567 -6.44389 7.8
      vertex 7.76132 -11.6156 7.3
    endloop
  endfacet
  facet normal 0.0585132 -0.0548037 0.996781
    outer loop
      vertex 10.5032 -9.21106 7.3
      vertex 5.82676 -5.10993 7.8
      vertex 9.87828 -9.87828 7.3
    endloop
  endfacet
  facet normal 0.0619741 -0.0508573 0.996781
    outer loop
      vertex 11.0831 -8.5044 7.3
      vertex 5.82676 -5.10993 7.8
      vertex 10.5032 -9.21106 7.3
    endloop
  endfacet
  facet normal 0.0548034 -0.0585136 0.996781
    outer loop
      vertex 5.48008 -5.48008 7.8
      vertex 5.10993 -5.82676 7.8
      vertex 9.87828 -9.87828 7.3
    endloop
  endfacet
  facet normal 0.0730236 -0.0330878 0.996781
    outer loop
      vertex 7.16007 -2.9658 7.8
      vertex 6.95076 -3.42774 7.8
      vertex 12.9066 -5.34609 7.3
    endloop
  endfacet
  facet normal 0.0680784 -0.0423385 0.996781
    outer loop
      vertex 12.0984 -6.985 7.3
      vertex 6.7117 -3.875 7.8
      vertex 11.6156 -7.76132 7.3
    endloop
  endfacet
  facet normal 0.0707049 -0.0377892 0.996781
    outer loop
      vertex 12.5293 -6.17877 7.3
      vertex 6.7117 -3.875 7.8
      vertex 12.0984 -6.985 7.3
    endloop
  endfacet
  facet normal 0.0780752 -0.0182058 0.996781
    outer loop
      vertex 13.7016 -2.72541 7.3
      vertex 7.60109 -1.51195 7.8
      vertex 13.494 -3.6157 7.3
    endloop
  endfacet
  facet normal 0.0797839 -0.00785764 0.996781
    outer loop
      vertex 13.9401 -0.913681 7.3
      vertex 7.73341 -0.506874 7.8
      vertex 13.8505 -1.82345 7.3
    endloop
  endfacet
  facet normal 0.080127 -0.00262256 0.996781
    outer loop
      vertex 7.75 0 7.8
      vertex 7.73341 -0.506874 7.8
      vertex 13.9401 -0.913681 7.3
    endloop
  endfacet
  facet normal -0.0423356 0.0680807 0.996781
    outer loop
      vertex -3.875 6.7117 7.8
      vertex -7.76132 11.6156 7.3
      vertex -4.30567 6.44389 7.8
    endloop
  endfacet
  facet normal -0.0466974 0.0651662 0.996781
    outer loop
      vertex -4.30567 6.44389 7.8
      vertex -7.76132 11.6156 7.3
      vertex -4.7179 6.14849 7.8
    endloop
  endfacet
  facet normal -0.0548037 0.0585132 0.996781
    outer loop
      vertex -9.21106 10.5032 7.3
      vertex -9.87828 9.87828 7.3
      vertex -5.10993 5.82676 7.8
    endloop
  endfacet
  facet normal -0.0548034 0.0585136 0.996781
    outer loop
      vertex -5.10993 5.82676 7.8
      vertex -9.87828 9.87828 7.3
      vertex -5.48008 5.48008 7.8
    endloop
  endfacet
  facet normal -0.0707041 0.0377913 0.996781
    outer loop
      vertex -6.7117 3.875 7.8
      vertex -12.5293 6.17877 7.3
      vertex -6.95076 3.42774 7.8
    endloop
  endfacet
  facet normal -0.0767171 0.0232744 0.996781
    outer loop
      vertex -13.2286 4.49051 7.3
      vertex -13.494 3.6157 7.3
      vertex -7.48592 2.00585 7.8
    endloop
  endfacet
  facet normal -0.0780752 0.0182059 0.996781
    outer loop
      vertex -7.48592 2.00585 7.8
      vertex -13.494 3.6157 7.3
      vertex -7.60109 1.51195 7.8
    endloop
  endfacet
  facet normal -0.0466974 -0.0651662 0.996781
    outer loop
      vertex -4.7179 -6.14849 7.8
      vertex -7.76132 -11.6156 7.3
      vertex -4.30567 -6.44389 7.8
    endloop
  endfacet
  facet normal -0.0423356 -0.0680807 0.996781
    outer loop
      vertex -4.30567 -6.44389 7.8
      vertex -7.76132 -11.6156 7.3
      vertex -3.875 -6.7117 7.8
    endloop
  endfacet
  facet normal -0.0780752 -0.0182059 0.996781
    outer loop
      vertex -7.60109 -1.51195 7.8
      vertex -13.494 -3.6157 7.3
      vertex -7.48592 -2.00585 7.8
    endloop
  endfacet
  facet normal -0.0797839 -0.00785764 0.996781
    outer loop
      vertex -7.73341 -0.506874 7.8
      vertex -13.9401 -0.913681 7.3
      vertex -13.8505 -1.82345 7.3
    endloop
  endfacet
  facet normal -0.0707041 -0.0377913 0.996781
    outer loop
      vertex -6.95076 -3.42774 7.8
      vertex -12.5293 -6.17877 7.3
      vertex -6.7117 -3.875 7.8
    endloop
  endfacet
  facet normal -0.0707049 -0.0377892 0.996781
    outer loop
      vertex -6.7117 -3.875 7.8
      vertex -12.5293 -6.17877 7.3
      vertex -12.0984 -6.985 7.3
    endloop
  endfacet
  facet normal -0.0680784 -0.0423385 0.996781
    outer loop
      vertex -6.7117 -3.875 7.8
      vertex -12.0984 -6.985 7.3
      vertex -11.6156 -7.76132 7.3
    endloop
  endfacet
  facet normal -0.0585132 -0.0548037 0.996781
    outer loop
      vertex -5.82676 -5.10993 7.8
      vertex -10.5032 -9.21106 7.3
      vertex -9.87828 -9.87828 7.3
    endloop
  endfacet
  facet normal -0.0585136 -0.0548034 0.996781
    outer loop
      vertex -5.82676 -5.10993 7.8
      vertex -9.87828 -9.87828 7.3
      vertex -5.48008 -5.48008 7.8
    endloop
  endfacet
  facet normal 0.0182058 -0.0780752 0.996781
    outer loop
      vertex 3.6157 -13.494 7.3
      vertex 1.51195 -7.60109 7.8
      vertex 2.72541 -13.7016 7.3
    endloop
  endfacet
  facet normal 0.00262256 -0.080127 0.996781
    outer loop
      vertex 0.506874 -7.73341 7.8
      vertex 0 -7.75 7.8
      vertex 0.913681 -13.9401 7.3
    endloop
  endfacet
  facet normal 0.00262214 -0.0801271 0.996781
    outer loop
      vertex 0 -7.75 7.8
      vertex 0 -13.97 7.3
      vertex 0.913681 -13.9401 7.3
    endloop
  endfacet
  facet normal -0.00785764 -0.0797839 0.996781
    outer loop
      vertex -0.506874 -7.73341 7.8
      vertex -1.82345 -13.8505 7.3
      vertex -0.913681 -13.9401 7.3
    endloop
  endfacet
  facet normal -0.0130591 -0.0790991 0.996781
    outer loop
      vertex -1.51195 -7.60109 7.8
      vertex -1.82345 -13.8505 7.3
      vertex -1.01158 -7.6837 7.8
    endloop
  endfacet
  facet normal -0.00785815 -0.0797838 0.996781
    outer loop
      vertex -1.01158 -7.6837 7.8
      vertex -1.82345 -13.8505 7.3
      vertex -0.506874 -7.73341 7.8
    endloop
  endfacet
  facet normal -0.0282397 -0.0750319 0.996781
    outer loop
      vertex -2.9658 -7.16007 7.8
      vertex -4.49051 -13.2286 7.3
      vertex -2.49116 -7.33871 7.8
    endloop
  endfacet
  facet normal -0.0232712 -0.0767185 0.996781
    outer loop
      vertex -2.49116 -7.33871 7.8
      vertex -4.49051 -13.2286 7.3
      vertex -2.00585 -7.48592 7.8
    endloop
  endfacet
  facet normal 0.0232712 0.0767185 0.996781
    outer loop
      vertex 4.49051 13.2286 7.3
      vertex 2.00585 7.48592 7.8
      vertex 2.49116 7.33871 7.8
    endloop
  endfacet
  facet normal 0.0548034 0.0585136 0.996781
    outer loop
      vertex 9.87828 9.87828 7.3
      vertex 5.10993 5.82676 7.8
      vertex 5.48008 5.48008 7.8
    endloop
  endfacet
  facet normal -0.0182059 0.0780752 0.996781
    outer loop
      vertex -1.51195 7.60109 7.8
      vertex -3.6157 13.494 7.3
      vertex -2.00585 7.48592 7.8
    endloop
  endfacet
  facet normal -0.0232744 0.0767171 0.996781
    outer loop
      vertex -3.6157 13.494 7.3
      vertex -4.49051 13.2286 7.3
      vertex -2.00585 7.48592 7.8
    endloop
  endfacet
  facet normal 0.0423356 -0.0680807 0.996781
    outer loop
      vertex 4.30567 -6.44389 7.8
      vertex 3.875 -6.7117 7.8
      vertex 7.76132 -11.6156 7.3
    endloop
  endfacet
  facet normal 0.0585136 -0.0548034 0.996781
    outer loop
      vertex 5.82676 -5.10993 7.8
      vertex 5.48008 -5.48008 7.8
      vertex 9.87828 -9.87828 7.3
    endloop
  endfacet
  facet normal 0.0790991 -0.0130591 0.996781
    outer loop
      vertex 7.6837 -1.01158 7.8
      vertex 7.60109 -1.51195 7.8
      vertex 13.8505 -1.82345 7.3
    endloop
  endfacet
  facet normal -0.0508595 -0.0619727 0.996781
    outer loop
      vertex -5.10993 -5.82676 7.8
      vertex -8.5044 -11.0831 7.3
      vertex -4.7179 -6.14849 7.8
    endloop
  endfacet
  facet normal -0.0466985 -0.0651656 0.996781
    outer loop
      vertex -4.7179 -6.14849 7.8
      vertex -8.5044 -11.0831 7.3
      vertex -7.76132 -11.6156 7.3
    endloop
  endfacet
  facet normal -0.0377892 -0.0707049 0.996781
    outer loop
      vertex -3.875 -6.7117 7.8
      vertex -6.985 -12.0984 7.3
      vertex -6.17877 -12.5293 7.3
    endloop
  endfacet
  facet normal -0.0423385 -0.0680784 0.996781
    outer loop
      vertex -3.875 -6.7117 7.8
      vertex -7.76132 -11.6156 7.3
      vertex -6.985 -12.0984 7.3
    endloop
  endfacet
  facet normal -0.0767171 -0.0232744 0.996781
    outer loop
      vertex -7.48592 -2.00585 7.8
      vertex -13.494 -3.6157 7.3
      vertex -13.2286 -4.49051 7.3
    endloop
  endfacet
  facet normal -0.0767185 -0.0232712 0.996781
    outer loop
      vertex -7.48592 -2.00585 7.8
      vertex -13.2286 -4.49051 7.3
      vertex -7.33871 -2.49116 7.8
    endloop
  endfacet
  facet normal -0.080127 -0.00262256 0.996781
    outer loop
      vertex -7.75 0 7.8
      vertex -13.9401 -0.913681 7.3
      vertex -7.73341 -0.506874 7.8
    endloop
  endfacet
  facet normal -0.0801271 -0.00262214 0.996781
    outer loop
      vertex -7.75 0 7.8
      vertex -13.97 0 7.3
      vertex -13.9401 -0.913681 7.3
    endloop
  endfacet
  facet normal -0.0790991 -0.0130591 0.996781
    outer loop
      vertex -7.6837 -1.01158 7.8
      vertex -13.8505 -1.82345 7.3
      vertex -7.60109 -1.51195 7.8
    endloop
  endfacet
  facet normal -0.0680807 -0.0423356 0.996781
    outer loop
      vertex -6.7117 -3.875 7.8
      vertex -11.6156 -7.76132 7.3
      vertex -6.44389 -4.30567 7.8
    endloop
  endfacet
  facet normal 0.0232744 -0.0767171 0.996781
    outer loop
      vertex 4.49051 -13.2286 7.3
      vertex 2.00585 -7.48592 7.8
      vertex 3.6157 -13.494 7.3
    endloop
  endfacet
  facet normal 0.0182059 -0.0780752 0.996781
    outer loop
      vertex 2.00585 -7.48592 7.8
      vertex 1.51195 -7.60109 7.8
      vertex 3.6157 -13.494 7.3
    endloop
  endfacet
  facet normal 0.0282397 -0.0750319 0.996781
    outer loop
      vertex 2.9658 -7.16007 7.8
      vertex 2.49116 -7.33871 7.8
      vertex 4.49051 -13.2286 7.3
    endloop
  endfacet
  facet normal 0.0130591 -0.0790991 0.996781
    outer loop
      vertex 1.51195 -7.60109 7.8
      vertex 1.01158 -7.6837 7.8
      vertex 1.82345 -13.8505 7.3
    endloop
  endfacet
  facet normal 0.0130581 -0.0790992 0.996781
    outer loop
      vertex 2.72541 -13.7016 7.3
      vertex 1.51195 -7.60109 7.8
      vertex 1.82345 -13.8505 7.3
    endloop
  endfacet
  facet normal 0.999465 0.0327125 0
    outer loop
      vertex 7.75 0 9.7
      vertex 7.73341 0.506874 7.8
      vertex 7.73341 0.506874 9.7
    endloop
  endfacet
  facet normal 0.999465 0.0327125 0
    outer loop
      vertex 7.73341 0.506874 7.8
      vertex 7.75 0 9.7
      vertex 7.75 0 7.8
    endloop
  endfacet
  facet normal -0.999465 0.0327125 0
    outer loop
      vertex -7.75 0 7.8
      vertex -7.73341 0.506874 9.7
      vertex -7.73341 0.506874 7.8
    endloop
  endfacet
  facet normal -0.999465 0.0327125 0
    outer loop
      vertex -7.73341 0.506874 9.7
      vertex -7.75 0 7.8
      vertex -7.75 0 9.7
    endloop
  endfacet
  facet normal 0.0327125 0.999465 -0
    outer loop
      vertex 0.506874 7.73341 7.8
      vertex 0 7.75 9.7
      vertex 0.506874 7.73341 9.7
    endloop
  endfacet
  facet normal 0.0327125 0.999465 0
    outer loop
      vertex 0 7.75 9.7
      vertex 0.506874 7.73341 7.8
      vertex 0 7.75 7.8
    endloop
  endfacet
  facet normal 0.683589 0.729867 -0
    outer loop
      vertex 5.48008 5.48008 7.8
      vertex 5.10993 5.82676 9.7
      vertex 5.48008 5.48008 9.7
    endloop
  endfacet
  facet normal 0.683589 0.729867 0
    outer loop
      vertex 5.10993 5.82676 9.7
      vertex 5.48008 5.48008 7.8
      vertex 5.10993 5.82676 7.8
    endloop
  endfacet
  facet normal -0.683589 0.729867 0
    outer loop
      vertex -5.10993 5.82676 7.8
      vertex -5.48008 5.48008 9.7
      vertex -5.10993 5.82676 9.7
    endloop
  endfacet
  facet normal -0.683589 0.729867 0
    outer loop
      vertex -5.48008 5.48008 9.7
      vertex -5.10993 5.82676 7.8
      vertex -5.48008 5.48008 7.8
    endloop
  endfacet
  facet normal -0.352247 0.935907 0
    outer loop
      vertex -2.49116 7.33871 7.8
      vertex -2.9658 7.16007 9.7
      vertex -2.49116 7.33871 9.7
    endloop
  endfacet
  facet normal -0.352247 0.935907 0
    outer loop
      vertex -2.9658 7.16007 9.7
      vertex -2.49116 7.33871 7.8
      vertex -2.9658 7.16007 7.8
    endloop
  endfacet
  facet normal 0.910858 0.41272 0
    outer loop
      vertex 7.16007 2.9658 9.7
      vertex 6.95076 3.42774 7.8
      vertex 6.95076 3.42774 9.7
    endloop
  endfacet
  facet normal 0.910858 0.41272 0
    outer loop
      vertex 6.95076 3.42774 7.8
      vertex 7.16007 2.9658 9.7
      vertex 7.16007 2.9658 7.8
    endloop
  endfacet
  facet normal -0.8492 0.528071 0
    outer loop
      vertex -6.7117 3.875 7.8
      vertex -6.44389 4.30567 9.7
      vertex -6.44389 4.30567 7.8
    endloop
  endfacet
  facet normal -0.8492 0.528071 0
    outer loop
      vertex -6.44389 4.30567 9.7
      vertex -6.7117 3.875 7.8
      vertex -6.7117 3.875 9.7
    endloop
  endfacet
  facet normal -0.0980187 0.995185 0
    outer loop
      vertex -0.506874 7.73341 7.8
      vertex -1.01158 7.6837 9.7
      vertex -0.506874 7.73341 9.7
    endloop
  endfacet
  facet normal -0.0980187 0.995185 0
    outer loop
      vertex -1.01158 7.6837 9.7
      vertex -0.506874 7.73341 7.8
      vertex -1.01158 7.6837 7.8
    endloop
  endfacet
  facet normal 0.881926 -0.471388 0
    outer loop
      vertex 6.7117 -3.875 9.7
      vertex 6.95076 -3.42774 7.8
      vertex 6.95076 -3.42774 9.7
    endloop
  endfacet
  facet normal 0.881926 -0.471388 0
    outer loop
      vertex 6.95076 -3.42774 7.8
      vertex 6.7117 -3.875 9.7
      vertex 6.7117 -3.875 7.8
    endloop
  endfacet
  facet normal 0.227092 -0.973873 0
    outer loop
      vertex 1.51195 -7.60109 7.8
      vertex 2.00585 -7.48592 9.7
      vertex 1.51195 -7.60109 9.7
    endloop
  endfacet
  facet normal 0.227092 -0.973873 0
    outer loop
      vertex 2.00585 -7.48592 9.7
      vertex 1.51195 -7.60109 7.8
      vertex 2.00585 -7.48592 7.8
    endloop
  endfacet
  facet normal 0.683589 -0.729867 0
    outer loop
      vertex 5.10993 -5.82676 7.8
      vertex 5.48008 -5.48008 9.7
      vertex 5.10993 -5.82676 9.7
    endloop
  endfacet
  facet normal 0.683589 -0.729867 0
    outer loop
      vertex 5.48008 -5.48008 9.7
      vertex 5.10993 -5.82676 7.8
      vertex 5.48008 -5.48008 7.8
    endloop
  endfacet
  facet normal 0.973873 -0.227092 0
    outer loop
      vertex 7.48592 -2.00585 9.7
      vertex 7.60109 -1.51195 7.8
      vertex 7.60109 -1.51195 9.7
    endloop
  endfacet
  facet normal 0.973873 -0.227092 0
    outer loop
      vertex 7.60109 -1.51195 7.8
      vertex 7.48592 -2.00585 9.7
      vertex 7.48592 -2.00585 7.8
    endloop
  endfacet
  facet normal -0.352247 -0.935907 0
    outer loop
      vertex -2.9658 -7.16007 7.8
      vertex -2.49116 -7.33871 9.7
      vertex -2.9658 -7.16007 9.7
    endloop
  endfacet
  facet normal -0.352247 -0.935907 -0
    outer loop
      vertex -2.49116 -7.33871 9.7
      vertex -2.9658 -7.16007 7.8
      vertex -2.49116 -7.33871 7.8
    endloop
  endfacet
  facet normal -0.729867 -0.683589 0
    outer loop
      vertex -5.48008 -5.48008 7.8
      vertex -5.82676 -5.10993 9.7
      vertex -5.82676 -5.10993 7.8
    endloop
  endfacet
  facet normal -0.729867 -0.683589 0
    outer loop
      vertex -5.82676 -5.10993 9.7
      vertex -5.48008 -5.48008 7.8
      vertex -5.48008 -5.48008 9.7
    endloop
  endfacet
  facet normal 0.973873 0.227092 0
    outer loop
      vertex 7.60109 1.51195 9.7
      vertex 7.48592 2.00585 7.8
      vertex 7.48592 2.00585 9.7
    endloop
  endfacet
  facet normal 0.973873 0.227092 0
    outer loop
      vertex 7.48592 2.00585 7.8
      vertex 7.60109 1.51195 9.7
      vertex 7.60109 1.51195 7.8
    endloop
  endfacet
  facet normal 0.956944 0.290272 0
    outer loop
      vertex 7.48592 2.00585 9.7
      vertex 7.33871 2.49116 7.8
      vertex 7.33871 2.49116 9.7
    endloop
  endfacet
  facet normal 0.956944 0.290272 0
    outer loop
      vertex 7.33871 2.49116 7.8
      vertex 7.48592 2.00585 9.7
      vertex 7.48592 2.00585 7.8
    endloop
  endfacet
  facet normal 0.773011 0.634392 0
    outer loop
      vertex 6.14849 4.7179 9.7
      vertex 5.82676 5.10993 7.8
      vertex 5.82676 5.10993 9.7
    endloop
  endfacet
  facet normal 0.773011 0.634392 0
    outer loop
      vertex 5.82676 5.10993 7.8
      vertex 6.14849 4.7179 9.7
      vertex 6.14849 4.7179 7.8
    endloop
  endfacet
  facet normal 0.881926 0.471388 0
    outer loop
      vertex 6.95076 3.42774 9.7
      vertex 6.7117 3.875 7.8
      vertex 6.7117 3.875 9.7
    endloop
  endfacet
  facet normal 0.881926 0.471388 0
    outer loop
      vertex 6.7117 3.875 7.8
      vertex 6.95076 3.42774 9.7
      vertex 6.95076 3.42774 7.8
    endloop
  endfacet
  facet normal 0.227092 0.973873 -0
    outer loop
      vertex 2.00585 7.48592 7.8
      vertex 1.51195 7.60109 9.7
      vertex 2.00585 7.48592 9.7
    endloop
  endfacet
  facet normal 0.227092 0.973873 0
    outer loop
      vertex 1.51195 7.60109 9.7
      vertex 2.00585 7.48592 7.8
      vertex 1.51195 7.60109 7.8
    endloop
  endfacet
  facet normal 0.290272 0.956944 -0
    outer loop
      vertex 2.49116 7.33871 7.8
      vertex 2.00585 7.48592 9.7
      vertex 2.49116 7.33871 9.7
    endloop
  endfacet
  facet normal 0.290272 0.956944 0
    outer loop
      vertex 2.00585 7.48592 9.7
      vertex 2.49116 7.33871 7.8
      vertex 2.00585 7.48592 7.8
    endloop
  endfacet
  facet normal 0.471388 0.881926 -0
    outer loop
      vertex 3.875 6.7117 7.8
      vertex 3.42774 6.95076 9.7
      vertex 3.875 6.7117 9.7
    endloop
  endfacet
  facet normal 0.471388 0.881926 0
    outer loop
      vertex 3.42774 6.95076 9.7
      vertex 3.875 6.7117 7.8
      vertex 3.42774 6.95076 7.8
    endloop
  endfacet
  facet normal 0.634392 0.773011 -0
    outer loop
      vertex 5.10993 5.82676 7.8
      vertex 4.7179 6.14849 9.7
      vertex 5.10993 5.82676 9.7
    endloop
  endfacet
  facet normal 0.634392 0.773011 0
    outer loop
      vertex 4.7179 6.14849 9.7
      vertex 5.10993 5.82676 7.8
      vertex 4.7179 6.14849 7.8
    endloop
  endfacet
  facet normal -0.910858 0.41272 0
    outer loop
      vertex -7.16007 2.9658 7.8
      vertex -6.95076 3.42774 9.7
      vertex -6.95076 3.42774 7.8
    endloop
  endfacet
  facet normal -0.910858 0.41272 0
    outer loop
      vertex -6.95076 3.42774 9.7
      vertex -7.16007 2.9658 7.8
      vertex -7.16007 2.9658 9.7
    endloop
  endfacet
  facet normal -0.973873 0.227092 0
    outer loop
      vertex -7.60109 1.51195 7.8
      vertex -7.48592 2.00585 9.7
      vertex -7.48592 2.00585 7.8
    endloop
  endfacet
  facet normal -0.973873 0.227092 0
    outer loop
      vertex -7.48592 2.00585 9.7
      vertex -7.60109 1.51195 7.8
      vertex -7.60109 1.51195 9.7
    endloop
  endfacet
  facet normal -0.935907 0.352247 0
    outer loop
      vertex -7.33871 2.49116 7.8
      vertex -7.16007 2.9658 9.7
      vertex -7.16007 2.9658 7.8
    endloop
  endfacet
  facet normal -0.935907 0.352247 0
    outer loop
      vertex -7.16007 2.9658 9.7
      vertex -7.33871 2.49116 7.8
      vertex -7.33871 2.49116 9.7
    endloop
  endfacet
  facet normal -0 0 -1
    outer loop
      vertex -7.73341 -0.506874 9.7
      vertex -11.8466 -2.35645 9.7
      vertex -7.75 0 9.7
    endloop
  endfacet
  facet normal 0 0 -1
    outer loop
      vertex -7.75 0 9.7
      vertex -10.8232 2.90005 9.7
      vertex -9.78296 3.32086 9.7
    endloop
  endfacet
  facet normal 0 0 -1
    outer loop
      vertex -11.8466 2.35645 9.7
      vertex -7.75 0 9.7
      vertex -11.8466 -2.35645 9.7
    endloop
  endfacet
  facet normal 0 0 -1
    outer loop
      vertex -7.75 0 9.7
      vertex -11.8466 2.35645 9.7
      vertex -10.8232 2.90005 9.7
    endloop
  endfacet
  facet normal 0 0 -1
    outer loop
      vertex -12.8417 -1.69063 9.7
      vertex -11.8466 2.35645 9.7
      vertex -11.8466 -2.35645 9.7
    endloop
  endfacet
  facet normal 0 0 -1
    outer loop
      vertex -12.8417 -1.69063 9.7
      vertex -12.8417 1.69063 9.7
      vertex -11.8466 2.35645 9.7
    endloop
  endfacet
  facet normal 0 0 -1
    outer loop
      vertex -13.7966 -0.904266 9.7
      vertex -12.8417 1.69063 9.7
      vertex -12.8417 -1.69063 9.7
    endloop
  endfacet
  facet normal 0 0 -1
    outer loop
      vertex -13.7966 -0.904266 9.7
      vertex -13.7966 0.904266 9.7
      vertex -12.8417 1.69063 9.7
    endloop
  endfacet
  facet normal 0 -0 -1
    outer loop
      vertex -13.7966 0.904266 9.7
      vertex -13.7966 -0.904266 9.7
      vertex -14.7 0 9.7
    endloop
  endfacet
  facet normal 0 0 -1
    outer loop
      vertex -6.44389 4.30567 9.7
      vertex -10.3107 5.08466 9.7
      vertex -6.14849 4.7179 9.7
    endloop
  endfacet
  facet normal 0 0 -1
    outer loop
      vertex -10.7127 6.185 9.7
      vertex -6.14849 4.7179 9.7
      vertex -10.3107 5.08466 9.7
    endloop
  endfacet
  facet normal 0 0 -1
    outer loop
      vertex -6.14849 4.7179 9.7
      vertex -10.7127 6.185 9.7
      vertex -8.34813 9.51923 9.7
    endloop
  endfacet
  facet normal 0 0 -1
    outer loop
      vertex -11.0118 7.35782 9.7
      vertex -8.34813 9.51923 9.7
      vertex -10.7127 6.185 9.7
    endloop
  endfacet
  facet normal -0 0 -1
    outer loop
      vertex -8.34813 9.51923 9.7
      vertex -11.0118 7.35782 9.7
      vertex -9.57068 9.57068 9.7
    endloop
  endfacet
  facet normal 0 0 -1
    outer loop
      vertex -11.2002 8.59418 9.7
      vertex -9.57068 9.57068 9.7
      vertex -11.0118 7.35782 9.7
    endloop
  endfacet
  facet normal 0 0 -1
    outer loop
      vertex -9.57068 9.57068 9.7
      vertex -11.2002 8.59418 9.7
      vertex -10.8331 9.50034 9.7
    endloop
  endfacet
  facet normal 0 0 -1
    outer loop
      vertex 3.88258 -11.4377 9.7
      vertex 7.96407 -9.08128 9.7
      vertex 7.88498 -10.2759 9.7
    endloop
  endfacet
  facet normal 0 -0 -1
    outer loop
      vertex 4.30567 -6.44389 9.7
      vertex 7.96407 -9.08128 9.7
      vertex 3.875 -6.7117 9.7
    endloop
  endfacet
  facet normal 0 0 -1
    outer loop
      vertex 7.48592 2.00585 9.7
      vertex 10.8904 0.713791 9.7
      vertex 7.60109 1.51195 9.7
    endloop
  endfacet
  facet normal 0 0 -1
    outer loop
      vertex 8.42738 -6.46657 9.7
      vertex 7.73341 -0.506874 9.7
      vertex 7.75 0 9.7
    endloop
  endfacet
  facet normal 0 0 -1
    outer loop
      vertex 8.42738 -6.46657 9.7
      vertex 7.6837 -1.01158 9.7
      vertex 7.73341 -0.506874 9.7
    endloop
  endfacet
  facet normal 0 0 -1
    outer loop
      vertex 4.9567 -11.9665 9.7
      vertex 7.88498 -10.2759 9.7
      vertex 7.68144 -11.4961 9.7
    endloop
  endfacet
  facet normal 0 0 -1
    outer loop
      vertex 3.88258 -11.4377 9.7
      vertex 7.88498 -10.2759 9.7
      vertex 4.9567 -11.9665 9.7
    endloop
  endfacet
  facet normal 0 0 -1
    outer loop
      vertex 8.42738 -6.46657 9.7
      vertex 7.60109 -1.51195 9.7
      vertex 7.6837 -1.01158 9.7
    endloop
  endfacet
  facet normal 0 0 -1
    outer loop
      vertex 8.42738 -6.46657 9.7
      vertex 7.48592 -2.00585 9.7
      vertex 7.60109 -1.51195 9.7
    endloop
  endfacet
  facet normal 0 0 -1
    outer loop
      vertex 6.11519 -12.4004 9.7
      vertex 7.68144 -11.4961 9.7
      vertex 7.34999 -12.7306 9.7
    endloop
  endfacet
  facet normal 0 0 -1
    outer loop
      vertex 8.42738 -6.46657 9.7
      vertex 7.33871 -2.49116 9.7
      vertex 7.48592 -2.00585 9.7
    endloop
  endfacet
  facet normal 0 0 -1
    outer loop
      vertex 8.42738 -6.46657 9.7
      vertex 7.16007 -2.9658 9.7
      vertex 7.33871 -2.49116 9.7
    endloop
  endfacet
  facet normal 0 0 -1
    outer loop
      vertex 8.42738 -6.46657 9.7
      vertex 6.95076 -3.42774 9.7
      vertex 7.16007 -2.9658 9.7
    endloop
  endfacet
  facet normal 0 0 -1
    outer loop
      vertex 8.42738 -6.46657 9.7
      vertex 6.7117 -3.875 9.7
      vertex 6.95076 -3.42774 9.7
    endloop
  endfacet
  facet normal 0 0 -1
    outer loop
      vertex 8.42738 -6.46657 9.7
      vertex 6.44389 -4.30567 9.7
      vertex 6.7117 -3.875 9.7
    endloop
  endfacet
  facet normal 0 0 -1
    outer loop
      vertex 8.42738 -6.46657 9.7
      vertex 6.14849 -4.7179 9.7
      vertex 6.44389 -4.30567 9.7
    endloop
  endfacet
  facet normal 0 0 -1
    outer loop
      vertex 4.9567 -11.9665 9.7
      vertex 7.68144 -11.4961 9.7
      vertex 6.11519 -12.4004 9.7
    endloop
  endfacet
  facet normal 0 0 -1
    outer loop
      vertex 7.76744 -6.81186 9.7
      vertex 5.82676 -5.10993 9.7
      vertex 6.14849 -4.7179 9.7
    endloop
  endfacet
  facet normal 0 0 -1
    outer loop
      vertex 7.76744 -6.81186 9.7
      vertex 5.48008 -5.48008 9.7
      vertex 5.82676 -5.10993 9.7
    endloop
  endfacet
  facet normal 0 0 -1
    outer loop
      vertex 7.76744 -6.81186 9.7
      vertex 5.10993 -5.82676 9.7
      vertex 5.48008 -5.48008 9.7
    endloop
  endfacet
  facet normal 0 -0 -1
    outer loop
      vertex 4.7179 -6.14849 9.7
      vertex 7.92313 -7.92313 9.7
      vertex 4.30567 -6.44389 9.7
    endloop
  endfacet
  facet normal 0 0 -1
    outer loop
      vertex 7.76744 -6.81186 9.7
      vertex 4.7179 -6.14849 9.7
      vertex 5.10993 -5.82676 9.7
    endloop
  endfacet
  facet normal 0 0 -1
    outer loop
      vertex 7.92313 -7.92313 9.7
      vertex 4.7179 -6.14849 9.7
      vertex 7.76744 -6.81186 9.7
    endloop
  endfacet
  facet normal -0 0 -1
    outer loop
      vertex 7.96407 -9.08128 9.7
      vertex 3.88258 -11.4377 9.7
      vertex 3.875 -6.7117 9.7
    endloop
  endfacet
  facet normal 0 0 -1
    outer loop
      vertex 7.96407 -9.08128 9.7
      vertex 4.30567 -6.44389 9.7
      vertex 7.92313 -7.92313 9.7
    endloop
  endfacet
  facet normal 0 0 -1
    outer loop
      vertex 3.88258 -11.4377 9.7
      vertex 3.42774 -6.95076 9.7
      vertex 3.875 -6.7117 9.7
    endloop
  endfacet
  facet normal 0 0 -1
    outer loop
      vertex 2.90005 -10.8232 9.7
      vertex 3.42774 -6.95076 9.7
      vertex 3.88258 -11.4377 9.7
    endloop
  endfacet
  facet normal 0 0 -1
    outer loop
      vertex 3.42774 -6.95076 9.7
      vertex 2.90005 -10.8232 9.7
      vertex 2.9658 -7.16007 9.7
    endloop
  endfacet
  facet normal 0 0 -1
    outer loop
      vertex 2.01552 -10.1327 9.7
      vertex 2.9658 -7.16007 9.7
      vertex 2.90005 -10.8232 9.7
    endloop
  endfacet
  facet normal 0 0 -1
    outer loop
      vertex 2.9658 -7.16007 9.7
      vertex 2.01552 -10.1327 9.7
      vertex 2.49116 -7.33871 9.7
    endloop
  endfacet
  facet normal 0 0 -1
    outer loop
      vertex 2.01552 -10.1327 9.7
      vertex 2.00585 -7.48592 9.7
      vertex 2.49116 -7.33871 9.7
    endloop
  endfacet
  facet normal 0 0 -1
    outer loop
      vertex 2.01552 -10.1327 9.7
      vertex 1.51195 -7.60109 9.7
      vertex 2.00585 -7.48592 9.7
    endloop
  endfacet
  facet normal 0 0 -1
    outer loop
      vertex 1.01158 -7.6837 9.7
      vertex 2.01552 -10.1327 9.7
      vertex 1.38651 -10.5316 9.7
    endloop
  endfacet
  facet normal 0 0 -1
    outer loop
      vertex 2.01552 -10.1327 9.7
      vertex 1.01158 -7.6837 9.7
      vertex 1.51195 -7.60109 9.7
    endloop
  endfacet
  facet normal 0 0 -1
    outer loop
      vertex -0.506874 -7.73341 9.7
      vertex 1.38651 -10.5316 9.7
      vertex 0.751877 -11.4716 9.7
    endloop
  endfacet
  facet normal 0 0 -1
    outer loop
      vertex 1.38651 -10.5316 9.7
      vertex 0.506874 -7.73341 9.7
      vertex 1.01158 -7.6837 9.7
    endloop
  endfacet
  facet normal 0 0 -1
    outer loop
      vertex -1.01158 -7.6837 9.7
      vertex 0.751877 -11.4716 9.7
      vertex 0 -12.37 9.7
    endloop
  endfacet
  facet normal 0 0 -1
    outer loop
      vertex 1.38651 -10.5316 9.7
      vertex 0 -7.75 9.7
      vertex 0.506874 -7.73341 9.7
    endloop
  endfacet
  facet normal 0 0 -1
    outer loop
      vertex 1.38651 -10.5316 9.7
      vertex -0.506874 -7.73341 9.7
      vertex 0 -7.75 9.7
    endloop
  endfacet
  facet normal 0 0 -1
    outer loop
      vertex -4.06982 -11.9893 9.7
      vertex 0 -12.37 9.7
      vertex -0.86618 -13.2154 9.7
    endloop
  endfacet
  facet normal 0 0 -1
    outer loop
      vertex 0.751877 -11.4716 9.7
      vertex -1.01158 -7.6837 9.7
      vertex -0.506874 -7.73341 9.7
    endloop
  endfacet
  facet normal 0 0 -1
    outer loop
      vertex -4.51088 -10.8902 9.7
      vertex 0 -12.37 9.7
      vertex -4.06982 -11.9893 9.7
    endloop
  endfacet
  facet normal 0 0 -1
    outer loop
      vertex -3.50311 -13.0738 9.7
      vertex -0.86618 -13.2154 9.7
      vertex -1.8427 -13.9967 9.7
    endloop
  endfacet
  facet normal 0 0 -1
    outer loop
      vertex 0 -12.37 9.7
      vertex -1.51195 -7.60109 9.7
      vertex -1.01158 -7.6837 9.7
    endloop
  endfacet
  facet normal 0 0 -1
    outer loop
      vertex 0 -12.37 9.7
      vertex -4.51088 -10.8902 9.7
      vertex -1.51195 -7.60109 9.7
    endloop
  endfacet
  facet normal 0 0 -1
    outer loop
      vertex -3.50311 -13.0738 9.7
      vertex -1.8427 -13.9967 9.7
      vertex -2.811 -14.1319 9.7
    endloop
  endfacet
  facet normal 0 0 -1
    outer loop
      vertex -0.86618 -13.2154 9.7
      vertex -3.50311 -13.0738 9.7
      vertex -4.06982 -11.9893 9.7
    endloop
  endfacet
  facet normal -0 0 -1
    outer loop
      vertex -1.51195 -7.60109 9.7
      vertex -4.51088 -10.8902 9.7
      vertex -2.00585 -7.48592 9.7
    endloop
  endfacet
  facet normal 0 0 -1
    outer loop
      vertex -4.82703 -9.78824 9.7
      vertex -2.00585 -7.48592 9.7
      vertex -4.51088 -10.8902 9.7
    endloop
  endfacet
  facet normal -0 0 -1
    outer loop
      vertex -2.00585 -7.48592 9.7
      vertex -4.82703 -9.78824 9.7
      vertex -2.49116 -7.33871 9.7
    endloop
  endfacet
  facet normal 0 0 -1
    outer loop
      vertex -5.01999 -8.69489 9.7
      vertex -2.49116 -7.33871 9.7
      vertex -4.82703 -9.78824 9.7
    endloop
  endfacet
  facet normal -0 0 -1
    outer loop
      vertex -2.49116 -7.33871 9.7
      vertex -5.01999 -8.69489 9.7
      vertex -2.9658 -7.16007 9.7
    endloop
  endfacet
  facet normal -0 0 -1
    outer loop
      vertex -2.9658 -7.16007 9.7
      vertex -5.01999 -8.69489 9.7
      vertex -3.42774 -6.95076 9.7
    endloop
  endfacet
  facet normal -0 0 -1
    outer loop
      vertex -3.42774 -6.95076 9.7
      vertex -5.01999 -8.69489 9.7
      vertex -3.875 -6.7117 9.7
    endloop
  endfacet
  facet normal -0 0 -1
    outer loop
      vertex -3.875 -6.7117 9.7
      vertex -5.01999 -8.69489 9.7
      vertex -4.30567 -6.44389 9.7
    endloop
  endfacet
  facet normal -0 0 -1
    outer loop
      vertex -4.30567 -6.44389 9.7
      vertex -5.01999 -8.69489 9.7
      vertex -4.7179 -6.14849 9.7
    endloop
  endfacet
  facet normal 0 0 -1
    outer loop
      vertex -5.01999 -8.69489 9.7
      vertex -5.10993 -5.82676 9.7
      vertex -4.7179 -6.14849 9.7
    endloop
  endfacet
  facet normal 0 0 -1
    outer loop
      vertex -6.06335 -9.07445 9.7
      vertex -5.10993 -5.82676 9.7
      vertex -5.01999 -8.69489 9.7
    endloop
  endfacet
  facet normal -0 0 -1
    outer loop
      vertex -5.10993 -5.82676 9.7
      vertex -6.06335 -9.07445 9.7
      vertex -5.48008 -5.48008 9.7
    endloop
  endfacet
  facet normal 0 0 -1
    outer loop
      vertex -7.17577 -9.35164 9.7
      vertex -5.48008 -5.48008 9.7
      vertex -6.06335 -9.07445 9.7
    endloop
  endfacet
  facet normal -0 0 -1
    outer loop
      vertex -5.48008 -5.48008 9.7
      vertex -7.17577 -9.35164 9.7
      vertex -5.82676 -5.10993 9.7
    endloop
  endfacet
  facet normal 0 0 -1
    outer loop
      vertex -10.7127 -6.185 9.7
      vertex -5.82676 -5.10993 9.7
      vertex -7.17577 -9.35164 9.7
    endloop
  endfacet
  facet normal -0 0 -1
    outer loop
      vertex -5.82676 -5.10993 9.7
      vertex -10.7127 -6.185 9.7
      vertex -6.14849 -4.7179 9.7
    endloop
  endfacet
  facet normal 0 0 -1
    outer loop
      vertex -10.7127 -6.185 9.7
      vertex -7.17577 -9.35164 9.7
      vertex -8.34813 -9.51923 9.7
    endloop
  endfacet
  facet normal 0 0 -1
    outer loop
      vertex -6.44389 -4.30567 9.7
      vertex -9.8139 -4.06505 9.7
      vertex -6.7117 -3.875 9.7
    endloop
  endfacet
  facet normal -0 0 -1
    outer loop
      vertex -6.7117 -3.875 9.7
      vertex -9.8139 -4.06505 9.7
      vertex -6.95076 -3.42774 9.7
    endloop
  endfacet
  facet normal -0 0 -1
    outer loop
      vertex -6.95076 -3.42774 9.7
      vertex -9.8139 -4.06505 9.7
      vertex -7.16007 -2.9658 9.7
    endloop
  endfacet
  facet normal 0 -0 -1
    outer loop
      vertex -9.78296 -3.32086 9.7
      vertex -7.16007 -2.9658 9.7
      vertex -9.8139 -4.06505 9.7
    endloop
  endfacet
  facet normal -0 0 -1
    outer loop
      vertex -7.16007 -2.9658 9.7
      vertex -9.78296 -3.32086 9.7
      vertex -7.33871 -2.49116 9.7
    endloop
  endfacet
  facet normal -0 0 -1
    outer loop
      vertex -7.33871 -2.49116 9.7
      vertex -9.78296 -3.32086 9.7
      vertex -7.48592 -2.00585 9.7
    endloop
  endfacet
  facet normal -0 0 -1
    outer loop
      vertex -7.48592 -2.00585 9.7
      vertex -9.78296 -3.32086 9.7
      vertex -7.60109 -1.51195 9.7
    endloop
  endfacet
  facet normal -0 0 -1
    outer loop
      vertex -7.60109 -1.51195 9.7
      vertex -9.78296 -3.32086 9.7
      vertex -7.6837 -1.01158 9.7
    endloop
  endfacet
  facet normal 0 -0 -1
    outer loop
      vertex -10.3107 -5.08466 9.7
      vertex -6.14849 -4.7179 9.7
      vertex -10.7127 -6.185 9.7
    endloop
  endfacet
  facet normal 0 0 -1
    outer loop
      vertex 13.0429 -5.40253 9.7
      vertex 13.0738 -3.50311 9.7
      vertex 13.6441 -4.63153 9.7
    endloop
  endfacet
  facet normal 0 0 -1
    outer loop
      vertex 11.8779 -5.85756 9.7
      vertex 13.0738 -3.50311 9.7
      vertex 13.0429 -5.40253 9.7
    endloop
  endfacet
  facet normal -0 0 -1
    outer loop
      vertex 13.0738 -3.50311 9.7
      vertex 11.8779 -5.85756 9.7
      vertex 12.418 -2.47008 9.7
    endloop
  endfacet
  facet normal 0 0 -1
    outer loop
      vertex 10.7127 -6.185 9.7
      vertex 12.418 -2.47008 9.7
      vertex 11.8779 -5.85756 9.7
    endloop
  endfacet
  facet normal -0 0 -1
    outer loop
      vertex 12.418 -2.47008 9.7
      vertex 10.7127 -6.185 9.7
      vertex 11.6866 -1.53857 9.7
    endloop
  endfacet
  facet normal 0 0 -1
    outer loop
      vertex 9.55878 -6.38696 9.7
      vertex 11.6866 -1.53857 9.7
      vertex 10.7127 -6.185 9.7
    endloop
  endfacet
  facet normal -0 0 -1
    outer loop
      vertex 11.6866 -1.53857 9.7
      vertex 9.55878 -6.38696 9.7
      vertex 10.8904 -0.713791 9.7
    endloop
  endfacet
  facet normal 0 0 -1
    outer loop
      vertex 8.42738 -6.46657 9.7
      vertex 10.8904 -0.713791 9.7
      vertex 9.55878 -6.38696 9.7
    endloop
  endfacet
  facet normal 0 0 -1
    outer loop
      vertex 13.0738 3.50311 9.7
      vertex 13.0429 5.40253 9.7
      vertex 13.6441 4.63153 9.7
    endloop
  endfacet
  facet normal 0 0 -1
    outer loop
      vertex 11.8779 5.85756 9.7
      vertex 13.0738 3.50311 9.7
      vertex 12.418 2.47008 9.7
    endloop
  endfacet
  facet normal 0 0 -1
    outer loop
      vertex 13.0738 3.50311 9.7
      vertex 11.8779 5.85756 9.7
      vertex 13.0429 5.40253 9.7
    endloop
  endfacet
  facet normal 0 0 -1
    outer loop
      vertex 10.7127 6.185 9.7
      vertex 12.418 2.47008 9.7
      vertex 11.6866 1.53857 9.7
    endloop
  endfacet
  facet normal 0 0 -1
    outer loop
      vertex 7.60109 1.51195 9.7
      vertex 10.04 0 9.7
      vertex 7.6837 1.01158 9.7
    endloop
  endfacet
  facet normal 0 0 -1
    outer loop
      vertex 12.418 2.47008 9.7
      vertex 10.7127 6.185 9.7
      vertex 11.8779 5.85756 9.7
    endloop
  endfacet
  facet normal 0 0 -1
    outer loop
      vertex 7.73341 0.506874 9.7
      vertex 10.04 0 9.7
      vertex 7.75 0 9.7
    endloop
  endfacet
  facet normal 0 0 -1
    outer loop
      vertex 11.6866 1.53857 9.7
      vertex 9.55878 6.38696 9.7
      vertex 10.7127 6.185 9.7
    endloop
  endfacet
  facet normal 0 0 -1
    outer loop
      vertex 7.75 0 9.7
      vertex 10.8904 -0.713791 9.7
      vertex 8.42738 -6.46657 9.7
    endloop
  endfacet
  facet normal 0 0 -1
    outer loop
      vertex 6.14849 -4.7179 9.7
      vertex 8.42738 -6.46657 9.7
      vertex 7.76744 -6.81186 9.7
    endloop
  endfacet
  facet normal 0 0 -1
    outer loop
      vertex 10.04 0 9.7
      vertex 7.60109 1.51195 9.7
      vertex 10.8904 0.713791 9.7
    endloop
  endfacet
  facet normal 0 0 -1
    outer loop
      vertex 10.8904 -0.713791 9.7
      vertex 7.75 0 9.7
      vertex 10.04 0 9.7
    endloop
  endfacet
  facet normal 0 0 -1
    outer loop
      vertex 7.6837 1.01158 9.7
      vertex 10.04 0 9.7
      vertex 7.73341 0.506874 9.7
    endloop
  endfacet
  facet normal 0 0 -1
    outer loop
      vertex 4.30567 6.44389 9.7
      vertex 7.96407 9.08128 9.7
      vertex 7.92313 7.92313 9.7
    endloop
  endfacet
  facet normal 0 0 -1
    outer loop
      vertex 4.7179 6.14849 9.7
      vertex 7.92313 7.92313 9.7
      vertex 7.76744 6.81186 9.7
    endloop
  endfacet
  facet normal 0 0 -1
    outer loop
      vertex 10.8904 0.713791 9.7
      vertex 7.48592 2.00585 9.7
      vertex 11.6866 1.53857 9.7
    endloop
  endfacet
  facet normal 0 0 -1
    outer loop
      vertex 7.33871 2.49116 9.7
      vertex 11.6866 1.53857 9.7
      vertex 7.48592 2.00585 9.7
    endloop
  endfacet
  facet normal 0 0 -1
    outer loop
      vertex 7.96407 9.08128 9.7
      vertex 4.30567 6.44389 9.7
      vertex 3.875 6.7117 9.7
    endloop
  endfacet
  facet normal 0 0 -1
    outer loop
      vertex 11.6866 1.53857 9.7
      vertex 7.33871 2.49116 9.7
      vertex 9.55878 6.38696 9.7
    endloop
  endfacet
  facet normal 0 0 -1
    outer loop
      vertex 7.16007 2.9658 9.7
      vertex 9.55878 6.38696 9.7
      vertex 7.33871 2.49116 9.7
    endloop
  endfacet
  facet normal 0 0 -1
    outer loop
      vertex 6.95076 3.42774 9.7
      vertex 9.55878 6.38696 9.7
      vertex 7.16007 2.9658 9.7
    endloop
  endfacet
  facet normal -0 0 -1
    outer loop
      vertex 9.55878 6.38696 9.7
      vertex 6.95076 3.42774 9.7
      vertex 8.42738 6.46657 9.7
    endloop
  endfacet
  facet normal 0 0 -1
    outer loop
      vertex 6.7117 3.875 9.7
      vertex 8.42738 6.46657 9.7
      vertex 6.95076 3.42774 9.7
    endloop
  endfacet
  facet normal 0 0 -1
    outer loop
      vertex 6.44389 4.30567 9.7
      vertex 8.42738 6.46657 9.7
      vertex 6.7117 3.875 9.7
    endloop
  endfacet
  facet normal 0 0 -1
    outer loop
      vertex 6.14849 4.7179 9.7
      vertex 8.42738 6.46657 9.7
      vertex 6.44389 4.30567 9.7
    endloop
  endfacet
  facet normal -0 0 -1
    outer loop
      vertex 8.42738 6.46657 9.7
      vertex 6.14849 4.7179 9.7
      vertex 7.76744 6.81186 9.7
    endloop
  endfacet
  facet normal 0 0 -1
    outer loop
      vertex 5.82676 5.10993 9.7
      vertex 7.76744 6.81186 9.7
      vertex 6.14849 4.7179 9.7
    endloop
  endfacet
  facet normal 0 0 -1
    outer loop
      vertex 5.48008 5.48008 9.7
      vertex 7.76744 6.81186 9.7
      vertex 5.82676 5.10993 9.7
    endloop
  endfacet
  facet normal 0 0 -1
    outer loop
      vertex 5.10993 5.82676 9.7
      vertex 7.76744 6.81186 9.7
      vertex 5.48008 5.48008 9.7
    endloop
  endfacet
  facet normal 0 0 -1
    outer loop
      vertex 4.7179 6.14849 9.7
      vertex 7.76744 6.81186 9.7
      vertex 5.10993 5.82676 9.7
    endloop
  endfacet
  facet normal 0 0 -1
    outer loop
      vertex 7.92313 7.92313 9.7
      vertex 4.7179 6.14849 9.7
      vertex 4.30567 6.44389 9.7
    endloop
  endfacet
  facet normal 0 0 -1
    outer loop
      vertex 7.68144 11.4961 9.7
      vertex 6.11519 12.4004 9.7
      vertex 7.34999 12.7306 9.7
    endloop
  endfacet
  facet normal 0 -0 -1
    outer loop
      vertex 3.88258 11.4377 9.7
      vertex 7.96407 9.08128 9.7
      vertex 3.875 6.7117 9.7
    endloop
  endfacet
  facet normal 0 0 -1
    outer loop
      vertex 7.68144 11.4961 9.7
      vertex 4.9567 11.9665 9.7
      vertex 6.11519 12.4004 9.7
    endloop
  endfacet
  facet normal 0 0 -1
    outer loop
      vertex 7.88498 10.2759 9.7
      vertex 4.9567 11.9665 9.7
      vertex 7.68144 11.4961 9.7
    endloop
  endfacet
  facet normal 0 0 -1
    outer loop
      vertex 7.88498 10.2759 9.7
      vertex 3.88258 11.4377 9.7
      vertex 4.9567 11.9665 9.7
    endloop
  endfacet
  facet normal 0 0 -1
    outer loop
      vertex 7.96407 9.08128 9.7
      vertex 3.88258 11.4377 9.7
      vertex 7.88498 10.2759 9.7
    endloop
  endfacet
  facet normal 0 0 -1
    outer loop
      vertex 3.42774 6.95076 9.7
      vertex 3.88258 11.4377 9.7
      vertex 3.875 6.7117 9.7
    endloop
  endfacet
  facet normal 0 0 -1
    outer loop
      vertex 2.90005 10.8232 9.7
      vertex 3.42774 6.95076 9.7
      vertex 2.9658 7.16007 9.7
    endloop
  endfacet
  facet normal 0 0 -1
    outer loop
      vertex 3.42774 6.95076 9.7
      vertex 2.90005 10.8232 9.7
      vertex 3.88258 11.4377 9.7
    endloop
  endfacet
  facet normal 0 0 -1
    outer loop
      vertex 2.01552 10.1327 9.7
      vertex 2.9658 7.16007 9.7
      vertex 2.49116 7.33871 9.7
    endloop
  endfacet
  facet normal 0 0 -1
    outer loop
      vertex 2.9658 7.16007 9.7
      vertex 2.01552 10.1327 9.7
      vertex 2.90005 10.8232 9.7
    endloop
  endfacet
  facet normal 0 0 -1
    outer loop
      vertex 2.00585 7.48592 9.7
      vertex 2.01552 10.1327 9.7
      vertex 2.49116 7.33871 9.7
    endloop
  endfacet
  facet normal 0 0 -1
    outer loop
      vertex 1.51195 7.60109 9.7
      vertex 2.01552 10.1327 9.7
      vertex 2.00585 7.48592 9.7
    endloop
  endfacet
  facet normal 0 0 -1
    outer loop
      vertex 1.01158 7.6837 9.7
      vertex 2.01552 10.1327 9.7
      vertex 1.51195 7.60109 9.7
    endloop
  endfacet
  facet normal -0 0 -1
    outer loop
      vertex 2.01552 10.1327 9.7
      vertex 1.01158 7.6837 9.7
      vertex 1.38651 10.5316 9.7
    endloop
  endfacet
  facet normal 0 0 -1
    outer loop
      vertex 0.506874 7.73341 9.7
      vertex 1.38651 10.5316 9.7
      vertex 1.01158 7.6837 9.7
    endloop
  endfacet
  facet normal 0 0 -1
    outer loop
      vertex 0 7.75 9.7
      vertex 1.38651 10.5316 9.7
      vertex 0.506874 7.73341 9.7
    endloop
  endfacet
  facet normal 0 0 -1
    outer loop
      vertex -0.506874 7.73341 9.7
      vertex 1.38651 10.5316 9.7
      vertex 0 7.75 9.7
    endloop
  endfacet
  facet normal -0 0 -1
    outer loop
      vertex 1.38651 10.5316 9.7
      vertex -0.506874 7.73341 9.7
      vertex 0.751877 11.4716 9.7
    endloop
  endfacet
  facet normal 0 0 -1
    outer loop
      vertex -1.01158 7.6837 9.7
      vertex 0.751877 11.4716 9.7
      vertex -0.506874 7.73341 9.7
    endloop
  endfacet
  facet normal -0 0 -1
    outer loop
      vertex 0.751877 11.4716 9.7
      vertex -1.01158 7.6837 9.7
      vertex 0 12.37 9.7
    endloop
  endfacet
  facet normal 0 0 -1
    outer loop
      vertex -1.51195 7.60109 9.7
      vertex 0 12.37 9.7
      vertex -1.01158 7.6837 9.7
    endloop
  endfacet
  facet normal 0 0 -1
    outer loop
      vertex -4.51088 10.8902 9.7
      vertex 0 12.37 9.7
      vertex -1.51195 7.60109 9.7
    endloop
  endfacet
  facet normal -0 0 -1
    outer loop
      vertex 0 12.37 9.7
      vertex -4.06982 11.9893 9.7
      vertex -0.86618 13.2154 9.7
    endloop
  endfacet
  facet normal 0 0 -1
    outer loop
      vertex -4.51088 10.8902 9.7
      vertex -1.51195 7.60109 9.7
      vertex -2.00585 7.48592 9.7
    endloop
  endfacet
  facet normal 0 0 -1
    outer loop
      vertex -4.82703 9.78824 9.7
      vertex -2.00585 7.48592 9.7
      vertex -2.49116 7.33871 9.7
    endloop
  endfacet
  facet normal 0 -0 -1
    outer loop
      vertex -3.50311 13.0738 9.7
      vertex -0.86618 13.2154 9.7
      vertex -4.06982 11.9893 9.7
    endloop
  endfacet
  facet normal 0 0 -1
    outer loop
      vertex -5.01999 8.69489 9.7
      vertex -2.49116 7.33871 9.7
      vertex -2.9658 7.16007 9.7
    endloop
  endfacet
  facet normal 0 0 -1
    outer loop
      vertex -5.01999 8.69489 9.7
      vertex -2.9658 7.16007 9.7
      vertex -3.42774 6.95076 9.7
    endloop
  endfacet
  facet normal -0 0 -1
    outer loop
      vertex -1.8427 13.9967 9.7
      vertex -3.50311 13.0738 9.7
      vertex -2.811 14.1319 9.7
    endloop
  endfacet
  facet normal 0 0 -1
    outer loop
      vertex -5.01999 8.69489 9.7
      vertex -3.42774 6.95076 9.7
      vertex -3.875 6.7117 9.7
    endloop
  endfacet
  facet normal -0 0 -1
    outer loop
      vertex -0.86618 13.2154 9.7
      vertex -3.50311 13.0738 9.7
      vertex -1.8427 13.9967 9.7
    endloop
  endfacet
  facet normal 0 0 -1
    outer loop
      vertex -5.01999 8.69489 9.7
      vertex -3.875 6.7117 9.7
      vertex -4.30567 6.44389 9.7
    endloop
  endfacet
  facet normal 0 0 -1
    outer loop
      vertex 0 12.37 9.7
      vertex -4.51088 10.8902 9.7
      vertex -4.06982 11.9893 9.7
    endloop
  endfacet
  facet normal 0 0 -1
    outer loop
      vertex -5.01999 8.69489 9.7
      vertex -4.30567 6.44389 9.7
      vertex -4.7179 6.14849 9.7
    endloop
  endfacet
  facet normal 0 0 -1
    outer loop
      vertex -2.00585 7.48592 9.7
      vertex -4.82703 9.78824 9.7
      vertex -4.51088 10.8902 9.7
    endloop
  endfacet
  facet normal 0 0 -1
    outer loop
      vertex -2.49116 7.33871 9.7
      vertex -5.01999 8.69489 9.7
      vertex -4.82703 9.78824 9.7
    endloop
  endfacet
  facet normal 0 0 -1
    outer loop
      vertex -5.10993 5.82676 9.7
      vertex -5.01999 8.69489 9.7
      vertex -4.7179 6.14849 9.7
    endloop
  endfacet
  facet normal 0 0 -1
    outer loop
      vertex -6.06335 9.07445 9.7
      vertex -5.10993 5.82676 9.7
      vertex -5.48008 5.48008 9.7
    endloop
  endfacet
  facet normal 0 0 -1
    outer loop
      vertex -7.17577 9.35164 9.7
      vertex -5.48008 5.48008 9.7
      vertex -5.82676 5.10993 9.7
    endloop
  endfacet
  facet normal 0 0 -1
    outer loop
      vertex -5.10993 5.82676 9.7
      vertex -6.06335 9.07445 9.7
      vertex -5.01999 8.69489 9.7
    endloop
  endfacet
  facet normal 0 0 -1
    outer loop
      vertex -7.17577 9.35164 9.7
      vertex -5.82676 5.10993 9.7
      vertex -6.14849 4.7179 9.7
    endloop
  endfacet
  facet normal 0 0 -1
    outer loop
      vertex -10.3107 5.08466 9.7
      vertex -6.44389 4.30567 9.7
      vertex -9.8139 4.06505 9.7
    endloop
  endfacet
  facet normal 0 0 -1
    outer loop
      vertex -6.95076 3.42774 9.7
      vertex -9.8139 4.06505 9.7
      vertex -6.7117 3.875 9.7
    endloop
  endfacet
  facet normal 0 0 -1
    outer loop
      vertex -7.16007 2.9658 9.7
      vertex -9.8139 4.06505 9.7
      vertex -6.95076 3.42774 9.7
    endloop
  endfacet
  facet normal 0 0 -1
    outer loop
      vertex -9.8139 4.06505 9.7
      vertex -7.16007 2.9658 9.7
      vertex -9.78296 3.32086 9.7
    endloop
  endfacet
  facet normal 0 0 -1
    outer loop
      vertex -5.48008 5.48008 9.7
      vertex -7.17577 9.35164 9.7
      vertex -6.06335 9.07445 9.7
    endloop
  endfacet
  facet normal 0 0 -1
    outer loop
      vertex -9.78296 3.32086 9.7
      vertex -7.16007 2.9658 9.7
      vertex -7.33871 2.49116 9.7
    endloop
  endfacet
  facet normal 0 0 -1
    outer loop
      vertex -9.78296 3.32086 9.7
      vertex -7.33871 2.49116 9.7
      vertex -7.48592 2.00585 9.7
    endloop
  endfacet
  facet normal 0 0 -1
    outer loop
      vertex -9.78296 3.32086 9.7
      vertex -7.48592 2.00585 9.7
      vertex -7.60109 1.51195 9.7
    endloop
  endfacet
  facet normal 0 0 -1
    outer loop
      vertex -7.73341 0.506874 9.7
      vertex -9.78296 3.32086 9.7
      vertex -7.6837 1.01158 9.7
    endloop
  endfacet
  facet normal 0 0 -1
    outer loop
      vertex -7.75 0 9.7
      vertex -9.78296 3.32086 9.7
      vertex -7.73341 0.506874 9.7
    endloop
  endfacet
  facet normal 0 0 -1
    outer loop
      vertex -10.8232 -2.90005 9.7
      vertex -7.6837 -1.01158 9.7
      vertex -9.78296 -3.32086 9.7
    endloop
  endfacet
  facet normal 0 0 -1
    outer loop
      vertex -6.14849 4.7179 9.7
      vertex -8.34813 9.51923 9.7
      vertex -7.17577 9.35164 9.7
    endloop
  endfacet
  facet normal -0 0 -1
    outer loop
      vertex -7.6837 -1.01158 9.7
      vertex -10.8232 -2.90005 9.7
      vertex -7.73341 -0.506874 9.7
    endloop
  endfacet
  facet normal 0 0 -1
    outer loop
      vertex -11.0118 -7.35782 9.7
      vertex -8.34813 -9.51923 9.7
      vertex -9.57068 -9.57068 9.7
    endloop
  endfacet
  facet normal 0 0 -1
    outer loop
      vertex -7.6837 1.01158 9.7
      vertex -9.78296 3.32086 9.7
      vertex -7.60109 1.51195 9.7
    endloop
  endfacet
  facet normal 0 0 -1
    outer loop
      vertex -6.7117 3.875 9.7
      vertex -9.8139 4.06505 9.7
      vertex -6.44389 4.30567 9.7
    endloop
  endfacet
  facet normal 0 0 -1
    outer loop
      vertex -11.8466 -2.35645 9.7
      vertex -7.73341 -0.506874 9.7
      vertex -10.8232 -2.90005 9.7
    endloop
  endfacet
  facet normal -0 0 -1
    outer loop
      vertex -6.44389 -4.30567 9.7
      vertex -10.3107 -5.08466 9.7
      vertex -9.8139 -4.06505 9.7
    endloop
  endfacet
  facet normal -0 0 -1
    outer loop
      vertex -6.14849 -4.7179 9.7
      vertex -10.3107 -5.08466 9.7
      vertex -6.44389 -4.30567 9.7
    endloop
  endfacet
  facet normal 0 0 -1
    outer loop
      vertex -11.2002 -8.59418 9.7
      vertex -9.57068 -9.57068 9.7
      vertex -10.8331 -9.50034 9.7
    endloop
  endfacet
  facet normal 0 0 -1
    outer loop
      vertex -8.34813 -9.51923 9.7
      vertex -11.0118 -7.35782 9.7
      vertex -10.7127 -6.185 9.7
    endloop
  endfacet
  facet normal 0 0 -1
    outer loop
      vertex -9.57068 -9.57068 9.7
      vertex -11.2002 -8.59418 9.7
      vertex -11.0118 -7.35782 9.7
    endloop
  endfacet
  facet normal -0.528071 0.8492 0
    outer loop
      vertex -3.875 6.7117 7.8
      vertex -4.30567 6.44389 9.7
      vertex -3.875 6.7117 9.7
    endloop
  endfacet
  facet normal -0.528071 0.8492 0
    outer loop
      vertex -4.30567 6.44389 9.7
      vertex -3.875 6.7117 7.8
      vertex -4.30567 6.44389 7.8
    endloop
  endfacet
  facet normal -0.41272 0.910858 0
    outer loop
      vertex -2.9658 7.16007 7.8
      vertex -3.42774 6.95076 9.7
      vertex -2.9658 7.16007 9.7
    endloop
  endfacet
  facet normal -0.41272 0.910858 0
    outer loop
      vertex -3.42774 6.95076 9.7
      vertex -2.9658 7.16007 7.8
      vertex -3.42774 6.95076 7.8
    endloop
  endfacet
  facet normal -0.634392 0.773011 0
    outer loop
      vertex -4.7179 6.14849 7.8
      vertex -5.10993 5.82676 9.7
      vertex -4.7179 6.14849 9.7
    endloop
  endfacet
  facet normal -0.634392 0.773011 0
    outer loop
      vertex -5.10993 5.82676 9.7
      vertex -4.7179 6.14849 7.8
      vertex -5.10993 5.82676 7.8
    endloop
  endfacet
  facet normal -0.0327125 0.999465 0
    outer loop
      vertex 0 7.75 7.8
      vertex -0.506874 7.73341 9.7
      vertex 0 7.75 9.7
    endloop
  endfacet
  facet normal -0.0327125 0.999465 0
    outer loop
      vertex -0.506874 7.73341 9.7
      vertex 0 7.75 7.8
      vertex -0.506874 7.73341 7.8
    endloop
  endfacet
  facet normal 0.986644 -0.162893 0
    outer loop
      vertex 7.60109 -1.51195 9.7
      vertex 7.6837 -1.01158 7.8
      vertex 7.6837 -1.01158 9.7
    endloop
  endfacet
  facet normal 0.986644 -0.162893 0
    outer loop
      vertex 7.6837 -1.01158 7.8
      vertex 7.60109 -1.51195 9.7
      vertex 7.60109 -1.51195 7.8
    endloop
  endfacet
  facet normal 0.0327125 -0.999465 0
    outer loop
      vertex 0 -7.75 7.8
      vertex 0.506874 -7.73341 9.7
      vertex 0 -7.75 9.7
    endloop
  endfacet
  facet normal 0.0327125 -0.999465 0
    outer loop
      vertex 0.506874 -7.73341 9.7
      vertex 0 -7.75 7.8
      vertex 0.506874 -7.73341 7.8
    endloop
  endfacet
  facet normal 0.471388 -0.881926 0
    outer loop
      vertex 3.42774 -6.95076 7.8
      vertex 3.875 -6.7117 9.7
      vertex 3.42774 -6.95076 9.7
    endloop
  endfacet
  facet normal 0.471388 -0.881926 0
    outer loop
      vertex 3.875 -6.7117 9.7
      vertex 3.42774 -6.95076 7.8
      vertex 3.875 -6.7117 7.8
    endloop
  endfacet
  facet normal 0.634392 -0.773011 0
    outer loop
      vertex 4.7179 -6.14849 7.8
      vertex 5.10993 -5.82676 9.7
      vertex 4.7179 -6.14849 9.7
    endloop
  endfacet
  facet normal 0.634392 -0.773011 0
    outer loop
      vertex 5.10993 -5.82676 9.7
      vertex 4.7179 -6.14849 7.8
      vertex 5.10993 -5.82676 7.8
    endloop
  endfacet
  facet normal 0.773011 -0.634392 0
    outer loop
      vertex 5.82676 -5.10993 9.7
      vertex 6.14849 -4.7179 7.8
      vertex 6.14849 -4.7179 9.7
    endloop
  endfacet
  facet normal 0.773011 -0.634392 0
    outer loop
      vertex 6.14849 -4.7179 7.8
      vertex 5.82676 -5.10993 9.7
      vertex 5.82676 -5.10993 7.8
    endloop
  endfacet
  facet normal -0.683589 -0.729867 0
    outer loop
      vertex -5.48008 -5.48008 7.8
      vertex -5.10993 -5.82676 9.7
      vertex -5.48008 -5.48008 9.7
    endloop
  endfacet
  facet normal -0.683589 -0.729867 -0
    outer loop
      vertex -5.10993 -5.82676 9.7
      vertex -5.48008 -5.48008 7.8
      vertex -5.10993 -5.82676 7.8
    endloop
  endfacet
  facet normal -0.910858 -0.41272 0
    outer loop
      vertex -6.95076 -3.42774 7.8
      vertex -7.16007 -2.9658 9.7
      vertex -7.16007 -2.9658 7.8
    endloop
  endfacet
  facet normal -0.910858 -0.41272 0
    outer loop
      vertex -7.16007 -2.9658 9.7
      vertex -6.95076 -3.42774 7.8
      vertex -6.95076 -3.42774 9.7
    endloop
  endfacet
  facet normal -0.935907 -0.352247 0
    outer loop
      vertex -7.16007 -2.9658 7.8
      vertex -7.33871 -2.49116 9.7
      vertex -7.33871 -2.49116 7.8
    endloop
  endfacet
  facet normal -0.935907 -0.352247 0
    outer loop
      vertex -7.33871 -2.49116 9.7
      vertex -7.16007 -2.9658 7.8
      vertex -7.16007 -2.9658 9.7
    endloop
  endfacet
  facet normal -0.999465 -0.0327125 0
    outer loop
      vertex -7.73341 -0.506874 7.8
      vertex -7.75 0 9.7
      vertex -7.75 0 7.8
    endloop
  endfacet
  facet normal -0.999465 -0.0327125 0
    outer loop
      vertex -7.75 0 9.7
      vertex -7.73341 -0.506874 7.8
      vertex -7.73341 -0.506874 9.7
    endloop
  endfacet
  facet normal 0.986644 0.162893 0
    outer loop
      vertex 7.6837 1.01158 9.7
      vertex 7.60109 1.51195 7.8
      vertex 7.60109 1.51195 9.7
    endloop
  endfacet
  facet normal 0.986644 0.162893 0
    outer loop
      vertex 7.60109 1.51195 7.8
      vertex 7.6837 1.01158 9.7
      vertex 7.6837 1.01158 7.8
    endloop
  endfacet
  facet normal 0.995185 0.0980187 0
    outer loop
      vertex 7.73341 0.506874 9.7
      vertex 7.6837 1.01158 7.8
      vertex 7.6837 1.01158 9.7
    endloop
  endfacet
  facet normal 0.995185 0.0980187 0
    outer loop
      vertex 7.6837 1.01158 7.8
      vertex 7.73341 0.506874 9.7
      vertex 7.73341 0.506874 7.8
    endloop
  endfacet
  facet normal 0.935907 0.352247 0
    outer loop
      vertex 7.33871 2.49116 9.7
      vertex 7.16007 2.9658 7.8
      vertex 7.16007 2.9658 9.7
    endloop
  endfacet
  facet normal 0.935907 0.352247 0
    outer loop
      vertex 7.16007 2.9658 7.8
      vertex 7.33871 2.49116 9.7
      vertex 7.33871 2.49116 7.8
    endloop
  endfacet
  facet normal 0.812847 0.582478 0
    outer loop
      vertex 6.44389 4.30567 9.7
      vertex 6.14849 4.7179 7.8
      vertex 6.14849 4.7179 9.7
    endloop
  endfacet
  facet normal 0.812847 0.582478 0
    outer loop
      vertex 6.14849 4.7179 7.8
      vertex 6.44389 4.30567 9.7
      vertex 6.44389 4.30567 7.8
    endloop
  endfacet
  facet normal 0.8492 0.528071 0
    outer loop
      vertex 6.7117 3.875 9.7
      vertex 6.44389 4.30567 7.8
      vertex 6.44389 4.30567 9.7
    endloop
  endfacet
  facet normal 0.8492 0.528071 0
    outer loop
      vertex 6.44389 4.30567 7.8
      vertex 6.7117 3.875 9.7
      vertex 6.7117 3.875 7.8
    endloop
  endfacet
  facet normal 0.162893 0.986644 -0
    outer loop
      vertex 1.51195 7.60109 7.8
      vertex 1.01158 7.6837 9.7
      vertex 1.51195 7.60109 9.7
    endloop
  endfacet
  facet normal 0.162893 0.986644 0
    outer loop
      vertex 1.01158 7.6837 9.7
      vertex 1.51195 7.60109 7.8
      vertex 1.01158 7.6837 7.8
    endloop
  endfacet
  facet normal 0.0980187 0.995185 -0
    outer loop
      vertex 1.01158 7.6837 7.8
      vertex 0.506874 7.73341 9.7
      vertex 1.01158 7.6837 9.7
    endloop
  endfacet
  facet normal 0.0980187 0.995185 0
    outer loop
      vertex 0.506874 7.73341 9.7
      vertex 1.01158 7.6837 7.8
      vertex 0.506874 7.73341 7.8
    endloop
  endfacet
  facet normal 0.352247 0.935907 -0
    outer loop
      vertex 2.9658 7.16007 7.8
      vertex 2.49116 7.33871 9.7
      vertex 2.9658 7.16007 9.7
    endloop
  endfacet
  facet normal 0.352247 0.935907 0
    outer loop
      vertex 2.49116 7.33871 9.7
      vertex 2.9658 7.16007 7.8
      vertex 2.49116 7.33871 7.8
    endloop
  endfacet
  facet normal 0.528071 0.8492 -0
    outer loop
      vertex 4.30567 6.44389 7.8
      vertex 3.875 6.7117 9.7
      vertex 4.30567 6.44389 9.7
    endloop
  endfacet
  facet normal 0.528071 0.8492 0
    outer loop
      vertex 3.875 6.7117 9.7
      vertex 4.30567 6.44389 7.8
      vertex 3.875 6.7117 7.8
    endloop
  endfacet
  facet normal 0.582478 0.812847 -0
    outer loop
      vertex 4.7179 6.14849 7.8
      vertex 4.30567 6.44389 9.7
      vertex 4.7179 6.14849 9.7
    endloop
  endfacet
  facet normal 0.582478 0.812847 0
    outer loop
      vertex 4.30567 6.44389 9.7
      vertex 4.7179 6.14849 7.8
      vertex 4.30567 6.44389 7.8
    endloop
  endfacet
  facet normal -0.881926 0.471388 0
    outer loop
      vertex -6.95076 3.42774 7.8
      vertex -6.7117 3.875 9.7
      vertex -6.7117 3.875 7.8
    endloop
  endfacet
  facet normal -0.881926 0.471388 0
    outer loop
      vertex -6.7117 3.875 9.7
      vertex -6.95076 3.42774 7.8
      vertex -6.95076 3.42774 9.7
    endloop
  endfacet
  facet normal -0.956944 0.290272 0
    outer loop
      vertex -7.48592 2.00585 7.8
      vertex -7.33871 2.49116 9.7
      vertex -7.33871 2.49116 7.8
    endloop
  endfacet
  facet normal -0.956944 0.290272 0
    outer loop
      vertex -7.33871 2.49116 9.7
      vertex -7.48592 2.00585 7.8
      vertex -7.48592 2.00585 9.7
    endloop
  endfacet
  facet normal -0.986644 0.162893 0
    outer loop
      vertex -7.6837 1.01158 7.8
      vertex -7.60109 1.51195 9.7
      vertex -7.60109 1.51195 7.8
    endloop
  endfacet
  facet normal -0.986644 0.162893 0
    outer loop
      vertex -7.60109 1.51195 9.7
      vertex -7.6837 1.01158 7.8
      vertex -7.6837 1.01158 9.7
    endloop
  endfacet
  facet normal -0.995185 0.0980187 0
    outer loop
      vertex -7.73341 0.506874 7.8
      vertex -7.6837 1.01158 9.7
      vertex -7.6837 1.01158 7.8
    endloop
  endfacet
  facet normal -0.995185 0.0980187 0
    outer loop
      vertex -7.6837 1.01158 9.7
      vertex -7.73341 0.506874 7.8
      vertex -7.73341 0.506874 9.7
    endloop
  endfacet
  facet normal -0.471388 0.881926 0
    outer loop
      vertex -3.42774 6.95076 7.8
      vertex -3.875 6.7117 9.7
      vertex -3.42774 6.95076 9.7
    endloop
  endfacet
  facet normal -0.471388 0.881926 0
    outer loop
      vertex -3.875 6.7117 9.7
      vertex -3.42774 6.95076 7.8
      vertex -3.875 6.7117 7.8
    endloop
  endfacet
  facet normal -0.582478 0.812847 0
    outer loop
      vertex -4.30567 6.44389 7.8
      vertex -4.7179 6.14849 9.7
      vertex -4.30567 6.44389 9.7
    endloop
  endfacet
  facet normal -0.582478 0.812847 0
    outer loop
      vertex -4.7179 6.14849 9.7
      vertex -4.30567 6.44389 7.8
      vertex -4.7179 6.14849 7.8
    endloop
  endfacet
  facet normal -0.227092 0.973873 0
    outer loop
      vertex -1.51195 7.60109 7.8
      vertex -2.00585 7.48592 9.7
      vertex -1.51195 7.60109 9.7
    endloop
  endfacet
  facet normal -0.227092 0.973873 0
    outer loop
      vertex -2.00585 7.48592 9.7
      vertex -1.51195 7.60109 7.8
      vertex -2.00585 7.48592 7.8
    endloop
  endfacet
  facet normal -0.290272 0.956944 0
    outer loop
      vertex -2.00585 7.48592 7.8
      vertex -2.49116 7.33871 9.7
      vertex -2.00585 7.48592 9.7
    endloop
  endfacet
  facet normal -0.290272 0.956944 0
    outer loop
      vertex -2.49116 7.33871 9.7
      vertex -2.00585 7.48592 7.8
      vertex -2.49116 7.33871 7.8
    endloop
  endfacet
  facet normal -0.162893 0.986644 0
    outer loop
      vertex -1.01158 7.6837 7.8
      vertex -1.51195 7.60109 9.7
      vertex -1.01158 7.6837 9.7
    endloop
  endfacet
  facet normal -0.162893 0.986644 0
    outer loop
      vertex -1.51195 7.60109 9.7
      vertex -1.01158 7.6837 7.8
      vertex -1.51195 7.60109 7.8
    endloop
  endfacet
  facet normal 0.999465 -0.0327125 0
    outer loop
      vertex 7.73341 -0.506874 9.7
      vertex 7.75 0 7.8
      vertex 7.75 0 9.7
    endloop
  endfacet
  facet normal 0.999465 -0.0327125 0
    outer loop
      vertex 7.75 0 7.8
      vertex 7.73341 -0.506874 9.7
      vertex 7.73341 -0.506874 7.8
    endloop
  endfacet
  facet normal 0.0980187 -0.995185 0
    outer loop
      vertex 0.506874 -7.73341 7.8
      vertex 1.01158 -7.6837 9.7
      vertex 0.506874 -7.73341 9.7
    endloop
  endfacet
  facet normal 0.0980187 -0.995185 0
    outer loop
      vertex 1.01158 -7.6837 9.7
      vertex 0.506874 -7.73341 7.8
      vertex 1.01158 -7.6837 7.8
    endloop
  endfacet
  facet normal 0.352247 -0.935907 0
    outer loop
      vertex 2.49116 -7.33871 7.8
      vertex 2.9658 -7.16007 9.7
      vertex 2.49116 -7.33871 9.7
    endloop
  endfacet
  facet normal 0.352247 -0.935907 0
    outer loop
      vertex 2.9658 -7.16007 9.7
      vertex 2.49116 -7.33871 7.8
      vertex 2.9658 -7.16007 7.8
    endloop
  endfacet
  facet normal 0.41272 -0.910858 0
    outer loop
      vertex 2.9658 -7.16007 7.8
      vertex 3.42774 -6.95076 9.7
      vertex 2.9658 -7.16007 9.7
    endloop
  endfacet
  facet normal 0.41272 -0.910858 0
    outer loop
      vertex 3.42774 -6.95076 9.7
      vertex 2.9658 -7.16007 7.8
      vertex 3.42774 -6.95076 7.8
    endloop
  endfacet
  facet normal 0.729867 -0.683589 0
    outer loop
      vertex 5.48008 -5.48008 9.7
      vertex 5.82676 -5.10993 7.8
      vertex 5.82676 -5.10993 9.7
    endloop
  endfacet
  facet normal 0.729867 -0.683589 0
    outer loop
      vertex 5.82676 -5.10993 7.8
      vertex 5.48008 -5.48008 9.7
      vertex 5.48008 -5.48008 7.8
    endloop
  endfacet
  facet normal 0.528071 -0.8492 0
    outer loop
      vertex 3.875 -6.7117 7.8
      vertex 4.30567 -6.44389 9.7
      vertex 3.875 -6.7117 9.7
    endloop
  endfacet
  facet normal 0.528071 -0.8492 0
    outer loop
      vertex 4.30567 -6.44389 9.7
      vertex 3.875 -6.7117 7.8
      vertex 4.30567 -6.44389 7.8
    endloop
  endfacet
  facet normal 0.582478 -0.812847 0
    outer loop
      vertex 4.30567 -6.44389 7.8
      vertex 4.7179 -6.14849 9.7
      vertex 4.30567 -6.44389 9.7
    endloop
  endfacet
  facet normal 0.582478 -0.812847 0
    outer loop
      vertex 4.7179 -6.14849 9.7
      vertex 4.30567 -6.44389 7.8
      vertex 4.7179 -6.14849 7.8
    endloop
  endfacet
  facet normal 0.812847 -0.582478 0
    outer loop
      vertex 6.14849 -4.7179 9.7
      vertex 6.44389 -4.30567 7.8
      vertex 6.44389 -4.30567 9.7
    endloop
  endfacet
  facet normal 0.812847 -0.582478 0
    outer loop
      vertex 6.44389 -4.30567 7.8
      vertex 6.14849 -4.7179 9.7
      vertex 6.14849 -4.7179 7.8
    endloop
  endfacet
  facet normal 0.910858 -0.41272 0
    outer loop
      vertex 6.95076 -3.42774 9.7
      vertex 7.16007 -2.9658 7.8
      vertex 7.16007 -2.9658 9.7
    endloop
  endfacet
  facet normal 0.910858 -0.41272 0
    outer loop
      vertex 7.16007 -2.9658 7.8
      vertex 6.95076 -3.42774 9.7
      vertex 6.95076 -3.42774 7.8
    endloop
  endfacet
  facet normal 0.935907 -0.352247 0
    outer loop
      vertex 7.16007 -2.9658 9.7
      vertex 7.33871 -2.49116 7.8
      vertex 7.33871 -2.49116 9.7
    endloop
  endfacet
  facet normal 0.935907 -0.352247 0
    outer loop
      vertex 7.33871 -2.49116 7.8
      vertex 7.16007 -2.9658 9.7
      vertex 7.16007 -2.9658 7.8
    endloop
  endfacet
  facet normal 0.956944 -0.290272 0
    outer loop
      vertex 7.33871 -2.49116 9.7
      vertex 7.48592 -2.00585 7.8
      vertex 7.48592 -2.00585 9.7
    endloop
  endfacet
  facet normal 0.956944 -0.290272 0
    outer loop
      vertex 7.48592 -2.00585 7.8
      vertex 7.33871 -2.49116 9.7
      vertex 7.33871 -2.49116 7.8
    endloop
  endfacet
  facet normal -0.634392 -0.773011 0
    outer loop
      vertex -5.10993 -5.82676 7.8
      vertex -4.7179 -6.14849 9.7
      vertex -5.10993 -5.82676 9.7
    endloop
  endfacet
  facet normal -0.634392 -0.773011 -0
    outer loop
      vertex -4.7179 -6.14849 9.7
      vertex -5.10993 -5.82676 7.8
      vertex -4.7179 -6.14849 7.8
    endloop
  endfacet
  facet normal -0.41272 -0.910858 0
    outer loop
      vertex -3.42774 -6.95076 7.8
      vertex -2.9658 -7.16007 9.7
      vertex -3.42774 -6.95076 9.7
    endloop
  endfacet
  facet normal -0.41272 -0.910858 -0
    outer loop
      vertex -2.9658 -7.16007 9.7
      vertex -3.42774 -6.95076 7.8
      vertex -2.9658 -7.16007 7.8
    endloop
  endfacet
  facet normal -0.528071 -0.8492 0
    outer loop
      vertex -4.30567 -6.44389 7.8
      vertex -3.875 -6.7117 9.7
      vertex -4.30567 -6.44389 9.7
    endloop
  endfacet
  facet normal -0.528071 -0.8492 -0
    outer loop
      vertex -3.875 -6.7117 9.7
      vertex -4.30567 -6.44389 7.8
      vertex -3.875 -6.7117 7.8
    endloop
  endfacet
  facet normal -0.290272 -0.956944 0
    outer loop
      vertex -2.49116 -7.33871 7.8
      vertex -2.00585 -7.48592 9.7
      vertex -2.49116 -7.33871 9.7
    endloop
  endfacet
  facet normal -0.290272 -0.956944 -0
    outer loop
      vertex -2.00585 -7.48592 9.7
      vertex -2.49116 -7.33871 7.8
      vertex -2.00585 -7.48592 7.8
    endloop
  endfacet
  facet normal -0.162893 -0.986644 0
    outer loop
      vertex -1.51195 -7.60109 7.8
      vertex -1.01158 -7.6837 9.7
      vertex -1.51195 -7.60109 9.7
    endloop
  endfacet
  facet normal -0.162893 -0.986644 -0
    outer loop
      vertex -1.01158 -7.6837 9.7
      vertex -1.51195 -7.60109 7.8
      vertex -1.01158 -7.6837 7.8
    endloop
  endfacet
  facet normal -0.0327125 -0.999465 0
    outer loop
      vertex -0.506874 -7.73341 7.8
      vertex 0 -7.75 9.7
      vertex -0.506874 -7.73341 9.7
    endloop
  endfacet
  facet normal -0.0327125 -0.999465 -0
    outer loop
      vertex 0 -7.75 9.7
      vertex -0.506874 -7.73341 7.8
      vertex 0 -7.75 7.8
    endloop
  endfacet
  facet normal -0.812847 -0.582478 0
    outer loop
      vertex -6.14849 -4.7179 7.8
      vertex -6.44389 -4.30567 9.7
      vertex -6.44389 -4.30567 7.8
    endloop
  endfacet
  facet normal -0.812847 -0.582478 0
    outer loop
      vertex -6.44389 -4.30567 9.7
      vertex -6.14849 -4.7179 7.8
      vertex -6.14849 -4.7179 9.7
    endloop
  endfacet
  facet normal -0.8492 -0.528071 0
    outer loop
      vertex -6.44389 -4.30567 7.8
      vertex -6.7117 -3.875 9.7
      vertex -6.7117 -3.875 7.8
    endloop
  endfacet
  facet normal -0.8492 -0.528071 0
    outer loop
      vertex -6.7117 -3.875 9.7
      vertex -6.44389 -4.30567 7.8
      vertex -6.44389 -4.30567 9.7
    endloop
  endfacet
  facet normal -0.881926 -0.471388 0
    outer loop
      vertex -6.7117 -3.875 7.8
      vertex -6.95076 -3.42774 9.7
      vertex -6.95076 -3.42774 7.8
    endloop
  endfacet
  facet normal -0.881926 -0.471388 0
    outer loop
      vertex -6.95076 -3.42774 9.7
      vertex -6.7117 -3.875 7.8
      vertex -6.7117 -3.875 9.7
    endloop
  endfacet
  facet normal -0.956944 -0.290272 0
    outer loop
      vertex -7.33871 -2.49116 7.8
      vertex -7.48592 -2.00585 9.7
      vertex -7.48592 -2.00585 7.8
    endloop
  endfacet
  facet normal -0.956944 -0.290272 0
    outer loop
      vertex -7.48592 -2.00585 9.7
      vertex -7.33871 -2.49116 7.8
      vertex -7.33871 -2.49116 9.7
    endloop
  endfacet
  facet normal -0.973873 -0.227092 0
    outer loop
      vertex -7.48592 -2.00585 7.8
      vertex -7.60109 -1.51195 9.7
      vertex -7.60109 -1.51195 7.8
    endloop
  endfacet
  facet normal -0.973873 -0.227092 0
    outer loop
      vertex -7.60109 -1.51195 9.7
      vertex -7.48592 -2.00585 7.8
      vertex -7.48592 -2.00585 9.7
    endloop
  endfacet
  facet normal -0.995185 -0.0980187 0
    outer loop
      vertex -7.6837 -1.01158 7.8
      vertex -7.73341 -0.506874 9.7
      vertex -7.73341 -0.506874 7.8
    endloop
  endfacet
  facet normal -0.995185 -0.0980187 0
    outer loop
      vertex -7.73341 -0.506874 9.7
      vertex -7.6837 -1.01158 7.8
      vertex -7.6837 -1.01158 9.7
    endloop
  endfacet
  facet normal -0.986644 -0.162893 0
    outer loop
      vertex -7.60109 -1.51195 7.8
      vertex -7.6837 -1.01158 9.7
      vertex -7.6837 -1.01158 7.8
    endloop
  endfacet
  facet normal -0.986644 -0.162893 0
    outer loop
      vertex -7.6837 -1.01158 9.7
      vertex -7.60109 -1.51195 7.8
      vertex -7.60109 -1.51195 9.7
    endloop
  endfacet
  facet normal 0.729867 0.683589 0
    outer loop
      vertex 5.82676 5.10993 9.7
      vertex 5.48008 5.48008 7.8
      vertex 5.48008 5.48008 9.7
    endloop
  endfacet
  facet normal 0.729867 0.683589 0
    outer loop
      vertex 5.48008 5.48008 7.8
      vertex 5.82676 5.10993 9.7
      vertex 5.82676 5.10993 7.8
    endloop
  endfacet
  facet normal 0.41272 0.910858 -0
    outer loop
      vertex 3.42774 6.95076 7.8
      vertex 2.9658 7.16007 9.7
      vertex 3.42774 6.95076 9.7
    endloop
  endfacet
  facet normal 0.41272 0.910858 0
    outer loop
      vertex 2.9658 7.16007 9.7
      vertex 3.42774 6.95076 7.8
      vertex 2.9658 7.16007 7.8
    endloop
  endfacet
  facet normal -0.812847 0.582478 0
    outer loop
      vertex -6.44389 4.30567 7.8
      vertex -6.14849 4.7179 9.7
      vertex -6.14849 4.7179 7.8
    endloop
  endfacet
  facet normal -0.812847 0.582478 0
    outer loop
      vertex -6.14849 4.7179 9.7
      vertex -6.44389 4.30567 7.8
      vertex -6.44389 4.30567 9.7
    endloop
  endfacet
  facet normal -0.773011 0.634392 0
    outer loop
      vertex -6.14849 4.7179 7.8
      vertex -5.82676 5.10993 9.7
      vertex -5.82676 5.10993 7.8
    endloop
  endfacet
  facet normal -0.773011 0.634392 0
    outer loop
      vertex -5.82676 5.10993 9.7
      vertex -6.14849 4.7179 7.8
      vertex -6.14849 4.7179 9.7
    endloop
  endfacet
  facet normal -0.729867 0.683589 0
    outer loop
      vertex -5.82676 5.10993 7.8
      vertex -5.48008 5.48008 9.7
      vertex -5.48008 5.48008 7.8
    endloop
  endfacet
  facet normal -0.729867 0.683589 0
    outer loop
      vertex -5.48008 5.48008 9.7
      vertex -5.82676 5.10993 7.8
      vertex -5.82676 5.10993 9.7
    endloop
  endfacet
  facet normal 0.162893 -0.986644 0
    outer loop
      vertex 1.01158 -7.6837 7.8
      vertex 1.51195 -7.60109 9.7
      vertex 1.01158 -7.6837 9.7
    endloop
  endfacet
  facet normal 0.162893 -0.986644 0
    outer loop
      vertex 1.51195 -7.60109 9.7
      vertex 1.01158 -7.6837 7.8
      vertex 1.51195 -7.60109 7.8
    endloop
  endfacet
  facet normal 0.290272 -0.956944 0
    outer loop
      vertex 2.00585 -7.48592 7.8
      vertex 2.49116 -7.33871 9.7
      vertex 2.00585 -7.48592 9.7
    endloop
  endfacet
  facet normal 0.290272 -0.956944 0
    outer loop
      vertex 2.49116 -7.33871 9.7
      vertex 2.00585 -7.48592 7.8
      vertex 2.49116 -7.33871 7.8
    endloop
  endfacet
  facet normal 0.8492 -0.528071 0
    outer loop
      vertex 6.44389 -4.30567 9.7
      vertex 6.7117 -3.875 7.8
      vertex 6.7117 -3.875 9.7
    endloop
  endfacet
  facet normal 0.8492 -0.528071 0
    outer loop
      vertex 6.7117 -3.875 7.8
      vertex 6.44389 -4.30567 9.7
      vertex 6.44389 -4.30567 7.8
    endloop
  endfacet
  facet normal 0.995185 -0.0980187 0
    outer loop
      vertex 7.6837 -1.01158 9.7
      vertex 7.73341 -0.506874 7.8
      vertex 7.73341 -0.506874 9.7
    endloop
  endfacet
  facet normal 0.995185 -0.0980187 0
    outer loop
      vertex 7.73341 -0.506874 7.8
      vertex 7.6837 -1.01158 9.7
      vertex 7.6837 -1.01158 7.8
    endloop
  endfacet
  facet normal -0.582478 -0.812847 0
    outer loop
      vertex -4.7179 -6.14849 7.8
      vertex -4.30567 -6.44389 9.7
      vertex -4.7179 -6.14849 9.7
    endloop
  endfacet
  facet normal -0.582478 -0.812847 -0
    outer loop
      vertex -4.30567 -6.44389 9.7
      vertex -4.7179 -6.14849 7.8
      vertex -4.30567 -6.44389 7.8
    endloop
  endfacet
  facet normal -0.471388 -0.881926 0
    outer loop
      vertex -3.875 -6.7117 7.8
      vertex -3.42774 -6.95076 9.7
      vertex -3.875 -6.7117 9.7
    endloop
  endfacet
  facet normal -0.471388 -0.881926 -0
    outer loop
      vertex -3.42774 -6.95076 9.7
      vertex -3.875 -6.7117 7.8
      vertex -3.42774 -6.95076 7.8
    endloop
  endfacet
  facet normal -0.227092 -0.973873 0
    outer loop
      vertex -2.00585 -7.48592 7.8
      vertex -1.51195 -7.60109 9.7
      vertex -2.00585 -7.48592 9.7
    endloop
  endfacet
  facet normal -0.227092 -0.973873 -0
    outer loop
      vertex -1.51195 -7.60109 9.7
      vertex -2.00585 -7.48592 7.8
      vertex -1.51195 -7.60109 7.8
    endloop
  endfacet
  facet normal -0.0980187 -0.995185 0
    outer loop
      vertex -1.01158 -7.6837 7.8
      vertex -0.506874 -7.73341 9.7
      vertex -1.01158 -7.6837 9.7
    endloop
  endfacet
  facet normal -0.0980187 -0.995185 -0
    outer loop
      vertex -0.506874 -7.73341 9.7
      vertex -1.01158 -7.6837 7.8
      vertex -0.506874 -7.73341 7.8
    endloop
  endfacet
  facet normal -0.773011 -0.634392 0
    outer loop
      vertex -5.82676 -5.10993 7.8
      vertex -6.14849 -4.7179 9.7
      vertex -6.14849 -4.7179 7.8
    endloop
  endfacet
  facet normal -0.773011 -0.634392 0
    outer loop
      vertex -6.14849 -4.7179 9.7
      vertex -5.82676 -5.10993 7.8
      vertex -5.82676 -5.10993 9.7
    endloop
  endfacet
  facet normal 0 0 -1
    outer loop
      vertex 13.3277 -4.00545 12.61
      vertex 15.7215 -3.1272 12.61
      vertex 15.7745 -4.22676 12.61
    endloop
  endfacet
  facet normal -0 0 -1
    outer loop
      vertex 15.7215 -3.1272 12.61
      vertex 13.3277 -4.00545 12.61
      vertex 15.041 -1.98018 12.61
    endloop
  endfacet
  facet normal 0 0 -1
    outer loop
      vertex 15.041 -1.98018 12.61
      vertex 13.3277 -4.00545 12.61
      vertex 13.0738 -3.50311 12.61
    endloop
  endfacet
  facet normal 0 0 -1
    outer loop
      vertex 12.418 -2.47008 12.61
      vertex 15.041 -1.98018 12.61
      vertex 13.0738 -3.50311 12.61
    endloop
  endfacet
  facet normal -0 0 -1
    outer loop
      vertex 15.041 -1.98018 12.61
      vertex 12.418 -2.47008 12.61
      vertex 13.8561 -0.908173 12.61
    endloop
  endfacet
  facet normal 0 0 -1
    outer loop
      vertex 11.6866 -1.53857 12.61
      vertex 13.8561 -0.908173 12.61
      vertex 12.418 -2.47008 12.61
    endloop
  endfacet
  facet normal 0 0 -1
    outer loop
      vertex 10.8904 -0.713791 12.61
      vertex 13.8561 -0.908173 12.61
      vertex 11.6866 -1.53857 12.61
    endloop
  endfacet
  facet normal 0 0 -1
    outer loop
      vertex 10.8904 -0.713791 12.61
      vertex 10.3895 0 12.61
      vertex 13.8561 -0.908173 12.61
    endloop
  endfacet
  facet normal -0 -0 -1
    outer loop
      vertex 10.3895 0 12.61
      vertex 10.8904 -0.713791 12.61
      vertex 10.04 0 12.61
    endloop
  endfacet
  facet normal -0 0 -1
    outer loop
      vertex 13.8257 0.906174 12.61
      vertex 10.8904 0.713791 12.61
      vertex 11.5717 1.41948 12.61
    endloop
  endfacet
  facet normal 0 0 -1
    outer loop
      vertex 10.3895 0 12.61
      vertex 10.8904 0.713791 12.61
      vertex 13.8257 0.906174 12.61
    endloop
  endfacet
  facet normal 0 0 -1
    outer loop
      vertex 10.8904 0.713791 12.61
      vertex 10.3895 0 12.61
      vertex 10.04 0 12.61
    endloop
  endfacet
  facet normal -0 0 1
    outer loop
      vertex 6.12141 12.402 12.61
      vertex 7.67805 11.5087 12.61
      vertex 7.34999 12.7306 12.61
    endloop
  endfacet
  facet normal 0 0 1
    outer loop
      vertex 7.67805 11.5087 12.61
      vertex 6.12141 12.402 12.61
      vertex 5.19475 8.99756 12.61
    endloop
  endfacet
  facet normal 0 0 1
    outer loop
      vertex 7.67977 -11.5023 12.61
      vertex 6.12782 -12.4038 12.61
      vertex 7.34999 -12.7306 12.61
    endloop
  endfacet
  facet normal 0 -0 1
    outer loop
      vertex 6.12782 -12.4038 12.61
      vertex 7.67977 -11.5023 12.61
      vertex 5.19475 -8.99756 12.61
    endloop
  endfacet
  facet normal 0 0 1
    outer loop
      vertex 6.92755 -9.02815 12.61
      vertex 7.88498 -10.2759 12.61
      vertex 7.93981 -9.4476 12.61
    endloop
  endfacet
  facet normal 0 0 1
    outer loop
      vertex 7.88498 -10.2759 12.61
      vertex 6.92755 -9.02815 12.61
      vertex 7.68449 -11.4778 12.61
    endloop
  endfacet
  facet normal 0 0 -1
    outer loop
      vertex 7.69763 -11.5203 12.61
      vertex 7.68144 -11.4961 12.61
      vertex 7.68449 -11.4778 12.61
    endloop
  endfacet
  facet normal 0 -0 -1
    outer loop
      vertex 7.68144 -11.4961 12.61
      vertex 7.69763 -11.5203 12.61
      vertex 7.67977 -11.5023 12.61
    endloop
  endfacet
  facet normal 0 0 -1
    outer loop
      vertex 8.92799 -7.82964 12.61
      vertex 9.3153 -6.40409 12.61
      vertex 10.5994 -8.13319 12.61
    endloop
  endfacet
  facet normal 0 0 -1
    outer loop
      vertex 7.96407 -9.08128 12.61
      vertex 8.7469 -8.7469 12.61
      vertex 8.48256 -9.6725 12.61
    endloop
  endfacet
  facet normal 0 0 -1
    outer loop
      vertex 8.92799 -7.82964 12.61
      vertex 8.42738 -6.46657 12.61
      vertex 9.3153 -6.40409 12.61
    endloop
  endfacet
  facet normal 0 0 -1
    outer loop
      vertex 7.92313 -7.92313 12.61
      vertex 8.7469 -8.7469 12.61
      vertex 7.96407 -9.08128 12.61
    endloop
  endfacet
  facet normal 0 0 -1
    outer loop
      vertex 8.7469 -8.7469 12.61
      vertex 7.92313 -7.92313 12.61
      vertex 8.92799 -7.82964 12.61
    endloop
  endfacet
  facet normal 0 -0 -1
    outer loop
      vertex 7.96407 -9.08128 12.61
      vertex 8.48256 -9.6725 12.61
      vertex 7.93981 -9.4476 12.61
    endloop
  endfacet
  facet normal 0 0 -1
    outer loop
      vertex 7.76744 -6.81186 12.61
      vertex 8.92799 -7.82964 12.61
      vertex 7.92313 -7.92313 12.61
    endloop
  endfacet
  facet normal 0 0 -1
    outer loop
      vertex 8.92799 -7.82964 12.61
      vertex 7.76744 -6.81186 12.61
      vertex 8.42738 -6.46657 12.61
    endloop
  endfacet
  facet normal 0 0 1
    outer loop
      vertex 9.05023 -6.04716 12.61
      vertex 9.55878 -6.38696 12.61
      vertex 9.89267 -6.32853 12.61
    endloop
  endfacet
  facet normal 0 0 1
    outer loop
      vertex 9.55878 -6.38696 12.61
      vertex 9.05023 -6.04716 12.61
      vertex 9.3153 -6.40409 12.61
    endloop
  endfacet
  facet normal 0 0 1
    outer loop
      vertex 12.3432 -5.11273 12.61
      vertex 13.6441 -4.63153 12.61
      vertex 13.3277 -4.00545 12.61
    endloop
  endfacet
  facet normal 0 0 1
    outer loop
      vertex 13.6441 -4.63153 12.61
      vertex 12.3432 -5.11273 12.61
      vertex 13.0429 -5.40253 12.61
    endloop
  endfacet
  facet normal 0 -0 1
    outer loop
      vertex 12.3432 -5.11273 12.61
      vertex 13.3277 -4.00545 12.61
      vertex 11.2447 -3.81705 12.61
    endloop
  endfacet
  facet normal 0 0 1
    outer loop
      vertex 12.3432 -5.11273 12.61
      vertex 11.8779 -5.85756 12.61
      vertex 13.0429 -5.40253 12.61
    endloop
  endfacet
  facet normal 0 0 1
    outer loop
      vertex 12.3432 -5.11273 12.61
      vertex 11.166 -6.05761 12.61
      vertex 11.8779 -5.85756 12.61
    endloop
  endfacet
  facet normal 0 -0 1
    outer loop
      vertex 11.166 -6.05761 12.61
      vertex 12.3432 -5.11273 12.61
      vertex 9.76212 -4.81413 12.61
    endloop
  endfacet
  facet normal 0 0 -1
    outer loop
      vertex 12.4279 -7.17525 12.61
      vertex 10.7127 -6.185 12.61
      vertex 11.166 -6.05761 12.61
    endloop
  endfacet
  facet normal 0 -0 -1
    outer loop
      vertex 10.7127 -6.185 12.61
      vertex 12.4279 -7.17525 12.61
      vertex 9.89267 -6.32853 12.61
    endloop
  endfacet
  facet normal 0 0 1
    outer loop
      vertex 11.2824 1.48535 12.61
      vertex 11.6866 1.53857 12.61
      vertex 12.1937 2.18442 12.61
    endloop
  endfacet
  facet normal 0 0 1
    outer loop
      vertex 11.6866 1.53857 12.61
      vertex 11.2824 1.48535 12.61
      vertex 11.5717 1.41948 12.61
    endloop
  endfacet
  facet normal -0 0 1
    outer loop
      vertex 12.3432 5.11273 12.61
      vertex 13.6441 4.63153 12.61
      vertex 13.0429 5.40253 12.61
    endloop
  endfacet
  facet normal 0 0 1
    outer loop
      vertex 13.6441 4.63153 12.61
      vertex 12.3432 5.11273 12.61
      vertex 13.0738 3.50311 12.61
    endloop
  endfacet
  facet normal 0 0 1
    outer loop
      vertex 13.0738 3.50311 12.61
      vertex 12.3432 5.11273 12.61
      vertex 11.9485 3.20158 12.61
    endloop
  endfacet
  facet normal 0 0 1
    outer loop
      vertex 11.8779 5.85756 12.61
      vertex 12.3432 5.11273 12.61
      vertex 13.0429 5.40253 12.61
    endloop
  endfacet
  facet normal 0 0 1
    outer loop
      vertex 11.166 6.05761 12.61
      vertex 12.3432 5.11273 12.61
      vertex 11.8779 5.85756 12.61
    endloop
  endfacet
  facet normal 0 0 1
    outer loop
      vertex 12.3432 5.11273 12.61
      vertex 11.166 6.05761 12.61
      vertex 9.76212 4.81413 12.61
    endloop
  endfacet
  facet normal 0 0 1
    outer loop
      vertex 13.0738 3.50311 12.61
      vertex 11.9485 3.20158 12.61
      vertex 12.5124 2.61887 12.61
    endloop
  endfacet
  facet normal 0 -0 1
    outer loop
      vertex 11.9485 3.20158 12.61
      vertex 12.3432 5.11273 12.61
      vertex 11.2447 3.81705 12.61
    endloop
  endfacet
  facet normal -0 0 -1
    outer loop
      vertex 12.6179 2.50986 12.61
      vertex 12.418 2.47008 12.61
      vertex 12.5124 2.61887 12.61
    endloop
  endfacet
  facet normal 0 -0 -1
    outer loop
      vertex 12.418 2.47008 12.61
      vertex 12.6179 2.50986 12.61
      vertex 12.1937 2.18442 12.61
    endloop
  endfacet
  facet normal 0 0 1
    outer loop
      vertex 9.05023 6.04716 12.61
      vertex 9.55878 6.38696 12.61
      vertex 9.3153 6.40409 12.61
    endloop
  endfacet
  facet normal 0 0 1
    outer loop
      vertex 9.55878 6.38696 12.61
      vertex 9.05023 6.04716 12.61
      vertex 9.89267 6.32853 12.61
    endloop
  endfacet
  facet normal 0 0 -1
    outer loop
      vertex 10.7127 6.185 12.61
      vertex 12.4279 7.17525 12.61
      vertex 11.166 6.05761 12.61
    endloop
  endfacet
  facet normal 0 0 -1
    outer loop
      vertex 12.4279 7.17525 12.61
      vertex 10.7127 6.185 12.61
      vertex 9.89267 6.32853 12.61
    endloop
  endfacet
  facet normal 0 0 -1
    outer loop
      vertex 9.3153 6.40409 12.61
      vertex 8.92799 7.82964 12.61
      vertex 10.5994 8.13319 12.61
    endloop
  endfacet
  facet normal 0 -0 -1
    outer loop
      vertex 8.92799 7.82964 12.61
      vertex 9.3153 6.40409 12.61
      vertex 8.42738 6.46657 12.61
    endloop
  endfacet
  facet normal 0 0 -1
    outer loop
      vertex 7.88498 10.2759 12.61
      vertex 10.569 12.0516 12.61
      vertex 11.5478 11.5478 12.61
    endloop
  endfacet
  facet normal 0 0 -1
    outer loop
      vertex 7.96407 9.08128 12.61
      vertex 11.5478 11.5478 12.61
      vertex 8.92799 7.82964 12.61
    endloop
  endfacet
  facet normal 0 0 -1
    outer loop
      vertex 7.76744 6.81186 12.61
      vertex 8.92799 7.82964 12.61
      vertex 8.42738 6.46657 12.61
    endloop
  endfacet
  facet normal 0 0 -1
    outer loop
      vertex 7.88498 10.2759 12.61
      vertex 11.5478 11.5478 12.61
      vertex 7.96407 9.08128 12.61
    endloop
  endfacet
  facet normal 0 0 -1
    outer loop
      vertex 10.569 12.0516 12.61
      vertex 7.88498 10.2759 12.61
      vertex 9.23543 12.0358 12.61
    endloop
  endfacet
  facet normal 0 0 -1
    outer loop
      vertex 7.88498 10.2759 12.61
      vertex 7.71454 11.5456 12.61
      vertex 9.23543 12.0358 12.61
    endloop
  endfacet
  facet normal 0 0 -1
    outer loop
      vertex 7.68144 11.4961 12.61
      vertex 7.71454 11.5456 12.61
      vertex 7.88498 10.2759 12.61
    endloop
  endfacet
  facet normal 0 0 -1
    outer loop
      vertex 7.71454 11.5456 12.61
      vertex 7.68144 11.4961 12.61
      vertex 7.67805 11.5087 12.61
    endloop
  endfacet
  facet normal 0 0 -1
    outer loop
      vertex 8.92799 7.82964 12.61
      vertex 7.92313 7.92313 12.61
      vertex 7.96407 9.08128 12.61
    endloop
  endfacet
  facet normal -0 0 -1
    outer loop
      vertex 8.92799 7.82964 12.61
      vertex 7.76744 6.81186 12.61
      vertex 7.92313 7.92313 12.61
    endloop
  endfacet
  facet normal 0 0 -1
    outer loop
      vertex 3.88258 11.4377 12.61
      vertex 4.13535 12.1824 12.61
      vertex 4.21195 11.5999 12.61
    endloop
  endfacet
  facet normal 0 0 -1
    outer loop
      vertex 3.88258 11.4377 12.61
      vertex 3.20158 11.9485 12.61
      vertex 4.13535 12.1824 12.61
    endloop
  endfacet
  facet normal 0 0 -1
    outer loop
      vertex 2.90005 10.8232 12.61
      vertex 3.20158 11.9485 12.61
      vertex 3.88258 11.4377 12.61
    endloop
  endfacet
  facet normal 0 0 -1
    outer loop
      vertex 2.90005 10.8232 12.61
      vertex 2.31667 11.6467 12.61
      vertex 3.20158 11.9485 12.61
    endloop
  endfacet
  facet normal 0 0 -1
    outer loop
      vertex 2.01552 10.1327 12.61
      vertex 2.31667 11.6467 12.61
      vertex 2.90005 10.8232 12.61
    endloop
  endfacet
  facet normal 0 0 -1
    outer loop
      vertex 1.38651 10.5316 12.61
      vertex 2.31667 11.6467 12.61
      vertex 2.01552 10.1327 12.61
    endloop
  endfacet
  facet normal 0 0 -1
    outer loop
      vertex 0.888457 11.2693 12.61
      vertex 2.31667 11.6467 12.61
      vertex 1.38651 10.5316 12.61
    endloop
  endfacet
  facet normal -0 0 -1
    outer loop
      vertex 2.31667 11.6467 12.61
      vertex 0.888457 11.2693 12.61
      vertex 1.74385 13.2459 12.61
    endloop
  endfacet
  facet normal -0 0 1
    outer loop
      vertex 4.9567 11.9665 12.61
      vertex 4.35483 10.5135 12.61
      vertex 6.09783 12.3939 12.61
    endloop
  endfacet
  facet normal 0 -0 1
    outer loop
      vertex 4.35483 10.5135 12.61
      vertex 4.9567 11.9665 12.61
      vertex 4.21195 11.5999 12.61
    endloop
  endfacet
  facet normal 0 0 1
    outer loop
      vertex 0.751877 11.4716 12.61
      vertex 0.711884 10.8613 12.61
      vertex 0.888457 11.2693 12.61
    endloop
  endfacet
  facet normal 0 -0 1
    outer loop
      vertex 0.711884 10.8613 12.61
      vertex 0.751877 11.4716 12.61
      vertex 0.53433 11.7316 12.61
    endloop
  endfacet
  facet normal 0 0 -1
    outer loop
      vertex 6.11519 12.4004 12.61
      vertex 6.12807 12.4265 12.61
      vertex 6.12141 12.402 12.61
    endloop
  endfacet
  facet normal 0 0 -1
    outer loop
      vertex 6.12807 12.4265 12.61
      vertex 6.11519 12.4004 12.61
      vertex 6.09783 12.3939 12.61
    endloop
  endfacet
  facet normal 0 0 -1
    outer loop
      vertex -5.1525 15.1788 12.61
      vertex -3.195 13.5448 12.61
      vertex -3.50311 13.0738 12.61
    endloop
  endfacet
  facet normal 0 0 -1
    outer loop
      vertex -5.80562 14.016 12.61
      vertex -3.50311 13.0738 12.61
      vertex -4.06982 11.9893 12.61
    endloop
  endfacet
  facet normal 0 0 -1
    outer loop
      vertex -6.14153 12.4538 12.61
      vertex -4.06982 11.9893 12.61
      vertex -4.51088 10.8902 12.61
    endloop
  endfacet
  facet normal 0 0 -1
    outer loop
      vertex -6.14153 12.4538 12.61
      vertex -4.51088 10.8902 12.61
      vertex -4.82703 9.78824 12.61
    endloop
  endfacet
  facet normal 0 0 -1
    outer loop
      vertex -5.19475 8.99756 12.61
      vertex -4.82703 9.78824 12.61
      vertex -5.01999 8.69489 12.61
    endloop
  endfacet
  facet normal 0 0 -1
    outer loop
      vertex -6.14153 12.4538 12.61
      vertex -4.82703 9.78824 12.61
      vertex -5.19475 8.99756 12.61
    endloop
  endfacet
  facet normal 0 0 -1
    outer loop
      vertex -4.06982 11.9893 12.61
      vertex -6.14153 12.4538 12.61
      vertex -5.80562 14.016 12.61
    endloop
  endfacet
  facet normal 0 0 -1
    outer loop
      vertex -6.06335 9.07445 12.61
      vertex -5.19475 8.99756 12.61
      vertex -5.01999 8.69489 12.61
    endloop
  endfacet
  facet normal 0 0 -1
    outer loop
      vertex -7.69763 11.5203 12.61
      vertex -6.06335 9.07445 12.61
      vertex -7.01514 9.31161 12.61
    endloop
  endfacet
  facet normal 0 0 -1
    outer loop
      vertex -6.06335 9.07445 12.61
      vertex -7.69763 11.5203 12.61
      vertex -5.19475 8.99756 12.61
    endloop
  endfacet
  facet normal 0 0 -1
    outer loop
      vertex -3.50311 13.0738 12.61
      vertex -5.80562 14.016 12.61
      vertex -5.1525 15.1788 12.61
    endloop
  endfacet
  facet normal 0 0 -1
    outer loop
      vertex -3.195 13.5448 12.61
      vertex -5.1525 15.1788 12.61
      vertex -4.22676 15.7745 12.61
    endloop
  endfacet
  facet normal 0 0 1
    outer loop
      vertex -1.74385 13.2459 12.61
      vertex -0.336972 12.6989 12.61
      vertex -0.86618 13.2154 12.61
    endloop
  endfacet
  facet normal 0 0 1
    outer loop
      vertex -0.336972 12.6989 12.61
      vertex -1.74385 13.2459 12.61
      vertex -0.711884 10.8613 12.61
    endloop
  endfacet
  facet normal 0 0 1
    outer loop
      vertex -1.8427 13.9967 12.61
      vertex -1.74385 13.2459 12.61
      vertex -0.86618 13.2154 12.61
    endloop
  endfacet
  facet normal 0 0 1
    outer loop
      vertex -2.811 14.1319 12.61
      vertex -1.74385 13.2459 12.61
      vertex -1.8427 13.9967 12.61
    endloop
  endfacet
  facet normal 0 0 1
    outer loop
      vertex -1.74385 13.2459 12.61
      vertex -2.811 14.1319 12.61
      vertex -3.195 13.5448 12.61
    endloop
  endfacet
  facet normal 0 0 1
    outer loop
      vertex -1.74385 13.2459 12.61
      vertex -3.195 13.5448 12.61
      vertex -2.31667 11.6467 12.61
    endloop
  endfacet
  facet normal 0 0 -1
    outer loop
      vertex 0 12.37 12.61
      vertex 0 14.3505 12.61
      vertex 0.53433 11.7316 12.61
    endloop
  endfacet
  facet normal 0 -0 -1
    outer loop
      vertex 0 14.3505 12.61
      vertex 0 12.37 12.61
      vertex -0.336972 12.6989 12.61
    endloop
  endfacet
  facet normal 0 0 1
    outer loop
      vertex -9.57068 9.57068 12.61
      vertex -8.7469 8.7469 12.61
      vertex -8.52422 9.52664 12.61
    endloop
  endfacet
  facet normal 0 0 1
    outer loop
      vertex -10.5994 8.13319 12.61
      vertex -8.7469 8.7469 12.61
      vertex -9.57068 9.57068 12.61
    endloop
  endfacet
  facet normal 0 0 1
    outer loop
      vertex -8.7469 8.7469 12.61
      vertex -10.5994 8.13319 12.61
      vertex -8.92799 7.82964 12.61
    endloop
  endfacet
  facet normal -0 0 1
    outer loop
      vertex -10.8331 9.50034 12.61
      vertex -10.5994 8.13319 12.61
      vertex -9.57068 9.57068 12.61
    endloop
  endfacet
  facet normal -0 0 1
    outer loop
      vertex -11.2002 8.59418 12.61
      vertex -10.5994 8.13319 12.61
      vertex -10.8331 9.50034 12.61
    endloop
  endfacet
  facet normal 0 0 1
    outer loop
      vertex -10.5994 8.13319 12.61
      vertex -11.0118 7.35782 12.61
      vertex -10.8291 6.64126 12.61
    endloop
  endfacet
  facet normal 0 0 1
    outer loop
      vertex -10.5994 8.13319 12.61
      vertex -11.2002 8.59418 12.61
      vertex -11.0118 7.35782 12.61
    endloop
  endfacet
  facet normal 0 0 1
    outer loop
      vertex -9.05023 6.04716 12.61
      vertex -10.5994 8.13319 12.61
      vertex -10.8291 6.64126 12.61
    endloop
  endfacet
  facet normal 0 0 1
    outer loop
      vertex -7.17577 9.35164 12.61
      vertex -6.92755 9.02815 12.61
      vertex -7.01514 9.31161 12.61
    endloop
  endfacet
  facet normal 0 0 1
    outer loop
      vertex -6.92755 9.02815 12.61
      vertex -7.17577 9.35164 12.61
      vertex -7.98865 9.46784 12.61
    endloop
  endfacet
  facet normal 0 0 -1
    outer loop
      vertex -8.34813 9.51923 12.61
      vertex -8.48256 9.6725 12.61
      vertex -7.98865 9.46784 12.61
    endloop
  endfacet
  facet normal 0 -0 -1
    outer loop
      vertex -8.48256 9.6725 12.61
      vertex -8.34813 9.51923 12.61
      vertex -8.52422 9.52664 12.61
    endloop
  endfacet
  facet normal 0 0 1
    outer loop
      vertex -9.76212 4.81413 12.61
      vertex -10.3107 5.08466 12.61
      vertex -10.2038 4.86522 12.61
    endloop
  endfacet
  facet normal -0 -0 1
    outer loop
      vertex -10.3107 5.08466 12.61
      vertex -9.76212 4.81413 12.61
      vertex -10.427 5.40303 12.61
    endloop
  endfacet
  facet normal 0 0 1
    outer loop
      vertex -13.8059 0.895025 12.61
      vertex -13.8012 -0.899712 12.61
      vertex -10.3895 0 12.61
    endloop
  endfacet
  facet normal 0 0 1
    outer loop
      vertex -13.8012 -0.899712 12.61
      vertex -13.8059 0.895025 12.61
      vertex -14.7 0 12.61
    endloop
  endfacet
  facet normal 0 0 -1
    outer loop
      vertex -11.8466 2.35645 12.61
      vertex -11.2447 3.81705 12.61
      vertex -10.8232 2.90005 12.61
    endloop
  endfacet
  facet normal 0 0 -1
    outer loop
      vertex -15.7745 4.22676 12.61
      vertex -11.8466 2.35645 12.61
      vertex -12.8417 1.69063 12.61
    endloop
  endfacet
  facet normal 0 0 -1
    outer loop
      vertex -13.8561 0.908173 12.61
      vertex -12.8417 1.69063 12.61
      vertex -13.7966 0.904266 12.61
    endloop
  endfacet
  facet normal 0 0 -1
    outer loop
      vertex -13.8561 0.908173 12.61
      vertex -13.7966 0.904266 12.61
      vertex -13.8059 0.895025 12.61
    endloop
  endfacet
  facet normal -0 0 -1
    outer loop
      vertex -12.8417 1.69063 12.61
      vertex -13.8561 0.908173 12.61
      vertex -15.041 1.98018 12.61
    endloop
  endfacet
  facet normal 0 0 -1
    outer loop
      vertex -15.7215 3.1272 12.61
      vertex -12.8417 1.69063 12.61
      vertex -15.041 1.98018 12.61
    endloop
  endfacet
  facet normal 0 0 -1
    outer loop
      vertex -15.7745 4.22676 12.61
      vertex -12.8417 1.69063 12.61
      vertex -15.7215 3.1272 12.61
    endloop
  endfacet
  facet normal 0 0 -1
    outer loop
      vertex -11.8466 2.35645 12.61
      vertex -15.7745 4.22676 12.61
      vertex -11.2447 3.81705 12.61
    endloop
  endfacet
  facet normal 0 0 -1
    outer loop
      vertex -11.2447 3.81705 12.61
      vertex -9.8139 4.06505 12.61
      vertex -9.78296 3.32086 12.61
    endloop
  endfacet
  facet normal 0 0 -1
    outer loop
      vertex -11.2447 3.81705 12.61
      vertex -9.78296 3.32086 12.61
      vertex -10.8232 2.90005 12.61
    endloop
  endfacet
  facet normal -0 0 -1
    outer loop
      vertex -9.8139 4.06505 12.61
      vertex -11.2447 3.81705 12.61
      vertex -10.2038 4.86522 12.61
    endloop
  endfacet
  facet normal -0 0 -1
    outer loop
      vertex -10.2038 4.86522 12.61
      vertex -11.2447 3.81705 12.61
      vertex -12.3432 5.11273 12.61
    endloop
  endfacet
  facet normal 0 0 -1
    outer loop
      vertex -10.7127 6.185 12.61
      vertex -12.4279 7.17525 12.61
      vertex -10.8291 6.64126 12.61
    endloop
  endfacet
  facet normal 0 0 -1
    outer loop
      vertex -12.4279 7.17525 12.61
      vertex -10.7127 6.185 12.61
      vertex -10.427 5.40303 12.61
    endloop
  endfacet
  facet normal 0 0 1
    outer loop
      vertex -10.3107 -5.08466 12.61
      vertex -9.76212 -4.81413 12.61
      vertex -10.2038 -4.86522 12.61
    endloop
  endfacet
  facet normal 0 0 1
    outer loop
      vertex -9.76212 -4.81413 12.61
      vertex -10.3107 -5.08466 12.61
      vertex -10.427 -5.40303 12.61
    endloop
  endfacet
  facet normal 0 0 1
    outer loop
      vertex -11.2824 -1.48535 12.61
      vertex -12.8417 -1.69063 12.61
      vertex -12.1518 -2.15227 12.61
    endloop
  endfacet
  facet normal 0 -0 1
    outer loop
      vertex -12.8417 -1.69063 12.61
      vertex -11.2824 -1.48535 12.61
      vertex -13.7823 -0.916048 12.61
    endloop
  endfacet
  facet normal 0 0 -1
    outer loop
      vertex -11.2447 -3.81705 12.61
      vertex -9.8139 -4.06505 12.61
      vertex -10.2038 -4.86522 12.61
    endloop
  endfacet
  facet normal 0 0 -1
    outer loop
      vertex -9.8139 -4.06505 12.61
      vertex -11.2447 -3.81705 12.61
      vertex -9.78296 -3.32086 12.61
    endloop
  endfacet
  facet normal -0 0 -1
    outer loop
      vertex -9.78296 -3.32086 12.61
      vertex -11.2447 -3.81705 12.61
      vertex -10.8232 -2.90005 12.61
    endloop
  endfacet
  facet normal 0 -0 -1
    outer loop
      vertex -11.2447 -3.81705 12.61
      vertex -10.2038 -4.86522 12.61
      vertex -12.3432 -5.11273 12.61
    endloop
  endfacet
  facet normal 0 0 -1
    outer loop
      vertex -11.9485 -3.20158 12.61
      vertex -10.8232 -2.90005 12.61
      vertex -11.2447 -3.81705 12.61
    endloop
  endfacet
  facet normal -0 0 -1
    outer loop
      vertex -10.8232 -2.90005 12.61
      vertex -11.9485 -3.20158 12.61
      vertex -11.8466 -2.35645 12.61
    endloop
  endfacet
  facet normal 0 0 -1
    outer loop
      vertex -12.6179 -2.50986 12.61
      vertex -11.8466 -2.35645 12.61
      vertex -11.9485 -3.20158 12.61
    endloop
  endfacet
  facet normal -0 0 -1
    outer loop
      vertex -11.8466 -2.35645 12.61
      vertex -12.6179 -2.50986 12.61
      vertex -12.1518 -2.15227 12.61
    endloop
  endfacet
  facet normal 0 0 -1
    outer loop
      vertex -4.82703 -9.78824 12.61
      vertex -5.19475 -8.99756 12.61
      vertex -5.01999 -8.69489 12.61
    endloop
  endfacet
  facet normal 0 0 -1
    outer loop
      vertex -6.12807 -12.4265 12.61
      vertex -4.82703 -9.78824 12.61
      vertex -4.55653 -10.7311 12.61
    endloop
  endfacet
  facet normal -0 0 -1
    outer loop
      vertex -4.82703 -9.78824 12.61
      vertex -6.12807 -12.4265 12.61
      vertex -5.19475 -8.99756 12.61
    endloop
  endfacet
  facet normal -0 0 -1
    outer loop
      vertex -5.19475 -8.99756 12.61
      vertex -6.06335 -9.07445 12.61
      vertex -5.01999 -8.69489 12.61
    endloop
  endfacet
  facet normal 0 0 -1
    outer loop
      vertex -7.71454 -11.5456 12.61
      vertex -6.06335 -9.07445 12.61
      vertex -5.19475 -8.99756 12.61
    endloop
  endfacet
  facet normal 0 0 -1
    outer loop
      vertex -6.06335 -9.07445 12.61
      vertex -7.71454 -11.5456 12.61
      vertex -7.17577 -9.35164 12.61
    endloop
  endfacet
  facet normal 0 0 -1
    outer loop
      vertex -7.71454 -11.5456 12.61
      vertex -8.34813 -9.51923 12.61
      vertex -7.17577 -9.35164 12.61
    endloop
  endfacet
  facet normal 0 0 -1
    outer loop
      vertex -9.23543 -12.0358 12.61
      vertex -8.34813 -9.51923 12.61
      vertex -7.71454 -11.5456 12.61
    endloop
  endfacet
  facet normal 0 0 -1
    outer loop
      vertex -9.23543 -12.0358 12.61
      vertex -9.57068 -9.57068 12.61
      vertex -8.34813 -9.51923 12.61
    endloop
  endfacet
  facet normal 0 0 -1
    outer loop
      vertex -9.23543 -12.0358 12.61
      vertex -10.1327 -9.53936 12.61
      vertex -9.57068 -9.57068 12.61
    endloop
  endfacet
  facet normal 0 0 -1
    outer loop
      vertex -10.569 -12.0516 12.61
      vertex -10.1327 -9.53936 12.61
      vertex -9.23543 -12.0358 12.61
    endloop
  endfacet
  facet normal 0 0 -1
    outer loop
      vertex -10.1327 -9.53936 12.61
      vertex -10.569 -12.0516 12.61
      vertex -11.5478 -11.5478 12.61
    endloop
  endfacet
  facet normal -0 0 -1
    outer loop
      vertex -13.7966 -0.904266 12.61
      vertex -13.8257 -0.906174 12.61
      vertex -13.8012 -0.899712 12.61
    endloop
  endfacet
  facet normal 0 0 -1
    outer loop
      vertex -13.8257 -0.906174 12.61
      vertex -13.7966 -0.904266 12.61
      vertex -13.7823 -0.916048 12.61
    endloop
  endfacet
  facet normal 0 0 1
    outer loop
      vertex -9.05023 -6.04716 12.61
      vertex -10.8291 -6.64126 12.61
      vertex -10.5994 -8.13319 12.61
    endloop
  endfacet
  facet normal -0 0 1
    outer loop
      vertex -10.5994 -8.13319 12.61
      vertex -10.1327 -9.53936 12.61
      vertex -8.92799 -7.82964 12.61
    endloop
  endfacet
  facet normal 0 0 1
    outer loop
      vertex -10.5994 -8.13319 12.61
      vertex -10.8331 -9.50034 12.61
      vertex -10.1327 -9.53936 12.61
    endloop
  endfacet
  facet normal -0 0 1
    outer loop
      vertex -11.0118 -7.35782 12.61
      vertex -10.5994 -8.13319 12.61
      vertex -10.8291 -6.64126 12.61
    endloop
  endfacet
  facet normal 0 0 1
    outer loop
      vertex -11.2002 -8.59418 12.61
      vertex -10.5994 -8.13319 12.61
      vertex -11.0118 -7.35782 12.61
    endloop
  endfacet
  facet normal 0 0 1
    outer loop
      vertex -10.5994 -8.13319 12.61
      vertex -11.2002 -8.59418 12.61
      vertex -10.8331 -9.50034 12.61
    endloop
  endfacet
  facet normal -0 0 -1
    outer loop
      vertex -10.7127 -6.185 12.61
      vertex -12.4279 -7.17525 12.61
      vertex -10.427 -5.40303 12.61
    endloop
  endfacet
  facet normal 0 0 -1
    outer loop
      vertex -12.4279 -7.17525 12.61
      vertex -10.7127 -6.185 12.61
      vertex -10.8291 -6.64126 12.61
    endloop
  endfacet
  facet normal 0 0 1
    outer loop
      vertex -1.74385 -13.2459 12.61
      vertex -0.336972 -12.6989 12.61
      vertex -0.711884 -10.8613 12.61
    endloop
  endfacet
  facet normal 0 0 1
    outer loop
      vertex -0.336972 -12.6989 12.61
      vertex -1.74385 -13.2459 12.61
      vertex -0.86618 -13.2154 12.61
    endloop
  endfacet
  facet normal -0 0 1
    outer loop
      vertex -1.74385 -13.2459 12.61
      vertex -1.8427 -13.9967 12.61
      vertex -0.86618 -13.2154 12.61
    endloop
  endfacet
  facet normal -0 0 1
    outer loop
      vertex -3.20158 -11.9485 12.61
      vertex -1.74385 -13.2459 12.61
      vertex -2.31667 -11.6467 12.61
    endloop
  endfacet
  facet normal 0 -0 1
    outer loop
      vertex -2.811 -14.1319 12.61
      vertex -1.74385 -13.2459 12.61
      vertex -3.50311 -13.0738 12.61
    endloop
  endfacet
  facet normal 0 0 1
    outer loop
      vertex -1.74385 -13.2459 12.61
      vertex -3.20158 -11.9485 12.61
      vertex -3.50311 -13.0738 12.61
    endloop
  endfacet
  facet normal 0 0 1
    outer loop
      vertex -1.74385 -13.2459 12.61
      vertex -2.811 -14.1319 12.61
      vertex -1.8427 -13.9967 12.61
    endloop
  endfacet
  facet normal 0 -0 1
    outer loop
      vertex -3.50311 -13.0738 12.61
      vertex -3.20158 -11.9485 12.61
      vertex -3.9882 -12.1455 12.61
    endloop
  endfacet
  facet normal 0 0 1
    outer loop
      vertex -4.35483 -10.5135 12.61
      vertex -4.51088 -10.8902 12.61
      vertex -4.20505 -11.6523 12.61
    endloop
  endfacet
  facet normal 0 -0 1
    outer loop
      vertex -4.51088 -10.8902 12.61
      vertex -4.35483 -10.5135 12.61
      vertex -4.55653 -10.7311 12.61
    endloop
  endfacet
  facet normal 0 0 -1
    outer loop
      vertex -4.13535 -12.1824 12.61
      vertex -4.06982 -11.9893 12.61
      vertex -3.9882 -12.1455 12.61
    endloop
  endfacet
  facet normal -0 0 -1
    outer loop
      vertex -4.06982 -11.9893 12.61
      vertex -4.13535 -12.1824 12.61
      vertex -4.20505 -11.6523 12.61
    endloop
  endfacet
  facet normal 0 0 1
    outer loop
      vertex 0.711884 -10.8613 12.61
      vertex 0.751877 -11.4716 12.61
      vertex 0.888457 -11.2693 12.61
    endloop
  endfacet
  facet normal 0 0 1
    outer loop
      vertex 0.751877 -11.4716 12.61
      vertex 0.711884 -10.8613 12.61
      vertex 0.53433 -11.7316 12.61
    endloop
  endfacet
  facet normal 0 0 -1
    outer loop
      vertex 6.14153 -12.4538 12.61
      vertex 6.11519 -12.4004 12.61
      vertex 6.12782 -12.4038 12.61
    endloop
  endfacet
  facet normal 0 0 -1
    outer loop
      vertex 4.9567 -11.9665 12.61
      vertex 6.14153 -12.4538 12.61
      vertex 5.80562 -14.016 12.61
    endloop
  endfacet
  facet normal 0 0 -1
    outer loop
      vertex 4.9567 -11.9665 12.61
      vertex 5.80562 -14.016 12.61
      vertex 5.1525 -15.1788 12.61
    endloop
  endfacet
  facet normal 0 0 -1
    outer loop
      vertex 6.14153 -12.4538 12.61
      vertex 4.9567 -11.9665 12.61
      vertex 6.11519 -12.4004 12.61
    endloop
  endfacet
  facet normal 0 0 -1
    outer loop
      vertex 4.22676 -15.7745 12.61
      vertex 4.9567 -11.9665 12.61
      vertex 5.1525 -15.1788 12.61
    endloop
  endfacet
  facet normal 0 0 -1
    outer loop
      vertex 4.22676 -15.7745 12.61
      vertex 3.88258 -11.4377 12.61
      vertex 4.9567 -11.9665 12.61
    endloop
  endfacet
  facet normal 0 0 -1
    outer loop
      vertex 2.31667 -11.6467 12.61
      vertex 3.88258 -11.4377 12.61
      vertex 4.22676 -15.7745 12.61
    endloop
  endfacet
  facet normal -0 0 -1
    outer loop
      vertex 3.88258 -11.4377 12.61
      vertex 2.31667 -11.6467 12.61
      vertex 2.90005 -10.8232 12.61
    endloop
  endfacet
  facet normal 0 0 -1
    outer loop
      vertex 2.31667 -11.6467 12.61
      vertex 2.01552 -10.1327 12.61
      vertex 2.90005 -10.8232 12.61
    endloop
  endfacet
  facet normal 0 0 -1
    outer loop
      vertex 0.888457 -11.2693 12.61
      vertex 2.31667 -11.6467 12.61
      vertex 1.74385 -13.2459 12.61
    endloop
  endfacet
  facet normal 0 0 -1
    outer loop
      vertex 2.31667 -11.6467 12.61
      vertex 1.38651 -10.5316 12.61
      vertex 2.01552 -10.1327 12.61
    endloop
  endfacet
  facet normal 0 0 -1
    outer loop
      vertex 2.31667 -11.6467 12.61
      vertex 0.888457 -11.2693 12.61
      vertex 1.38651 -10.5316 12.61
    endloop
  endfacet
  facet normal 0 0 -1
    outer loop
      vertex 0 -14.3505 12.61
      vertex 0 -12.37 12.61
      vertex 0.53433 -11.7316 12.61
    endloop
  endfacet
  facet normal 0 -0 -1
    outer loop
      vertex 0 -12.37 12.61
      vertex 0 -14.3505 12.61
      vertex -0.336972 -12.6989 12.61
    endloop
  endfacet
  facet normal 0.624736 -0.780836 0
    outer loop
      vertex -1.8427 -13.9967 9.7
      vertex -0.86618 -13.2154 12.61
      vertex -1.8427 -13.9967 12.61
    endloop
  endfacet
  facet normal 0.624736 -0.780836 0
    outer loop
      vertex -0.86618 -13.2154 12.61
      vertex -1.8427 -13.9967 9.7
      vertex -0.86618 -13.2154 9.7
    endloop
  endfacet
  facet normal 0.698462 -0.715647 0
    outer loop
      vertex -0.86618 -13.2154 9.7
      vertex -0.336972 -12.6989 12.61
      vertex -0.86618 -13.2154 12.61
    endloop
  endfacet
  facet normal 0.69847 -0.715639 -2.97353e-06
    outer loop
      vertex 0 -12.37 9.7
      vertex -0.336972 -12.6989 12.61
      vertex -0.86618 -13.2154 9.7
    endloop
  endfacet
  facet normal 0.698484 -0.715626 0
    outer loop
      vertex -0.336972 -12.6989 12.61
      vertex 0 -12.37 9.7
      vertex 0 -12.37 12.61
    endloop
  endfacet
  facet normal 0.766943 -0.641716 0
    outer loop
      vertex 0.53433 -11.7316 12.61
      vertex 0.751877 -11.4716 9.7
      vertex 0.751877 -11.4716 12.61
    endloop
  endfacet
  facet normal 0.766843 -0.641835 0
    outer loop
      vertex 0 -12.37 9.7
      vertex 0.53433 -11.7316 12.61
      vertex 0 -12.37 12.61
    endloop
  endfacet
  facet normal 0.766872 -0.6418 -1.28466e-05
    outer loop
      vertex 0.53433 -11.7316 12.61
      vertex 0 -12.37 9.7
      vertex 0.751877 -11.4716 9.7
    endloop
  endfacet
  facet normal 0.828794 -0.559554 0
    outer loop
      vertex 0.888457 -11.2693 12.61
      vertex 1.38651 -10.5316 9.7
      vertex 1.38651 -10.5316 12.61
    endloop
  endfacet
  facet normal 0.828796 -0.55955 0
    outer loop
      vertex 0.751877 -11.4716 9.7
      vertex 0.888457 -11.2693 12.61
      vertex 0.751877 -11.4716 12.61
    endloop
  endfacet
  facet normal 0.828794 -0.559553 3.19925e-07
    outer loop
      vertex 0.888457 -11.2693 12.61
      vertex 0.751877 -11.4716 9.7
      vertex 1.38651 -10.5316 9.7
    endloop
  endfacet
  facet normal 0.535557 -0.844499 0
    outer loop
      vertex 1.38651 -10.5316 9.7
      vertex 2.01552 -10.1327 12.61
      vertex 1.38651 -10.5316 12.61
    endloop
  endfacet
  facet normal 0.535557 -0.844499 0
    outer loop
      vertex 2.01552 -10.1327 12.61
      vertex 1.38651 -10.5316 9.7
      vertex 2.01552 -10.1327 9.7
    endloop
  endfacet
  facet normal -0.615346 -0.788257 0
    outer loop
      vertex 2.01552 -10.1327 9.7
      vertex 2.90005 -10.8232 12.61
      vertex 2.01552 -10.1327 12.61
    endloop
  endfacet
  facet normal -0.615346 -0.788257 -0
    outer loop
      vertex 2.90005 -10.8232 12.61
      vertex 2.01552 -10.1327 9.7
      vertex 2.90005 -10.8232 9.7
    endloop
  endfacet
  facet normal -0.530259 -0.847836 0
    outer loop
      vertex 2.90005 -10.8232 9.7
      vertex 3.88258 -11.4377 12.61
      vertex 2.90005 -10.8232 12.61
    endloop
  endfacet
  facet normal -0.530259 -0.847836 -0
    outer loop
      vertex 3.88258 -11.4377 12.61
      vertex 2.90005 -10.8232 9.7
      vertex 3.88258 -11.4377 9.7
    endloop
  endfacet
  facet normal -0.441686 -0.89717 0
    outer loop
      vertex 3.88258 -11.4377 9.7
      vertex 4.9567 -11.9665 12.61
      vertex 3.88258 -11.4377 12.61
    endloop
  endfacet
  facet normal -0.441686 -0.89717 -0
    outer loop
      vertex 4.9567 -11.9665 12.61
      vertex 3.88258 -11.4377 9.7
      vertex 4.9567 -11.9665 9.7
    endloop
  endfacet
  facet normal -0.350745 -0.936471 0
    outer loop
      vertex 4.9567 -11.9665 9.7
      vertex 6.11519 -12.4004 12.61
      vertex 4.9567 -11.9665 12.61
    endloop
  endfacet
  facet normal -0.350745 -0.936471 -0
    outer loop
      vertex 6.11519 -12.4004 12.61
      vertex 4.9567 -11.9665 9.7
      vertex 6.11519 -12.4004 9.7
    endloop
  endfacet
  facet normal -0.259946 -0.965623 0
    outer loop
      vertex 6.11519 -12.4004 9.7
      vertex 6.12782 -12.4038 12.61
      vertex 6.11519 -12.4004 12.61
    endloop
  endfacet
  facet normal -0.258318 -0.96606 -7.57688e-06
    outer loop
      vertex 6.12782 -12.4038 12.61
      vertex 6.11519 -12.4004 9.7
      vertex 7.34999 -12.7306 12.61
    endloop
  endfacet
  facet normal -0.258335 -0.966056 -0
    outer loop
      vertex 7.34999 -12.7306 12.61
      vertex 6.11519 -12.4004 9.7
      vertex 7.34999 -12.7306 9.7
    endloop
  endfacet
  facet normal 0.965586 -0.260085 0
    outer loop
      vertex 7.67977 -11.5023 12.61
      vertex 7.68144 -11.4961 9.7
      vertex 7.68144 -11.4961 12.61
    endloop
  endfacet
  facet normal 0.965796 -0.259302 1.79009e-06
    outer loop
      vertex 7.34999 -12.7306 12.61
      vertex 7.68144 -11.4961 9.7
      vertex 7.67977 -11.5023 12.61
    endloop
  endfacet
  facet normal 0.965795 -0.259306 0
    outer loop
      vertex 7.68144 -11.4961 9.7
      vertex 7.34999 -12.7306 12.61
      vertex 7.34999 -12.7306 9.7
    endloop
  endfacet
  facet normal 0.986371 -0.164537 0
    outer loop
      vertex 7.68449 -11.4778 12.61
      vertex 7.88498 -10.2759 9.7
      vertex 7.88498 -10.2759 12.61
    endloop
  endfacet
  facet normal 0.986394 -0.164399 0
    outer loop
      vertex 7.68144 -11.4961 9.7
      vertex 7.68449 -11.4778 12.61
      vertex 7.68144 -11.4961 12.61
    endloop
  endfacet
  facet normal 0.986371 -0.164535 8.81149e-07
    outer loop
      vertex 7.68449 -11.4778 12.61
      vertex 7.68144 -11.4961 9.7
      vertex 7.88498 -10.2759 9.7
    endloop
  endfacet
  facet normal 0.997814 -0.0660815 0
    outer loop
      vertex 7.93981 -9.4476 12.61
      vertex 7.96407 -9.08128 9.7
      vertex 7.96407 -9.08128 12.61
    endloop
  endfacet
  facet normal 0.997816 -0.0660513 0
    outer loop
      vertex 7.88498 -10.2759 9.7
      vertex 7.93981 -9.4476 12.61
      vertex 7.88498 -10.2759 12.61
    endloop
  endfacet
  facet normal 0.997816 -0.0660605 2.64998e-06
    outer loop
      vertex 7.93981 -9.4476 12.61
      vertex 7.88498 -10.2759 9.7
      vertex 7.96407 -9.08128 9.7
    endloop
  endfacet
  facet normal 0.999376 0.0353274 0
    outer loop
      vertex 7.96407 -9.08128 12.61
      vertex 7.92313 -7.92313 9.7
      vertex 7.92313 -7.92313 12.61
    endloop
  endfacet
  facet normal 0.999376 0.0353274 0
    outer loop
      vertex 7.92313 -7.92313 9.7
      vertex 7.96407 -9.08128 12.61
      vertex 7.96407 -9.08128 9.7
    endloop
  endfacet
  facet normal 0.990328 0.138746 0
    outer loop
      vertex 7.92313 -7.92313 12.61
      vertex 7.76744 -6.81186 9.7
      vertex 7.76744 -6.81186 12.61
    endloop
  endfacet
  facet normal 0.990328 0.138746 0
    outer loop
      vertex 7.76744 -6.81186 9.7
      vertex 7.92313 -7.92313 12.61
      vertex 7.92313 -7.92313 9.7
    endloop
  endfacet
  facet normal 0.463593 -0.886048 0
    outer loop
      vertex 7.76744 -6.81186 9.7
      vertex 8.42738 -6.46657 12.61
      vertex 7.76744 -6.81186 12.61
    endloop
  endfacet
  facet normal 0.463593 -0.886048 0
    outer loop
      vertex 8.42738 -6.46657 12.61
      vertex 7.76744 -6.81186 9.7
      vertex 8.42738 -6.46657 9.7
    endloop
  endfacet
  facet normal 0.0701931 -0.997533 0
    outer loop
      vertex 8.42738 -6.46657 9.7
      vertex 9.3153 -6.40409 12.61
      vertex 8.42738 -6.46657 12.61
    endloop
  endfacet
  facet normal 0.0701906 -0.997534 7.75879e-07
    outer loop
      vertex 9.55878 -6.38696 9.7
      vertex 9.3153 -6.40409 12.61
      vertex 8.42738 -6.46657 9.7
    endloop
  endfacet
  facet normal 0.0701814 -0.997534 0
    outer loop
      vertex 9.3153 -6.40409 12.61
      vertex 9.55878 -6.38696 9.7
      vertex 9.55878 -6.38696 12.61
    endloop
  endfacet
  facet normal 0.172378 -0.985031 0
    outer loop
      vertex 9.55878 -6.38696 9.7
      vertex 9.89267 -6.32853 12.61
      vertex 9.55878 -6.38696 12.61
    endloop
  endfacet
  facet normal 0.1724 -0.985027 -2.60456e-06
    outer loop
      vertex 10.7127 -6.185 9.7
      vertex 9.89267 -6.32853 12.61
      vertex 9.55878 -6.38696 9.7
    endloop
  endfacet
  facet normal 0.172409 -0.985025 0
    outer loop
      vertex 9.89267 -6.32853 12.61
      vertex 10.7127 -6.185 9.7
      vertex 10.7127 -6.185 12.61
    endloop
  endfacet
  facet normal 0.270548 -0.962707 0
    outer loop
      vertex 10.7127 -6.185 9.7
      vertex 11.166 -6.05761 12.61
      vertex 10.7127 -6.185 12.61
    endloop
  endfacet
  facet normal 0.270537 -0.96271 1.78191e-06
    outer loop
      vertex 11.8779 -5.85756 9.7
      vertex 11.166 -6.05761 12.61
      vertex 10.7127 -6.185 9.7
    endloop
  endfacet
  facet normal 0.27053 -0.962711 0
    outer loop
      vertex 11.166 -6.05761 12.61
      vertex 11.8779 -5.85756 9.7
      vertex 11.8779 -5.85756 12.61
    endloop
  endfacet
  facet normal 0.363817 -0.93147 0
    outer loop
      vertex 11.8779 -5.85756 9.7
      vertex 13.0429 -5.40253 12.61
      vertex 11.8779 -5.85756 12.61
    endloop
  endfacet
  facet normal 0.363817 -0.93147 0
    outer loop
      vertex 13.0429 -5.40253 12.61
      vertex 11.8779 -5.85756 9.7
      vertex 13.0429 -5.40253 9.7
    endloop
  endfacet
  facet normal 0.788592 -0.614917 0
    outer loop
      vertex 13.0429 -5.40253 12.61
      vertex 13.6441 -4.63153 9.7
      vertex 13.6441 -4.63153 12.61
    endloop
  endfacet
  facet normal 0.788592 -0.614917 0
    outer loop
      vertex 13.6441 -4.63153 9.7
      vertex 13.0429 -5.40253 12.61
      vertex 13.0429 -5.40253 9.7
    endloop
  endfacet
  facet normal 0.892479 0.45109 0
    outer loop
      vertex 13.3277 -4.00545 12.61
      vertex 13.0738 -3.50311 9.7
      vertex 13.0738 -3.50311 12.61
    endloop
  endfacet
  facet normal 0.892503 0.451041 -0
    outer loop
      vertex 13.6441 -4.63153 9.7
      vertex 13.3277 -4.00545 12.61
      vertex 13.6441 -4.63153 12.61
    endloop
  endfacet
  facet normal 0.892492 0.451063 -5.79901e-06
    outer loop
      vertex 13.3277 -4.00545 12.61
      vertex 13.6441 -4.63153 9.7
      vertex 13.0738 -3.50311 9.7
    endloop
  endfacet
  facet normal 0.844247 0.535955 0
    outer loop
      vertex 13.0738 -3.50311 12.61
      vertex 12.418 -2.47008 9.7
      vertex 12.418 -2.47008 12.61
    endloop
  endfacet
  facet normal 0.844247 0.535955 0
    outer loop
      vertex 12.418 -2.47008 9.7
      vertex 13.0738 -3.50311 12.61
      vertex 13.0738 -3.50311 9.7
    endloop
  endfacet
  facet normal 0.786524 0.61756 0
    outer loop
      vertex 12.418 -2.47008 12.61
      vertex 11.6866 -1.53857 9.7
      vertex 11.6866 -1.53857 12.61
    endloop
  endfacet
  facet normal 0.786524 0.61756 0
    outer loop
      vertex 11.6866 -1.53857 9.7
      vertex 12.418 -2.47008 12.61
      vertex 12.418 -2.47008 9.7
    endloop
  endfacet
  facet normal 0.719462 0.694532 0
    outer loop
      vertex 11.6866 -1.53857 12.61
      vertex 10.8904 -0.713791 9.7
      vertex 10.8904 -0.713791 12.61
    endloop
  endfacet
  facet normal 0.719462 0.694532 0
    outer loop
      vertex 10.8904 -0.713791 9.7
      vertex 11.6866 -1.53857 12.61
      vertex 11.6866 -1.53857 9.7
    endloop
  endfacet
  facet normal 0.642904 0.765947 -0
    outer loop
      vertex 10.8904 -0.713791 9.7
      vertex 10.04 0 12.61
      vertex 10.8904 -0.713791 12.61
    endloop
  endfacet
  facet normal 0.642904 0.765947 0
    outer loop
      vertex 10.04 0 12.61
      vertex 10.8904 -0.713791 9.7
      vertex 10.04 0 9.7
    endloop
  endfacet
  facet normal 0.642904 -0.765947 0
    outer loop
      vertex 10.04 0 9.7
      vertex 10.8904 0.713791 12.61
      vertex 10.04 0 12.61
    endloop
  endfacet
  facet normal 0.642904 -0.765947 0
    outer loop
      vertex 10.8904 0.713791 12.61
      vertex 10.04 0 9.7
      vertex 10.8904 0.713791 9.7
    endloop
  endfacet
  facet normal 0.719653 -0.694333 0
    outer loop
      vertex 11.5717 1.41948 12.61
      vertex 11.6866 1.53857 9.7
      vertex 11.6866 1.53857 12.61
    endloop
  endfacet
  facet normal 0.719429 -0.694566 0
    outer loop
      vertex 10.8904 0.713791 9.7
      vertex 11.5717 1.41948 12.61
      vertex 10.8904 0.713791 12.61
    endloop
  endfacet
  facet normal 0.719462 -0.694532 -1.56928e-05
    outer loop
      vertex 11.5717 1.41948 12.61
      vertex 10.8904 0.713791 9.7
      vertex 11.6866 1.53857 9.7
    endloop
  endfacet
  facet normal 0.786515 -0.617571 0
    outer loop
      vertex 12.1937 2.18442 12.61
      vertex 12.418 2.47008 9.7
      vertex 12.418 2.47008 12.61
    endloop
  endfacet
  facet normal 0.786527 -0.617555 0
    outer loop
      vertex 11.6866 1.53857 9.7
      vertex 12.1937 2.18442 12.61
      vertex 11.6866 1.53857 12.61
    endloop
  endfacet
  facet normal 0.786524 -0.61756 1.73194e-06
    outer loop
      vertex 12.1937 2.18442 12.61
      vertex 11.6866 1.53857 9.7
      vertex 12.418 2.47008 9.7
    endloop
  endfacet
  facet normal 0.844222 -0.535993 0
    outer loop
      vertex 12.5124 2.61887 12.61
      vertex 13.0738 3.50311 9.7
      vertex 13.0738 3.50311 12.61
    endloop
  endfacet
  facet normal 0.844392 -0.535726 0
    outer loop
      vertex 12.418 2.47008 9.7
      vertex 12.5124 2.61887 12.61
      vertex 12.418 2.47008 12.61
    endloop
  endfacet
  facet normal 0.844247 -0.535955 1.64153e-05
    outer loop
      vertex 12.5124 2.61887 12.61
      vertex 12.418 2.47008 9.7
      vertex 13.0738 3.50311 9.7
    endloop
  endfacet
  facet normal 0.892492 -0.451063 0
    outer loop
      vertex 13.0738 3.50311 12.61
      vertex 13.6441 4.63153 9.7
      vertex 13.6441 4.63153 12.61
    endloop
  endfacet
  facet normal 0.892492 -0.451063 0
    outer loop
      vertex 13.6441 4.63153 9.7
      vertex 13.0738 3.50311 12.61
      vertex 13.0738 3.50311 9.7
    endloop
  endfacet
  facet normal 0.788592 0.614917 0
    outer loop
      vertex 13.6441 4.63153 12.61
      vertex 13.0429 5.40253 9.7
      vertex 13.0429 5.40253 12.61
    endloop
  endfacet
  facet normal 0.788592 0.614917 0
    outer loop
      vertex 13.0429 5.40253 9.7
      vertex 13.6441 4.63153 12.61
      vertex 13.6441 4.63153 9.7
    endloop
  endfacet
  facet normal 0.363817 0.93147 -0
    outer loop
      vertex 13.0429 5.40253 9.7
      vertex 11.8779 5.85756 12.61
      vertex 13.0429 5.40253 12.61
    endloop
  endfacet
  facet normal 0.363817 0.93147 0
    outer loop
      vertex 11.8779 5.85756 12.61
      vertex 13.0429 5.40253 9.7
      vertex 11.8779 5.85756 9.7
    endloop
  endfacet
  facet normal 0.27053 0.962711 -0
    outer loop
      vertex 11.8779 5.85756 9.7
      vertex 11.166 6.05761 12.61
      vertex 11.8779 5.85756 12.61
    endloop
  endfacet
  facet normal 0.270537 0.96271 1.78191e-06
    outer loop
      vertex 10.7127 6.185 9.7
      vertex 11.166 6.05761 12.61
      vertex 11.8779 5.85756 9.7
    endloop
  endfacet
  facet normal 0.270548 0.962707 0
    outer loop
      vertex 11.166 6.05761 12.61
      vertex 10.7127 6.185 9.7
      vertex 10.7127 6.185 12.61
    endloop
  endfacet
  facet normal 0.172409 0.985025 -0
    outer loop
      vertex 10.7127 6.185 9.7
      vertex 9.89267 6.32853 12.61
      vertex 10.7127 6.185 12.61
    endloop
  endfacet
  facet normal 0.1724 0.985027 -2.60456e-06
    outer loop
      vertex 9.55878 6.38696 9.7
      vertex 9.89267 6.32853 12.61
      vertex 10.7127 6.185 9.7
    endloop
  endfacet
  facet normal 0.172378 0.985031 0
    outer loop
      vertex 9.89267 6.32853 12.61
      vertex 9.55878 6.38696 9.7
      vertex 9.55878 6.38696 12.61
    endloop
  endfacet
  facet normal 0.0701814 0.997534 -0
    outer loop
      vertex 9.55878 6.38696 9.7
      vertex 9.3153 6.40409 12.61
      vertex 9.55878 6.38696 12.61
    endloop
  endfacet
  facet normal 0.0701906 0.997534 7.75879e-07
    outer loop
      vertex 8.42738 6.46657 9.7
      vertex 9.3153 6.40409 12.61
      vertex 9.55878 6.38696 9.7
    endloop
  endfacet
  facet normal 0.0701931 0.997533 0
    outer loop
      vertex 9.3153 6.40409 12.61
      vertex 8.42738 6.46657 9.7
      vertex 8.42738 6.46657 12.61
    endloop
  endfacet
  facet normal 0.463593 0.886048 -0
    outer loop
      vertex 8.42738 6.46657 9.7
      vertex 7.76744 6.81186 12.61
      vertex 8.42738 6.46657 12.61
    endloop
  endfacet
  facet normal 0.463593 0.886048 0
    outer loop
      vertex 7.76744 6.81186 12.61
      vertex 8.42738 6.46657 9.7
      vertex 7.76744 6.81186 9.7
    endloop
  endfacet
  facet normal 0.990328 -0.138746 0
    outer loop
      vertex 7.76744 6.81186 12.61
      vertex 7.92313 7.92313 9.7
      vertex 7.92313 7.92313 12.61
    endloop
  endfacet
  facet normal 0.990328 -0.138746 0
    outer loop
      vertex 7.92313 7.92313 9.7
      vertex 7.76744 6.81186 12.61
      vertex 7.76744 6.81186 9.7
    endloop
  endfacet
  facet normal 0.999376 -0.0353274 0
    outer loop
      vertex 7.92313 7.92313 12.61
      vertex 7.96407 9.08128 9.7
      vertex 7.96407 9.08128 12.61
    endloop
  endfacet
  facet normal 0.999376 -0.0353274 0
    outer loop
      vertex 7.96407 9.08128 9.7
      vertex 7.92313 7.92313 12.61
      vertex 7.92313 7.92313 9.7
    endloop
  endfacet
  facet normal 0.997816 0.0660605 0
    outer loop
      vertex 7.96407 9.08128 12.61
      vertex 7.88498 10.2759 9.7
      vertex 7.88498 10.2759 12.61
    endloop
  endfacet
  facet normal 0.997816 0.0660605 0
    outer loop
      vertex 7.88498 10.2759 9.7
      vertex 7.96407 9.08128 12.61
      vertex 7.96407 9.08128 9.7
    endloop
  endfacet
  facet normal 0.986371 0.164535 0
    outer loop
      vertex 7.88498 10.2759 12.61
      vertex 7.68144 11.4961 9.7
      vertex 7.68144 11.4961 12.61
    endloop
  endfacet
  facet normal 0.986371 0.164535 0
    outer loop
      vertex 7.68144 11.4961 9.7
      vertex 7.88498 10.2759 12.61
      vertex 7.88498 10.2759 9.7
    endloop
  endfacet
  facet normal 0.965797 0.2593 0
    outer loop
      vertex 7.67805 11.5087 12.61
      vertex 7.34999 12.7306 9.7
      vertex 7.34999 12.7306 12.61
    endloop
  endfacet
  facet normal 0.96566 0.259809 -0
    outer loop
      vertex 7.68144 11.4961 9.7
      vertex 7.67805 11.5087 12.61
      vertex 7.68144 11.4961 12.61
    endloop
  endfacet
  facet normal 0.965795 0.259306 2.33491e-06
    outer loop
      vertex 7.67805 11.5087 12.61
      vertex 7.68144 11.4961 9.7
      vertex 7.34999 12.7306 9.7
    endloop
  endfacet
  facet normal -0.258381 0.966043 0
    outer loop
      vertex 7.34999 12.7306 9.7
      vertex 6.12141 12.402 12.61
      vertex 7.34999 12.7306 12.61
    endloop
  endfacet
  facet normal -0.258335 0.966056 2.10145e-05
    outer loop
      vertex 6.11519 12.4004 9.7
      vertex 6.12141 12.402 12.61
      vertex 7.34999 12.7306 9.7
    endloop
  endfacet
  facet normal -0.249124 0.968471 0
    outer loop
      vertex 6.12141 12.402 12.61
      vertex 6.11519 12.4004 9.7
      vertex 6.11519 12.4004 12.61
    endloop
  endfacet
  facet normal -0.35065 0.936506 0
    outer loop
      vertex 6.11519 12.4004 9.7
      vertex 6.09783 12.3939 12.61
      vertex 6.11519 12.4004 12.61
    endloop
  endfacet
  facet normal -0.350747 0.93647 -6.53983e-07
    outer loop
      vertex 6.09783 12.3939 12.61
      vertex 6.11519 12.4004 9.7
      vertex 4.9567 11.9665 12.61
    endloop
  endfacet
  facet normal -0.350745 0.936471 0
    outer loop
      vertex 4.9567 11.9665 12.61
      vertex 6.11519 12.4004 9.7
      vertex 4.9567 11.9665 9.7
    endloop
  endfacet
  facet normal -0.441639 0.897193 0
    outer loop
      vertex 4.9567 11.9665 9.7
      vertex 4.21195 11.5999 12.61
      vertex 4.9567 11.9665 12.61
    endloop
  endfacet
  facet normal -0.441686 0.89717 -1.47557e-05
    outer loop
      vertex 3.88258 11.4377 9.7
      vertex 4.21195 11.5999 12.61
      vertex 4.9567 11.9665 9.7
    endloop
  endfacet
  facet normal -0.441791 0.897118 0
    outer loop
      vertex 4.21195 11.5999 12.61
      vertex 3.88258 11.4377 9.7
      vertex 3.88258 11.4377 12.61
    endloop
  endfacet
  facet normal -0.530259 0.847836 0
    outer loop
      vertex 3.88258 11.4377 9.7
      vertex 2.90005 10.8232 12.61
      vertex 3.88258 11.4377 12.61
    endloop
  endfacet
  facet normal -0.530259 0.847836 0
    outer loop
      vertex 2.90005 10.8232 12.61
      vertex 3.88258 11.4377 9.7
      vertex 2.90005 10.8232 9.7
    endloop
  endfacet
  facet normal -0.615346 0.788257 0
    outer loop
      vertex 2.90005 10.8232 9.7
      vertex 2.01552 10.1327 12.61
      vertex 2.90005 10.8232 12.61
    endloop
  endfacet
  facet normal -0.615346 0.788257 0
    outer loop
      vertex 2.01552 10.1327 12.61
      vertex 2.90005 10.8232 9.7
      vertex 2.01552 10.1327 9.7
    endloop
  endfacet
  facet normal 0.535557 0.844499 -0
    outer loop
      vertex 2.01552 10.1327 9.7
      vertex 1.38651 10.5316 12.61
      vertex 2.01552 10.1327 12.61
    endloop
  endfacet
  facet normal 0.535557 0.844499 0
    outer loop
      vertex 1.38651 10.5316 12.61
      vertex 2.01552 10.1327 9.7
      vertex 1.38651 10.5316 9.7
    endloop
  endfacet
  facet normal 0.828796 0.55955 0
    outer loop
      vertex 0.888457 11.2693 12.61
      vertex 0.751877 11.4716 9.7
      vertex 0.751877 11.4716 12.61
    endloop
  endfacet
  facet normal 0.828794 0.559554 -0
    outer loop
      vertex 1.38651 10.5316 9.7
      vertex 0.888457 11.2693 12.61
      vertex 1.38651 10.5316 12.61
    endloop
  endfacet
  facet normal 0.828794 0.559553 3.19925e-07
    outer loop
      vertex 0.888457 11.2693 12.61
      vertex 1.38651 10.5316 9.7
      vertex 0.751877 11.4716 9.7
    endloop
  endfacet
  facet normal 0.766843 0.641835 0
    outer loop
      vertex 0.53433 11.7316 12.61
      vertex 0 12.37 9.7
      vertex 0 12.37 12.61
    endloop
  endfacet
  facet normal 0.766943 0.641716 -0
    outer loop
      vertex 0.751877 11.4716 9.7
      vertex 0.53433 11.7316 12.61
      vertex 0.751877 11.4716 12.61
    endloop
  endfacet
  facet normal 0.766872 0.6418 -1.28466e-05
    outer loop
      vertex 0.53433 11.7316 12.61
      vertex 0.751877 11.4716 9.7
      vertex 0 12.37 9.7
    endloop
  endfacet
  facet normal 0.698484 0.715626 -0
    outer loop
      vertex 0 12.37 9.7
      vertex -0.336972 12.6989 12.61
      vertex 0 12.37 12.61
    endloop
  endfacet
  facet normal 0.69847 0.715639 -2.97353e-06
    outer loop
      vertex -0.86618 13.2154 9.7
      vertex -0.336972 12.6989 12.61
      vertex 0 12.37 9.7
    endloop
  endfacet
  facet normal 0.698462 0.715647 0
    outer loop
      vertex -0.336972 12.6989 12.61
      vertex -0.86618 13.2154 9.7
      vertex -0.86618 13.2154 12.61
    endloop
  endfacet
  facet normal 0.624736 0.780836 -0
    outer loop
      vertex -0.86618 13.2154 9.7
      vertex -1.8427 13.9967 12.61
      vertex -0.86618 13.2154 12.61
    endloop
  endfacet
  facet normal 0.624736 0.780836 0
    outer loop
      vertex -1.8427 13.9967 12.61
      vertex -0.86618 13.2154 9.7
      vertex -1.8427 13.9967 9.7
    endloop
  endfacet
  facet normal 0.138285 0.990393 -0
    outer loop
      vertex -1.8427 13.9967 9.7
      vertex -2.811 14.1319 12.61
      vertex -1.8427 13.9967 12.61
    endloop
  endfacet
  facet normal 0.138285 0.990393 0
    outer loop
      vertex -2.811 14.1319 12.61
      vertex -1.8427 13.9967 9.7
      vertex -2.811 14.1319 9.7
    endloop
  endfacet
  facet normal -0.836887 0.547376 0
    outer loop
      vertex -2.811 14.1319 9.7
      vertex -3.195 13.5448 12.61
      vertex -2.811 14.1319 12.61
    endloop
  endfacet
  facet normal -0.83687 0.547402 7.44196e-06
    outer loop
      vertex -3.50311 13.0738 9.7
      vertex -3.195 13.5448 12.61
      vertex -2.811 14.1319 9.7
    endloop
  endfacet
  facet normal -0.836849 0.547434 0
    outer loop
      vertex -3.195 13.5448 12.61
      vertex -3.50311 13.0738 9.7
      vertex -3.50311 13.0738 12.61
    endloop
  endfacet
  facet normal -0.886288 0.463134 0
    outer loop
      vertex -4.06982 11.9893 9.7
      vertex -3.50311 13.0738 12.61
      vertex -3.50311 13.0738 9.7
    endloop
  endfacet
  facet normal -0.886288 0.463134 0
    outer loop
      vertex -3.50311 13.0738 12.61
      vertex -4.06982 11.9893 9.7
      vertex -4.06982 11.9893 12.61
    endloop
  endfacet
  facet normal -0.928063 0.372424 0
    outer loop
      vertex -4.51088 10.8902 9.7
      vertex -4.06982 11.9893 12.61
      vertex -4.06982 11.9893 9.7
    endloop
  endfacet
  facet normal -0.928063 0.372424 0
    outer loop
      vertex -4.06982 11.9893 12.61
      vertex -4.51088 10.8902 9.7
      vertex -4.51088 10.8902 12.61
    endloop
  endfacet
  facet normal -0.961223 0.275773 0
    outer loop
      vertex -4.82703 9.78824 9.7
      vertex -4.51088 10.8902 12.61
      vertex -4.51088 10.8902 9.7
    endloop
  endfacet
  facet normal -0.961223 0.275773 0
    outer loop
      vertex -4.51088 10.8902 12.61
      vertex -4.82703 9.78824 9.7
      vertex -4.82703 9.78824 12.61
    endloop
  endfacet
  facet normal -0.984781 0.173799 0
    outer loop
      vertex -5.01999 8.69489 9.7
      vertex -4.82703 9.78824 12.61
      vertex -4.82703 9.78824 9.7
    endloop
  endfacet
  facet normal -0.984781 0.173799 0
    outer loop
      vertex -4.82703 9.78824 12.61
      vertex -5.01999 8.69489 9.7
      vertex -5.01999 8.69489 12.61
    endloop
  endfacet
  facet normal 0.341867 0.939748 -0
    outer loop
      vertex -5.01999 8.69489 9.7
      vertex -6.06335 9.07445 12.61
      vertex -5.01999 8.69489 12.61
    endloop
  endfacet
  facet normal 0.341867 0.939748 0
    outer loop
      vertex -6.06335 9.07445 12.61
      vertex -5.01999 8.69489 9.7
      vertex -6.06335 9.07445 9.7
    endloop
  endfacet
  facet normal 0.24178 0.970331 -0
    outer loop
      vertex -6.06335 9.07445 9.7
      vertex -7.01514 9.31161 12.61
      vertex -6.06335 9.07445 12.61
    endloop
  endfacet
  facet normal 0.241784 0.97033 1.54158e-06
    outer loop
      vertex -7.17577 9.35164 9.7
      vertex -7.01514 9.31161 12.61
      vertex -6.06335 9.07445 9.7
    endloop
  endfacet
  facet normal 0.241811 0.970323 0
    outer loop
      vertex -7.01514 9.31161 12.61
      vertex -7.17577 9.35164 9.7
      vertex -7.17577 9.35164 12.61
    endloop
  endfacet
  facet normal 0.14151 0.989937 -0
    outer loop
      vertex -7.17577 9.35164 9.7
      vertex -7.98865 9.46784 12.61
      vertex -7.17577 9.35164 12.61
    endloop
  endfacet
  facet normal 0.141512 0.989936 6.75285e-07
    outer loop
      vertex -8.34813 9.51923 9.7
      vertex -7.98865 9.46784 12.61
      vertex -7.17577 9.35164 9.7
    endloop
  endfacet
  facet normal 0.141518 0.989936 0
    outer loop
      vertex -7.98865 9.46784 12.61
      vertex -8.34813 9.51923 9.7
      vertex -8.34813 9.51923 12.61
    endloop
  endfacet
  facet normal 0.0420435 0.999116 -0
    outer loop
      vertex -8.34813 9.51923 9.7
      vertex -8.52422 9.52664 12.61
      vertex -8.34813 9.51923 12.61
    endloop
  endfacet
  facet normal 0.042047 0.999116 2.06416e-07
    outer loop
      vertex -9.57068 9.57068 9.7
      vertex -8.52422 9.52664 12.61
      vertex -8.34813 9.51923 9.7
    endloop
  endfacet
  facet normal 0.0420475 0.999116 0
    outer loop
      vertex -8.52422 9.52664 12.61
      vertex -9.57068 9.57068 9.7
      vertex -9.57068 9.57068 12.61
    endloop
  endfacet
  facet normal -0.0556321 0.998451 0
    outer loop
      vertex -9.57068 9.57068 9.7
      vertex -10.8331 9.50034 12.61
      vertex -9.57068 9.57068 12.61
    endloop
  endfacet
  facet normal -0.0556321 0.998451 0
    outer loop
      vertex -10.8331 9.50034 12.61
      vertex -9.57068 9.57068 9.7
      vertex -10.8331 9.50034 9.7
    endloop
  endfacet
  facet normal -0.926833 0.375475 0
    outer loop
      vertex -11.2002 8.59418 9.7
      vertex -10.8331 9.50034 12.61
      vertex -10.8331 9.50034 9.7
    endloop
  endfacet
  facet normal -0.926833 0.375475 0
    outer loop
      vertex -10.8331 9.50034 12.61
      vertex -11.2002 8.59418 9.7
      vertex -11.2002 8.59418 12.61
    endloop
  endfacet
  facet normal -0.988588 -0.150644 0
    outer loop
      vertex -11.0118 7.35782 9.7
      vertex -11.2002 8.59418 12.61
      vertex -11.2002 8.59418 9.7
    endloop
  endfacet
  facet normal -0.988588 -0.150644 0
    outer loop
      vertex -11.2002 8.59418 12.61
      vertex -11.0118 7.35782 9.7
      vertex -11.0118 7.35782 12.61
    endloop
  endfacet
  facet normal -0.968999 -0.247064 0
    outer loop
      vertex -11.0118 7.35782 9.7
      vertex -10.8291 6.64126 12.61
      vertex -11.0118 7.35782 12.61
    endloop
  endfacet
  facet normal -0.968986 -0.247117 -1.38785e-05
    outer loop
      vertex -10.7127 6.185 9.7
      vertex -10.8291 6.64126 12.61
      vertex -11.0118 7.35782 9.7
    endloop
  endfacet
  facet normal -0.968964 -0.2472 0
    outer loop
      vertex -10.8291 6.64126 12.61
      vertex -10.7127 6.185 9.7
      vertex -10.7127 6.185 12.61
    endloop
  endfacet
  facet normal -0.939273 -0.343172 0
    outer loop
      vertex -10.7127 6.185 9.7
      vertex -10.427 5.40303 12.61
      vertex -10.7127 6.185 12.61
    endloop
  endfacet
  facet normal -0.939278 -0.343157 4.45821e-06
    outer loop
      vertex -10.3107 5.08466 9.7
      vertex -10.427 5.40303 12.61
      vertex -10.7127 6.185 9.7
    endloop
  endfacet
  facet normal -0.939291 -0.343121 0
    outer loop
      vertex -10.427 5.40303 12.61
      vertex -10.3107 5.08466 9.7
      vertex -10.3107 5.08466 12.61
    endloop
  endfacet
  facet normal -0.899001 -0.437947 0
    outer loop
      vertex -10.3107 5.08466 9.7
      vertex -10.2038 4.86522 12.61
      vertex -10.3107 5.08466 12.61
    endloop
  endfacet
  facet normal -0.898967 -0.438017 -6.50896e-06
    outer loop
      vertex -9.8139 4.06505 9.7
      vertex -10.2038 4.86522 12.61
      vertex -10.3107 5.08466 9.7
    endloop
  endfacet
  facet normal -0.898957 -0.438036 0
    outer loop
      vertex -10.2038 4.86522 12.61
      vertex -9.8139 4.06505 9.7
      vertex -9.8139 4.06505 12.61
    endloop
  endfacet
  facet normal -0.999137 -0.0415395 0
    outer loop
      vertex -9.78296 3.32086 9.7
      vertex -9.8139 4.06505 12.61
      vertex -9.8139 4.06505 9.7
    endloop
  endfacet
  facet normal -0.999137 -0.0415395 0
    outer loop
      vertex -9.8139 4.06505 12.61
      vertex -9.78296 3.32086 9.7
      vertex -9.78296 3.32086 12.61
    endloop
  endfacet
  facet normal -0.375009 0.927021 0
    outer loop
      vertex -9.78296 3.32086 9.7
      vertex -10.8232 2.90005 12.61
      vertex -9.78296 3.32086 12.61
    endloop
  endfacet
  facet normal -0.375009 0.927021 0
    outer loop
      vertex -10.8232 2.90005 12.61
      vertex -9.78296 3.32086 9.7
      vertex -10.8232 2.90005 9.7
    endloop
  endfacet
  facet normal -0.469101 0.883145 0
    outer loop
      vertex -10.8232 2.90005 9.7
      vertex -11.8466 2.35645 12.61
      vertex -10.8232 2.90005 12.61
    endloop
  endfacet
  facet normal -0.469101 0.883145 0
    outer loop
      vertex -11.8466 2.35645 12.61
      vertex -10.8232 2.90005 9.7
      vertex -11.8466 2.35645 9.7
    endloop
  endfacet
  facet normal -0.556099 0.831116 0
    outer loop
      vertex -11.8466 2.35645 9.7
      vertex -12.8417 1.69063 12.61
      vertex -11.8466 2.35645 12.61
    endloop
  endfacet
  facet normal -0.556099 0.831116 0
    outer loop
      vertex -12.8417 1.69063 12.61
      vertex -11.8466 2.35645 9.7
      vertex -12.8417 1.69063 9.7
    endloop
  endfacet
  facet normal -0.635696 0.77194 0
    outer loop
      vertex -12.8417 1.69063 9.7
      vertex -13.7966 0.904266 12.61
      vertex -12.8417 1.69063 12.61
    endloop
  endfacet
  facet normal -0.635696 0.77194 0
    outer loop
      vertex -13.7966 0.904266 12.61
      vertex -12.8417 1.69063 9.7
      vertex -13.7966 0.904266 9.7
    endloop
  endfacet
  facet normal -0.704853 0.709353 0
    outer loop
      vertex -13.7966 0.904266 9.7
      vertex -13.8059 0.895025 12.61
      vertex -13.7966 0.904266 12.61
    endloop
  endfacet
  facet normal -0.707445 0.706768 -1.64949e-05
    outer loop
      vertex -14.7 0 9.7
      vertex -13.8059 0.895025 12.61
      vertex -13.7966 0.904266 9.7
    endloop
  endfacet
  facet normal -0.707472 0.706741 0
    outer loop
      vertex -13.8059 0.895025 12.61
      vertex -14.7 0 9.7
      vertex -14.7 0 12.61
    endloop
  endfacet
  facet normal -0.707465 -0.706748 0
    outer loop
      vertex -14.7 0 9.7
      vertex -13.8012 -0.899712 12.61
      vertex -14.7 0 12.61
    endloop
  endfacet
  facet normal -0.707445 -0.706768 -1.22433e-05
    outer loop
      vertex -13.7966 -0.904266 9.7
      vertex -13.8012 -0.899712 12.61
      vertex -14.7 0 9.7
    endloop
  endfacet
  facet normal -0.703545 -0.710651 0
    outer loop
      vertex -13.8012 -0.899712 12.61
      vertex -13.7966 -0.904266 9.7
      vertex -13.7966 -0.904266 12.61
    endloop
  endfacet
  facet normal -0.635885 -0.771784 0
    outer loop
      vertex -13.7966 -0.904266 9.7
      vertex -13.7823 -0.916048 12.61
      vertex -13.7966 -0.904266 12.61
    endloop
  endfacet
  facet normal -0.635693 -0.771942 -1.58684e-06
    outer loop
      vertex -13.7823 -0.916048 12.61
      vertex -13.7966 -0.904266 9.7
      vertex -12.8417 -1.69063 12.61
    endloop
  endfacet
  facet normal -0.635696 -0.77194 -0
    outer loop
      vertex -12.8417 -1.69063 12.61
      vertex -13.7966 -0.904266 9.7
      vertex -12.8417 -1.69063 9.7
    endloop
  endfacet
  facet normal -0.556123 -0.8311 0
    outer loop
      vertex -12.8417 -1.69063 9.7
      vertex -12.1518 -2.15227 12.61
      vertex -12.8417 -1.69063 12.61
    endloop
  endfacet
  facet normal -0.556099 -0.831116 -8.25049e-06
    outer loop
      vertex -11.8466 -2.35645 9.7
      vertex -12.1518 -2.15227 12.61
      vertex -12.8417 -1.69063 9.7
    endloop
  endfacet
  facet normal -0.556044 -0.831153 0
    outer loop
      vertex -12.1518 -2.15227 12.61
      vertex -11.8466 -2.35645 9.7
      vertex -11.8466 -2.35645 12.61
    endloop
  endfacet
  facet normal -0.469101 -0.883145 0
    outer loop
      vertex -11.8466 -2.35645 9.7
      vertex -10.8232 -2.90005 12.61
      vertex -11.8466 -2.35645 12.61
    endloop
  endfacet
  facet normal -0.469101 -0.883145 -0
    outer loop
      vertex -10.8232 -2.90005 12.61
      vertex -11.8466 -2.35645 9.7
      vertex -10.8232 -2.90005 9.7
    endloop
  endfacet
  facet normal -0.375009 -0.927021 0
    outer loop
      vertex -10.8232 -2.90005 9.7
      vertex -9.78296 -3.32086 12.61
      vertex -10.8232 -2.90005 12.61
    endloop
  endfacet
  facet normal -0.375009 -0.927021 -0
    outer loop
      vertex -9.78296 -3.32086 12.61
      vertex -10.8232 -2.90005 9.7
      vertex -9.78296 -3.32086 9.7
    endloop
  endfacet
  facet normal -0.999137 0.0415395 0
    outer loop
      vertex -9.8139 -4.06505 9.7
      vertex -9.78296 -3.32086 12.61
      vertex -9.78296 -3.32086 9.7
    endloop
  endfacet
  facet normal -0.999137 0.0415395 0
    outer loop
      vertex -9.78296 -3.32086 12.61
      vertex -9.8139 -4.06505 9.7
      vertex -9.8139 -4.06505 12.61
    endloop
  endfacet
  facet normal -0.898957 0.438036 0
    outer loop
      vertex -9.8139 -4.06505 9.7
      vertex -10.2038 -4.86522 12.61
      vertex -9.8139 -4.06505 12.61
    endloop
  endfacet
  facet normal -0.898967 0.438017 -6.50896e-06
    outer loop
      vertex -10.3107 -5.08466 9.7
      vertex -10.2038 -4.86522 12.61
      vertex -9.8139 -4.06505 9.7
    endloop
  endfacet
  facet normal -0.899001 0.437947 0
    outer loop
      vertex -10.2038 -4.86522 12.61
      vertex -10.3107 -5.08466 9.7
      vertex -10.3107 -5.08466 12.61
    endloop
  endfacet
  facet normal -0.939291 0.343121 0
    outer loop
      vertex -10.3107 -5.08466 9.7
      vertex -10.427 -5.40303 12.61
      vertex -10.3107 -5.08466 12.61
    endloop
  endfacet
  facet normal -0.939278 0.343157 4.45821e-06
    outer loop
      vertex -10.7127 -6.185 9.7
      vertex -10.427 -5.40303 12.61
      vertex -10.3107 -5.08466 9.7
    endloop
  endfacet
  facet normal -0.939273 0.343172 0
    outer loop
      vertex -10.427 -5.40303 12.61
      vertex -10.7127 -6.185 9.7
      vertex -10.7127 -6.185 12.61
    endloop
  endfacet
  facet normal -0.968964 0.2472 0
    outer loop
      vertex -10.7127 -6.185 9.7
      vertex -10.8291 -6.64126 12.61
      vertex -10.7127 -6.185 12.61
    endloop
  endfacet
  facet normal -0.968986 0.247117 -1.38785e-05
    outer loop
      vertex -11.0118 -7.35782 9.7
      vertex -10.8291 -6.64126 12.61
      vertex -10.7127 -6.185 9.7
    endloop
  endfacet
  facet normal -0.968999 0.247064 0
    outer loop
      vertex -10.8291 -6.64126 12.61
      vertex -11.0118 -7.35782 9.7
      vertex -11.0118 -7.35782 12.61
    endloop
  endfacet
  facet normal -0.988588 0.150644 0
    outer loop
      vertex -11.2002 -8.59418 9.7
      vertex -11.0118 -7.35782 12.61
      vertex -11.0118 -7.35782 9.7
    endloop
  endfacet
  facet normal -0.988588 0.150644 0
    outer loop
      vertex -11.0118 -7.35782 12.61
      vertex -11.2002 -8.59418 9.7
      vertex -11.2002 -8.59418 12.61
    endloop
  endfacet
  facet normal -0.926833 -0.375475 0
    outer loop
      vertex -10.8331 -9.50034 9.7
      vertex -11.2002 -8.59418 12.61
      vertex -11.2002 -8.59418 9.7
    endloop
  endfacet
  facet normal -0.926833 -0.375475 0
    outer loop
      vertex -11.2002 -8.59418 12.61
      vertex -10.8331 -9.50034 9.7
      vertex -10.8331 -9.50034 12.61
    endloop
  endfacet
  facet normal -0.0556248 -0.998452 0
    outer loop
      vertex -10.8331 -9.50034 9.7
      vertex -10.1327 -9.53936 12.61
      vertex -10.8331 -9.50034 12.61
    endloop
  endfacet
  facet normal -0.0556321 -0.998451 1.76869e-06
    outer loop
      vertex -9.57068 -9.57068 9.7
      vertex -10.1327 -9.53936 12.61
      vertex -10.8331 -9.50034 9.7
    endloop
  endfacet
  facet normal -0.0556412 -0.998451 0
    outer loop
      vertex -10.1327 -9.53936 12.61
      vertex -9.57068 -9.57068 9.7
      vertex -9.57068 -9.57068 12.61
    endloop
  endfacet
  facet normal 0.042047 -0.999116 0
    outer loop
      vertex -9.57068 -9.57068 9.7
      vertex -8.34813 -9.51923 12.61
      vertex -9.57068 -9.57068 12.61
    endloop
  endfacet
  facet normal 0.042047 -0.999116 0
    outer loop
      vertex -8.34813 -9.51923 12.61
      vertex -9.57068 -9.57068 9.7
      vertex -8.34813 -9.51923 9.7
    endloop
  endfacet
  facet normal 0.141512 -0.989936 0
    outer loop
      vertex -8.34813 -9.51923 9.7
      vertex -7.17577 -9.35164 12.61
      vertex -8.34813 -9.51923 12.61
    endloop
  endfacet
  facet normal 0.141512 -0.989936 0
    outer loop
      vertex -7.17577 -9.35164 12.61
      vertex -8.34813 -9.51923 9.7
      vertex -7.17577 -9.35164 9.7
    endloop
  endfacet
  facet normal 0.241784 -0.97033 0
    outer loop
      vertex -7.17577 -9.35164 9.7
      vertex -6.06335 -9.07445 12.61
      vertex -7.17577 -9.35164 12.61
    endloop
  endfacet
  facet normal 0.241784 -0.97033 0
    outer loop
      vertex -6.06335 -9.07445 12.61
      vertex -7.17577 -9.35164 9.7
      vertex -6.06335 -9.07445 9.7
    endloop
  endfacet
  facet normal 0.341867 -0.939748 0
    outer loop
      vertex -6.06335 -9.07445 9.7
      vertex -5.01999 -8.69489 12.61
      vertex -6.06335 -9.07445 12.61
    endloop
  endfacet
  facet normal 0.341867 -0.939748 0
    outer loop
      vertex -5.01999 -8.69489 12.61
      vertex -6.06335 -9.07445 9.7
      vertex -5.01999 -8.69489 9.7
    endloop
  endfacet
  facet normal -0.984781 -0.173799 0
    outer loop
      vertex -4.82703 -9.78824 9.7
      vertex -5.01999 -8.69489 12.61
      vertex -5.01999 -8.69489 9.7
    endloop
  endfacet
  facet normal -0.984781 -0.173799 0
    outer loop
      vertex -5.01999 -8.69489 12.61
      vertex -4.82703 -9.78824 9.7
      vertex -4.82703 -9.78824 12.61
    endloop
  endfacet
  facet normal -0.961224 -0.275769 0
    outer loop
      vertex -4.82703 -9.78824 9.7
      vertex -4.55653 -10.7311 12.61
      vertex -4.82703 -9.78824 12.61
    endloop
  endfacet
  facet normal -0.961223 -0.275773 -1.50147e-06
    outer loop
      vertex -4.51088 -10.8902 9.7
      vertex -4.55653 -10.7311 12.61
      vertex -4.82703 -9.78824 9.7
    endloop
  endfacet
  facet normal -0.961216 -0.275798 0
    outer loop
      vertex -4.55653 -10.7311 12.61
      vertex -4.51088 -10.8902 9.7
      vertex -4.51088 -10.8902 12.61
    endloop
  endfacet
  facet normal -0.92806 -0.37243 0
    outer loop
      vertex -4.51088 -10.8902 9.7
      vertex -4.20505 -11.6523 12.61
      vertex -4.51088 -10.8902 12.61
    endloop
  endfacet
  facet normal -0.928063 -0.372424 1.71982e-06
    outer loop
      vertex -4.06982 -11.9893 9.7
      vertex -4.20505 -11.6523 12.61
      vertex -4.51088 -10.8902 9.7
    endloop
  endfacet
  facet normal -0.928068 -0.372411 0
    outer loop
      vertex -4.20505 -11.6523 12.61
      vertex -4.06982 -11.9893 9.7
      vertex -4.06982 -11.9893 12.61
    endloop
  endfacet
  facet normal -0.886295 -0.463121 0
    outer loop
      vertex -4.06982 -11.9893 9.7
      vertex -3.9882 -12.1455 12.61
      vertex -4.06982 -11.9893 12.61
    endloop
  endfacet
  facet normal -0.886288 -0.463134 -9.02045e-07
    outer loop
      vertex -3.50311 -13.0738 9.7
      vertex -3.9882 -12.1455 12.61
      vertex -4.06982 -11.9893 9.7
    endloop
  endfacet
  facet normal -0.886287 -0.463136 0
    outer loop
      vertex -3.9882 -12.1455 12.61
      vertex -3.50311 -13.0738 9.7
      vertex -3.50311 -13.0738 12.61
    endloop
  endfacet
  facet normal -0.83687 -0.547402 0
    outer loop
      vertex -2.811 -14.1319 9.7
      vertex -3.50311 -13.0738 12.61
      vertex -3.50311 -13.0738 9.7
    endloop
  endfacet
  facet normal -0.83687 -0.547402 0
    outer loop
      vertex -3.50311 -13.0738 12.61
      vertex -2.811 -14.1319 9.7
      vertex -2.811 -14.1319 12.61
    endloop
  endfacet
  facet normal 0.138285 -0.990393 0
    outer loop
      vertex -2.811 -14.1319 9.7
      vertex -1.8427 -13.9967 12.61
      vertex -2.811 -14.1319 12.61
    endloop
  endfacet
  facet normal 0.138285 -0.990393 0
    outer loop
      vertex -1.8427 -13.9967 12.61
      vertex -2.811 -14.1319 9.7
      vertex -1.8427 -13.9967 9.7
    endloop
  endfacet
  facet normal 0 0 1
    outer loop
      vertex 8.06282 -9.19389 15.52
      vertex 8.48256 -9.6725 15.52
      vertex 8.58383 -9.31789 15.52
    endloop
  endfacet
  facet normal 0 0 1
    outer loop
      vertex 8.06282 -9.19389 15.52
      vertex 6.92755 -9.02815 15.52
      vertex 8.48256 -9.6725 15.52
    endloop
  endfacet
  facet normal -0 -0 1
    outer loop
      vertex 6.92755 -9.02815 15.52
      vertex 8.06282 -9.19389 15.52
      vertex 6.66919 -8.69147 15.52
    endloop
  endfacet
  facet normal -0 0 1
    outer loop
      vertex 5.19475 -8.99756 15.52
      vertex 6.92755 -9.02815 15.52
      vertex 6.66919 -8.69147 15.52
    endloop
  endfacet
  facet normal 0 0 1
    outer loop
      vertex 5.19475 -8.99756 15.52
      vertex 6.66919 -8.69147 15.52
      vertex 5.37912 -8.05043 15.52
    endloop
  endfacet
  facet normal 0 0 1
    outer loop
      vertex 6.92755 -9.02815 15.52
      vertex 5.19475 -8.99756 15.52
      vertex 7.69763 -11.5203 15.52
    endloop
  endfacet
  facet normal -0 0 1
    outer loop
      vertex 3.93073 -11.5796 15.52
      vertex 6.14153 -12.4538 15.52
      vertex 4.19243 -10.1214 15.52
    endloop
  endfacet
  facet normal 0 0 1
    outer loop
      vertex 5.37912 -8.05043 15.52
      vertex 4.2823 -8.68367 15.52
      vertex 5.19475 -8.99756 15.52
    endloop
  endfacet
  facet normal 0 -0 1
    outer loop
      vertex 4.2823 -8.68367 15.52
      vertex 5.37912 -8.05043 15.52
      vertex 4.2045 -7.28239 15.52
    endloop
  endfacet
  facet normal 0 0 1
    outer loop
      vertex 4.19243 -10.1214 15.52
      vertex 5.19475 -8.99756 15.52
      vertex 4.2823 -8.68367 15.52
    endloop
  endfacet
  facet normal 0 0 1
    outer loop
      vertex 5.19475 -8.99756 15.52
      vertex 4.19243 -10.1214 15.52
      vertex 6.14153 -12.4538 15.52
    endloop
  endfacet
  facet normal 0 0 1
    outer loop
      vertex 3.49449 -13.0416 15.52
      vertex 6.14153 -12.4538 15.52
      vertex 3.93073 -11.5796 15.52
    endloop
  endfacet
  facet normal 0 0 1
    outer loop
      vertex 6.14153 -12.4538 15.52
      vertex 3.49449 -13.0416 15.52
      vertex 5.80562 -14.016 15.52
    endloop
  endfacet
  facet normal 0 0 1
    outer loop
      vertex 5.80562 -14.016 15.52
      vertex 3.49449 -13.0416 15.52
      vertex 5.1525 -15.1788 15.52
    endloop
  endfacet
  facet normal 0 0 1
    outer loop
      vertex 5.1525 -15.1788 15.52
      vertex 3.49449 -13.0416 15.52
      vertex 4.22676 -15.7745 15.52
    endloop
  endfacet
  facet normal 0 0 1
    outer loop
      vertex 4.22676 -15.7745 15.52
      vertex 3.49449 -13.0416 15.52
      vertex 3.04661 -13.2242 15.52
    endloop
  endfacet
  facet normal 0 0 1
    outer loop
      vertex 6.12807 12.4265 15.52
      vertex 4.35483 10.5135 15.52
      vertex 5.19475 8.99756 15.52
    endloop
  endfacet
  facet normal 0 0 1
    outer loop
      vertex 9.54715 9.54715 15.52
      vertex 11.5478 11.5478 15.52
      vertex 10.569 12.0516 15.52
    endloop
  endfacet
  facet normal 0 0 1
    outer loop
      vertex 11.5478 11.5478 15.52
      vertex 9.54715 9.54715 15.52
      vertex 9.92914 9.25052 15.52
    endloop
  endfacet
  facet normal -0 0 1
    outer loop
      vertex 9.23543 12.0358 15.52
      vertex 9.54715 9.54715 15.52
      vertex 10.569 12.0516 15.52
    endloop
  endfacet
  facet normal -0 0 1
    outer loop
      vertex 7.71454 11.5456 15.52
      vertex 9.54715 9.54715 15.52
      vertex 9.23543 12.0358 15.52
    endloop
  endfacet
  facet normal 0 0 1
    outer loop
      vertex 9.54715 9.54715 15.52
      vertex 7.71454 11.5456 15.52
      vertex 8.06282 9.19389 15.52
    endloop
  endfacet
  facet normal 0 0 1
    outer loop
      vertex 7.71454 11.5456 15.52
      vertex 6.66919 8.69147 15.52
      vertex 8.06282 9.19389 15.52
    endloop
  endfacet
  facet normal -0 0 1
    outer loop
      vertex 5.19475 8.99756 15.52
      vertex 6.66919 8.69147 15.52
      vertex 7.71454 11.5456 15.52
    endloop
  endfacet
  facet normal 0 0 1
    outer loop
      vertex 6.66919 8.69147 15.52
      vertex 5.19475 8.99756 15.52
      vertex 5.37912 8.05043 15.52
    endloop
  endfacet
  facet normal -0 0 1
    outer loop
      vertex 4.19243 10.1214 15.52
      vertex 5.19475 8.99756 15.52
      vertex 4.35483 10.5135 15.52
    endloop
  endfacet
  facet normal 0 -0 1
    outer loop
      vertex 4.2823 8.68367 15.52
      vertex 5.19475 8.99756 15.52
      vertex 4.19243 10.1214 15.52
    endloop
  endfacet
  facet normal 0 0 1
    outer loop
      vertex 5.37912 8.05043 15.52
      vertex 4.2823 8.68367 15.52
      vertex 4.2045 7.28239 15.52
    endloop
  endfacet
  facet normal 0 0 1
    outer loop
      vertex 5.19475 8.99756 15.52
      vertex 4.2823 8.68367 15.52
      vertex 5.37912 8.05043 15.52
    endloop
  endfacet
  facet normal -0 0 1
    outer loop
      vertex 3.93073 11.5796 15.52
      vertex 4.35483 10.5135 15.52
      vertex 4.13535 12.1824 15.52
    endloop
  endfacet
  facet normal 0 0 1
    outer loop
      vertex 4.35483 10.5135 15.52
      vertex 3.93073 11.5796 15.52
      vertex 4.19243 10.1214 15.52
    endloop
  endfacet
  facet normal 0 -0 1
    outer loop
      vertex 3.93073 11.5796 15.52
      vertex 4.13535 12.1824 15.52
      vertex 3.7776 12.0928 15.52
    endloop
  endfacet
  facet normal 0 0 1
    outer loop
      vertex 11.9936 2.38567 15.52
      vertex 12.6179 2.50986 15.52
      vertex 12.3614 2.77488 15.52
    endloop
  endfacet
  facet normal -0 0 1
    outer loop
      vertex 11.9936 2.38567 15.52
      vertex 11.2824 1.48535 15.52
      vertex 12.6179 2.50986 15.52
    endloop
  endfacet
  facet normal 0 -0 1
    outer loop
      vertex 11.2824 1.48535 15.52
      vertex 11.9936 2.38567 15.52
      vertex 10.8616 1.42995 15.52
    endloop
  endfacet
  facet normal 0 0 1
    outer loop
      vertex 10.3895 0 15.52
      vertex 11.2824 1.48535 15.52
      vertex 10.8616 1.42995 15.52
    endloop
  endfacet
  facet normal 0 0 1
    outer loop
      vertex 11.2824 1.48535 15.52
      vertex 10.3895 0 15.52
      vertex 13.8257 0.906174 15.52
    endloop
  endfacet
  facet normal 0 -0 1
    outer loop
      vertex 10.3895 0 15.52
      vertex 10.8616 1.42995 15.52
      vertex 9.66144 0.63324 15.52
    endloop
  endfacet
  facet normal 0 0 1
    outer loop
      vertex 13.8561 -0.908173 15.52
      vertex 11.9936 -2.38567 15.52
      vertex 13.0416 -3.49449 15.52
    endloop
  endfacet
  facet normal 0 0 1
    outer loop
      vertex 13.8561 -0.908173 15.52
      vertex 10.8616 -1.42995 15.52
      vertex 11.9936 -2.38567 15.52
    endloop
  endfacet
  facet normal 0 0 1
    outer loop
      vertex 10.3895 0 15.52
      vertex 10.8616 -1.42995 15.52
      vertex 13.8561 -0.908173 15.52
    endloop
  endfacet
  facet normal 0 0 1
    outer loop
      vertex 9.66144 -0.63324 15.52
      vertex 10.3895 0 15.52
      vertex 9.66144 0.63324 15.52
    endloop
  endfacet
  facet normal 0 0 1
    outer loop
      vertex 10.3895 0 15.52
      vertex 9.66144 -0.63324 15.52
      vertex 10.8616 -1.42995 15.52
    endloop
  endfacet
  facet normal 0 -0 1
    outer loop
      vertex 9.66144 -0.63324 15.52
      vertex 9.66144 0.63324 15.52
      vertex 8.409 0 15.52
    endloop
  endfacet
  facet normal 0 0 1
    outer loop
      vertex 13.0416 -3.49449 15.52
      vertex 15.7215 -3.1272 15.52
      vertex 15.041 -1.98018 15.52
    endloop
  endfacet
  facet normal 0 0 1
    outer loop
      vertex 13.0416 -3.49449 15.52
      vertex 15.041 -1.98018 15.52
      vertex 13.8561 -0.908173 15.52
    endloop
  endfacet
  facet normal 0 0 1
    outer loop
      vertex 15.7215 -3.1272 15.52
      vertex 13.0416 -3.49449 15.52
      vertex 15.7745 -4.22676 15.52
    endloop
  endfacet
  facet normal 0 0 1
    outer loop
      vertex 15.7745 -4.22676 15.52
      vertex 13.0416 -3.49449 15.52
      vertex 12.9758 -3.97362 15.52
    endloop
  endfacet
  facet normal 0 0 -1
    outer loop
      vertex 10.2575 -8.99556 15.52
      vertex 10.5994 -8.13319 15.52
      vertex 10.9361 -8.39156 15.52
    endloop
  endfacet
  facet normal 0 0 -1
    outer loop
      vertex 8.7469 -8.7469 15.52
      vertex 10.2575 -8.99556 15.52
      vertex 9.54715 -9.54715 15.52
    endloop
  endfacet
  facet normal 0 -0 -1
    outer loop
      vertex 8.92799 -7.82964 15.52
      vertex 10.2575 -8.99556 15.52
      vertex 8.7469 -8.7469 15.52
    endloop
  endfacet
  facet normal 0 0 -1
    outer loop
      vertex 10.2575 -8.99556 15.52
      vertex 8.92799 -7.82964 15.52
      vertex 10.5994 -8.13319 15.52
    endloop
  endfacet
  facet normal 0 -0 -1
    outer loop
      vertex 8.7469 -8.7469 15.52
      vertex 9.54715 -9.54715 15.52
      vertex 8.58383 -9.31789 15.52
    endloop
  endfacet
  facet normal 0 0 -1
    outer loop
      vertex 10.5994 -8.13319 15.52
      vertex 11.5791 -7.73692 15.52
      vertex 10.9361 -8.39156 15.52
    endloop
  endfacet
  facet normal 0 0 -1
    outer loop
      vertex 9.05023 -6.04716 15.52
      vertex 11.5791 -7.73692 15.52
      vertex 10.5994 -8.13319 15.52
    endloop
  endfacet
  facet normal 0 0 -1
    outer loop
      vertex 11.5791 -7.73692 15.52
      vertex 9.05023 -6.04716 15.52
      vertex 12.1431 -7.08012 15.52
    endloop
  endfacet
  facet normal 0 0 -1
    outer loop
      vertex 9.76212 -4.81413 15.52
      vertex 12.4899 -6.15935 15.52
      vertex 12.2031 -6.97615 15.52
    endloop
  endfacet
  facet normal 0 0 -1
    outer loop
      vertex 12.4899 -6.15935 15.52
      vertex 9.76212 -4.81413 15.52
      vertex 12.3432 -5.11273 15.52
    endloop
  endfacet
  facet normal 0 0 -1
    outer loop
      vertex 12.3432 -5.11273 15.52
      vertex 12.9191 -4.38545 15.52
      vertex 12.7353 -5.27515 15.52
    endloop
  endfacet
  facet normal 0 0 -1
    outer loop
      vertex 12.3432 -5.11273 15.52
      vertex 12.7353 -5.27515 15.52
      vertex 12.4899 -6.15935 15.52
    endloop
  endfacet
  facet normal 0 0 -1
    outer loop
      vertex 11.2447 -3.81705 15.52
      vertex 12.9191 -4.38545 15.52
      vertex 12.3432 -5.11273 15.52
    endloop
  endfacet
  facet normal 0 0 -1
    outer loop
      vertex 12.9191 -4.38545 15.52
      vertex 11.2447 -3.81705 15.52
      vertex 12.9758 -3.97362 15.52
    endloop
  endfacet
  facet normal -0 0 1
    outer loop
      vertex 12.1829 -7.03378 15.52
      vertex 12.4279 -7.17525 15.52
      vertex 12.2031 -6.97615 15.52
    endloop
  endfacet
  facet normal 0 0 1
    outer loop
      vertex 12.4279 -7.17525 15.52
      vertex 12.1829 -7.03378 15.52
      vertex 12.1431 -7.08012 15.52
    endloop
  endfacet
  facet normal 0 0 -1
    outer loop
      vertex 11.2447 3.81705 15.52
      vertex 12.9191 4.38545 15.52
      vertex 11.9485 3.20158 15.52
    endloop
  endfacet
  facet normal -0 0 -1
    outer loop
      vertex 12.9191 4.38545 15.52
      vertex 11.2447 3.81705 15.52
      vertex 12.3432 5.11273 15.52
    endloop
  endfacet
  facet normal 0 0 -1
    outer loop
      vertex 11.9485 3.20158 15.52
      vertex 13.0416 3.49449 15.52
      vertex 12.3614 2.77488 15.52
    endloop
  endfacet
  facet normal 0 0 -1
    outer loop
      vertex 12.9191 4.38545 15.52
      vertex 12.3432 5.11273 15.52
      vertex 12.7353 5.27515 15.52
    endloop
  endfacet
  facet normal -0 0 -1
    outer loop
      vertex 13.0416 3.49449 15.52
      vertex 11.9485 3.20158 15.52
      vertex 12.9191 4.38545 15.52
    endloop
  endfacet
  facet normal -0 0 -1
    outer loop
      vertex 12.7353 5.27515 15.52
      vertex 12.3432 5.11273 15.52
      vertex 12.4899 6.15935 15.52
    endloop
  endfacet
  facet normal 0 0 -1
    outer loop
      vertex 9.76212 4.81413 15.52
      vertex 12.4899 6.15935 15.52
      vertex 12.3432 5.11273 15.52
    endloop
  endfacet
  facet normal -0 0 -1
    outer loop
      vertex 12.4899 6.15935 15.52
      vertex 9.76212 4.81413 15.52
      vertex 12.2031 6.97615 15.52
    endloop
  endfacet
  facet normal 0 0 -1
    outer loop
      vertex 9.05023 6.04716 15.52
      vertex 11.5791 7.73692 15.52
      vertex 12.1431 7.08012 15.52
    endloop
  endfacet
  facet normal 0 0 -1
    outer loop
      vertex 11.5791 7.73692 15.52
      vertex 10.5994 8.13319 15.52
      vertex 10.9361 8.39156 15.52
    endloop
  endfacet
  facet normal -0 0 -1
    outer loop
      vertex 11.5791 7.73692 15.52
      vertex 9.05023 6.04716 15.52
      vertex 10.5994 8.13319 15.52
    endloop
  endfacet
  facet normal 0 0 -1
    outer loop
      vertex 10.5994 8.13319 15.52
      vertex 10.2575 8.99556 15.52
      vertex 10.9361 8.39156 15.52
    endloop
  endfacet
  facet normal 0 0 -1
    outer loop
      vertex 8.92799 7.82964 15.52
      vertex 10.2575 8.99556 15.52
      vertex 10.5994 8.13319 15.52
    endloop
  endfacet
  facet normal -0 0 -1
    outer loop
      vertex 10.2575 8.99556 15.52
      vertex 8.92799 7.82964 15.52
      vertex 9.92914 9.25052 15.52
    endloop
  endfacet
  facet normal 0 0 1
    outer loop
      vertex 12.4279 7.17525 15.52
      vertex 12.1829 7.03378 15.52
      vertex 12.2031 6.97615 15.52
    endloop
  endfacet
  facet normal 0 -0 1
    outer loop
      vertex 12.1829 7.03378 15.52
      vertex 12.4279 7.17525 15.52
      vertex 12.1431 7.08012 15.52
    endloop
  endfacet
  facet normal 0 0 -1
    outer loop
      vertex 3.20158 11.9485 15.52
      vertex 3.49449 13.0416 15.52
      vertex 3.7776 12.0928 15.52
    endloop
  endfacet
  facet normal 0 0 -1
    outer loop
      vertex 3.20158 11.9485 15.52
      vertex 2.66165 13.381 15.52
      vertex 3.49449 13.0416 15.52
    endloop
  endfacet
  facet normal 0 0 -1
    outer loop
      vertex 2.31667 11.6467 15.52
      vertex 2.66165 13.381 15.52
      vertex 3.20158 11.9485 15.52
    endloop
  endfacet
  facet normal 0 0 -1
    outer loop
      vertex 1.74385 13.2459 15.52
      vertex 2.66165 13.381 15.52
      vertex 2.31667 11.6467 15.52
    endloop
  endfacet
  facet normal -0 0 -1
    outer loop
      vertex 2.66165 13.381 15.52
      vertex 1.74385 13.2459 15.52
      vertex 1.79926 13.6667 15.52
    endloop
  endfacet
  facet normal 0 0 -1
    outer loop
      vertex 1.74385 13.2459 15.52
      vertex 0.910797 13.8963 15.52
      vertex 1.79926 13.6667 15.52
    endloop
  endfacet
  facet normal 0 0 -1
    outer loop
      vertex 0.711884 10.8613 15.52
      vertex 0.910797 13.8963 15.52
      vertex 1.74385 13.2459 15.52
    endloop
  endfacet
  facet normal -0 0 -1
    outer loop
      vertex 0.910797 13.8963 15.52
      vertex 0.711884 10.8613 15.52
      vertex 0.0600279 14.0563 15.52
    endloop
  endfacet
  facet normal 0 0 -1
    outer loop
      vertex -0.711884 10.8613 15.52
      vertex -0.910797 13.8963 15.52
      vertex -0.0600279 14.0563 15.52
    endloop
  endfacet
  facet normal 0 0 -1
    outer loop
      vertex -1.74385 13.2459 15.52
      vertex -0.910797 13.8963 15.52
      vertex -0.711884 10.8613 15.52
    endloop
  endfacet
  facet normal 0 0 -1
    outer loop
      vertex -1.74385 13.2459 15.52
      vertex -1.79926 13.6667 15.52
      vertex -0.910797 13.8963 15.52
    endloop
  endfacet
  facet normal 0 0 -1
    outer loop
      vertex -2.66165 13.381 15.52
      vertex -1.74385 13.2459 15.52
      vertex -2.31667 11.6467 15.52
    endloop
  endfacet
  facet normal 0 0 -1
    outer loop
      vertex -1.74385 13.2459 15.52
      vertex -2.66165 13.381 15.52
      vertex -1.79926 13.6667 15.52
    endloop
  endfacet
  facet normal 0 -0 -1
    outer loop
      vertex -2.66165 13.381 15.52
      vertex -2.31667 11.6467 15.52
      vertex -3.04661 13.2242 15.52
    endloop
  endfacet
  facet normal 0 0 1
    outer loop
      vertex -4.22676 15.7745 15.52
      vertex -3.49449 13.0416 15.52
      vertex -3.04661 13.2242 15.52
    endloop
  endfacet
  facet normal -0 0 1
    outer loop
      vertex -5.1525 15.1788 15.52
      vertex -3.49449 13.0416 15.52
      vertex -4.22676 15.7745 15.52
    endloop
  endfacet
  facet normal -0 0 1
    outer loop
      vertex -5.80562 14.016 15.52
      vertex -3.49449 13.0416 15.52
      vertex -5.1525 15.1788 15.52
    endloop
  endfacet
  facet normal 0 0 1
    outer loop
      vertex -3.49449 13.0416 15.52
      vertex -6.14153 12.4538 15.52
      vertex -3.93073 11.5796 15.52
    endloop
  endfacet
  facet normal 0 0 1
    outer loop
      vertex -6.14153 12.4538 15.52
      vertex -3.49449 13.0416 15.52
      vertex -5.80562 14.016 15.52
    endloop
  endfacet
  facet normal 0 0 1
    outer loop
      vertex -3.93073 11.5796 15.52
      vertex -6.14153 12.4538 15.52
      vertex -4.19243 10.1214 15.52
    endloop
  endfacet
  facet normal 0 0 1
    outer loop
      vertex -5.37912 8.05043 15.52
      vertex -4.2823 8.68367 15.52
      vertex -5.19475 8.99756 15.52
    endloop
  endfacet
  facet normal 0 0 1
    outer loop
      vertex -4.2823 8.68367 15.52
      vertex -5.37912 8.05043 15.52
      vertex -4.2045 7.28239 15.52
    endloop
  endfacet
  facet normal 0 0 1
    outer loop
      vertex -5.19475 8.99756 15.52
      vertex -6.66919 8.69147 15.52
      vertex -5.37912 8.05043 15.52
    endloop
  endfacet
  facet normal 0 0 1
    outer loop
      vertex -5.19475 8.99756 15.52
      vertex -6.92755 9.02815 15.52
      vertex -6.66919 8.69147 15.52
    endloop
  endfacet
  facet normal -0 -0 1
    outer loop
      vertex -6.92755 9.02815 15.52
      vertex -5.19475 8.99756 15.52
      vertex -7.69763 11.5203 15.52
    endloop
  endfacet
  facet normal 0 -0 1
    outer loop
      vertex -5.19475 8.99756 15.52
      vertex -4.19243 10.1214 15.52
      vertex -6.14153 12.4538 15.52
    endloop
  endfacet
  facet normal 0 0 1
    outer loop
      vertex -4.19243 10.1214 15.52
      vertex -5.19475 8.99756 15.52
      vertex -4.2823 8.68367 15.52
    endloop
  endfacet
  facet normal 0 0 1
    outer loop
      vertex -6.92755 9.02815 15.52
      vertex -8.06282 9.19389 15.52
      vertex -6.66919 8.69147 15.52
    endloop
  endfacet
  facet normal 0 0 1
    outer loop
      vertex -8.48256 9.6725 15.52
      vertex -8.06282 9.19389 15.52
      vertex -6.92755 9.02815 15.52
    endloop
  endfacet
  facet normal 0 0 1
    outer loop
      vertex -8.06282 9.19389 15.52
      vertex -8.48256 9.6725 15.52
      vertex -8.58383 9.31789 15.52
    endloop
  endfacet
  facet normal 0 0 1
    outer loop
      vertex 0 14.3505 15.52
      vertex 0 14.0676 15.52
      vertex 0.0600279 14.0563 15.52
    endloop
  endfacet
  facet normal 0 -0 1
    outer loop
      vertex 0 14.0676 15.52
      vertex 0 14.3505 15.52
      vertex -0.0600279 14.0563 15.52
    endloop
  endfacet
  facet normal 0 0 -1
    outer loop
      vertex -11.5791 7.73692 15.52
      vertex -10.5994 8.13319 15.52
      vertex -9.05023 6.04716 15.52
    endloop
  endfacet
  facet normal -0 0 -1
    outer loop
      vertex -10.5994 8.13319 15.52
      vertex -11.5791 7.73692 15.52
      vertex -10.9361 8.39156 15.52
    endloop
  endfacet
  facet normal 0 -0 -1
    outer loop
      vertex -11.5791 7.73692 15.52
      vertex -9.05023 6.04716 15.52
      vertex -12.1431 7.08012 15.52
    endloop
  endfacet
  facet normal 0 0 -1
    outer loop
      vertex -8.7469 8.7469 15.52
      vertex -9.54715 9.54715 15.52
      vertex -8.58383 9.31789 15.52
    endloop
  endfacet
  facet normal 0 0 -1
    outer loop
      vertex -10.2575 8.99556 15.52
      vertex -8.7469 8.7469 15.52
      vertex -8.92799 7.82964 15.52
    endloop
  endfacet
  facet normal 0 0 -1
    outer loop
      vertex -8.7469 8.7469 15.52
      vertex -10.2575 8.99556 15.52
      vertex -9.54715 9.54715 15.52
    endloop
  endfacet
  facet normal 0 0 -1
    outer loop
      vertex -10.5994 8.13319 15.52
      vertex -10.2575 8.99556 15.52
      vertex -8.92799 7.82964 15.52
    endloop
  endfacet
  facet normal 0 0 -1
    outer loop
      vertex -10.2575 8.99556 15.52
      vertex -10.5994 8.13319 15.52
      vertex -10.9361 8.39156 15.52
    endloop
  endfacet
  facet normal 0 0 -1
    outer loop
      vertex -12.3432 5.11273 15.52
      vertex -12.7353 5.27515 15.52
      vertex -12.4899 6.15935 15.52
    endloop
  endfacet
  facet normal 0 0 -1
    outer loop
      vertex -12.9191 4.38545 15.52
      vertex -12.3432 5.11273 15.52
      vertex -11.2447 3.81705 15.52
    endloop
  endfacet
  facet normal -0 0 -1
    outer loop
      vertex -12.3432 5.11273 15.52
      vertex -12.9191 4.38545 15.52
      vertex -12.7353 5.27515 15.52
    endloop
  endfacet
  facet normal 0 -0 -1
    outer loop
      vertex -12.9191 4.38545 15.52
      vertex -11.2447 3.81705 15.52
      vertex -12.9758 3.97362 15.52
    endloop
  endfacet
  facet normal 0 0 -1
    outer loop
      vertex -12.4899 6.15935 15.52
      vertex -9.76212 4.81413 15.52
      vertex -12.3432 5.11273 15.52
    endloop
  endfacet
  facet normal 0 0 -1
    outer loop
      vertex -9.76212 4.81413 15.52
      vertex -12.4899 6.15935 15.52
      vertex -12.2031 6.97615 15.52
    endloop
  endfacet
  facet normal 0 0 1
    outer loop
      vertex -15.7745 4.22676 15.52
      vertex -13.0416 3.49449 15.52
      vertex -12.9758 3.97362 15.52
    endloop
  endfacet
  facet normal 0 0 1
    outer loop
      vertex -13.0416 3.49449 15.52
      vertex -15.041 1.98018 15.52
      vertex -13.8561 0.908173 15.52
    endloop
  endfacet
  facet normal 0 0 1
    outer loop
      vertex -13.0416 3.49449 15.52
      vertex -15.7215 3.1272 15.52
      vertex -15.041 1.98018 15.52
    endloop
  endfacet
  facet normal 0 0 1
    outer loop
      vertex -13.0416 3.49449 15.52
      vertex -15.7745 4.22676 15.52
      vertex -15.7215 3.1272 15.52
    endloop
  endfacet
  facet normal 0 0 1
    outer loop
      vertex -9.66144 0.63324 15.52
      vertex -9.66144 -0.63324 15.52
      vertex -8.409 0 15.52
    endloop
  endfacet
  facet normal 0 0 1
    outer loop
      vertex -9.66144 0.63324 15.52
      vertex -10.3895 0 15.52
      vertex -9.66144 -0.63324 15.52
    endloop
  endfacet
  facet normal 0 0 1
    outer loop
      vertex -10.8616 1.42995 15.52
      vertex -10.3895 0 15.52
      vertex -9.66144 0.63324 15.52
    endloop
  endfacet
  facet normal 0 0 1
    outer loop
      vertex -13.8561 0.908173 15.52
      vertex -10.8616 1.42995 15.52
      vertex -11.9936 2.38567 15.52
    endloop
  endfacet
  facet normal 0 0 1
    outer loop
      vertex -13.8561 0.908173 15.52
      vertex -11.9936 2.38567 15.52
      vertex -13.0416 3.49449 15.52
    endloop
  endfacet
  facet normal 0 0 1
    outer loop
      vertex -10.8616 1.42995 15.52
      vertex -13.8561 0.908173 15.52
      vertex -10.3895 0 15.52
    endloop
  endfacet
  facet normal 0 0 1
    outer loop
      vertex -10.3895 0 15.52
      vertex -10.8616 -1.42995 15.52
      vertex -9.66144 -0.63324 15.52
    endloop
  endfacet
  facet normal 0 0 1
    outer loop
      vertex -10.3895 0 15.52
      vertex -11.2824 -1.48535 15.52
      vertex -10.8616 -1.42995 15.52
    endloop
  endfacet
  facet normal 0 -0 1
    outer loop
      vertex -11.2824 -1.48535 15.52
      vertex -10.3895 0 15.52
      vertex -13.8257 -0.906174 15.52
    endloop
  endfacet
  facet normal -0 0 1
    outer loop
      vertex -11.2824 -1.48535 15.52
      vertex -11.9936 -2.38567 15.52
      vertex -10.8616 -1.42995 15.52
    endloop
  endfacet
  facet normal 0 0 1
    outer loop
      vertex -12.6179 -2.50986 15.52
      vertex -11.9936 -2.38567 15.52
      vertex -11.2824 -1.48535 15.52
    endloop
  endfacet
  facet normal 0 0 1
    outer loop
      vertex -11.9936 -2.38567 15.52
      vertex -12.6179 -2.50986 15.52
      vertex -12.3614 -2.77488 15.52
    endloop
  endfacet
  facet normal 0 0 1
    outer loop
      vertex -12.1829 7.03378 15.52
      vertex -12.4279 7.17525 15.52
      vertex -12.2031 6.97615 15.52
    endloop
  endfacet
  facet normal 0 0 1
    outer loop
      vertex -12.4279 7.17525 15.52
      vertex -12.1829 7.03378 15.52
      vertex -12.1431 7.08012 15.52
    endloop
  endfacet
  facet normal 0 0 -1
    outer loop
      vertex -12.4899 -6.15935 15.52
      vertex -9.76212 -4.81413 15.52
      vertex -12.2031 -6.97615 15.52
    endloop
  endfacet
  facet normal 0 0 -1
    outer loop
      vertex -9.76212 -4.81413 15.52
      vertex -12.4899 -6.15935 15.52
      vertex -12.3432 -5.11273 15.52
    endloop
  endfacet
  facet normal 0 0 -1
    outer loop
      vertex -12.7353 -5.27515 15.52
      vertex -12.3432 -5.11273 15.52
      vertex -12.4899 -6.15935 15.52
    endloop
  endfacet
  facet normal 0 0 -1
    outer loop
      vertex -12.9191 -4.38545 15.52
      vertex -12.3432 -5.11273 15.52
      vertex -12.7353 -5.27515 15.52
    endloop
  endfacet
  facet normal 0 0 -1
    outer loop
      vertex -12.3432 -5.11273 15.52
      vertex -12.9191 -4.38545 15.52
      vertex -12.3614 -2.77488 15.52
    endloop
  endfacet
  facet normal 0 0 -1
    outer loop
      vertex -12.3614 -2.77488 15.52
      vertex -12.9191 -4.38545 15.52
      vertex -13.0416 -3.49449 15.52
    endloop
  endfacet
  facet normal 0 0 -1
    outer loop
      vertex -12.3432 -5.11273 15.52
      vertex -11.9485 -3.20158 15.52
      vertex -11.2447 -3.81705 15.52
    endloop
  endfacet
  facet normal -0 0 -1
    outer loop
      vertex -11.9485 -3.20158 15.52
      vertex -12.3432 -5.11273 15.52
      vertex -12.3614 -2.77488 15.52
    endloop
  endfacet
  facet normal 0 0 1
    outer loop
      vertex -4.19243 -10.1214 15.52
      vertex -5.19475 -8.99756 15.52
      vertex -4.35483 -10.5135 15.52
    endloop
  endfacet
  facet normal -0 0 1
    outer loop
      vertex -5.37912 -8.05043 15.52
      vertex -4.2823 -8.68367 15.52
      vertex -4.2045 -7.28239 15.52
    endloop
  endfacet
  facet normal 0 0 1
    outer loop
      vertex -4.2823 -8.68367 15.52
      vertex -5.37912 -8.05043 15.52
      vertex -5.19475 -8.99756 15.52
    endloop
  endfacet
  facet normal -0 0 1
    outer loop
      vertex -6.66919 -8.69147 15.52
      vertex -5.19475 -8.99756 15.52
      vertex -5.37912 -8.05043 15.52
    endloop
  endfacet
  facet normal 0 0 1
    outer loop
      vertex -6.66919 -8.69147 15.52
      vertex -7.71454 -11.5456 15.52
      vertex -5.19475 -8.99756 15.52
    endloop
  endfacet
  facet normal -0 0 1
    outer loop
      vertex -8.06282 -9.19389 15.52
      vertex -7.71454 -11.5456 15.52
      vertex -6.66919 -8.69147 15.52
    endloop
  endfacet
  facet normal -0 0 1
    outer loop
      vertex -9.54715 -9.54715 15.52
      vertex -7.71454 -11.5456 15.52
      vertex -8.06282 -9.19389 15.52
    endloop
  endfacet
  facet normal 0 0 1
    outer loop
      vertex -7.71454 -11.5456 15.52
      vertex -9.54715 -9.54715 15.52
      vertex -9.23543 -12.0358 15.52
    endloop
  endfacet
  facet normal 0 0 1
    outer loop
      vertex -11.5478 -11.5478 15.52
      vertex -9.54715 -9.54715 15.52
      vertex -9.92914 -9.25052 15.52
    endloop
  endfacet
  facet normal 0 0 1
    outer loop
      vertex -9.54715 -9.54715 15.52
      vertex -10.569 -12.0516 15.52
      vertex -9.23543 -12.0358 15.52
    endloop
  endfacet
  facet normal 0 0 1
    outer loop
      vertex -9.54715 -9.54715 15.52
      vertex -11.5478 -11.5478 15.52
      vertex -10.569 -12.0516 15.52
    endloop
  endfacet
  facet normal 0 0 1
    outer loop
      vertex -3.93073 -11.5796 15.52
      vertex -4.13535 -12.1824 15.52
      vertex -3.7776 -12.0928 15.52
    endloop
  endfacet
  facet normal -0 0 1
    outer loop
      vertex -4.35483 -10.5135 15.52
      vertex -3.93073 -11.5796 15.52
      vertex -4.19243 -10.1214 15.52
    endloop
  endfacet
  facet normal -0 0 1
    outer loop
      vertex -5.19475 -8.99756 15.52
      vertex -4.19243 -10.1214 15.52
      vertex -4.2823 -8.68367 15.52
    endloop
  endfacet
  facet normal 0 0 1
    outer loop
      vertex -3.93073 -11.5796 15.52
      vertex -4.35483 -10.5135 15.52
      vertex -4.13535 -12.1824 15.52
    endloop
  endfacet
  facet normal 0 0 1
    outer loop
      vertex -4.35483 -10.5135 15.52
      vertex -5.19475 -8.99756 15.52
      vertex -6.12807 -12.4265 15.52
    endloop
  endfacet
  facet normal 0 0 -1
    outer loop
      vertex -10.2575 -8.99556 15.52
      vertex -8.92799 -7.82964 15.52
      vertex -9.92914 -9.25052 15.52
    endloop
  endfacet
  facet normal 0 0 -1
    outer loop
      vertex -10.2575 -8.99556 15.52
      vertex -10.5994 -8.13319 15.52
      vertex -8.92799 -7.82964 15.52
    endloop
  endfacet
  facet normal 0 -0 -1
    outer loop
      vertex -10.5994 -8.13319 15.52
      vertex -10.2575 -8.99556 15.52
      vertex -10.9361 -8.39156 15.52
    endloop
  endfacet
  facet normal 0 0 -1
    outer loop
      vertex -11.5791 -7.73692 15.52
      vertex -10.5994 -8.13319 15.52
      vertex -10.9361 -8.39156 15.52
    endloop
  endfacet
  facet normal 0 0 -1
    outer loop
      vertex -10.5994 -8.13319 15.52
      vertex -11.5791 -7.73692 15.52
      vertex -9.05023 -6.04716 15.52
    endloop
  endfacet
  facet normal 0 0 -1
    outer loop
      vertex -9.05023 -6.04716 15.52
      vertex -11.5791 -7.73692 15.52
      vertex -12.1431 -7.08012 15.52
    endloop
  endfacet
  facet normal 0 0 1
    outer loop
      vertex -12.1829 -7.03378 15.52
      vertex -12.4279 -7.17525 15.52
      vertex -12.1431 -7.08012 15.52
    endloop
  endfacet
  facet normal 0 0 1
    outer loop
      vertex -12.4279 -7.17525 15.52
      vertex -12.1829 -7.03378 15.52
      vertex -12.2031 -6.97615 15.52
    endloop
  endfacet
  facet normal 0 0 -1
    outer loop
      vertex -0.910797 -13.8963 15.52
      vertex -0.711884 -10.8613 15.52
      vertex -0.0600279 -14.0563 15.52
    endloop
  endfacet
  facet normal 0 0 -1
    outer loop
      vertex -0.910797 -13.8963 15.52
      vertex -1.74385 -13.2459 15.52
      vertex -0.711884 -10.8613 15.52
    endloop
  endfacet
  facet normal 0 0 -1
    outer loop
      vertex -1.79926 -13.6667 15.52
      vertex -1.74385 -13.2459 15.52
      vertex -0.910797 -13.8963 15.52
    endloop
  endfacet
  facet normal 0 0 -1
    outer loop
      vertex -2.66165 -13.381 15.52
      vertex -1.74385 -13.2459 15.52
      vertex -1.79926 -13.6667 15.52
    endloop
  endfacet
  facet normal -0 0 -1
    outer loop
      vertex -1.74385 -13.2459 15.52
      vertex -2.66165 -13.381 15.52
      vertex -2.31667 -11.6467 15.52
    endloop
  endfacet
  facet normal 0 0 -1
    outer loop
      vertex -2.66165 -13.381 15.52
      vertex -3.20158 -11.9485 15.52
      vertex -2.31667 -11.6467 15.52
    endloop
  endfacet
  facet normal 0 0 -1
    outer loop
      vertex -3.49449 -13.0416 15.52
      vertex -3.20158 -11.9485 15.52
      vertex -2.66165 -13.381 15.52
    endloop
  endfacet
  facet normal 0 0 -1
    outer loop
      vertex -3.20158 -11.9485 15.52
      vertex -3.49449 -13.0416 15.52
      vertex -3.7776 -12.0928 15.52
    endloop
  endfacet
  facet normal 0 0 -1
    outer loop
      vertex 2.66165 -13.381 15.52
      vertex 2.31667 -11.6467 15.52
      vertex 3.04661 -13.2242 15.52
    endloop
  endfacet
  facet normal 0 0 -1
    outer loop
      vertex 1.74385 -13.2459 15.52
      vertex 2.66165 -13.381 15.52
      vertex 1.79926 -13.6667 15.52
    endloop
  endfacet
  facet normal 0 0 -1
    outer loop
      vertex 2.66165 -13.381 15.52
      vertex 1.74385 -13.2459 15.52
      vertex 2.31667 -11.6467 15.52
    endloop
  endfacet
  facet normal 0 0 -1
    outer loop
      vertex 0.910797 -13.8963 15.52
      vertex 1.74385 -13.2459 15.52
      vertex 1.79926 -13.6667 15.52
    endloop
  endfacet
  facet normal 0 0 -1
    outer loop
      vertex 0.910797 -13.8963 15.52
      vertex 0.711884 -10.8613 15.52
      vertex 1.74385 -13.2459 15.52
    endloop
  endfacet
  facet normal 0 -0 -1
    outer loop
      vertex 0.711884 -10.8613 15.52
      vertex 0.910797 -13.8963 15.52
      vertex 0.0600279 -14.0563 15.52
    endloop
  endfacet
  facet normal -0 0 1
    outer loop
      vertex 0 -14.0676 15.52
      vertex 0 -14.3505 15.52
      vertex 0.0600279 -14.0563 15.52
    endloop
  endfacet
  facet normal 0 -0 1
    outer loop
      vertex 0 -14.3505 15.52
      vertex 0 -14.0676 15.52
      vertex -0.0600279 -14.0563 15.52
    endloop
  endfacet
  facet normal 0.871881 -0.489717 0
    outer loop
      vertex 5.1525 -15.1788 15.52
      vertex 5.80562 -14.016 12.61
      vertex 5.80562 -14.016 15.52
    endloop
  endfacet
  facet normal 0.871881 -0.489717 0
    outer loop
      vertex 5.80562 -14.016 12.61
      vertex 5.1525 -15.1788 15.52
      vertex 5.1525 -15.1788 12.61
    endloop
  endfacet
  facet normal 0.977654 -0.210219 0
    outer loop
      vertex 5.80562 -14.016 15.52
      vertex 6.14153 -12.4538 12.61
      vertex 6.14153 -12.4538 15.52
    endloop
  endfacet
  facet normal 0.977654 -0.210219 0
    outer loop
      vertex 6.14153 -12.4538 12.61
      vertex 5.80562 -14.016 15.52
      vertex 5.80562 -14.016 12.61
    endloop
  endfacet
  facet normal 0.964469 0.264197 0
    outer loop
      vertex 5.19475 -8.99756 15.52
      vertex 6.12782 -12.4038 12.61
      vertex 5.19475 -8.99756 12.61
    endloop
  endfacet
  facet normal 0.964468 0.2642 -4.41595e-06
    outer loop
      vertex 6.14153 -12.4538 15.52
      vertex 6.12782 -12.4038 12.61
      vertex 5.19475 -8.99756 15.52
    endloop
  endfacet
  facet normal 0.964402 0.264439 0
    outer loop
      vertex 6.12782 -12.4038 12.61
      vertex 6.14153 -12.4538 15.52
      vertex 6.14153 -12.4538 12.61
    endloop
  endfacet
  facet normal -0.709896 -0.704307 0
    outer loop
      vertex 7.67977 -11.5023 12.61
      vertex 5.19475 -8.99756 15.52
      vertex 5.19475 -8.99756 12.61
    endloop
  endfacet
  facet normal -0.709862 -0.704341 -0
    outer loop
      vertex 7.69763 -11.5203 15.52
      vertex 7.67977 -11.5023 12.61
      vertex 7.69763 -11.5203 12.61
    endloop
  endfacet
  facet normal -0.709896 -0.704307 4.15464e-07
    outer loop
      vertex 7.67977 -11.5023 12.61
      vertex 7.69763 -11.5203 15.52
      vertex 5.19475 -8.99756 15.52
    endloop
  endfacet
  facet normal 0.955427 0.295226 0
    outer loop
      vertex 6.92755 -9.02815 15.52
      vertex 7.68449 -11.4778 12.61
      vertex 6.92755 -9.02815 12.61
    endloop
  endfacet
  facet normal 0.955427 0.295229 -2.4308e-06
    outer loop
      vertex 7.69763 -11.5203 15.52
      vertex 7.68449 -11.4778 12.61
      vertex 6.92755 -9.02815 15.52
    endloop
  endfacet
  facet normal 0.95538 0.295381 0
    outer loop
      vertex 7.68449 -11.4778 12.61
      vertex 7.69763 -11.5203 15.52
      vertex 7.69763 -11.5203 12.61
    endloop
  endfacet
  facet normal -0.382807 -0.923828 0
    outer loop
      vertex 7.93981 -9.4476 12.61
      vertex 6.92755 -9.02815 15.52
      vertex 6.92755 -9.02815 12.61
    endloop
  endfacet
  facet normal -0.382807 -0.923828 -1.6057e-07
    outer loop
      vertex 6.92755 -9.02815 15.52
      vertex 7.93981 -9.4476 12.61
      vertex 8.48256 -9.6725 15.52
    endloop
  endfacet
  facet normal -0.382808 -0.923828 -0
    outer loop
      vertex 8.48256 -9.6725 15.52
      vertex 7.93981 -9.4476 12.61
      vertex 8.48256 -9.6725 12.61
    endloop
  endfacet
  facet normal 0.961555 -0.274612 0
    outer loop
      vertex 8.58383 -9.31789 15.52
      vertex 8.7469 -8.7469 12.61
      vertex 8.7469 -8.7469 15.52
    endloop
  endfacet
  facet normal 0.961558 -0.274603 0
    outer loop
      vertex 8.48256 -9.6725 12.61
      vertex 8.58383 -9.31789 15.52
      vertex 8.48256 -9.6725 15.52
    endloop
  endfacet
  facet normal 0.961556 -0.274609 7.48041e-07
    outer loop
      vertex 8.58383 -9.31789 15.52
      vertex 8.48256 -9.6725 12.61
      vertex 8.7469 -8.7469 12.61
    endloop
  endfacet
  facet normal 0.981063 -0.193686 0
    outer loop
      vertex 8.7469 -8.7469 15.52
      vertex 8.92799 -7.82964 12.61
      vertex 8.92799 -7.82964 15.52
    endloop
  endfacet
  facet normal 0.981063 -0.193686 0
    outer loop
      vertex 8.92799 -7.82964 12.61
      vertex 8.7469 -8.7469 15.52
      vertex 8.7469 -8.7469 12.61
    endloop
  endfacet
  facet normal -0.17869 -0.983905 0
    outer loop
      vertex 8.92799 -7.82964 12.61
      vertex 10.5994 -8.13319 15.52
      vertex 8.92799 -7.82964 15.52
    endloop
  endfacet
  facet normal -0.17869 -0.983905 -0
    outer loop
      vertex 10.5994 -8.13319 15.52
      vertex 8.92799 -7.82964 12.61
      vertex 10.5994 -8.13319 12.61
    endloop
  endfacet
  facet normal 0.802828 0.596211 0
    outer loop
      vertex 9.05023 -6.04716 15.52
      vertex 9.3153 -6.40409 12.61
      vertex 9.05023 -6.04716 12.61
    endloop
  endfacet
  facet normal 0.802827 0.596212 -1.68756e-07
    outer loop
      vertex 10.5994 -8.13319 15.52
      vertex 9.3153 -6.40409 12.61
      vertex 9.05023 -6.04716 15.52
    endloop
  endfacet
  facet normal 0.802827 0.596212 0
    outer loop
      vertex 9.3153 -6.40409 12.61
      vertex 10.5994 -8.13319 15.52
      vertex 10.5994 -8.13319 12.61
    endloop
  endfacet
  facet normal -0.316781 -0.948499 3.58412e-06
    outer loop
      vertex 9.89267 -6.32853 12.61
      vertex 12.1431 -7.08012 15.52
      vertex 9.05023 -6.04716 15.52
    endloop
  endfacet
  facet normal -0.316792 -0.948495 0
    outer loop
      vertex 9.89267 -6.32853 12.61
      vertex 9.05023 -6.04716 15.52
      vertex 9.05023 -6.04716 12.61
    endloop
  endfacet
  facet normal -0.316781 -0.948499 3.93077e-06
    outer loop
      vertex 12.4279 -7.17525 12.61
      vertex 12.1431 -7.08012 15.52
      vertex 9.89267 -6.32853 12.61
    endloop
  endfacet
  facet normal -0.316817 -0.948487 0
    outer loop
      vertex 12.1431 -7.08012 15.52
      vertex 12.4279 -7.17525 12.61
      vertex 12.4279 -7.17525 15.52
    endloop
  endfacet
  facet normal 0.663019 0.748602 -0
    outer loop
      vertex 12.4279 -7.17525 12.61
      vertex 12.2031 -6.97615 15.52
      vertex 12.4279 -7.17525 15.52
    endloop
  endfacet
  facet normal 0.663021 0.748601 2.40963e-07
    outer loop
      vertex 12.2031 -6.97615 15.52
      vertex 12.4279 -7.17525 12.61
      vertex 11.166 -6.05761 12.61
    endloop
  endfacet
  facet normal 0.663037 0.748587 -9.81915e-06
    outer loop
      vertex 12.2031 -6.97615 15.52
      vertex 11.166 -6.05761 12.61
      vertex 9.76212 -4.81413 15.52
    endloop
  endfacet
  facet normal 0.663048 0.748577 0
    outer loop
      vertex 9.76212 -4.81413 15.52
      vertex 11.166 -6.05761 12.61
      vertex 9.76212 -4.81413 12.61
    endloop
  endfacet
  facet normal -0.114922 -0.993375 0
    outer loop
      vertex 9.76212 -4.81413 12.61
      vertex 12.3432 -5.11273 15.52
      vertex 9.76212 -4.81413 15.52
    endloop
  endfacet
  facet normal -0.114922 -0.993375 -0
    outer loop
      vertex 12.3432 -5.11273 15.52
      vertex 9.76212 -4.81413 12.61
      vertex 12.3432 -5.11273 12.61
    endloop
  endfacet
  facet normal 0.76276 0.646681 0
    outer loop
      vertex 12.3432 -5.11273 15.52
      vertex 11.2447 -3.81705 12.61
      vertex 11.2447 -3.81705 15.52
    endloop
  endfacet
  facet normal 0.76276 0.646681 0
    outer loop
      vertex 11.2447 -3.81705 12.61
      vertex 12.3432 -5.11273 15.52
      vertex 12.3432 -5.11273 12.61
    endloop
  endfacet
  facet normal -0.0900777 -0.995935 0
    outer loop
      vertex 11.2447 -3.81705 12.61
      vertex 12.9758 -3.97362 15.52
      vertex 11.2447 -3.81705 15.52
    endloop
  endfacet
  facet normal -0.0900788 -0.995935 6.45715e-07
    outer loop
      vertex 12.9758 -3.97362 15.52
      vertex 11.2447 -3.81705 12.61
      vertex 13.3277 -4.00545 12.61
    endloop
  endfacet
  facet normal -0.0900814 -0.995934 3.24673e-07
    outer loop
      vertex 12.9758 -3.97362 15.52
      vertex 13.3277 -4.00545 12.61
      vertex 15.7745 -4.22676 15.52
    endloop
  endfacet
  facet normal -0.090081 -0.995934 -0
    outer loop
      vertex 15.7745 -4.22676 15.52
      vertex 13.3277 -4.00545 12.61
      vertex 15.7745 -4.22676 12.61
    endloop
  endfacet
  facet normal 0.99884 0.0481452 0
    outer loop
      vertex 15.7745 -4.22676 15.52
      vertex 15.7215 -3.1272 12.61
      vertex 15.7215 -3.1272 15.52
    endloop
  endfacet
  facet normal 0.99884 0.0481452 0
    outer loop
      vertex 15.7215 -3.1272 12.61
      vertex 15.7745 -4.22676 15.52
      vertex 15.7745 -4.22676 12.61
    endloop
  endfacet
  facet normal 0.860033 0.510238 0
    outer loop
      vertex 15.7215 -3.1272 15.52
      vertex 15.041 -1.98018 12.61
      vertex 15.041 -1.98018 15.52
    endloop
  endfacet
  facet normal 0.860033 0.510238 0
    outer loop
      vertex 15.041 -1.98018 12.61
      vertex 15.7215 -3.1272 15.52
      vertex 15.7215 -3.1272 12.61
    endloop
  endfacet
  facet normal 0.670898 0.74155 -0
    outer loop
      vertex 15.041 -1.98018 12.61
      vertex 13.8561 -0.908173 15.52
      vertex 15.041 -1.98018 15.52
    endloop
  endfacet
  facet normal 0.670898 0.74155 0
    outer loop
      vertex 13.8561 -0.908173 15.52
      vertex 15.041 -1.98018 12.61
      vertex 13.8561 -0.908173 12.61
    endloop
  endfacet
  facet normal 0.253426 0.967355 -0
    outer loop
      vertex 13.8561 -0.908173 12.61
      vertex 10.3895 0 15.52
      vertex 13.8561 -0.908173 15.52
    endloop
  endfacet
  facet normal 0.253426 0.967355 0
    outer loop
      vertex 10.3895 0 15.52
      vertex 13.8561 -0.908173 12.61
      vertex 10.3895 0 12.61
    endloop
  endfacet
  facet normal 0.254996 -0.966942 0
    outer loop
      vertex 10.3895 0 12.61
      vertex 13.8257 0.906174 15.52
      vertex 10.3895 0 15.52
    endloop
  endfacet
  facet normal 0.254996 -0.966942 0
    outer loop
      vertex 13.8257 0.906174 15.52
      vertex 10.3895 0 12.61
      vertex 13.8257 0.906174 12.61
    endloop
  endfacet
  facet normal 0.222046 0.975036 0
    outer loop
      vertex 11.5717 1.41948 12.61
      vertex 13.8257 0.906174 15.52
      vertex 13.8257 0.906174 12.61
    endloop
  endfacet
  facet normal 0.222042 0.975037 3.74756e-06
    outer loop
      vertex 13.8257 0.906174 15.52
      vertex 11.5717 1.41948 12.61
      vertex 11.2824 1.48535 15.52
    endloop
  endfacet
  facet normal 0.222006 0.975045 0
    outer loop
      vertex 11.2824 1.48535 15.52
      vertex 11.5717 1.41948 12.61
      vertex 11.2824 1.48535 12.61
    endloop
  endfacet
  facet normal 0.608655 -0.793435 0
    outer loop
      vertex 12.1937 2.18442 12.61
      vertex 11.2824 1.48535 15.52
      vertex 11.2824 1.48535 12.61
    endloop
  endfacet
  facet normal 0.608666 -0.793427 5.71198e-06
    outer loop
      vertex 11.2824 1.48535 15.52
      vertex 12.1937 2.18442 12.61
      vertex 12.6179 2.50986 15.52
    endloop
  endfacet
  facet normal 0.608691 -0.793408 0
    outer loop
      vertex 12.6179 2.50986 15.52
      vertex 12.1937 2.18442 12.61
      vertex 12.6179 2.50986 12.61
    endloop
  endfacet
  facet normal 0.718632 0.695391 0
    outer loop
      vertex 12.3614 2.77488 15.52
      vertex 11.9485 3.20158 12.61
      vertex 11.9485 3.20158 15.52
    endloop
  endfacet
  facet normal 0.71861 0.695413 6.42928e-06
    outer loop
      vertex 12.3614 2.77488 15.52
      vertex 12.5124 2.61887 12.61
      vertex 11.9485 3.20158 12.61
    endloop
  endfacet
  facet normal 0.718563 0.695462 1.35568e-06
    outer loop
      vertex 12.6179 2.50986 15.52
      vertex 12.5124 2.61887 12.61
      vertex 12.3614 2.77488 15.52
    endloop
  endfacet
  facet normal 0.718581 0.695443 0
    outer loop
      vertex 12.5124 2.61887 12.61
      vertex 12.6179 2.50986 15.52
      vertex 12.6179 2.50986 12.61
    endloop
  endfacet
  facet normal 0.65829 0.752765 -0
    outer loop
      vertex 11.9485 3.20158 12.61
      vertex 11.2447 3.81705 15.52
      vertex 11.9485 3.20158 15.52
    endloop
  endfacet
  facet normal 0.65829 0.752765 0
    outer loop
      vertex 11.2447 3.81705 15.52
      vertex 11.9485 3.20158 12.61
      vertex 11.2447 3.81705 12.61
    endloop
  endfacet
  facet normal 0.76276 -0.646681 0
    outer loop
      vertex 11.2447 3.81705 15.52
      vertex 12.3432 5.11273 12.61
      vertex 12.3432 5.11273 15.52
    endloop
  endfacet
  facet normal 0.76276 -0.646681 0
    outer loop
      vertex 12.3432 5.11273 12.61
      vertex 11.2447 3.81705 15.52
      vertex 11.2447 3.81705 12.61
    endloop
  endfacet
  facet normal -0.114922 0.993375 0
    outer loop
      vertex 12.3432 5.11273 12.61
      vertex 9.76212 4.81413 15.52
      vertex 12.3432 5.11273 15.52
    endloop
  endfacet
  facet normal -0.114922 0.993375 0
    outer loop
      vertex 9.76212 4.81413 15.52
      vertex 12.3432 5.11273 12.61
      vertex 9.76212 4.81413 12.61
    endloop
  endfacet
  facet normal 0.663037 -0.748587 -9.81915e-06
    outer loop
      vertex 11.166 6.05761 12.61
      vertex 12.2031 6.97615 15.52
      vertex 9.76212 4.81413 15.52
    endloop
  endfacet
  facet normal 0.663048 -0.748577 0
    outer loop
      vertex 11.166 6.05761 12.61
      vertex 9.76212 4.81413 15.52
      vertex 9.76212 4.81413 12.61
    endloop
  endfacet
  facet normal 0.663021 -0.748601 2.40963e-07
    outer loop
      vertex 12.4279 7.17525 12.61
      vertex 12.2031 6.97615 15.52
      vertex 11.166 6.05761 12.61
    endloop
  endfacet
  facet normal 0.663019 -0.748602 0
    outer loop
      vertex 12.2031 6.97615 15.52
      vertex 12.4279 7.17525 12.61
      vertex 12.4279 7.17525 15.52
    endloop
  endfacet
  facet normal -0.316817 0.948487 0
    outer loop
      vertex 12.4279 7.17525 12.61
      vertex 12.1431 7.08012 15.52
      vertex 12.4279 7.17525 15.52
    endloop
  endfacet
  facet normal -0.316781 0.948499 3.93077e-06
    outer loop
      vertex 12.1431 7.08012 15.52
      vertex 12.4279 7.17525 12.61
      vertex 9.89267 6.32853 12.61
    endloop
  endfacet
  facet normal -0.316781 0.948499 3.58412e-06
    outer loop
      vertex 12.1431 7.08012 15.52
      vertex 9.89267 6.32853 12.61
      vertex 9.05023 6.04716 15.52
    endloop
  endfacet
  facet normal -0.316792 0.948495 0
    outer loop
      vertex 9.05023 6.04716 15.52
      vertex 9.89267 6.32853 12.61
      vertex 9.05023 6.04716 12.61
    endloop
  endfacet
  facet normal 0.802827 -0.596212 0
    outer loop
      vertex 10.5994 8.13319 15.52
      vertex 9.3153 6.40409 12.61
      vertex 10.5994 8.13319 12.61
    endloop
  endfacet
  facet normal 0.802827 -0.596212 -1.68756e-07
    outer loop
      vertex 9.05023 6.04716 15.52
      vertex 9.3153 6.40409 12.61
      vertex 10.5994 8.13319 15.52
    endloop
  endfacet
  facet normal 0.802828 -0.596211 0
    outer loop
      vertex 9.3153 6.40409 12.61
      vertex 9.05023 6.04716 15.52
      vertex 9.05023 6.04716 12.61
    endloop
  endfacet
  facet normal -0.17869 0.983905 0
    outer loop
      vertex 10.5994 8.13319 12.61
      vertex 8.92799 7.82964 15.52
      vertex 10.5994 8.13319 15.52
    endloop
  endfacet
  facet normal -0.17869 0.983905 0
    outer loop
      vertex 8.92799 7.82964 15.52
      vertex 10.5994 8.13319 12.61
      vertex 8.92799 7.82964 12.61
    endloop
  endfacet
  facet normal 0.817462 -0.575983 0
    outer loop
      vertex 9.92914 9.25052 15.52
      vertex 11.5478 11.5478 12.61
      vertex 11.5478 11.5478 15.52
    endloop
  endfacet
  facet normal 0.817462 -0.575983 0
    outer loop
      vertex 8.92799 7.82964 12.61
      vertex 9.92914 9.25052 15.52
      vertex 8.92799 7.82964 15.52
    endloop
  endfacet
  facet normal 0.817462 -0.575983 -1.89787e-08
    outer loop
      vertex 9.92914 9.25052 15.52
      vertex 8.92799 7.82964 12.61
      vertex 11.5478 11.5478 12.61
    endloop
  endfacet
  facet normal 0.457648 0.889134 -0
    outer loop
      vertex 11.5478 11.5478 12.61
      vertex 10.569 12.0516 15.52
      vertex 11.5478 11.5478 15.52
    endloop
  endfacet
  facet normal 0.457648 0.889134 0
    outer loop
      vertex 10.569 12.0516 15.52
      vertex 11.5478 11.5478 12.61
      vertex 10.569 12.0516 12.61
    endloop
  endfacet
  facet normal -0.0118471 0.99993 0
    outer loop
      vertex 10.569 12.0516 12.61
      vertex 9.23543 12.0358 15.52
      vertex 10.569 12.0516 15.52
    endloop
  endfacet
  facet normal -0.0118471 0.99993 0
    outer loop
      vertex 9.23543 12.0358 15.52
      vertex 10.569 12.0516 12.61
      vertex 9.23543 12.0358 12.61
    endloop
  endfacet
  facet normal -0.306771 0.951783 0
    outer loop
      vertex 9.23543 12.0358 12.61
      vertex 7.71454 11.5456 15.52
      vertex 9.23543 12.0358 15.52
    endloop
  endfacet
  facet normal -0.306771 0.951783 0
    outer loop
      vertex 7.71454 11.5456 15.52
      vertex 9.23543 12.0358 12.61
      vertex 7.71454 11.5456 12.61
    endloop
  endfacet
  facet normal -0.711046 0.703145 0
    outer loop
      vertex 7.67805 11.5087 12.61
      vertex 7.71454 11.5456 15.52
      vertex 7.71454 11.5456 12.61
    endloop
  endfacet
  facet normal -0.711037 0.703154 0
    outer loop
      vertex 5.19475 8.99756 15.52
      vertex 7.67805 11.5087 12.61
      vertex 5.19475 8.99756 12.61
    endloop
  endfacet
  facet normal -0.711037 0.703154 -2.17815e-07
    outer loop
      vertex 7.67805 11.5087 12.61
      vertex 5.19475 8.99756 15.52
      vertex 7.71454 11.5456 15.52
    endloop
  endfacet
  facet normal 0.964982 -0.262317 0
    outer loop
      vertex 6.12807 12.4265 15.52
      vertex 6.12141 12.402 12.61
      vertex 6.12807 12.4265 12.61
    endloop
  endfacet
  facet normal 0.964896 -0.262634 2.86229e-06
    outer loop
      vertex 5.19475 8.99756 15.52
      vertex 6.12141 12.402 12.61
      vertex 6.12807 12.4265 15.52
    endloop
  endfacet
  facet normal 0.964895 -0.262636 0
    outer loop
      vertex 6.12141 12.402 12.61
      vertex 5.19475 8.99756 15.52
      vertex 5.19475 8.99756 12.61
    endloop
  endfacet
  facet normal -0.733146 0.680071 0
    outer loop
      vertex 6.09783 12.3939 12.61
      vertex 6.12807 12.4265 15.52
      vertex 6.12807 12.4265 12.61
    endloop
  endfacet
  facet normal -0.733393 0.679805 0
    outer loop
      vertex 4.35483 10.5135 15.52
      vertex 6.09783 12.3939 12.61
      vertex 4.35483 10.5135 12.61
    endloop
  endfacet
  facet normal -0.733389 0.679809 5.46679e-06
    outer loop
      vertex 6.09783 12.3939 12.61
      vertex 4.35483 10.5135 15.52
      vertex 6.12807 12.4265 15.52
    endloop
  endfacet
  facet normal 0.991464 0.13038 0
    outer loop
      vertex 4.13535 12.1824 15.52
      vertex 4.21195 11.5999 12.61
      vertex 4.13535 12.1824 12.61
    endloop
  endfacet
  facet normal 0.991463 0.130389 -1.91086e-06
    outer loop
      vertex 4.35483 10.5135 15.52
      vertex 4.21195 11.5999 12.61
      vertex 4.13535 12.1824 15.52
    endloop
  endfacet
  facet normal 0.991462 0.130394 0
    outer loop
      vertex 4.21195 11.5999 12.61
      vertex 4.35483 10.5135 15.52
      vertex 4.35483 10.5135 12.61
    endloop
  endfacet
  facet normal -0.24295 0.970039 0
    outer loop
      vertex 4.13535 12.1824 12.61
      vertex 3.7776 12.0928 15.52
      vertex 4.13535 12.1824 15.52
    endloop
  endfacet
  facet normal -0.242983 0.970031 -4.25993e-06
    outer loop
      vertex 3.20158 11.9485 12.61
      vertex 3.7776 12.0928 15.52
      vertex 4.13535 12.1824 12.61
    endloop
  endfacet
  facet normal -0.243003 0.970025 0
    outer loop
      vertex 3.7776 12.0928 15.52
      vertex 3.20158 11.9485 12.61
      vertex 3.20158 11.9485 15.52
    endloop
  endfacet
  facet normal -0.322795 0.946469 0
    outer loop
      vertex 3.20158 11.9485 12.61
      vertex 2.31667 11.6467 15.52
      vertex 3.20158 11.9485 15.52
    endloop
  endfacet
  facet normal -0.322795 0.946469 0
    outer loop
      vertex 2.31667 11.6467 15.52
      vertex 3.20158 11.9485 12.61
      vertex 2.31667 11.6467 12.61
    endloop
  endfacet
  facet normal 0.941429 0.337212 0
    outer loop
      vertex 2.31667 11.6467 15.52
      vertex 1.74385 13.2459 12.61
      vertex 1.74385 13.2459 15.52
    endloop
  endfacet
  facet normal 0.941429 0.337212 0
    outer loop
      vertex 1.74385 13.2459 12.61
      vertex 2.31667 11.6467 15.52
      vertex 2.31667 11.6467 12.61
    endloop
  endfacet
  facet normal -0.917748 0.397164 0
    outer loop
      vertex 0.888457 11.2693 12.61
      vertex 1.74385 13.2459 15.52
      vertex 1.74385 13.2459 12.61
    endloop
  endfacet
  facet normal -0.917742 0.397178 0
    outer loop
      vertex 0.711884 10.8613 15.52
      vertex 0.888457 11.2693 12.61
      vertex 0.711884 10.8613 12.61
    endloop
  endfacet
  facet normal -0.917747 0.397167 -1.83145e-06
    outer loop
      vertex 0.888457 11.2693 12.61
      vertex 0.711884 10.8613 15.52
      vertex 1.74385 13.2459 15.52
    endloop
  endfacet
  facet normal 0.979812 0.199919 0
    outer loop
      vertex 0.0600279 14.0563 15.52
      vertex 0 14.3505 12.61
      vertex 0 14.3505 15.52
    endloop
  endfacet
  facet normal 0.979814 0.19991 -9.23284e-07
    outer loop
      vertex 0.0600279 14.0563 15.52
      vertex 0.53433 11.7316 12.61
      vertex 0 14.3505 12.61
    endloop
  endfacet
  facet normal 0.979815 0.199906 2.66981e-06
    outer loop
      vertex 0.711884 10.8613 15.52
      vertex 0.53433 11.7316 12.61
      vertex 0.0600279 14.0563 15.52
    endloop
  endfacet
  facet normal 0.979817 0.199897 0
    outer loop
      vertex 0.53433 11.7316 12.61
      vertex 0.711884 10.8613 15.52
      vertex 0.711884 10.8613 12.61
    endloop
  endfacet
  facet normal -0.979812 0.199919 0
    outer loop
      vertex 0 14.3505 12.61
      vertex -0.0600279 14.0563 15.52
      vertex 0 14.3505 15.52
    endloop
  endfacet
  facet normal -0.979814 0.199909 -1.00246e-06
    outer loop
      vertex -0.336972 12.6989 12.61
      vertex -0.0600279 14.0563 15.52
      vertex 0 14.3505 12.61
    endloop
  endfacet
  facet normal -0.979815 0.199905 0
    outer loop
      vertex -0.711884 10.8613 15.52
      vertex -0.336972 12.6989 12.61
      vertex -0.711884 10.8613 12.61
    endloop
  endfacet
  facet normal -0.979815 0.199906 7.30253e-07
    outer loop
      vertex -0.336972 12.6989 12.61
      vertex -0.711884 10.8613 15.52
      vertex -0.0600279 14.0563 15.52
    endloop
  endfacet
  facet normal 0.917747 0.397167 0
    outer loop
      vertex -0.711884 10.8613 15.52
      vertex -1.74385 13.2459 12.61
      vertex -1.74385 13.2459 15.52
    endloop
  endfacet
  facet normal 0.917747 0.397167 0
    outer loop
      vertex -1.74385 13.2459 12.61
      vertex -0.711884 10.8613 15.52
      vertex -0.711884 10.8613 12.61
    endloop
  endfacet
  facet normal -0.941429 0.337212 0
    outer loop
      vertex -2.31667 11.6467 12.61
      vertex -1.74385 13.2459 15.52
      vertex -1.74385 13.2459 12.61
    endloop
  endfacet
  facet normal -0.941429 0.337212 0
    outer loop
      vertex -1.74385 13.2459 15.52
      vertex -2.31667 11.6467 12.61
      vertex -2.31667 11.6467 15.52
    endloop
  endfacet
  facet normal 0.907546 0.419953 0
    outer loop
      vertex -4.22676 15.7745 15.52
      vertex -3.195 13.5448 12.61
      vertex -4.22676 15.7745 12.61
    endloop
  endfacet
  facet normal 0.907541 0.419964 -1.01409e-05
    outer loop
      vertex -3.04661 13.2242 15.52
      vertex -3.195 13.5448 12.61
      vertex -4.22676 15.7745 15.52
    endloop
  endfacet
  facet normal 0.907551 0.419942 -0
    outer loop
      vertex -2.31667 11.6467 12.61
      vertex -3.04661 13.2242 15.52
      vertex -2.31667 11.6467 15.52
    endloop
  endfacet
  facet normal 0.907543 0.419958 -1.092e-05
    outer loop
      vertex -3.04661 13.2242 15.52
      vertex -2.31667 11.6467 12.61
      vertex -3.195 13.5448 12.61
    endloop
  endfacet
  facet normal -0.541131 0.840938 0
    outer loop
      vertex -4.22676 15.7745 12.61
      vertex -5.1525 15.1788 15.52
      vertex -4.22676 15.7745 15.52
    endloop
  endfacet
  facet normal -0.541131 0.840938 0
    outer loop
      vertex -5.1525 15.1788 15.52
      vertex -4.22676 15.7745 12.61
      vertex -5.1525 15.1788 12.61
    endloop
  endfacet
  facet normal -0.871881 0.489717 0
    outer loop
      vertex -5.80562 14.016 12.61
      vertex -5.1525 15.1788 15.52
      vertex -5.1525 15.1788 12.61
    endloop
  endfacet
  facet normal -0.871881 0.489717 0
    outer loop
      vertex -5.1525 15.1788 15.52
      vertex -5.80562 14.016 12.61
      vertex -5.80562 14.016 15.52
    endloop
  endfacet
  facet normal -0.977654 0.210219 0
    outer loop
      vertex -6.14153 12.4538 12.61
      vertex -5.80562 14.016 15.52
      vertex -5.80562 14.016 12.61
    endloop
  endfacet
  facet normal -0.977654 0.210219 0
    outer loop
      vertex -5.80562 14.016 15.52
      vertex -6.14153 12.4538 12.61
      vertex -6.14153 12.4538 15.52
    endloop
  endfacet
  facet normal -0.964468 -0.2642 0
    outer loop
      vertex -5.19475 8.99756 12.61
      vertex -6.14153 12.4538 15.52
      vertex -6.14153 12.4538 12.61
    endloop
  endfacet
  facet normal -0.964468 -0.2642 0
    outer loop
      vertex -6.14153 12.4538 15.52
      vertex -5.19475 8.99756 12.61
      vertex -5.19475 8.99756 15.52
    endloop
  endfacet
  facet normal 0.709896 0.704307 0
    outer loop
      vertex -5.19475 8.99756 15.52
      vertex -7.69763 11.5203 12.61
      vertex -7.69763 11.5203 15.52
    endloop
  endfacet
  facet normal 0.709896 0.704307 0
    outer loop
      vertex -7.69763 11.5203 12.61
      vertex -5.19475 8.99756 15.52
      vertex -5.19475 8.99756 12.61
    endloop
  endfacet
  facet normal -0.955427 -0.295229 0
    outer loop
      vertex -7.01514 9.31161 12.61
      vertex -7.69763 11.5203 15.52
      vertex -7.69763 11.5203 12.61
    endloop
  endfacet
  facet normal -0.955426 -0.29523 -0
    outer loop
      vertex -6.92755 9.02815 15.52
      vertex -7.01514 9.31161 12.61
      vertex -6.92755 9.02815 12.61
    endloop
  endfacet
  facet normal -0.955427 -0.295229 7.13656e-08
    outer loop
      vertex -7.01514 9.31161 12.61
      vertex -6.92755 9.02815 15.52
      vertex -7.69763 11.5203 15.52
    endloop
  endfacet
  facet normal 0.382808 0.923828 0
    outer loop
      vertex -7.98865 9.46784 12.61
      vertex -6.92755 9.02815 15.52
      vertex -6.92755 9.02815 12.61
    endloop
  endfacet
  facet normal 0.382807 0.923828 5.23031e-07
    outer loop
      vertex -6.92755 9.02815 15.52
      vertex -7.98865 9.46784 12.61
      vertex -8.48256 9.6725 15.52
    endloop
  endfacet
  facet normal 0.382804 0.923829 0
    outer loop
      vertex -8.48256 9.6725 15.52
      vertex -7.98865 9.46784 12.61
      vertex -8.48256 9.6725 12.61
    endloop
  endfacet
  facet normal -0.961549 0.274634 0
    outer loop
      vertex -8.52422 9.52664 12.61
      vertex -8.48256 9.6725 15.52
      vertex -8.48256 9.6725 12.61
    endloop
  endfacet
  facet normal -0.961558 0.274603 1.68696e-06
    outer loop
      vertex -8.52422 9.52664 12.61
      vertex -8.58383 9.31789 15.52
      vertex -8.48256 9.6725 15.52
    endloop
  endfacet
  facet normal -0.961557 0.274604 1.75806e-06
    outer loop
      vertex -8.7469 8.7469 12.61
      vertex -8.58383 9.31789 15.52
      vertex -8.52422 9.52664 12.61
    endloop
  endfacet
  facet normal -0.961555 0.274612 0
    outer loop
      vertex -8.58383 9.31789 15.52
      vertex -8.7469 8.7469 12.61
      vertex -8.7469 8.7469 15.52
    endloop
  endfacet
  facet normal -0.981063 0.193686 0
    outer loop
      vertex -8.92799 7.82964 12.61
      vertex -8.7469 8.7469 15.52
      vertex -8.7469 8.7469 12.61
    endloop
  endfacet
  facet normal -0.981063 0.193686 0
    outer loop
      vertex -8.7469 8.7469 15.52
      vertex -8.92799 7.82964 12.61
      vertex -8.92799 7.82964 15.52
    endloop
  endfacet
  facet normal 0.17869 0.983905 -0
    outer loop
      vertex -8.92799 7.82964 12.61
      vertex -10.5994 8.13319 15.52
      vertex -8.92799 7.82964 15.52
    endloop
  endfacet
  facet normal 0.17869 0.983905 0
    outer loop
      vertex -10.5994 8.13319 15.52
      vertex -8.92799 7.82964 12.61
      vertex -10.5994 8.13319 12.61
    endloop
  endfacet
  facet normal -0.802827 -0.596212 0
    outer loop
      vertex -9.05023 6.04716 12.61
      vertex -10.5994 8.13319 15.52
      vertex -10.5994 8.13319 12.61
    endloop
  endfacet
  facet normal -0.802827 -0.596212 0
    outer loop
      vertex -10.5994 8.13319 15.52
      vertex -9.05023 6.04716 12.61
      vertex -9.05023 6.04716 15.52
    endloop
  endfacet
  facet normal 0.316781 0.948499 -2.89687e-06
    outer loop
      vertex -10.8291 6.64126 12.61
      vertex -12.1431 7.08012 15.52
      vertex -9.05023 6.04716 15.52
    endloop
  endfacet
  facet normal 0.316776 0.9485 0
    outer loop
      vertex -10.8291 6.64126 12.61
      vertex -9.05023 6.04716 15.52
      vertex -9.05023 6.04716 12.61
    endloop
  endfacet
  facet normal 0.316792 0.948495 2.75058e-06
    outer loop
      vertex -12.4279 7.17525 12.61
      vertex -12.1431 7.08012 15.52
      vertex -10.8291 6.64126 12.61
    endloop
  endfacet
  facet normal 0.316817 0.948487 0
    outer loop
      vertex -12.1431 7.08012 15.52
      vertex -12.4279 7.17525 12.61
      vertex -12.4279 7.17525 15.52
    endloop
  endfacet
  facet normal -0.663019 -0.748602 0
    outer loop
      vertex -12.4279 7.17525 12.61
      vertex -12.2031 6.97615 15.52
      vertex -12.4279 7.17525 15.52
    endloop
  endfacet
  facet normal -0.663034 -0.748589 2.03982e-06
    outer loop
      vertex -12.2031 6.97615 15.52
      vertex -12.4279 7.17525 12.61
      vertex -10.427 5.40303 12.61
    endloop
  endfacet
  facet normal -0.663037 -0.748587 -9.76343e-07
    outer loop
      vertex -12.2031 6.97615 15.52
      vertex -10.427 5.40303 12.61
      vertex -9.76212 4.81413 15.52
    endloop
  endfacet
  facet normal -0.663039 -0.748585 -0
    outer loop
      vertex -9.76212 4.81413 15.52
      vertex -10.427 5.40303 12.61
      vertex -9.76212 4.81413 12.61
    endloop
  endfacet
  facet normal 0.114906 0.993376 0
    outer loop
      vertex -10.2038 4.86522 12.61
      vertex -9.76212 4.81413 15.52
      vertex -9.76212 4.81413 12.61
    endloop
  endfacet
  facet normal 0.114922 0.993375 -2.41644e-06
    outer loop
      vertex -9.76212 4.81413 15.52
      vertex -10.2038 4.86522 12.61
      vertex -12.3432 5.11273 15.52
    endloop
  endfacet
  facet normal 0.114925 0.993374 0
    outer loop
      vertex -12.3432 5.11273 15.52
      vertex -10.2038 4.86522 12.61
      vertex -12.3432 5.11273 12.61
    endloop
  endfacet
  facet normal -0.76276 -0.646681 0
    outer loop
      vertex -11.2447 3.81705 12.61
      vertex -12.3432 5.11273 15.52
      vertex -12.3432 5.11273 12.61
    endloop
  endfacet
  facet normal -0.76276 -0.646681 0
    outer loop
      vertex -12.3432 5.11273 15.52
      vertex -11.2447 3.81705 12.61
      vertex -11.2447 3.81705 15.52
    endloop
  endfacet
  facet normal 0.0900777 0.995935 -0
    outer loop
      vertex -11.2447 3.81705 12.61
      vertex -12.9758 3.97362 15.52
      vertex -11.2447 3.81705 15.52
    endloop
  endfacet
  facet normal 0.09008 0.995935 1.37471e-06
    outer loop
      vertex -15.7745 4.22676 12.61
      vertex -12.9758 3.97362 15.52
      vertex -11.2447 3.81705 12.61
    endloop
  endfacet
  facet normal 0.0900814 0.995934 0
    outer loop
      vertex -12.9758 3.97362 15.52
      vertex -15.7745 4.22676 12.61
      vertex -15.7745 4.22676 15.52
    endloop
  endfacet
  facet normal -0.99884 -0.0481452 0
    outer loop
      vertex -15.7215 3.1272 12.61
      vertex -15.7745 4.22676 15.52
      vertex -15.7745 4.22676 12.61
    endloop
  endfacet
  facet normal -0.99884 -0.0481452 0
    outer loop
      vertex -15.7745 4.22676 15.52
      vertex -15.7215 3.1272 12.61
      vertex -15.7215 3.1272 15.52
    endloop
  endfacet
  facet normal -0.860033 -0.510238 0
    outer loop
      vertex -15.041 1.98018 12.61
      vertex -15.7215 3.1272 15.52
      vertex -15.7215 3.1272 12.61
    endloop
  endfacet
  facet normal -0.860033 -0.510238 0
    outer loop
      vertex -15.7215 3.1272 15.52
      vertex -15.041 1.98018 12.61
      vertex -15.041 1.98018 15.52
    endloop
  endfacet
  facet normal -0.670898 -0.74155 0
    outer loop
      vertex -15.041 1.98018 12.61
      vertex -13.8561 0.908173 15.52
      vertex -15.041 1.98018 15.52
    endloop
  endfacet
  facet normal -0.670898 -0.74155 -0
    outer loop
      vertex -13.8561 0.908173 15.52
      vertex -15.041 1.98018 12.61
      vertex -13.8561 0.908173 12.61
    endloop
  endfacet
  facet normal -0.253366 -0.96737 0
    outer loop
      vertex -13.8059 0.895025 12.61
      vertex -13.8561 0.908173 15.52
      vertex -13.8561 0.908173 12.61
    endloop
  endfacet
  facet normal -0.253426 -0.967355 -1.09585e-06
    outer loop
      vertex -13.8561 0.908173 15.52
      vertex -13.8059 0.895025 12.61
      vertex -10.3895 0 15.52
    endloop
  endfacet
  facet normal -0.253427 -0.967355 -0
    outer loop
      vertex -10.3895 0 15.52
      vertex -13.8059 0.895025 12.61
      vertex -10.3895 0 12.61
    endloop
  endfacet
  facet normal -0.254996 0.966942 0
    outer loop
      vertex -10.3895 0 12.61
      vertex -13.8257 -0.906174 15.52
      vertex -10.3895 0 15.52
    endloop
  endfacet
  facet normal -0.254996 0.966942 3.37123e-07
    outer loop
      vertex -13.8012 -0.899712 12.61
      vertex -13.8257 -0.906174 15.52
      vertex -10.3895 0 12.61
    endloop
  endfacet
  facet normal -0.255033 0.966932 0
    outer loop
      vertex -13.8257 -0.906174 15.52
      vertex -13.8012 -0.899712 12.61
      vertex -13.8257 -0.906174 12.61
    endloop
  endfacet
  facet normal -0.221843 -0.975083 0
    outer loop
      vertex -13.7823 -0.916048 12.61
      vertex -13.8257 -0.906174 15.52
      vertex -13.8257 -0.906174 12.61
    endloop
  endfacet
  facet normal -0.222042 -0.975037 -3.12157e-06
    outer loop
      vertex -13.8257 -0.906174 15.52
      vertex -13.7823 -0.916048 12.61
      vertex -11.2824 -1.48535 15.52
    endloop
  endfacet
  facet normal -0.222045 -0.975036 -0
    outer loop
      vertex -11.2824 -1.48535 15.52
      vertex -13.7823 -0.916048 12.61
      vertex -11.2824 -1.48535 12.61
    endloop
  endfacet
  facet normal -0.60865 0.793439 0
    outer loop
      vertex -12.1518 -2.15227 12.61
      vertex -11.2824 -1.48535 15.52
      vertex -11.2824 -1.48535 12.61
    endloop
  endfacet
  facet normal -0.608666 0.793427 7.6221e-06
    outer loop
      vertex -11.2824 -1.48535 15.52
      vertex -12.1518 -2.15227 12.61
      vertex -12.6179 -2.50986 15.52
    endloop
  endfacet
  facet normal -0.608696 0.793404 0
    outer loop
      vertex -12.6179 -2.50986 15.52
      vertex -12.1518 -2.15227 12.61
      vertex -12.6179 -2.50986 12.61
    endloop
  endfacet
  facet normal -0.718563 -0.695462 0
    outer loop
      vertex -12.6179 -2.50986 12.61
      vertex -12.3614 -2.77488 15.52
      vertex -12.6179 -2.50986 15.52
    endloop
  endfacet
  facet normal -0.718605 -0.695418 7.77973e-06
    outer loop
      vertex -11.9485 -3.20158 12.61
      vertex -12.3614 -2.77488 15.52
      vertex -12.6179 -2.50986 12.61
    endloop
  endfacet
  facet normal -0.718632 -0.695391 0
    outer loop
      vertex -12.3614 -2.77488 15.52
      vertex -11.9485 -3.20158 12.61
      vertex -11.9485 -3.20158 15.52
    endloop
  endfacet
  facet normal -0.65829 -0.752765 0
    outer loop
      vertex -11.9485 -3.20158 12.61
      vertex -11.2447 -3.81705 15.52
      vertex -11.9485 -3.20158 15.52
    endloop
  endfacet
  facet normal -0.65829 -0.752765 -0
    outer loop
      vertex -11.2447 -3.81705 15.52
      vertex -11.9485 -3.20158 12.61
      vertex -11.2447 -3.81705 12.61
    endloop
  endfacet
  facet normal -0.76276 0.646681 0
    outer loop
      vertex -12.3432 -5.11273 12.61
      vertex -11.2447 -3.81705 15.52
      vertex -11.2447 -3.81705 12.61
    endloop
  endfacet
  facet normal -0.76276 0.646681 0
    outer loop
      vertex -11.2447 -3.81705 15.52
      vertex -12.3432 -5.11273 12.61
      vertex -12.3432 -5.11273 15.52
    endloop
  endfacet
  facet normal 0.114925 -0.993374 0
    outer loop
      vertex -10.2038 -4.86522 12.61
      vertex -12.3432 -5.11273 15.52
      vertex -12.3432 -5.11273 12.61
    endloop
  endfacet
  facet normal 0.114922 -0.993375 -2.41644e-06
    outer loop
      vertex -12.3432 -5.11273 15.52
      vertex -10.2038 -4.86522 12.61
      vertex -9.76212 -4.81413 15.52
    endloop
  endfacet
  facet normal 0.114906 -0.993376 0
    outer loop
      vertex -9.76212 -4.81413 15.52
      vertex -10.2038 -4.86522 12.61
      vertex -9.76212 -4.81413 12.61
    endloop
  endfacet
  facet normal -0.663037 0.748587 -9.76343e-07
    outer loop
      vertex -10.427 -5.40303 12.61
      vertex -12.2031 -6.97615 15.52
      vertex -9.76212 -4.81413 15.52
    endloop
  endfacet
  facet normal -0.663039 0.748585 0
    outer loop
      vertex -10.427 -5.40303 12.61
      vertex -9.76212 -4.81413 15.52
      vertex -9.76212 -4.81413 12.61
    endloop
  endfacet
  facet normal -0.663034 0.748589 2.03982e-06
    outer loop
      vertex -12.4279 -7.17525 12.61
      vertex -12.2031 -6.97615 15.52
      vertex -10.427 -5.40303 12.61
    endloop
  endfacet
  facet normal -0.663019 0.748602 0
    outer loop
      vertex -12.2031 -6.97615 15.52
      vertex -12.4279 -7.17525 12.61
      vertex -12.4279 -7.17525 15.52
    endloop
  endfacet
  facet normal 0.316817 -0.948487 0
    outer loop
      vertex -12.4279 -7.17525 12.61
      vertex -12.1431 -7.08012 15.52
      vertex -12.4279 -7.17525 15.52
    endloop
  endfacet
  facet normal 0.316792 -0.948495 2.75058e-06
    outer loop
      vertex -12.1431 -7.08012 15.52
      vertex -12.4279 -7.17525 12.61
      vertex -10.8291 -6.64126 12.61
    endloop
  endfacet
  facet normal 0.316781 -0.948499 -2.89687e-06
    outer loop
      vertex -12.1431 -7.08012 15.52
      vertex -10.8291 -6.64126 12.61
      vertex -9.05023 -6.04716 15.52
    endloop
  endfacet
  facet normal 0.316776 -0.9485 0
    outer loop
      vertex -9.05023 -6.04716 15.52
      vertex -10.8291 -6.64126 12.61
      vertex -9.05023 -6.04716 12.61
    endloop
  endfacet
  facet normal -0.802827 0.596212 0
    outer loop
      vertex -10.5994 -8.13319 12.61
      vertex -9.05023 -6.04716 15.52
      vertex -9.05023 -6.04716 12.61
    endloop
  endfacet
  facet normal -0.802827 0.596212 0
    outer loop
      vertex -9.05023 -6.04716 15.52
      vertex -10.5994 -8.13319 12.61
      vertex -10.5994 -8.13319 15.52
    endloop
  endfacet
  facet normal 0.17869 -0.983905 0
    outer loop
      vertex -10.5994 -8.13319 12.61
      vertex -8.92799 -7.82964 15.52
      vertex -10.5994 -8.13319 15.52
    endloop
  endfacet
  facet normal 0.17869 -0.983905 0
    outer loop
      vertex -8.92799 -7.82964 15.52
      vertex -10.5994 -8.13319 12.61
      vertex -8.92799 -7.82964 12.61
    endloop
  endfacet
  facet normal -0.817462 0.575983 0
    outer loop
      vertex -8.92799 -7.82964 12.61
      vertex -9.92914 -9.25052 15.52
      vertex -8.92799 -7.82964 15.52
    endloop
  endfacet
  facet normal -0.817452 0.575997 1.02142e-05
    outer loop
      vertex -10.1327 -9.53936 12.61
      vertex -9.92914 -9.25052 15.52
      vertex -8.92799 -7.82964 12.61
    endloop
  endfacet
  facet normal -0.81747 0.575971 0
    outer loop
      vertex -11.5478 -11.5478 15.52
      vertex -10.1327 -9.53936 12.61
      vertex -11.5478 -11.5478 12.61
    endloop
  endfacet
  facet normal -0.817462 0.575983 1.22969e-05
    outer loop
      vertex -10.1327 -9.53936 12.61
      vertex -11.5478 -11.5478 15.52
      vertex -9.92914 -9.25052 15.52
    endloop
  endfacet
  facet normal -0.457648 -0.889134 0
    outer loop
      vertex -11.5478 -11.5478 12.61
      vertex -10.569 -12.0516 15.52
      vertex -11.5478 -11.5478 15.52
    endloop
  endfacet
  facet normal -0.457648 -0.889134 -0
    outer loop
      vertex -10.569 -12.0516 15.52
      vertex -11.5478 -11.5478 12.61
      vertex -10.569 -12.0516 12.61
    endloop
  endfacet
  facet normal 0.0118471 -0.99993 0
    outer loop
      vertex -10.569 -12.0516 12.61
      vertex -9.23543 -12.0358 15.52
      vertex -10.569 -12.0516 15.52
    endloop
  endfacet
  facet normal 0.0118471 -0.99993 0
    outer loop
      vertex -9.23543 -12.0358 15.52
      vertex -10.569 -12.0516 12.61
      vertex -9.23543 -12.0358 12.61
    endloop
  endfacet
  facet normal 0.306771 -0.951783 0
    outer loop
      vertex -9.23543 -12.0358 12.61
      vertex -7.71454 -11.5456 15.52
      vertex -9.23543 -12.0358 15.52
    endloop
  endfacet
  facet normal 0.306771 -0.951783 0
    outer loop
      vertex -7.71454 -11.5456 15.52
      vertex -9.23543 -12.0358 12.61
      vertex -7.71454 -11.5456 12.61
    endloop
  endfacet
  facet normal 0.711037 -0.703154 0
    outer loop
      vertex -7.71454 -11.5456 15.52
      vertex -5.19475 -8.99756 12.61
      vertex -5.19475 -8.99756 15.52
    endloop
  endfacet
  facet normal 0.711037 -0.703154 0
    outer loop
      vertex -5.19475 -8.99756 12.61
      vertex -7.71454 -11.5456 15.52
      vertex -7.71454 -11.5456 12.61
    endloop
  endfacet
  facet normal -0.964896 0.262634 0
    outer loop
      vertex -6.12807 -12.4265 12.61
      vertex -5.19475 -8.99756 15.52
      vertex -5.19475 -8.99756 12.61
    endloop
  endfacet
  facet normal -0.964896 0.262634 0
    outer loop
      vertex -5.19475 -8.99756 15.52
      vertex -6.12807 -12.4265 12.61
      vertex -6.12807 -12.4265 15.52
    endloop
  endfacet
  facet normal 0.733393 -0.679804 0
    outer loop
      vertex -4.35483 -10.5135 15.52
      vertex -4.55653 -10.7311 12.61
      vertex -4.35483 -10.5135 12.61
    endloop
  endfacet
  facet normal 0.733389 -0.679809 6.48701e-07
    outer loop
      vertex -6.12807 -12.4265 15.52
      vertex -4.55653 -10.7311 12.61
      vertex -4.35483 -10.5135 15.52
    endloop
  endfacet
  facet normal 0.733389 -0.67981 0
    outer loop
      vertex -4.55653 -10.7311 12.61
      vertex -6.12807 -12.4265 15.52
      vertex -6.12807 -12.4265 12.61
    endloop
  endfacet
  facet normal -0.991461 -0.130401 0
    outer loop
      vertex -4.20505 -11.6523 12.61
      vertex -4.35483 -10.5135 15.52
      vertex -4.35483 -10.5135 12.61
    endloop
  endfacet
  facet normal -0.991466 -0.130363 -0
    outer loop
      vertex -4.13535 -12.1824 15.52
      vertex -4.20505 -11.6523 12.61
      vertex -4.13535 -12.1824 12.61
    endloop
  endfacet
  facet normal -0.991463 -0.130389 -4.90332e-06
    outer loop
      vertex -4.20505 -11.6523 12.61
      vertex -4.13535 -12.1824 15.52
      vertex -4.35483 -10.5135 15.52
    endloop
  endfacet
  facet normal 0.24295 -0.970039 -1.52207e-05
    outer loop
      vertex -3.9882 -12.1455 12.61
      vertex -3.7776 -12.0928 15.52
      vertex -4.13535 -12.1824 15.52
    endloop
  endfacet
  facet normal 0.243234 -0.969968 0
    outer loop
      vertex -3.9882 -12.1455 12.61
      vertex -4.13535 -12.1824 15.52
      vertex -4.13535 -12.1824 12.61
    endloop
  endfacet
  facet normal 0.242936 -0.970042 -1.41226e-05
    outer loop
      vertex -3.20158 -11.9485 12.61
      vertex -3.7776 -12.0928 15.52
      vertex -3.9882 -12.1455 12.61
    endloop
  endfacet
  facet normal 0.243003 -0.970025 0
    outer loop
      vertex -3.7776 -12.0928 15.52
      vertex -3.20158 -11.9485 12.61
      vertex -3.20158 -11.9485 15.52
    endloop
  endfacet
  facet normal 0.322795 -0.946469 0
    outer loop
      vertex -3.20158 -11.9485 12.61
      vertex -2.31667 -11.6467 15.52
      vertex -3.20158 -11.9485 15.52
    endloop
  endfacet
  facet normal 0.322795 -0.946469 0
    outer loop
      vertex -2.31667 -11.6467 15.52
      vertex -3.20158 -11.9485 12.61
      vertex -2.31667 -11.6467 12.61
    endloop
  endfacet
  facet normal -0.941429 -0.337212 0
    outer loop
      vertex -1.74385 -13.2459 12.61
      vertex -2.31667 -11.6467 15.52
      vertex -2.31667 -11.6467 12.61
    endloop
  endfacet
  facet normal -0.941429 -0.337212 0
    outer loop
      vertex -2.31667 -11.6467 15.52
      vertex -1.74385 -13.2459 12.61
      vertex -1.74385 -13.2459 15.52
    endloop
  endfacet
  facet normal 0.917747 -0.397167 0
    outer loop
      vertex -1.74385 -13.2459 15.52
      vertex -0.711884 -10.8613 12.61
      vertex -0.711884 -10.8613 15.52
    endloop
  endfacet
  facet normal 0.917747 -0.397167 0
    outer loop
      vertex -0.711884 -10.8613 12.61
      vertex -1.74385 -13.2459 15.52
      vertex -1.74385 -13.2459 12.61
    endloop
  endfacet
  facet normal -0.979815 -0.199905 0
    outer loop
      vertex -0.336972 -12.6989 12.61
      vertex -0.711884 -10.8613 15.52
      vertex -0.711884 -10.8613 12.61
    endloop
  endfacet
  facet normal -0.979815 -0.199906 7.30253e-07
    outer loop
      vertex -0.336972 -12.6989 12.61
      vertex -0.0600279 -14.0563 15.52
      vertex -0.711884 -10.8613 15.52
    endloop
  endfacet
  facet normal -0.979814 -0.199909 -1.00246e-06
    outer loop
      vertex 0 -14.3505 12.61
      vertex -0.0600279 -14.0563 15.52
      vertex -0.336972 -12.6989 12.61
    endloop
  endfacet
  facet normal -0.979812 -0.199919 0
    outer loop
      vertex -0.0600279 -14.0563 15.52
      vertex 0 -14.3505 12.61
      vertex 0 -14.3505 15.52
    endloop
  endfacet
  facet normal 0.979817 -0.199897 0
    outer loop
      vertex 0.711884 -10.8613 15.52
      vertex 0.53433 -11.7316 12.61
      vertex 0.711884 -10.8613 12.61
    endloop
  endfacet
  facet normal 0.979815 -0.199906 2.66981e-06
    outer loop
      vertex 0.0600279 -14.0563 15.52
      vertex 0.53433 -11.7316 12.61
      vertex 0.711884 -10.8613 15.52
    endloop
  endfacet
  facet normal 0.979812 -0.199919 0
    outer loop
      vertex 0 -14.3505 12.61
      vertex 0.0600279 -14.0563 15.52
      vertex 0 -14.3505 15.52
    endloop
  endfacet
  facet normal 0.979814 -0.19991 -9.23284e-07
    outer loop
      vertex 0.0600279 -14.0563 15.52
      vertex 0 -14.3505 12.61
      vertex 0.53433 -11.7316 12.61
    endloop
  endfacet
  facet normal -0.917742 -0.397178 0
    outer loop
      vertex 0.888457 -11.2693 12.61
      vertex 0.711884 -10.8613 15.52
      vertex 0.711884 -10.8613 12.61
    endloop
  endfacet
  facet normal -0.917748 -0.397164 -0
    outer loop
      vertex 1.74385 -13.2459 15.52
      vertex 0.888457 -11.2693 12.61
      vertex 1.74385 -13.2459 12.61
    endloop
  endfacet
  facet normal -0.917747 -0.397167 -1.83145e-06
    outer loop
      vertex 0.888457 -11.2693 12.61
      vertex 1.74385 -13.2459 15.52
      vertex 0.711884 -10.8613 15.52
    endloop
  endfacet
  facet normal 0.941429 -0.337212 0
    outer loop
      vertex 1.74385 -13.2459 15.52
      vertex 2.31667 -11.6467 12.61
      vertex 2.31667 -11.6467 15.52
    endloop
  endfacet
  facet normal 0.941429 -0.337212 0
    outer loop
      vertex 2.31667 -11.6467 12.61
      vertex 1.74385 -13.2459 15.52
      vertex 1.74385 -13.2459 12.61
    endloop
  endfacet
  facet normal -0.907551 -0.419942 0
    outer loop
      vertex 2.31667 -11.6467 12.61
      vertex 3.04661 -13.2242 15.52
      vertex 2.31667 -11.6467 15.52
    endloop
  endfacet
  facet normal -0.907545 -0.419955 -9.11504e-06
    outer loop
      vertex 4.22676 -15.7745 12.61
      vertex 3.04661 -13.2242 15.52
      vertex 2.31667 -11.6467 12.61
    endloop
  endfacet
  facet normal -0.907541 -0.419964 0
    outer loop
      vertex 3.04661 -13.2242 15.52
      vertex 4.22676 -15.7745 12.61
      vertex 4.22676 -15.7745 15.52
    endloop
  endfacet
  facet normal 0.541131 -0.840938 0
    outer loop
      vertex 4.22676 -15.7745 12.61
      vertex 5.1525 -15.1788 15.52
      vertex 4.22676 -15.7745 15.52
    endloop
  endfacet
  facet normal 0.541131 -0.840938 0
    outer loop
      vertex 5.1525 -15.1788 15.52
      vertex 4.22676 -15.7745 12.61
      vertex 5.1525 -15.1788 12.61
    endloop
  endfacet
  facet normal -0 0 -1
    outer loop
      vertex 4.83804 -9.81059 18.43
      vertex 4.19243 -10.1214 18.43
      vertex 4.2823 -8.68367 18.43
    endloop
  endfacet
  facet normal -0 0 -1
    outer loop
      vertex 4.73378 -11.4284 18.43
      vertex 3.93073 -11.5796 18.43
      vertex 4.19243 -10.1214 18.43
    endloop
  endfacet
  facet normal 0 0 -1
    outer loop
      vertex 3.49449 -13.0416 18.43
      vertex 4.43628 -13.0689 18.43
      vertex 3.76309 -14.0441 18.43
    endloop
  endfacet
  facet normal 0 0 -1
    outer loop
      vertex 4.43628 -13.0689 18.43
      vertex 3.49449 -13.0416 18.43
      vertex 3.93073 -11.5796 18.43
    endloop
  endfacet
  facet normal 0 0 -1
    outer loop
      vertex 2.66165 -13.381 18.43
      vertex 3.76309 -14.0441 18.43
      vertex 2.95308 -14.8461 18.43
    endloop
  endfacet
  facet normal 0 0 -1
    outer loop
      vertex 3.76309 -14.0441 18.43
      vertex 2.66165 -13.381 18.43
      vertex 3.49449 -13.0416 18.43
    endloop
  endfacet
  facet normal 0 0 -1
    outer loop
      vertex 1.79926 -13.6667 18.43
      vertex 2.95308 -14.8461 18.43
      vertex 2.04381 -15.5244 18.43
    endloop
  endfacet
  facet normal 0 0 -1
    outer loop
      vertex 2.95308 -14.8461 18.43
      vertex 1.79926 -13.6667 18.43
      vertex 2.66165 -13.381 18.43
    endloop
  endfacet
  facet normal 0 0 -1
    outer loop
      vertex 0.910797 -13.8963 18.43
      vertex 2.04381 -15.5244 18.43
      vertex 1.0549 -16.0949 18.43
    endloop
  endfacet
  facet normal 0 0 -1
    outer loop
      vertex 2.04381 -15.5244 18.43
      vertex 0.910797 -13.8963 18.43
      vertex 1.79926 -13.6667 18.43
    endloop
  endfacet
  facet normal 0 0 -1
    outer loop
      vertex 0 -14.0676 18.43
      vertex 1.0549 -16.0949 18.43
      vertex 0 -16.564 18.43
    endloop
  endfacet
  facet normal 0 0 -1
    outer loop
      vertex 1.0549 -16.0949 18.43
      vertex 0 -14.0676 18.43
      vertex 0.910797 -13.8963 18.43
    endloop
  endfacet
  facet normal 0 0 -1
    outer loop
      vertex -1.0549 -16.0949 18.43
      vertex 0 -14.0676 18.43
      vertex 0 -16.564 18.43
    endloop
  endfacet
  facet normal -0 0 -1
    outer loop
      vertex 0 -14.0676 18.43
      vertex -1.0549 -16.0949 18.43
      vertex -0.910797 -13.8963 18.43
    endloop
  endfacet
  facet normal 0 0 -1
    outer loop
      vertex -2.04381 -15.5244 18.43
      vertex -0.910797 -13.8963 18.43
      vertex -1.0549 -16.0949 18.43
    endloop
  endfacet
  facet normal -0 0 -1
    outer loop
      vertex -0.910797 -13.8963 18.43
      vertex -2.04381 -15.5244 18.43
      vertex -1.79926 -13.6667 18.43
    endloop
  endfacet
  facet normal 0 0 -1
    outer loop
      vertex -2.95308 -14.8461 18.43
      vertex -1.79926 -13.6667 18.43
      vertex -2.04381 -15.5244 18.43
    endloop
  endfacet
  facet normal -0 0 -1
    outer loop
      vertex -1.79926 -13.6667 18.43
      vertex -2.95308 -14.8461 18.43
      vertex -2.66165 -13.381 18.43
    endloop
  endfacet
  facet normal 0 0 -1
    outer loop
      vertex -3.76309 -14.0441 18.43
      vertex -2.66165 -13.381 18.43
      vertex -2.95308 -14.8461 18.43
    endloop
  endfacet
  facet normal -0 0 -1
    outer loop
      vertex -2.66165 -13.381 18.43
      vertex -3.76309 -14.0441 18.43
      vertex -3.49449 -13.0416 18.43
    endloop
  endfacet
  facet normal 0 0 -1
    outer loop
      vertex -4.43628 -13.0689 18.43
      vertex -3.49449 -13.0416 18.43
      vertex -3.76309 -14.0441 18.43
    endloop
  endfacet
  facet normal -0 0 -1
    outer loop
      vertex -3.49449 -13.0416 18.43
      vertex -4.43628 -13.0689 18.43
      vertex -3.93073 -11.5796 18.43
    endloop
  endfacet
  facet normal 0 0 -1
    outer loop
      vertex -3.93073 -11.5796 18.43
      vertex -4.73378 -11.4284 18.43
      vertex -4.19243 -10.1214 18.43
    endloop
  endfacet
  facet normal 0 0 -1
    outer loop
      vertex -4.73378 -11.4284 18.43
      vertex -3.93073 -11.5796 18.43
      vertex -4.43628 -13.0689 18.43
    endloop
  endfacet
  facet normal 0 0 -1
    outer loop
      vertex 3.93073 -11.5796 18.43
      vertex 4.73378 -11.4284 18.43
      vertex 4.43628 -13.0689 18.43
    endloop
  endfacet
  facet normal 0 0 -1
    outer loop
      vertex 4.19243 -10.1214 18.43
      vertex 4.83804 -9.81059 18.43
      vertex 4.73378 -11.4284 18.43
    endloop
  endfacet
  facet normal 0 0 -1
    outer loop
      vertex 4.2823 -8.68367 18.43
      vertex 5.10025 -8.83391 18.43
      vertex 4.83804 -9.81059 18.43
    endloop
  endfacet
  facet normal 0 0 -1
    outer loop
      vertex 4.2823 -8.68367 18.43
      vertex 5.32645 -8.01599 18.43
      vertex 5.10025 -8.83391 18.43
    endloop
  endfacet
  facet normal -0 0 -1
    outer loop
      vertex 5.32645 -8.01599 18.43
      vertex 4.2823 -8.68367 18.43
      vertex 4.2045 -7.28239 18.43
    endloop
  endfacet
  facet normal 0 0 -1
    outer loop
      vertex -4.83804 -9.81059 18.43
      vertex -4.19243 -10.1214 18.43
      vertex -4.73378 -11.4284 18.43
    endloop
  endfacet
  facet normal 0 0 -1
    outer loop
      vertex -4.19243 -10.1214 18.43
      vertex -4.83804 -9.81059 18.43
      vertex -4.2823 -8.68367 18.43
    endloop
  endfacet
  facet normal 0 0 -1
    outer loop
      vertex -5.10025 -8.83391 18.43
      vertex -4.2823 -8.68367 18.43
      vertex -4.83804 -9.81059 18.43
    endloop
  endfacet
  facet normal 0 0 -1
    outer loop
      vertex -5.32645 -8.01599 18.43
      vertex -4.2823 -8.68367 18.43
      vertex -5.10025 -8.83391 18.43
    endloop
  endfacet
  facet normal 0 0 -1
    outer loop
      vertex -4.2823 -8.68367 18.43
      vertex -5.32645 -8.01599 18.43
      vertex -4.2045 -7.28239 18.43
    endloop
  endfacet
  facet normal 0 0 1
    outer loop
      vertex -5.33513 -7.98459 18.43
      vertex -5.37912 -8.05043 18.43
      vertex -5.32645 -8.01599 18.43
    endloop
  endfacet
  facet normal 0 0 1
    outer loop
      vertex -5.52856 -7.20497 18.43
      vertex -5.37912 -8.05043 18.43
      vertex -5.33513 -7.98459 18.43
    endloop
  endfacet
  facet normal 0 0 1
    outer loop
      vertex -6.66919 -8.69147 18.43
      vertex -5.52856 -7.20497 18.43
      vertex -5.67735 -6.47377 18.43
    endloop
  endfacet
  facet normal 0 0 1
    outer loop
      vertex -6.47377 -5.67735 18.43
      vertex -5.67735 -6.47377 18.43
      vertex -5.7813 -5.7813 18.43
    endloop
  endfacet
  facet normal 0 0 1
    outer loop
      vertex -6.66919 -8.69147 18.43
      vertex -5.67735 -6.47377 18.43
      vertex -6.47377 -5.67735 18.43
    endloop
  endfacet
  facet normal 0 0 1
    outer loop
      vertex -5.52856 -7.20497 18.43
      vertex -6.66919 -8.69147 18.43
      vertex -5.37912 -8.05043 18.43
    endloop
  endfacet
  facet normal 0 0 1
    outer loop
      vertex -7.20497 -5.52856 18.43
      vertex -6.66919 -8.69147 18.43
      vertex -6.47377 -5.67735 18.43
    endloop
  endfacet
  facet normal 0 0 1
    outer loop
      vertex -8.06282 -9.19389 18.43
      vertex -7.20497 -5.52856 18.43
      vertex -7.98459 -5.33513 18.43
    endloop
  endfacet
  facet normal 0 0 1
    outer loop
      vertex -7.20497 -5.52856 18.43
      vertex -8.06282 -9.19389 18.43
      vertex -6.66919 -8.69147 18.43
    endloop
  endfacet
  facet normal 0 0 1
    outer loop
      vertex -8.83391 -5.10025 18.43
      vertex -8.06282 -9.19389 18.43
      vertex -7.98459 -5.33513 18.43
    endloop
  endfacet
  facet normal -0 0 1
    outer loop
      vertex -10.2575 -8.99556 18.43
      vertex -8.06282 -9.19389 18.43
      vertex -8.83391 -5.10025 18.43
    endloop
  endfacet
  facet normal 0 0 1
    outer loop
      vertex -10.9361 -8.39156 18.43
      vertex -8.83391 -5.10025 18.43
      vertex -9.81059 -4.83804 18.43
    endloop
  endfacet
  facet normal 0 0 1
    outer loop
      vertex -8.06282 -9.19389 18.43
      vertex -10.2575 -8.99556 18.43
      vertex -9.54715 -9.54715 18.43
    endloop
  endfacet
  facet normal 0 0 1
    outer loop
      vertex -8.83391 -5.10025 18.43
      vertex -10.9361 -8.39156 18.43
      vertex -10.2575 -8.99556 18.43
    endloop
  endfacet
  facet normal 0 0 1
    outer loop
      vertex -12.1829 -7.03378 18.43
      vertex -9.81059 -4.83804 18.43
      vertex -11.4284 -4.73378 18.43
    endloop
  endfacet
  facet normal 0 0 1
    outer loop
      vertex -9.81059 -4.83804 18.43
      vertex -11.5791 -7.73692 18.43
      vertex -10.9361 -8.39156 18.43
    endloop
  endfacet
  facet normal 0 0 1
    outer loop
      vertex -9.81059 -4.83804 18.43
      vertex -12.1829 -7.03378 18.43
      vertex -11.5791 -7.73692 18.43
    endloop
  endfacet
  facet normal 0 0 1
    outer loop
      vertex -11.4284 -4.73378 18.43
      vertex -12.4899 -6.15935 18.43
      vertex -12.1829 -7.03378 18.43
    endloop
  endfacet
  facet normal 0 0 1
    outer loop
      vertex -11.4284 -4.73378 18.43
      vertex -12.7353 -5.27515 18.43
      vertex -12.4899 -6.15935 18.43
    endloop
  endfacet
  facet normal 0 -0 1
    outer loop
      vertex -12.7353 -5.27515 18.43
      vertex -11.4284 -4.73378 18.43
      vertex -12.9024 -4.46647 18.43
    endloop
  endfacet
  facet normal -0 0 1
    outer loop
      vertex 11.4284 -4.73378 18.43
      vertex 12.7353 -5.27515 18.43
      vertex 12.9024 -4.46647 18.43
    endloop
  endfacet
  facet normal 0 0 1
    outer loop
      vertex 12.7353 -5.27515 18.43
      vertex 11.4284 -4.73378 18.43
      vertex 12.4899 -6.15935 18.43
    endloop
  endfacet
  facet normal 0 0 1
    outer loop
      vertex 12.4899 -6.15935 18.43
      vertex 11.4284 -4.73378 18.43
      vertex 12.1829 -7.03378 18.43
    endloop
  endfacet
  facet normal -0 0 1
    outer loop
      vertex 9.81059 -4.83804 18.43
      vertex 12.1829 -7.03378 18.43
      vertex 11.4284 -4.73378 18.43
    endloop
  endfacet
  facet normal 0 0 1
    outer loop
      vertex 12.1829 -7.03378 18.43
      vertex 9.81059 -4.83804 18.43
      vertex 11.5791 -7.73692 18.43
    endloop
  endfacet
  facet normal 0 0 1
    outer loop
      vertex 11.5791 -7.73692 18.43
      vertex 9.81059 -4.83804 18.43
      vertex 10.9361 -8.39156 18.43
    endloop
  endfacet
  facet normal -0 0 1
    outer loop
      vertex 8.83391 -5.10025 18.43
      vertex 10.9361 -8.39156 18.43
      vertex 9.81059 -4.83804 18.43
    endloop
  endfacet
  facet normal 0 0 1
    outer loop
      vertex 10.9361 -8.39156 18.43
      vertex 8.83391 -5.10025 18.43
      vertex 10.2575 -8.99556 18.43
    endloop
  endfacet
  facet normal 0 0 1
    outer loop
      vertex 8.06282 -9.19389 18.43
      vertex 10.2575 -8.99556 18.43
      vertex 8.83391 -5.10025 18.43
    endloop
  endfacet
  facet normal 0 0 1
    outer loop
      vertex 10.2575 -8.99556 18.43
      vertex 8.06282 -9.19389 18.43
      vertex 9.54715 -9.54715 18.43
    endloop
  endfacet
  facet normal -0 0 1
    outer loop
      vertex 7.98459 -5.33513 18.43
      vertex 8.06282 -9.19389 18.43
      vertex 8.83391 -5.10025 18.43
    endloop
  endfacet
  facet normal -0 0 1
    outer loop
      vertex 7.20497 -5.52856 18.43
      vertex 8.06282 -9.19389 18.43
      vertex 7.98459 -5.33513 18.43
    endloop
  endfacet
  facet normal 0 0 1
    outer loop
      vertex 7.20497 -5.52856 18.43
      vertex 6.66919 -8.69147 18.43
      vertex 8.06282 -9.19389 18.43
    endloop
  endfacet
  facet normal -0 0 1
    outer loop
      vertex 6.47377 -5.67735 18.43
      vertex 6.66919 -8.69147 18.43
      vertex 7.20497 -5.52856 18.43
    endloop
  endfacet
  facet normal 0 0 1
    outer loop
      vertex 5.67735 -6.47377 18.43
      vertex 6.47377 -5.67735 18.43
      vertex 5.7813 -5.7813 18.43
    endloop
  endfacet
  facet normal 0 0 1
    outer loop
      vertex 6.47377 -5.67735 18.43
      vertex 5.67735 -6.47377 18.43
      vertex 6.66919 -8.69147 18.43
    endloop
  endfacet
  facet normal -0 0 1
    outer loop
      vertex 5.52856 -7.20497 18.43
      vertex 6.66919 -8.69147 18.43
      vertex 5.67735 -6.47377 18.43
    endloop
  endfacet
  facet normal 0 0 1
    outer loop
      vertex 5.52856 -7.20497 18.43
      vertex 5.37912 -8.05043 18.43
      vertex 6.66919 -8.69147 18.43
    endloop
  endfacet
  facet normal -0 0 1
    outer loop
      vertex 5.33513 -7.98459 18.43
      vertex 5.37912 -8.05043 18.43
      vertex 5.52856 -7.20497 18.43
    endloop
  endfacet
  facet normal 0 0 1
    outer loop
      vertex 5.37912 -8.05043 18.43
      vertex 5.33513 -7.98459 18.43
      vertex 5.32645 -8.01599 18.43
    endloop
  endfacet
  facet normal 0 0 1
    outer loop
      vertex -5.37912 8.05043 18.43
      vertex -5.33513 7.98459 18.43
      vertex -5.32645 8.01599 18.43
    endloop
  endfacet
  facet normal 0 0 1
    outer loop
      vertex -5.37912 8.05043 18.43
      vertex -5.52856 7.20497 18.43
      vertex -5.33513 7.98459 18.43
    endloop
  endfacet
  facet normal 0 0 1
    outer loop
      vertex -6.66919 8.69147 18.43
      vertex -5.52856 7.20497 18.43
      vertex -5.37912 8.05043 18.43
    endloop
  endfacet
  facet normal 0 0 1
    outer loop
      vertex -5.67735 6.47377 18.43
      vertex -6.47377 5.67735 18.43
      vertex -5.7813 5.7813 18.43
    endloop
  endfacet
  facet normal 0 0 1
    outer loop
      vertex -5.52856 7.20497 18.43
      vertex -6.66919 8.69147 18.43
      vertex -5.67735 6.47377 18.43
    endloop
  endfacet
  facet normal 0 0 1
    outer loop
      vertex -5.67735 6.47377 18.43
      vertex -6.66919 8.69147 18.43
      vertex -6.47377 5.67735 18.43
    endloop
  endfacet
  facet normal 0 0 1
    outer loop
      vertex -6.66919 8.69147 18.43
      vertex -7.20497 5.52856 18.43
      vertex -6.47377 5.67735 18.43
    endloop
  endfacet
  facet normal 0 0 1
    outer loop
      vertex -8.06282 9.19389 18.43
      vertex -7.20497 5.52856 18.43
      vertex -6.66919 8.69147 18.43
    endloop
  endfacet
  facet normal 0 0 1
    outer loop
      vertex -7.20497 5.52856 18.43
      vertex -8.06282 9.19389 18.43
      vertex -7.98459 5.33513 18.43
    endloop
  endfacet
  facet normal 0 0 1
    outer loop
      vertex -8.06282 9.19389 18.43
      vertex -8.83391 5.10025 18.43
      vertex -7.98459 5.33513 18.43
    endloop
  endfacet
  facet normal 0 0 1
    outer loop
      vertex -10.2575 8.99556 18.43
      vertex -8.06282 9.19389 18.43
      vertex -9.54715 9.54715 18.43
    endloop
  endfacet
  facet normal 0 0 1
    outer loop
      vertex -8.06282 9.19389 18.43
      vertex -10.2575 8.99556 18.43
      vertex -8.83391 5.10025 18.43
    endloop
  endfacet
  facet normal -0 0 1
    outer loop
      vertex -10.9361 8.39156 18.43
      vertex -8.83391 5.10025 18.43
      vertex -10.2575 8.99556 18.43
    endloop
  endfacet
  facet normal 0 0 1
    outer loop
      vertex -8.83391 5.10025 18.43
      vertex -10.9361 8.39156 18.43
      vertex -9.81059 4.83804 18.43
    endloop
  endfacet
  facet normal -0 0 1
    outer loop
      vertex -11.5791 7.73692 18.43
      vertex -9.81059 4.83804 18.43
      vertex -10.9361 8.39156 18.43
    endloop
  endfacet
  facet normal -0 0 1
    outer loop
      vertex -12.1829 7.03378 18.43
      vertex -9.81059 4.83804 18.43
      vertex -11.5791 7.73692 18.43
    endloop
  endfacet
  facet normal 0 0 1
    outer loop
      vertex -9.81059 4.83804 18.43
      vertex -12.1829 7.03378 18.43
      vertex -11.4284 4.73378 18.43
    endloop
  endfacet
  facet normal -0 0 1
    outer loop
      vertex -12.4899 6.15935 18.43
      vertex -11.4284 4.73378 18.43
      vertex -12.1829 7.03378 18.43
    endloop
  endfacet
  facet normal -0 0 1
    outer loop
      vertex -12.7353 5.27515 18.43
      vertex -11.4284 4.73378 18.43
      vertex -12.4899 6.15935 18.43
    endloop
  endfacet
  facet normal 0 0 1
    outer loop
      vertex -11.4284 4.73378 18.43
      vertex -12.7353 5.27515 18.43
      vertex -12.9024 4.46647 18.43
    endloop
  endfacet
  facet normal 0 0 1
    outer loop
      vertex 11.4284 4.73378 18.43
      vertex 12.7353 5.27515 18.43
      vertex 12.4899 6.15935 18.43
    endloop
  endfacet
  facet normal 0 0 1
    outer loop
      vertex 11.4284 4.73378 18.43
      vertex 12.4899 6.15935 18.43
      vertex 12.1829 7.03378 18.43
    endloop
  endfacet
  facet normal 0 0 1
    outer loop
      vertex 9.81059 4.83804 18.43
      vertex 12.1829 7.03378 18.43
      vertex 11.5791 7.73692 18.43
    endloop
  endfacet
  facet normal 0 0 1
    outer loop
      vertex 12.7353 5.27515 18.43
      vertex 11.4284 4.73378 18.43
      vertex 12.9024 4.46647 18.43
    endloop
  endfacet
  facet normal 0 0 1
    outer loop
      vertex 9.81059 4.83804 18.43
      vertex 11.5791 7.73692 18.43
      vertex 10.9361 8.39156 18.43
    endloop
  endfacet
  facet normal 0 0 1
    outer loop
      vertex 8.83391 5.10025 18.43
      vertex 10.9361 8.39156 18.43
      vertex 10.2575 8.99556 18.43
    endloop
  endfacet
  facet normal 0 0 1
    outer loop
      vertex 12.1829 7.03378 18.43
      vertex 9.81059 4.83804 18.43
      vertex 11.4284 4.73378 18.43
    endloop
  endfacet
  facet normal -0 0 1
    outer loop
      vertex 8.06282 9.19389 18.43
      vertex 10.2575 8.99556 18.43
      vertex 9.54715 9.54715 18.43
    endloop
  endfacet
  facet normal 0 0 1
    outer loop
      vertex 10.9361 8.39156 18.43
      vertex 8.83391 5.10025 18.43
      vertex 9.81059 4.83804 18.43
    endloop
  endfacet
  facet normal 0 0 1
    outer loop
      vertex 10.2575 8.99556 18.43
      vertex 8.06282 9.19389 18.43
      vertex 8.83391 5.10025 18.43
    endloop
  endfacet
  facet normal 0 0 1
    outer loop
      vertex 8.06282 9.19389 18.43
      vertex 7.98459 5.33513 18.43
      vertex 8.83391 5.10025 18.43
    endloop
  endfacet
  facet normal 0 0 1
    outer loop
      vertex 8.06282 9.19389 18.43
      vertex 7.20497 5.52856 18.43
      vertex 7.98459 5.33513 18.43
    endloop
  endfacet
  facet normal -0 0 1
    outer loop
      vertex 6.66919 8.69147 18.43
      vertex 7.20497 5.52856 18.43
      vertex 8.06282 9.19389 18.43
    endloop
  endfacet
  facet normal 0 0 1
    outer loop
      vertex 6.66919 8.69147 18.43
      vertex 6.47377 5.67735 18.43
      vertex 7.20497 5.52856 18.43
    endloop
  endfacet
  facet normal -0 0 1
    outer loop
      vertex 5.67735 6.47377 18.43
      vertex 6.47377 5.67735 18.43
      vertex 6.66919 8.69147 18.43
    endloop
  endfacet
  facet normal 0 0 1
    outer loop
      vertex 6.47377 5.67735 18.43
      vertex 5.67735 6.47377 18.43
      vertex 5.7813 5.7813 18.43
    endloop
  endfacet
  facet normal 0 0 1
    outer loop
      vertex 6.66919 8.69147 18.43
      vertex 5.52856 7.20497 18.43
      vertex 5.67735 6.47377 18.43
    endloop
  endfacet
  facet normal -0 0 1
    outer loop
      vertex 5.37912 8.05043 18.43
      vertex 5.52856 7.20497 18.43
      vertex 6.66919 8.69147 18.43
    endloop
  endfacet
  facet normal 0 0 1
    outer loop
      vertex 5.37912 8.05043 18.43
      vertex 5.33513 7.98459 18.43
      vertex 5.52856 7.20497 18.43
    endloop
  endfacet
  facet normal 0 -0 1
    outer loop
      vertex 5.33513 7.98459 18.43
      vertex 5.37912 8.05043 18.43
      vertex 5.32645 8.01599 18.43
    endloop
  endfacet
  facet normal 0 0 -1
    outer loop
      vertex 16.0949 1.0549 18.43
      vertex 11.9936 2.38567 18.43
      vertex 15.5244 2.04381 18.43
    endloop
  endfacet
  facet normal 0 0 -1
    outer loop
      vertex 15.5244 2.04381 18.43
      vertex 11.9936 2.38567 18.43
      vertex 13.0416 3.49449 18.43
    endloop
  endfacet
  facet normal 0 0 -1
    outer loop
      vertex 10.8616 -1.42995 18.43
      vertex 11.9936 2.38567 18.43
      vertex 11.9936 -2.38567 18.43
    endloop
  endfacet
  facet normal 0 0 -1
    outer loop
      vertex 10.8616 -1.42995 18.43
      vertex 10.8616 1.42995 18.43
      vertex 11.9936 2.38567 18.43
    endloop
  endfacet
  facet normal 0 0 -1
    outer loop
      vertex 9.66144 -0.63324 18.43
      vertex 10.8616 1.42995 18.43
      vertex 10.8616 -1.42995 18.43
    endloop
  endfacet
  facet normal 0 0 -1
    outer loop
      vertex 9.66144 -0.63324 18.43
      vertex 9.66144 0.63324 18.43
      vertex 10.8616 1.42995 18.43
    endloop
  endfacet
  facet normal 0 -0 -1
    outer loop
      vertex 9.66144 0.63324 18.43
      vertex 9.66144 -0.63324 18.43
      vertex 8.409 0 18.43
    endloop
  endfacet
  facet normal 0 0 -1
    outer loop
      vertex 16.0949 -1.0549 18.43
      vertex 16.0949 1.0549 18.43
      vertex 16.564 0 18.43
    endloop
  endfacet
  facet normal 0 0 -1
    outer loop
      vertex 11.9936 -2.38567 18.43
      vertex 16.0949 -1.0549 18.43
      vertex 15.5244 -2.04381 18.43
    endloop
  endfacet
  facet normal -0 0 -1
    outer loop
      vertex 16.0949 -1.0549 18.43
      vertex 11.9936 -2.38567 18.43
      vertex 16.0949 1.0549 18.43
    endloop
  endfacet
  facet normal 0 0 -1
    outer loop
      vertex 11.9936 -2.38567 18.43
      vertex 14.8461 -2.95308 18.43
      vertex 13.0416 -3.49449 18.43
    endloop
  endfacet
  facet normal 0 0 -1
    outer loop
      vertex 14.8461 -2.95308 18.43
      vertex 11.9936 -2.38567 18.43
      vertex 15.5244 -2.04381 18.43
    endloop
  endfacet
  facet normal 0 0 -1
    outer loop
      vertex 13.0416 -3.49449 18.43
      vertex 14.8461 -2.95308 18.43
      vertex 14.0441 -3.76309 18.43
    endloop
  endfacet
  facet normal 0 0 -1
    outer loop
      vertex 11.9936 2.38567 18.43
      vertex 16.0949 1.0549 18.43
      vertex 11.9936 -2.38567 18.43
    endloop
  endfacet
  facet normal 0 0 -1
    outer loop
      vertex 13.0416 -3.49449 18.43
      vertex 14.0441 -3.76309 18.43
      vertex 13.0689 -4.43628 18.43
    endloop
  endfacet
  facet normal 0 0 -1
    outer loop
      vertex 15.5244 2.04381 18.43
      vertex 13.0416 3.49449 18.43
      vertex 14.8461 2.95308 18.43
    endloop
  endfacet
  facet normal 0 0 -1
    outer loop
      vertex 14.8461 2.95308 18.43
      vertex 13.0416 3.49449 18.43
      vertex 14.0441 3.76309 18.43
    endloop
  endfacet
  facet normal 0 0 -1
    outer loop
      vertex 13.0689 -4.43628 18.43
      vertex 12.9191 -4.38545 18.43
      vertex 13.0416 -3.49449 18.43
    endloop
  endfacet
  facet normal 0 -0 -1
    outer loop
      vertex 12.9191 -4.38545 18.43
      vertex 13.0689 -4.43628 18.43
      vertex 12.9024 -4.46647 18.43
    endloop
  endfacet
  facet normal -0 0 -1
    outer loop
      vertex 14.0441 3.76309 18.43
      vertex 13.0416 3.49449 18.43
      vertex 13.0689 4.43628 18.43
    endloop
  endfacet
  facet normal 0 0 -1
    outer loop
      vertex 12.9191 4.38545 18.43
      vertex 13.0689 4.43628 18.43
      vertex 13.0416 3.49449 18.43
    endloop
  endfacet
  facet normal -0 0 -1
    outer loop
      vertex 13.0689 4.43628 18.43
      vertex 12.9191 4.38545 18.43
      vertex 12.9024 4.46647 18.43
    endloop
  endfacet
  facet normal -0 0 -1
    outer loop
      vertex -3.93073 11.5796 18.43
      vertex -4.73378 11.4284 18.43
      vertex -4.43628 13.0689 18.43
    endloop
  endfacet
  facet normal 0 0 -1
    outer loop
      vertex -5.32645 8.01599 18.43
      vertex -4.2823 8.68367 18.43
      vertex -4.2045 7.28239 18.43
    endloop
  endfacet
  facet normal -0 0 -1
    outer loop
      vertex -4.19243 10.1214 18.43
      vertex -4.83804 9.81059 18.43
      vertex -4.73378 11.4284 18.43
    endloop
  endfacet
  facet normal 0 0 -1
    outer loop
      vertex -4.2823 8.68367 18.43
      vertex -5.10025 8.83391 18.43
      vertex -4.83804 9.81059 18.43
    endloop
  endfacet
  facet normal -0 0 -1
    outer loop
      vertex -4.2823 8.68367 18.43
      vertex -5.32645 8.01599 18.43
      vertex -5.10025 8.83391 18.43
    endloop
  endfacet
  facet normal 0 0 -1
    outer loop
      vertex 4.19243 10.1214 18.43
      vertex 4.73378 11.4284 18.43
      vertex 4.83804 9.81059 18.43
    endloop
  endfacet
  facet normal 0 0 -1
    outer loop
      vertex 4.19243 10.1214 18.43
      vertex 4.83804 9.81059 18.43
      vertex 4.2823 8.68367 18.43
    endloop
  endfacet
  facet normal -0 0 -1
    outer loop
      vertex 5.10025 8.83391 18.43
      vertex 4.2823 8.68367 18.43
      vertex 4.83804 9.81059 18.43
    endloop
  endfacet
  facet normal 0 0 -1
    outer loop
      vertex 5.32645 8.01599 18.43
      vertex 4.2823 8.68367 18.43
      vertex 5.10025 8.83391 18.43
    endloop
  endfacet
  facet normal 0 -0 -1
    outer loop
      vertex 4.2823 8.68367 18.43
      vertex 5.32645 8.01599 18.43
      vertex 4.2045 7.28239 18.43
    endloop
  endfacet
  facet normal -0 0 -1
    outer loop
      vertex 4.73378 11.4284 18.43
      vertex 4.19243 10.1214 18.43
      vertex 3.93073 11.5796 18.43
    endloop
  endfacet
  facet normal 0 0 -1
    outer loop
      vertex 4.73378 11.4284 18.43
      vertex 3.93073 11.5796 18.43
      vertex 4.43628 13.0689 18.43
    endloop
  endfacet
  facet normal 0 0 -1
    outer loop
      vertex 3.49449 13.0416 18.43
      vertex 4.43628 13.0689 18.43
      vertex 3.93073 11.5796 18.43
    endloop
  endfacet
  facet normal -0 0 -1
    outer loop
      vertex 4.43628 13.0689 18.43
      vertex 3.49449 13.0416 18.43
      vertex 3.76309 14.0441 18.43
    endloop
  endfacet
  facet normal 0 0 -1
    outer loop
      vertex 2.66165 13.381 18.43
      vertex 3.76309 14.0441 18.43
      vertex 3.49449 13.0416 18.43
    endloop
  endfacet
  facet normal -0 0 -1
    outer loop
      vertex 3.76309 14.0441 18.43
      vertex 2.66165 13.381 18.43
      vertex 2.95308 14.8461 18.43
    endloop
  endfacet
  facet normal 0 0 -1
    outer loop
      vertex 1.79926 13.6667 18.43
      vertex 2.95308 14.8461 18.43
      vertex 2.66165 13.381 18.43
    endloop
  endfacet
  facet normal -0 0 -1
    outer loop
      vertex 2.95308 14.8461 18.43
      vertex 1.79926 13.6667 18.43
      vertex 2.04381 15.5244 18.43
    endloop
  endfacet
  facet normal 0 0 -1
    outer loop
      vertex 0.910797 13.8963 18.43
      vertex 2.04381 15.5244 18.43
      vertex 1.79926 13.6667 18.43
    endloop
  endfacet
  facet normal -0 0 -1
    outer loop
      vertex 2.04381 15.5244 18.43
      vertex 0.910797 13.8963 18.43
      vertex 1.0549 16.0949 18.43
    endloop
  endfacet
  facet normal 0 0 -1
    outer loop
      vertex 0 14.0676 18.43
      vertex 1.0549 16.0949 18.43
      vertex 0.910797 13.8963 18.43
    endloop
  endfacet
  facet normal 0 0 -1
    outer loop
      vertex 0 14.0676 18.43
      vertex 0 16.564 18.43
      vertex 1.0549 16.0949 18.43
    endloop
  endfacet
  facet normal 0 0 -1
    outer loop
      vertex -1.0549 16.0949 18.43
      vertex 0 14.0676 18.43
      vertex -0.910797 13.8963 18.43
    endloop
  endfacet
  facet normal 0 0 -1
    outer loop
      vertex 0 14.0676 18.43
      vertex -1.0549 16.0949 18.43
      vertex 0 16.564 18.43
    endloop
  endfacet
  facet normal 0 0 -1
    outer loop
      vertex -2.04381 15.5244 18.43
      vertex -0.910797 13.8963 18.43
      vertex -1.79926 13.6667 18.43
    endloop
  endfacet
  facet normal 0 0 -1
    outer loop
      vertex -0.910797 13.8963 18.43
      vertex -2.04381 15.5244 18.43
      vertex -1.0549 16.0949 18.43
    endloop
  endfacet
  facet normal 0 0 -1
    outer loop
      vertex -2.95308 14.8461 18.43
      vertex -1.79926 13.6667 18.43
      vertex -2.66165 13.381 18.43
    endloop
  endfacet
  facet normal 0 0 -1
    outer loop
      vertex -1.79926 13.6667 18.43
      vertex -2.95308 14.8461 18.43
      vertex -2.04381 15.5244 18.43
    endloop
  endfacet
  facet normal 0 0 -1
    outer loop
      vertex -3.76309 14.0441 18.43
      vertex -2.66165 13.381 18.43
      vertex -3.49449 13.0416 18.43
    endloop
  endfacet
  facet normal 0 0 -1
    outer loop
      vertex -2.66165 13.381 18.43
      vertex -3.76309 14.0441 18.43
      vertex -2.95308 14.8461 18.43
    endloop
  endfacet
  facet normal 0 0 -1
    outer loop
      vertex -4.43628 13.0689 18.43
      vertex -3.49449 13.0416 18.43
      vertex -3.93073 11.5796 18.43
    endloop
  endfacet
  facet normal 0 0 -1
    outer loop
      vertex -4.73378 11.4284 18.43
      vertex -3.93073 11.5796 18.43
      vertex -4.19243 10.1214 18.43
    endloop
  endfacet
  facet normal 0 0 -1
    outer loop
      vertex -3.49449 13.0416 18.43
      vertex -4.43628 13.0689 18.43
      vertex -3.76309 14.0441 18.43
    endloop
  endfacet
  facet normal 0 0 -1
    outer loop
      vertex -4.83804 9.81059 18.43
      vertex -4.19243 10.1214 18.43
      vertex -4.2823 8.68367 18.43
    endloop
  endfacet
  facet normal 0 0 -1
    outer loop
      vertex -14.0441 -3.76309 18.43
      vertex -13.0416 -3.49449 18.43
      vertex -13.0689 -4.43628 18.43
    endloop
  endfacet
  facet normal -0 0 -1
    outer loop
      vertex -12.9191 -4.38545 18.43
      vertex -13.0689 -4.43628 18.43
      vertex -13.0416 -3.49449 18.43
    endloop
  endfacet
  facet normal 0 0 -1
    outer loop
      vertex -13.0689 -4.43628 18.43
      vertex -12.9191 -4.38545 18.43
      vertex -12.9024 -4.46647 18.43
    endloop
  endfacet
  facet normal 0 0 -1
    outer loop
      vertex -9.66144 -0.63324 18.43
      vertex -9.66144 0.63324 18.43
      vertex -8.409 0 18.43
    endloop
  endfacet
  facet normal 0 0 -1
    outer loop
      vertex -10.8616 -1.42995 18.43
      vertex -9.66144 0.63324 18.43
      vertex -9.66144 -0.63324 18.43
    endloop
  endfacet
  facet normal 0 0 -1
    outer loop
      vertex -10.8616 -1.42995 18.43
      vertex -10.8616 1.42995 18.43
      vertex -9.66144 0.63324 18.43
    endloop
  endfacet
  facet normal 0 0 -1
    outer loop
      vertex -11.9936 -2.38567 18.43
      vertex -10.8616 1.42995 18.43
      vertex -10.8616 -1.42995 18.43
    endloop
  endfacet
  facet normal 0 0 -1
    outer loop
      vertex -11.9936 -2.38567 18.43
      vertex -11.9936 2.38567 18.43
      vertex -10.8616 1.42995 18.43
    endloop
  endfacet
  facet normal 0 0 -1
    outer loop
      vertex -13.0416 -3.49449 18.43
      vertex -11.9936 2.38567 18.43
      vertex -11.9936 -2.38567 18.43
    endloop
  endfacet
  facet normal -0 0 -1
    outer loop
      vertex -11.9936 2.38567 18.43
      vertex -13.0416 -3.49449 18.43
      vertex -13.0416 3.49449 18.43
    endloop
  endfacet
  facet normal 0 0 -1
    outer loop
      vertex -12.9191 4.38545 18.43
      vertex -13.0689 4.43628 18.43
      vertex -12.9024 4.46647 18.43
    endloop
  endfacet
  facet normal 0 0 -1
    outer loop
      vertex -13.0416 3.49449 18.43
      vertex -13.0689 4.43628 18.43
      vertex -12.9191 4.38545 18.43
    endloop
  endfacet
  facet normal 0 0 -1
    outer loop
      vertex -14.8461 -2.95308 18.43
      vertex -13.0416 -3.49449 18.43
      vertex -14.0441 -3.76309 18.43
    endloop
  endfacet
  facet normal 0 0 -1
    outer loop
      vertex -15.5244 -2.04381 18.43
      vertex -13.0416 -3.49449 18.43
      vertex -14.8461 -2.95308 18.43
    endloop
  endfacet
  facet normal 0 0 -1
    outer loop
      vertex -13.0416 3.49449 18.43
      vertex -14.0441 3.76309 18.43
      vertex -13.0689 4.43628 18.43
    endloop
  endfacet
  facet normal 0 0 -1
    outer loop
      vertex -13.0416 -3.49449 18.43
      vertex -15.5244 -2.04381 18.43
      vertex -13.0416 3.49449 18.43
    endloop
  endfacet
  facet normal -0 0 -1
    outer loop
      vertex -13.0416 3.49449 18.43
      vertex -14.8461 2.95308 18.43
      vertex -14.0441 3.76309 18.43
    endloop
  endfacet
  facet normal 0 0 -1
    outer loop
      vertex -15.5244 2.04381 18.43
      vertex -13.0416 3.49449 18.43
      vertex -15.5244 -2.04381 18.43
    endloop
  endfacet
  facet normal 0 0 -1
    outer loop
      vertex -13.0416 3.49449 18.43
      vertex -15.5244 2.04381 18.43
      vertex -14.8461 2.95308 18.43
    endloop
  endfacet
  facet normal 0 0 -1
    outer loop
      vertex -16.0949 -1.0549 18.43
      vertex -15.5244 2.04381 18.43
      vertex -15.5244 -2.04381 18.43
    endloop
  endfacet
  facet normal 0 0 -1
    outer loop
      vertex -16.0949 -1.0549 18.43
      vertex -16.0949 1.0549 18.43
      vertex -15.5244 2.04381 18.43
    endloop
  endfacet
  facet normal 0 -0 -1
    outer loop
      vertex -16.0949 1.0549 18.43
      vertex -16.0949 -1.0549 18.43
      vertex -16.564 0 18.43
    endloop
  endfacet
  facet normal 0.250204 -0.968193 0
    outer loop
      vertex 0.910797 -13.8963 15.52
      vertex 1.79926 -13.6667 18.43
      vertex 0.910797 -13.8963 18.43
    endloop
  endfacet
  facet normal 0.250204 -0.968193 0
    outer loop
      vertex 1.79926 -13.6667 18.43
      vertex 0.910797 -13.8963 15.52
      vertex 1.79926 -13.6667 15.52
    endloop
  endfacet
  facet normal 0.31448 -0.949264 0
    outer loop
      vertex 1.79926 -13.6667 15.52
      vertex 2.66165 -13.381 18.43
      vertex 1.79926 -13.6667 18.43
    endloop
  endfacet
  facet normal 0.31448 -0.949264 0
    outer loop
      vertex 2.66165 -13.381 18.43
      vertex 1.79926 -13.6667 15.52
      vertex 2.66165 -13.381 15.52
    endloop
  endfacet
  facet normal 0.377224 -0.926122 0
    outer loop
      vertex 3.04661 -13.2242 15.52
      vertex 2.66165 -13.381 18.43
      vertex 2.66165 -13.381 15.52
    endloop
  endfacet
  facet normal 0.377387 -0.926056 2.52617e-05
    outer loop
      vertex 2.66165 -13.381 18.43
      vertex 3.04661 -13.2242 15.52
      vertex 3.49449 -13.0416 18.43
    endloop
  endfacet
  facet normal 0.377528 -0.925998 0
    outer loop
      vertex 3.49449 -13.0416 18.43
      vertex 3.04661 -13.2242 15.52
      vertex 3.49449 -13.0416 15.52
    endloop
  endfacet
  facet normal 0.958251 -0.285928 0
    outer loop
      vertex 3.49449 -13.0416 18.43
      vertex 3.93073 -11.5796 15.52
      vertex 3.93073 -11.5796 18.43
    endloop
  endfacet
  facet normal 0.958251 -0.285928 0
    outer loop
      vertex 3.93073 -11.5796 15.52
      vertex 3.49449 -13.0416 18.43
      vertex 3.49449 -13.0416 15.52
    endloop
  endfacet
  facet normal 0.984275 -0.176646 0
    outer loop
      vertex 3.93073 -11.5796 18.43
      vertex 4.19243 -10.1214 15.52
      vertex 4.19243 -10.1214 18.43
    endloop
  endfacet
  facet normal 0.984275 -0.176646 0
    outer loop
      vertex 4.19243 -10.1214 15.52
      vertex 3.93073 -11.5796 18.43
      vertex 3.93073 -11.5796 15.52
    endloop
  endfacet
  facet normal 0.998052 -0.0623865 0
    outer loop
      vertex 4.19243 -10.1214 18.43
      vertex 4.2823 -8.68367 15.52
      vertex 4.2823 -8.68367 18.43
    endloop
  endfacet
  facet normal 0.998052 -0.0623865 0
    outer loop
      vertex 4.2823 -8.68367 15.52
      vertex 4.19243 -10.1214 18.43
      vertex 4.19243 -10.1214 15.52
    endloop
  endfacet
  facet normal 0.998462 0.0554353 0
    outer loop
      vertex 4.2823 -8.68367 18.43
      vertex 4.2045 -7.28239 15.52
      vertex 4.2045 -7.28239 18.43
    endloop
  endfacet
  facet normal 0.998462 0.0554353 0
    outer loop
      vertex 4.2045 -7.28239 15.52
      vertex 4.2823 -8.68367 18.43
      vertex 4.2823 -8.68367 15.52
    endloop
  endfacet
  facet normal -0.547258 -0.836964 0
    outer loop
      vertex 4.2045 -7.28239 15.52
      vertex 5.32645 -8.01599 18.43
      vertex 4.2045 -7.28239 18.43
    endloop
  endfacet
  facet normal -0.547259 -0.836963 3.05094e-07
    outer loop
      vertex 5.37912 -8.05043 15.52
      vertex 5.32645 -8.01599 18.43
      vertex 4.2045 -7.28239 15.52
    endloop
  endfacet
  facet normal -0.547271 -0.836956 0
    outer loop
      vertex 5.32645 -8.01599 18.43
      vertex 5.37912 -8.05043 15.52
      vertex 5.37912 -8.05043 18.43
    endloop
  endfacet
  facet normal -0.444994 -0.895534 0
    outer loop
      vertex 5.37912 -8.05043 15.52
      vertex 6.66919 -8.69147 18.43
      vertex 5.37912 -8.05043 18.43
    endloop
  endfacet
  facet normal -0.444994 -0.895534 -0
    outer loop
      vertex 6.66919 -8.69147 18.43
      vertex 5.37912 -8.05043 15.52
      vertex 6.66919 -8.69147 15.52
    endloop
  endfacet
  facet normal -0.339146 -0.940734 0
    outer loop
      vertex 6.66919 -8.69147 15.52
      vertex 8.06282 -9.19389 18.43
      vertex 6.66919 -8.69147 18.43
    endloop
  endfacet
  facet normal -0.339146 -0.940734 -0
    outer loop
      vertex 8.06282 -9.19389 18.43
      vertex 6.66919 -8.69147 15.52
      vertex 8.06282 -9.19389 15.52
    endloop
  endfacet
  facet normal -0.231532 -0.972827 0
    outer loop
      vertex 8.58383 -9.31789 15.52
      vertex 8.06282 -9.19389 18.43
      vertex 8.06282 -9.19389 15.52
    endloop
  endfacet
  facet normal -0.231526 -0.972829 1.10976e-06
    outer loop
      vertex 8.06282 -9.19389 18.43
      vertex 8.58383 -9.31789 15.52
      vertex 9.54715 -9.54715 18.43
    endloop
  endfacet
  facet normal -0.231523 -0.972829 -0
    outer loop
      vertex 9.54715 -9.54715 18.43
      vertex 8.58383 -9.31789 15.52
      vertex 9.54715 -9.54715 15.52
    endloop
  endfacet
  facet normal 0.613314 -0.789839 0
    outer loop
      vertex 9.54715 -9.54715 15.52
      vertex 10.2575 -8.99556 18.43
      vertex 9.54715 -9.54715 18.43
    endloop
  endfacet
  facet normal 0.613314 -0.789839 0
    outer loop
      vertex 10.2575 -8.99556 18.43
      vertex 9.54715 -9.54715 15.52
      vertex 10.2575 -8.99556 15.52
    endloop
  endfacet
  facet normal 0.664856 -0.746972 0
    outer loop
      vertex 10.2575 -8.99556 15.52
      vertex 10.9361 -8.39156 18.43
      vertex 10.2575 -8.99556 18.43
    endloop
  endfacet
  facet normal 0.664856 -0.746972 0
    outer loop
      vertex 10.9361 -8.39156 18.43
      vertex 10.2575 -8.99556 15.52
      vertex 10.9361 -8.39156 15.52
    endloop
  endfacet
  facet normal 0.713421 -0.700736 0
    outer loop
      vertex 10.9361 -8.39156 18.43
      vertex 11.5791 -7.73692 15.52
      vertex 11.5791 -7.73692 18.43
    endloop
  endfacet
  facet normal 0.713421 -0.700736 0
    outer loop
      vertex 11.5791 -7.73692 15.52
      vertex 10.9361 -8.39156 18.43
      vertex 10.9361 -8.39156 15.52
    endloop
  endfacet
  facet normal 0.758609 -0.651546 0
    outer loop
      vertex 12.1829 -7.03378 18.43
      vertex 12.1431 -7.08012 15.52
      vertex 12.1829 -7.03378 15.52
    endloop
  endfacet
  facet normal 0.758665 -0.651481 -1.8094e-06
    outer loop
      vertex 11.5791 -7.73692 18.43
      vertex 12.1431 -7.08012 15.52
      vertex 12.1829 -7.03378 18.43
    endloop
  endfacet
  facet normal 0.758669 -0.651476 0
    outer loop
      vertex 12.1431 -7.08012 15.52
      vertex 11.5791 -7.73692 18.43
      vertex 11.5791 -7.73692 15.52
    endloop
  endfacet
  facet normal 0.943527 -0.331297 0
    outer loop
      vertex 12.4899 -6.15935 18.43
      vertex 12.2031 -6.97615 15.52
      vertex 12.4899 -6.15935 15.52
    endloop
  endfacet
  facet normal 0.943538 -0.331263 -1.07251e-05
    outer loop
      vertex 12.1829 -7.03378 18.43
      vertex 12.2031 -6.97615 15.52
      vertex 12.4899 -6.15935 18.43
    endloop
  endfacet
  facet normal 0.943708 -0.330781 0
    outer loop
      vertex 12.2031 -6.97615 15.52
      vertex 12.1829 -7.03378 18.43
      vertex 12.1829 -7.03378 15.52
    endloop
  endfacet
  facet normal 0.963577 -0.26743 0
    outer loop
      vertex 12.4899 -6.15935 18.43
      vertex 12.7353 -5.27515 15.52
      vertex 12.7353 -5.27515 18.43
    endloop
  endfacet
  facet normal 0.963577 -0.26743 0
    outer loop
      vertex 12.7353 -5.27515 15.52
      vertex 12.4899 -6.15935 18.43
      vertex 12.4899 -6.15935 15.52
    endloop
  endfacet
  facet normal 0.979411 -0.201878 0
    outer loop
      vertex 12.9024 -4.46647 18.43
      vertex 12.9191 -4.38545 15.52
      vertex 12.9191 -4.38545 18.43
    endloop
  endfacet
  facet normal 0.979312 -0.202358 0
    outer loop
      vertex 12.7353 -5.27515 15.52
      vertex 12.9024 -4.46647 18.43
      vertex 12.7353 -5.27515 18.43
    endloop
  endfacet
  facet normal 0.979321 -0.202314 -1.26664e-05
    outer loop
      vertex 12.9024 -4.46647 18.43
      vertex 12.7353 -5.27515 15.52
      vertex 12.9191 -4.38545 15.52
    endloop
  endfacet
  facet normal 0.990701 -0.136055 0
    outer loop
      vertex 13.0416 -3.49449 18.43
      vertex 12.9758 -3.97362 15.52
      vertex 13.0416 -3.49449 15.52
    endloop
  endfacet
  facet normal 0.99068 -0.136211 2.60813e-05
    outer loop
      vertex 12.9191 -4.38545 18.43
      vertex 12.9758 -3.97362 15.52
      vertex 13.0416 -3.49449 18.43
    endloop
  endfacet
  facet normal 0.990655 -0.136392 0
    outer loop
      vertex 12.9758 -3.97362 15.52
      vertex 12.9191 -4.38545 18.43
      vertex 12.9191 -4.38545 15.52
    endloop
  endfacet
  facet normal 0.726758 0.686894 0
    outer loop
      vertex 13.0416 -3.49449 18.43
      vertex 11.9936 -2.38567 15.52
      vertex 11.9936 -2.38567 18.43
    endloop
  endfacet
  facet normal 0.726758 0.686894 0
    outer loop
      vertex 11.9936 -2.38567 15.52
      vertex 13.0416 -3.49449 18.43
      vertex 13.0416 -3.49449 15.52
    endloop
  endfacet
  facet normal 0.645106 0.764094 -0
    outer loop
      vertex 11.9936 -2.38567 15.52
      vertex 10.8616 -1.42995 18.43
      vertex 11.9936 -2.38567 18.43
    endloop
  endfacet
  facet normal 0.645106 0.764094 0
    outer loop
      vertex 10.8616 -1.42995 18.43
      vertex 11.9936 -2.38567 15.52
      vertex 10.8616 -1.42995 15.52
    endloop
  endfacet
  facet normal 0.553067 0.833137 -0
    outer loop
      vertex 10.8616 -1.42995 15.52
      vertex 9.66144 -0.63324 18.43
      vertex 10.8616 -1.42995 18.43
    endloop
  endfacet
  facet normal 0.553067 0.833137 0
    outer loop
      vertex 9.66144 -0.63324 18.43
      vertex 10.8616 -1.42995 15.52
      vertex 9.66144 -0.63324 15.52
    endloop
  endfacet
  facet normal 0.451211 0.892417 -0
    outer loop
      vertex 9.66144 -0.63324 15.52
      vertex 8.409 0 18.43
      vertex 9.66144 -0.63324 18.43
    endloop
  endfacet
  facet normal 0.451211 0.892417 0
    outer loop
      vertex 8.409 0 18.43
      vertex 9.66144 -0.63324 15.52
      vertex 8.409 0 15.52
    endloop
  endfacet
  facet normal 0.451211 -0.892417 0
    outer loop
      vertex 8.409 0 15.52
      vertex 9.66144 0.63324 18.43
      vertex 8.409 0 18.43
    endloop
  endfacet
  facet normal 0.451211 -0.892417 0
    outer loop
      vertex 9.66144 0.63324 18.43
      vertex 8.409 0 15.52
      vertex 9.66144 0.63324 15.52
    endloop
  endfacet
  facet normal 0.553067 -0.833137 0
    outer loop
      vertex 9.66144 0.63324 15.52
      vertex 10.8616 1.42995 18.43
      vertex 9.66144 0.63324 18.43
    endloop
  endfacet
  facet normal 0.553067 -0.833137 0
    outer loop
      vertex 10.8616 1.42995 18.43
      vertex 9.66144 0.63324 15.52
      vertex 10.8616 1.42995 15.52
    endloop
  endfacet
  facet normal 0.645106 -0.764094 0
    outer loop
      vertex 10.8616 1.42995 15.52
      vertex 11.9936 2.38567 18.43
      vertex 10.8616 1.42995 18.43
    endloop
  endfacet
  facet normal 0.645106 -0.764094 0
    outer loop
      vertex 11.9936 2.38567 18.43
      vertex 10.8616 1.42995 15.52
      vertex 11.9936 2.38567 15.52
    endloop
  endfacet
  facet normal 0.726727 -0.686927 0
    outer loop
      vertex 13.0416 3.49449 18.43
      vertex 12.3614 2.77488 15.52
      vertex 13.0416 3.49449 15.52
    endloop
  endfacet
  facet normal 0.726758 -0.686894 -1.53349e-05
    outer loop
      vertex 11.9936 2.38567 18.43
      vertex 12.3614 2.77488 15.52
      vertex 13.0416 3.49449 18.43
    endloop
  endfacet
  facet normal 0.726815 -0.686834 0
    outer loop
      vertex 12.3614 2.77488 15.52
      vertex 11.9936 2.38567 18.43
      vertex 11.9936 2.38567 15.52
    endloop
  endfacet
  facet normal 0.99068 0.136211 0
    outer loop
      vertex 13.0416 3.49449 18.43
      vertex 12.9191 4.38545 15.52
      vertex 12.9191 4.38545 18.43
    endloop
  endfacet
  facet normal 0.99068 0.136211 0
    outer loop
      vertex 12.9191 4.38545 15.52
      vertex 13.0416 3.49449 18.43
      vertex 13.0416 3.49449 15.52
    endloop
  endfacet
  facet normal 0.979312 0.202358 0
    outer loop
      vertex 12.9024 4.46647 18.43
      vertex 12.7353 5.27515 15.52
      vertex 12.7353 5.27515 18.43
    endloop
  endfacet
  facet normal 0.979411 0.201878 -0
    outer loop
      vertex 12.9191 4.38545 15.52
      vertex 12.9024 4.46647 18.43
      vertex 12.9191 4.38545 18.43
    endloop
  endfacet
  facet normal 0.979321 0.202314 -1.26664e-05
    outer loop
      vertex 12.9024 4.46647 18.43
      vertex 12.9191 4.38545 15.52
      vertex 12.7353 5.27515 15.52
    endloop
  endfacet
  facet normal 0.963577 0.26743 0
    outer loop
      vertex 12.7353 5.27515 18.43
      vertex 12.4899 6.15935 15.52
      vertex 12.4899 6.15935 18.43
    endloop
  endfacet
  facet normal 0.963577 0.26743 0
    outer loop
      vertex 12.4899 6.15935 15.52
      vertex 12.7353 5.27515 18.43
      vertex 12.7353 5.27515 15.52
    endloop
  endfacet
  facet normal 0.943708 0.330781 0
    outer loop
      vertex 12.1829 7.03378 18.43
      vertex 12.2031 6.97615 15.52
      vertex 12.1829 7.03378 15.52
    endloop
  endfacet
  facet normal 0.943538 0.331263 -1.07251e-05
    outer loop
      vertex 12.4899 6.15935 18.43
      vertex 12.2031 6.97615 15.52
      vertex 12.1829 7.03378 18.43
    endloop
  endfacet
  facet normal 0.943527 0.331297 0
    outer loop
      vertex 12.2031 6.97615 15.52
      vertex 12.4899 6.15935 18.43
      vertex 12.4899 6.15935 15.52
    endloop
  endfacet
  facet normal 0.758669 0.651476 0
    outer loop
      vertex 11.5791 7.73692 18.43
      vertex 12.1431 7.08012 15.52
      vertex 11.5791 7.73692 15.52
    endloop
  endfacet
  facet normal 0.758665 0.651481 -1.8094e-06
    outer loop
      vertex 12.1829 7.03378 18.43
      vertex 12.1431 7.08012 15.52
      vertex 11.5791 7.73692 18.43
    endloop
  endfacet
  facet normal 0.758609 0.651546 0
    outer loop
      vertex 12.1431 7.08012 15.52
      vertex 12.1829 7.03378 18.43
      vertex 12.1829 7.03378 15.52
    endloop
  endfacet
  facet normal 0.713421 0.700736 0
    outer loop
      vertex 11.5791 7.73692 18.43
      vertex 10.9361 8.39156 15.52
      vertex 10.9361 8.39156 18.43
    endloop
  endfacet
  facet normal 0.713421 0.700736 0
    outer loop
      vertex 10.9361 8.39156 15.52
      vertex 11.5791 7.73692 18.43
      vertex 11.5791 7.73692 15.52
    endloop
  endfacet
  facet normal 0.664856 0.746972 -0
    outer loop
      vertex 10.9361 8.39156 15.52
      vertex 10.2575 8.99556 18.43
      vertex 10.9361 8.39156 18.43
    endloop
  endfacet
  facet normal 0.664856 0.746972 0
    outer loop
      vertex 10.2575 8.99556 18.43
      vertex 10.9361 8.39156 15.52
      vertex 10.2575 8.99556 15.52
    endloop
  endfacet
  facet normal 0.613294 0.789855 0
    outer loop
      vertex 9.92914 9.25052 15.52
      vertex 10.2575 8.99556 18.43
      vertex 10.2575 8.99556 15.52
    endloop
  endfacet
  facet normal 0.613314 0.789839 -3.53684e-06
    outer loop
      vertex 10.2575 8.99556 18.43
      vertex 9.92914 9.25052 15.52
      vertex 9.54715 9.54715 18.43
    endloop
  endfacet
  facet normal 0.613331 0.789826 0
    outer loop
      vertex 9.54715 9.54715 18.43
      vertex 9.92914 9.25052 15.52
      vertex 9.54715 9.54715 15.52
    endloop
  endfacet
  facet normal -0.231526 0.972829 0
    outer loop
      vertex 9.54715 9.54715 15.52
      vertex 8.06282 9.19389 18.43
      vertex 9.54715 9.54715 18.43
    endloop
  endfacet
  facet normal -0.231526 0.972829 0
    outer loop
      vertex 8.06282 9.19389 18.43
      vertex 9.54715 9.54715 15.52
      vertex 8.06282 9.19389 15.52
    endloop
  endfacet
  facet normal -0.339146 0.940734 0
    outer loop
      vertex 8.06282 9.19389 15.52
      vertex 6.66919 8.69147 18.43
      vertex 8.06282 9.19389 18.43
    endloop
  endfacet
  facet normal -0.339146 0.940734 0
    outer loop
      vertex 6.66919 8.69147 18.43
      vertex 8.06282 9.19389 15.52
      vertex 6.66919 8.69147 15.52
    endloop
  endfacet
  facet normal -0.444994 0.895534 0
    outer loop
      vertex 6.66919 8.69147 15.52
      vertex 5.37912 8.05043 18.43
      vertex 6.66919 8.69147 18.43
    endloop
  endfacet
  facet normal -0.444994 0.895534 0
    outer loop
      vertex 5.37912 8.05043 18.43
      vertex 6.66919 8.69147 15.52
      vertex 5.37912 8.05043 15.52
    endloop
  endfacet
  facet normal -0.547271 0.836956 0
    outer loop
      vertex 5.37912 8.05043 15.52
      vertex 5.32645 8.01599 18.43
      vertex 5.37912 8.05043 18.43
    endloop
  endfacet
  facet normal -0.547259 0.836963 3.05094e-07
    outer loop
      vertex 4.2045 7.28239 15.52
      vertex 5.32645 8.01599 18.43
      vertex 5.37912 8.05043 15.52
    endloop
  endfacet
  facet normal -0.547258 0.836964 0
    outer loop
      vertex 5.32645 8.01599 18.43
      vertex 4.2045 7.28239 15.52
      vertex 4.2045 7.28239 18.43
    endloop
  endfacet
  facet normal 0.998462 -0.0554353 0
    outer loop
      vertex 4.2045 7.28239 18.43
      vertex 4.2823 8.68367 15.52
      vertex 4.2823 8.68367 18.43
    endloop
  endfacet
  facet normal 0.998462 -0.0554353 0
    outer loop
      vertex 4.2823 8.68367 15.52
      vertex 4.2045 7.28239 18.43
      vertex 4.2045 7.28239 15.52
    endloop
  endfacet
  facet normal 0.998052 0.0623865 0
    outer loop
      vertex 4.2823 8.68367 18.43
      vertex 4.19243 10.1214 15.52
      vertex 4.19243 10.1214 18.43
    endloop
  endfacet
  facet normal 0.998052 0.0623865 0
    outer loop
      vertex 4.19243 10.1214 15.52
      vertex 4.2823 8.68367 18.43
      vertex 4.2823 8.68367 15.52
    endloop
  endfacet
  facet normal 0.984275 0.176646 0
    outer loop
      vertex 4.19243 10.1214 18.43
      vertex 3.93073 11.5796 15.52
      vertex 3.93073 11.5796 18.43
    endloop
  endfacet
  facet normal 0.984275 0.176646 0
    outer loop
      vertex 3.93073 11.5796 15.52
      vertex 4.19243 10.1214 18.43
      vertex 4.19243 10.1214 15.52
    endloop
  endfacet
  facet normal 0.958251 0.28593 0
    outer loop
      vertex 3.49449 13.0416 18.43
      vertex 3.7776 12.0928 15.52
      vertex 3.49449 13.0416 15.52
    endloop
  endfacet
  facet normal 0.958251 0.285928 5.19846e-07
    outer loop
      vertex 3.93073 11.5796 18.43
      vertex 3.7776 12.0928 15.52
      vertex 3.49449 13.0416 18.43
    endloop
  endfacet
  facet normal 0.958252 0.285926 0
    outer loop
      vertex 3.7776 12.0928 15.52
      vertex 3.93073 11.5796 18.43
      vertex 3.93073 11.5796 15.52
    endloop
  endfacet
  facet normal 0.377387 0.926056 -0
    outer loop
      vertex 3.49449 13.0416 15.52
      vertex 2.66165 13.381 18.43
      vertex 3.49449 13.0416 18.43
    endloop
  endfacet
  facet normal 0.377387 0.926056 0
    outer loop
      vertex 2.66165 13.381 18.43
      vertex 3.49449 13.0416 15.52
      vertex 2.66165 13.381 15.52
    endloop
  endfacet
  facet normal 0.31448 0.949264 -0
    outer loop
      vertex 2.66165 13.381 15.52
      vertex 1.79926 13.6667 18.43
      vertex 2.66165 13.381 18.43
    endloop
  endfacet
  facet normal 0.31448 0.949264 0
    outer loop
      vertex 1.79926 13.6667 18.43
      vertex 2.66165 13.381 15.52
      vertex 1.79926 13.6667 15.52
    endloop
  endfacet
  facet normal 0.250204 0.968193 -0
    outer loop
      vertex 1.79926 13.6667 15.52
      vertex 0.910797 13.8963 18.43
      vertex 1.79926 13.6667 18.43
    endloop
  endfacet
  facet normal 0.250204 0.968193 0
    outer loop
      vertex 0.910797 13.8963 18.43
      vertex 1.79926 13.6667 15.52
      vertex 0.910797 13.8963 15.52
    endloop
  endfacet
  facet normal 0.184825 0.982771 0
    outer loop
      vertex 0.0600279 14.0563 15.52
      vertex 0.910797 13.8963 18.43
      vertex 0.910797 13.8963 15.52
    endloop
  endfacet
  facet normal 0.184836 0.982769 -3.42129e-06
    outer loop
      vertex 0.910797 13.8963 18.43
      vertex 0.0600279 14.0563 15.52
      vertex 0 14.0676 18.43
    endloop
  endfacet
  facet normal 0.184997 0.982739 0
    outer loop
      vertex 0 14.0676 18.43
      vertex 0.0600279 14.0563 15.52
      vertex 0 14.0676 15.52
    endloop
  endfacet
  facet normal -0.184997 0.982739 0
    outer loop
      vertex -0.0600279 14.0563 15.52
      vertex 0 14.0676 18.43
      vertex 0 14.0676 15.52
    endloop
  endfacet
  facet normal -0.184836 0.982769 -3.42129e-06
    outer loop
      vertex 0 14.0676 18.43
      vertex -0.0600279 14.0563 15.52
      vertex -0.910797 13.8963 18.43
    endloop
  endfacet
  facet normal -0.184825 0.982771 0
    outer loop
      vertex -0.910797 13.8963 18.43
      vertex -0.0600279 14.0563 15.52
      vertex -0.910797 13.8963 15.52
    endloop
  endfacet
  facet normal -0.250204 0.968193 0
    outer loop
      vertex -0.910797 13.8963 15.52
      vertex -1.79926 13.6667 18.43
      vertex -0.910797 13.8963 18.43
    endloop
  endfacet
  facet normal -0.250204 0.968193 0
    outer loop
      vertex -1.79926 13.6667 18.43
      vertex -0.910797 13.8963 15.52
      vertex -1.79926 13.6667 15.52
    endloop
  endfacet
  facet normal -0.31448 0.949264 0
    outer loop
      vertex -1.79926 13.6667 15.52
      vertex -2.66165 13.381 18.43
      vertex -1.79926 13.6667 18.43
    endloop
  endfacet
  facet normal -0.31448 0.949264 0
    outer loop
      vertex -2.66165 13.381 18.43
      vertex -1.79926 13.6667 15.52
      vertex -2.66165 13.381 15.52
    endloop
  endfacet
  facet normal -0.377224 0.926122 0
    outer loop
      vertex -3.04661 13.2242 15.52
      vertex -2.66165 13.381 18.43
      vertex -2.66165 13.381 15.52
    endloop
  endfacet
  facet normal -0.377387 0.926056 2.52617e-05
    outer loop
      vertex -2.66165 13.381 18.43
      vertex -3.04661 13.2242 15.52
      vertex -3.49449 13.0416 18.43
    endloop
  endfacet
  facet normal -0.377528 0.925998 0
    outer loop
      vertex -3.49449 13.0416 18.43
      vertex -3.04661 13.2242 15.52
      vertex -3.49449 13.0416 15.52
    endloop
  endfacet
  facet normal -0.958251 0.285928 0
    outer loop
      vertex -3.93073 11.5796 15.52
      vertex -3.49449 13.0416 18.43
      vertex -3.49449 13.0416 15.52
    endloop
  endfacet
  facet normal -0.958251 0.285928 0
    outer loop
      vertex -3.49449 13.0416 18.43
      vertex -3.93073 11.5796 15.52
      vertex -3.93073 11.5796 18.43
    endloop
  endfacet
  facet normal -0.984275 0.176646 0
    outer loop
      vertex -4.19243 10.1214 15.52
      vertex -3.93073 11.5796 18.43
      vertex -3.93073 11.5796 15.52
    endloop
  endfacet
  facet normal -0.984275 0.176646 0
    outer loop
      vertex -3.93073 11.5796 18.43
      vertex -4.19243 10.1214 15.52
      vertex -4.19243 10.1214 18.43
    endloop
  endfacet
  facet normal -0.998052 0.0623865 0
    outer loop
      vertex -4.2823 8.68367 15.52
      vertex -4.19243 10.1214 18.43
      vertex -4.19243 10.1214 15.52
    endloop
  endfacet
  facet normal -0.998052 0.0623865 0
    outer loop
      vertex -4.19243 10.1214 18.43
      vertex -4.2823 8.68367 15.52
      vertex -4.2823 8.68367 18.43
    endloop
  endfacet
  facet normal -0.998462 -0.0554353 0
    outer loop
      vertex -4.2045 7.28239 15.52
      vertex -4.2823 8.68367 18.43
      vertex -4.2823 8.68367 15.52
    endloop
  endfacet
  facet normal -0.998462 -0.0554353 0
    outer loop
      vertex -4.2823 8.68367 18.43
      vertex -4.2045 7.28239 15.52
      vertex -4.2045 7.28239 18.43
    endloop
  endfacet
  facet normal 0.547258 0.836964 -0
    outer loop
      vertex -4.2045 7.28239 15.52
      vertex -5.32645 8.01599 18.43
      vertex -4.2045 7.28239 18.43
    endloop
  endfacet
  facet normal 0.547259 0.836963 3.05094e-07
    outer loop
      vertex -5.37912 8.05043 15.52
      vertex -5.32645 8.01599 18.43
      vertex -4.2045 7.28239 15.52
    endloop
  endfacet
  facet normal 0.547271 0.836956 0
    outer loop
      vertex -5.32645 8.01599 18.43
      vertex -5.37912 8.05043 15.52
      vertex -5.37912 8.05043 18.43
    endloop
  endfacet
  facet normal 0.444994 0.895534 -0
    outer loop
      vertex -5.37912 8.05043 15.52
      vertex -6.66919 8.69147 18.43
      vertex -5.37912 8.05043 18.43
    endloop
  endfacet
  facet normal 0.444994 0.895534 0
    outer loop
      vertex -6.66919 8.69147 18.43
      vertex -5.37912 8.05043 15.52
      vertex -6.66919 8.69147 15.52
    endloop
  endfacet
  facet normal 0.339146 0.940734 -0
    outer loop
      vertex -6.66919 8.69147 15.52
      vertex -8.06282 9.19389 18.43
      vertex -6.66919 8.69147 18.43
    endloop
  endfacet
  facet normal 0.339146 0.940734 0
    outer loop
      vertex -8.06282 9.19389 18.43
      vertex -6.66919 8.69147 15.52
      vertex -8.06282 9.19389 15.52
    endloop
  endfacet
  facet normal 0.231532 0.972827 0
    outer loop
      vertex -8.58383 9.31789 15.52
      vertex -8.06282 9.19389 18.43
      vertex -8.06282 9.19389 15.52
    endloop
  endfacet
  facet normal 0.231526 0.972829 1.10976e-06
    outer loop
      vertex -8.06282 9.19389 18.43
      vertex -8.58383 9.31789 15.52
      vertex -9.54715 9.54715 18.43
    endloop
  endfacet
  facet normal 0.231523 0.972829 0
    outer loop
      vertex -9.54715 9.54715 18.43
      vertex -8.58383 9.31789 15.52
      vertex -9.54715 9.54715 15.52
    endloop
  endfacet
  facet normal -0.613314 0.789839 0
    outer loop
      vertex -9.54715 9.54715 15.52
      vertex -10.2575 8.99556 18.43
      vertex -9.54715 9.54715 18.43
    endloop
  endfacet
  facet normal -0.613314 0.789839 0
    outer loop
      vertex -10.2575 8.99556 18.43
      vertex -9.54715 9.54715 15.52
      vertex -10.2575 8.99556 15.52
    endloop
  endfacet
  facet normal -0.664856 0.746972 0
    outer loop
      vertex -10.2575 8.99556 15.52
      vertex -10.9361 8.39156 18.43
      vertex -10.2575 8.99556 18.43
    endloop
  endfacet
  facet normal -0.664856 0.746972 0
    outer loop
      vertex -10.9361 8.39156 18.43
      vertex -10.2575 8.99556 15.52
      vertex -10.9361 8.39156 15.52
    endloop
  endfacet
  facet normal -0.713421 0.700736 0
    outer loop
      vertex -11.5791 7.73692 15.52
      vertex -10.9361 8.39156 18.43
      vertex -10.9361 8.39156 15.52
    endloop
  endfacet
  facet normal -0.713421 0.700736 0
    outer loop
      vertex -10.9361 8.39156 18.43
      vertex -11.5791 7.73692 15.52
      vertex -11.5791 7.73692 18.43
    endloop
  endfacet
  facet normal -0.758669 0.651476 0
    outer loop
      vertex -12.1431 7.08012 15.52
      vertex -11.5791 7.73692 18.43
      vertex -11.5791 7.73692 15.52
    endloop
  endfacet
  facet normal -0.758609 0.651546 0
    outer loop
      vertex -12.1829 7.03378 18.43
      vertex -12.1431 7.08012 15.52
      vertex -12.1829 7.03378 15.52
    endloop
  endfacet
  facet normal -0.758665 0.651481 -1.8094e-06
    outer loop
      vertex -12.1431 7.08012 15.52
      vertex -12.1829 7.03378 18.43
      vertex -11.5791 7.73692 18.43
    endloop
  endfacet
  facet normal -0.943708 0.330781 0
    outer loop
      vertex -12.2031 6.97615 15.52
      vertex -12.1829 7.03378 18.43
      vertex -12.1829 7.03378 15.52
    endloop
  endfacet
  facet normal -0.943527 0.331297 0
    outer loop
      vertex -12.4899 6.15935 18.43
      vertex -12.2031 6.97615 15.52
      vertex -12.4899 6.15935 15.52
    endloop
  endfacet
  facet normal -0.943538 0.331263 -1.07251e-05
    outer loop
      vertex -12.2031 6.97615 15.52
      vertex -12.4899 6.15935 18.43
      vertex -12.1829 7.03378 18.43
    endloop
  endfacet
  facet normal -0.963577 0.26743 0
    outer loop
      vertex -12.7353 5.27515 15.52
      vertex -12.4899 6.15935 18.43
      vertex -12.4899 6.15935 15.52
    endloop
  endfacet
  facet normal -0.963577 0.26743 0
    outer loop
      vertex -12.4899 6.15935 18.43
      vertex -12.7353 5.27515 15.52
      vertex -12.7353 5.27515 18.43
    endloop
  endfacet
  facet normal -0.979312 0.202358 0
    outer loop
      vertex -12.7353 5.27515 15.52
      vertex -12.9024 4.46647 18.43
      vertex -12.7353 5.27515 18.43
    endloop
  endfacet
  facet normal -0.979321 0.202314 -1.26664e-05
    outer loop
      vertex -12.9191 4.38545 15.52
      vertex -12.9024 4.46647 18.43
      vertex -12.7353 5.27515 15.52
    endloop
  endfacet
  facet normal -0.979411 0.201878 0
    outer loop
      vertex -12.9024 4.46647 18.43
      vertex -12.9191 4.38545 15.52
      vertex -12.9191 4.38545 18.43
    endloop
  endfacet
  facet normal -0.990655 0.136392 0
    outer loop
      vertex -12.9758 3.97362 15.52
      vertex -12.9191 4.38545 18.43
      vertex -12.9191 4.38545 15.52
    endloop
  endfacet
  facet normal -0.990701 0.136055 0
    outer loop
      vertex -13.0416 3.49449 18.43
      vertex -12.9758 3.97362 15.52
      vertex -13.0416 3.49449 15.52
    endloop
  endfacet
  facet normal -0.99068 0.136211 2.60813e-05
    outer loop
      vertex -12.9758 3.97362 15.52
      vertex -13.0416 3.49449 18.43
      vertex -12.9191 4.38545 18.43
    endloop
  endfacet
  facet normal -0.726758 -0.686894 0
    outer loop
      vertex -11.9936 2.38567 15.52
      vertex -13.0416 3.49449 18.43
      vertex -13.0416 3.49449 15.52
    endloop
  endfacet
  facet normal -0.726758 -0.686894 0
    outer loop
      vertex -13.0416 3.49449 18.43
      vertex -11.9936 2.38567 15.52
      vertex -11.9936 2.38567 18.43
    endloop
  endfacet
  facet normal -0.645106 -0.764094 0
    outer loop
      vertex -11.9936 2.38567 15.52
      vertex -10.8616 1.42995 18.43
      vertex -11.9936 2.38567 18.43
    endloop
  endfacet
  facet normal -0.645106 -0.764094 -0
    outer loop
      vertex -10.8616 1.42995 18.43
      vertex -11.9936 2.38567 15.52
      vertex -10.8616 1.42995 15.52
    endloop
  endfacet
  facet normal -0.553067 -0.833137 0
    outer loop
      vertex -10.8616 1.42995 15.52
      vertex -9.66144 0.63324 18.43
      vertex -10.8616 1.42995 18.43
    endloop
  endfacet
  facet normal -0.553067 -0.833137 -0
    outer loop
      vertex -9.66144 0.63324 18.43
      vertex -10.8616 1.42995 15.52
      vertex -9.66144 0.63324 15.52
    endloop
  endfacet
  facet normal -0.451211 -0.892417 0
    outer loop
      vertex -9.66144 0.63324 15.52
      vertex -8.409 0 18.43
      vertex -9.66144 0.63324 18.43
    endloop
  endfacet
  facet normal -0.451211 -0.892417 -0
    outer loop
      vertex -8.409 0 18.43
      vertex -9.66144 0.63324 15.52
      vertex -8.409 0 15.52
    endloop
  endfacet
  facet normal -0.451211 0.892417 0
    outer loop
      vertex -8.409 0 15.52
      vertex -9.66144 -0.63324 18.43
      vertex -8.409 0 18.43
    endloop
  endfacet
  facet normal -0.451211 0.892417 0
    outer loop
      vertex -9.66144 -0.63324 18.43
      vertex -8.409 0 15.52
      vertex -9.66144 -0.63324 15.52
    endloop
  endfacet
  facet normal -0.553067 0.833137 0
    outer loop
      vertex -9.66144 -0.63324 15.52
      vertex -10.8616 -1.42995 18.43
      vertex -9.66144 -0.63324 18.43
    endloop
  endfacet
  facet normal -0.553067 0.833137 0
    outer loop
      vertex -10.8616 -1.42995 18.43
      vertex -9.66144 -0.63324 15.52
      vertex -10.8616 -1.42995 15.52
    endloop
  endfacet
  facet normal -0.645106 0.764094 0
    outer loop
      vertex -10.8616 -1.42995 15.52
      vertex -11.9936 -2.38567 18.43
      vertex -10.8616 -1.42995 18.43
    endloop
  endfacet
  facet normal -0.645106 0.764094 0
    outer loop
      vertex -11.9936 -2.38567 18.43
      vertex -10.8616 -1.42995 15.52
      vertex -11.9936 -2.38567 15.52
    endloop
  endfacet
  facet normal -0.726815 0.686834 0
    outer loop
      vertex -12.3614 -2.77488 15.52
      vertex -11.9936 -2.38567 18.43
      vertex -11.9936 -2.38567 15.52
    endloop
  endfacet
  facet normal -0.726727 0.686927 0
    outer loop
      vertex -13.0416 -3.49449 18.43
      vertex -12.3614 -2.77488 15.52
      vertex -13.0416 -3.49449 15.52
    endloop
  endfacet
  facet normal -0.726758 0.686894 -1.53349e-05
    outer loop
      vertex -12.3614 -2.77488 15.52
      vertex -13.0416 -3.49449 18.43
      vertex -11.9936 -2.38567 18.43
    endloop
  endfacet
  facet normal -0.99068 -0.136211 0
    outer loop
      vertex -12.9191 -4.38545 15.52
      vertex -13.0416 -3.49449 18.43
      vertex -13.0416 -3.49449 15.52
    endloop
  endfacet
  facet normal -0.99068 -0.136211 0
    outer loop
      vertex -13.0416 -3.49449 18.43
      vertex -12.9191 -4.38545 15.52
      vertex -12.9191 -4.38545 18.43
    endloop
  endfacet
  facet normal -0.979411 -0.201878 0
    outer loop
      vertex -12.9191 -4.38545 15.52
      vertex -12.9024 -4.46647 18.43
      vertex -12.9191 -4.38545 18.43
    endloop
  endfacet
  facet normal -0.979321 -0.202314 -1.26664e-05
    outer loop
      vertex -12.7353 -5.27515 15.52
      vertex -12.9024 -4.46647 18.43
      vertex -12.9191 -4.38545 15.52
    endloop
  endfacet
  facet normal -0.979312 -0.202358 0
    outer loop
      vertex -12.9024 -4.46647 18.43
      vertex -12.7353 -5.27515 15.52
      vertex -12.7353 -5.27515 18.43
    endloop
  endfacet
  facet normal -0.963577 -0.26743 0
    outer loop
      vertex -12.4899 -6.15935 15.52
      vertex -12.7353 -5.27515 18.43
      vertex -12.7353 -5.27515 15.52
    endloop
  endfacet
  facet normal -0.963577 -0.26743 0
    outer loop
      vertex -12.7353 -5.27515 18.43
      vertex -12.4899 -6.15935 15.52
      vertex -12.4899 -6.15935 18.43
    endloop
  endfacet
  facet normal -0.943527 -0.331297 0
    outer loop
      vertex -12.2031 -6.97615 15.52
      vertex -12.4899 -6.15935 18.43
      vertex -12.4899 -6.15935 15.52
    endloop
  endfacet
  facet normal -0.943708 -0.330781 -0
    outer loop
      vertex -12.1829 -7.03378 18.43
      vertex -12.2031 -6.97615 15.52
      vertex -12.1829 -7.03378 15.52
    endloop
  endfacet
  facet normal -0.943538 -0.331263 -1.07251e-05
    outer loop
      vertex -12.2031 -6.97615 15.52
      vertex -12.1829 -7.03378 18.43
      vertex -12.4899 -6.15935 18.43
    endloop
  endfacet
  facet normal -0.758609 -0.651546 0
    outer loop
      vertex -12.1431 -7.08012 15.52
      vertex -12.1829 -7.03378 18.43
      vertex -12.1829 -7.03378 15.52
    endloop
  endfacet
  facet normal -0.758669 -0.651476 -0
    outer loop
      vertex -11.5791 -7.73692 18.43
      vertex -12.1431 -7.08012 15.52
      vertex -11.5791 -7.73692 15.52
    endloop
  endfacet
  facet normal -0.758665 -0.651481 -1.8094e-06
    outer loop
      vertex -12.1431 -7.08012 15.52
      vertex -11.5791 -7.73692 18.43
      vertex -12.1829 -7.03378 18.43
    endloop
  endfacet
  facet normal -0.713421 -0.700736 0
    outer loop
      vertex -10.9361 -8.39156 15.52
      vertex -11.5791 -7.73692 18.43
      vertex -11.5791 -7.73692 15.52
    endloop
  endfacet
  facet normal -0.713421 -0.700736 0
    outer loop
      vertex -11.5791 -7.73692 18.43
      vertex -10.9361 -8.39156 15.52
      vertex -10.9361 -8.39156 18.43
    endloop
  endfacet
  facet normal -0.664856 -0.746972 0
    outer loop
      vertex -10.9361 -8.39156 15.52
      vertex -10.2575 -8.99556 18.43
      vertex -10.9361 -8.39156 18.43
    endloop
  endfacet
  facet normal -0.664856 -0.746972 -0
    outer loop
      vertex -10.2575 -8.99556 18.43
      vertex -10.9361 -8.39156 15.52
      vertex -10.2575 -8.99556 15.52
    endloop
  endfacet
  facet normal -0.613294 -0.789855 0
    outer loop
      vertex -9.92914 -9.25052 15.52
      vertex -10.2575 -8.99556 18.43
      vertex -10.2575 -8.99556 15.52
    endloop
  endfacet
  facet normal -0.613314 -0.789839 -3.53684e-06
    outer loop
      vertex -10.2575 -8.99556 18.43
      vertex -9.92914 -9.25052 15.52
      vertex -9.54715 -9.54715 18.43
    endloop
  endfacet
  facet normal -0.613331 -0.789826 -0
    outer loop
      vertex -9.54715 -9.54715 18.43
      vertex -9.92914 -9.25052 15.52
      vertex -9.54715 -9.54715 15.52
    endloop
  endfacet
  facet normal 0.231526 -0.972829 0
    outer loop
      vertex -9.54715 -9.54715 15.52
      vertex -8.06282 -9.19389 18.43
      vertex -9.54715 -9.54715 18.43
    endloop
  endfacet
  facet normal 0.231526 -0.972829 0
    outer loop
      vertex -8.06282 -9.19389 18.43
      vertex -9.54715 -9.54715 15.52
      vertex -8.06282 -9.19389 15.52
    endloop
  endfacet
  facet normal 0.339146 -0.940734 0
    outer loop
      vertex -8.06282 -9.19389 15.52
      vertex -6.66919 -8.69147 18.43
      vertex -8.06282 -9.19389 18.43
    endloop
  endfacet
  facet normal 0.339146 -0.940734 0
    outer loop
      vertex -6.66919 -8.69147 18.43
      vertex -8.06282 -9.19389 15.52
      vertex -6.66919 -8.69147 15.52
    endloop
  endfacet
  facet normal 0.444994 -0.895534 0
    outer loop
      vertex -6.66919 -8.69147 15.52
      vertex -5.37912 -8.05043 18.43
      vertex -6.66919 -8.69147 18.43
    endloop
  endfacet
  facet normal 0.444994 -0.895534 0
    outer loop
      vertex -5.37912 -8.05043 18.43
      vertex -6.66919 -8.69147 15.52
      vertex -5.37912 -8.05043 15.52
    endloop
  endfacet
  facet normal 0.547271 -0.836956 0
    outer loop
      vertex -5.37912 -8.05043 15.52
      vertex -5.32645 -8.01599 18.43
      vertex -5.37912 -8.05043 18.43
    endloop
  endfacet
  facet normal 0.547259 -0.836963 3.05094e-07
    outer loop
      vertex -4.2045 -7.28239 15.52
      vertex -5.32645 -8.01599 18.43
      vertex -5.37912 -8.05043 15.52
    endloop
  endfacet
  facet normal 0.547258 -0.836964 0
    outer loop
      vertex -5.32645 -8.01599 18.43
      vertex -4.2045 -7.28239 15.52
      vertex -4.2045 -7.28239 18.43
    endloop
  endfacet
  facet normal -0.998462 0.0554353 0
    outer loop
      vertex -4.2823 -8.68367 15.52
      vertex -4.2045 -7.28239 18.43
      vertex -4.2045 -7.28239 15.52
    endloop
  endfacet
  facet normal -0.998462 0.0554353 0
    outer loop
      vertex -4.2045 -7.28239 18.43
      vertex -4.2823 -8.68367 15.52
      vertex -4.2823 -8.68367 18.43
    endloop
  endfacet
  facet normal -0.998052 -0.0623865 0
    outer loop
      vertex -4.19243 -10.1214 15.52
      vertex -4.2823 -8.68367 18.43
      vertex -4.2823 -8.68367 15.52
    endloop
  endfacet
  facet normal -0.998052 -0.0623865 0
    outer loop
      vertex -4.2823 -8.68367 18.43
      vertex -4.19243 -10.1214 15.52
      vertex -4.19243 -10.1214 18.43
    endloop
  endfacet
  facet normal -0.984275 -0.176646 0
    outer loop
      vertex -3.93073 -11.5796 15.52
      vertex -4.19243 -10.1214 18.43
      vertex -4.19243 -10.1214 15.52
    endloop
  endfacet
  facet normal -0.984275 -0.176646 0
    outer loop
      vertex -4.19243 -10.1214 18.43
      vertex -3.93073 -11.5796 15.52
      vertex -3.93073 -11.5796 18.43
    endloop
  endfacet
  facet normal -0.958252 -0.285926 0
    outer loop
      vertex -3.7776 -12.0928 15.52
      vertex -3.93073 -11.5796 18.43
      vertex -3.93073 -11.5796 15.52
    endloop
  endfacet
  facet normal -0.958251 -0.28593 -0
    outer loop
      vertex -3.49449 -13.0416 18.43
      vertex -3.7776 -12.0928 15.52
      vertex -3.49449 -13.0416 15.52
    endloop
  endfacet
  facet normal -0.958251 -0.285928 5.19846e-07
    outer loop
      vertex -3.7776 -12.0928 15.52
      vertex -3.49449 -13.0416 18.43
      vertex -3.93073 -11.5796 18.43
    endloop
  endfacet
  facet normal -0.377387 -0.926056 0
    outer loop
      vertex -3.49449 -13.0416 15.52
      vertex -2.66165 -13.381 18.43
      vertex -3.49449 -13.0416 18.43
    endloop
  endfacet
  facet normal -0.377387 -0.926056 -0
    outer loop
      vertex -2.66165 -13.381 18.43
      vertex -3.49449 -13.0416 15.52
      vertex -2.66165 -13.381 15.52
    endloop
  endfacet
  facet normal -0.31448 -0.949264 0
    outer loop
      vertex -2.66165 -13.381 15.52
      vertex -1.79926 -13.6667 18.43
      vertex -2.66165 -13.381 18.43
    endloop
  endfacet
  facet normal -0.31448 -0.949264 -0
    outer loop
      vertex -1.79926 -13.6667 18.43
      vertex -2.66165 -13.381 15.52
      vertex -1.79926 -13.6667 15.52
    endloop
  endfacet
  facet normal -0.250204 -0.968193 0
    outer loop
      vertex -1.79926 -13.6667 15.52
      vertex -0.910797 -13.8963 18.43
      vertex -1.79926 -13.6667 18.43
    endloop
  endfacet
  facet normal -0.250204 -0.968193 -0
    outer loop
      vertex -0.910797 -13.8963 18.43
      vertex -1.79926 -13.6667 15.52
      vertex -0.910797 -13.8963 15.52
    endloop
  endfacet
  facet normal -0.184825 -0.982771 0
    outer loop
      vertex -0.0600279 -14.0563 15.52
      vertex -0.910797 -13.8963 18.43
      vertex -0.910797 -13.8963 15.52
    endloop
  endfacet
  facet normal -0.184836 -0.982769 -3.42129e-06
    outer loop
      vertex -0.910797 -13.8963 18.43
      vertex -0.0600279 -14.0563 15.52
      vertex 0 -14.0676 18.43
    endloop
  endfacet
  facet normal -0.184997 -0.982739 -0
    outer loop
      vertex 0 -14.0676 18.43
      vertex -0.0600279 -14.0563 15.52
      vertex 0 -14.0676 15.52
    endloop
  endfacet
  facet normal 0.184997 -0.982739 0
    outer loop
      vertex 0.0600279 -14.0563 15.52
      vertex 0 -14.0676 18.43
      vertex 0 -14.0676 15.52
    endloop
  endfacet
  facet normal 0.184836 -0.982769 -3.42129e-06
    outer loop
      vertex 0 -14.0676 18.43
      vertex 0.0600279 -14.0563 15.52
      vertex 0.910797 -13.8963 18.43
    endloop
  endfacet
  facet normal 0.184825 -0.982771 0
    outer loop
      vertex 0.910797 -13.8963 18.43
      vertex 0.0600279 -14.0563 15.52
      vertex 0.910797 -13.8963 15.52
    endloop
  endfacet
  facet normal 0 0 1
    outer loop
      vertex 16.0949 1.0549 21.34
      vertex 16.0949 -1.0549 21.34
      vertex 16.564 0 21.34
    endloop
  endfacet
  facet normal 0 0 1
    outer loop
      vertex 12.3435 0.809036 21.34
      vertex 16.0949 1.0549 21.34
      vertex 15.5244 2.04381 21.34
    endloop
  endfacet
  facet normal 0 0 1
    outer loop
      vertex 16.0949 1.0549 21.34
      vertex 12.37 0 21.34
      vertex 16.0949 -1.0549 21.34
    endloop
  endfacet
  facet normal 0 0 1
    outer loop
      vertex 12.2642 1.61461 21.34
      vertex 15.5244 2.04381 21.34
      vertex 14.8461 2.95308 21.34
    endloop
  endfacet
  facet normal -0 0 1
    outer loop
      vertex 12.3435 -0.809036 21.34
      vertex 16.0949 -1.0549 21.34
      vertex 12.37 0 21.34
    endloop
  endfacet
  facet normal 0 0 1
    outer loop
      vertex 12.1323 2.41325 21.34
      vertex 14.8461 2.95308 21.34
      vertex 14.0441 3.76309 21.34
    endloop
  endfacet
  facet normal 0 0 1
    outer loop
      vertex 16.0949 1.0549 21.34
      vertex 12.3435 0.809036 21.34
      vertex 12.37 0 21.34
    endloop
  endfacet
  facet normal 0 0 1
    outer loop
      vertex 11.9485 3.20158 21.34
      vertex 14.0441 3.76309 21.34
      vertex 13.0689 4.43628 21.34
    endloop
  endfacet
  facet normal 0 0 1
    outer loop
      vertex 16.0949 -1.0549 21.34
      vertex 12.3435 -0.809036 21.34
      vertex 15.5244 -2.04381 21.34
    endloop
  endfacet
  facet normal 0 0 1
    outer loop
      vertex 15.5244 -2.04381 21.34
      vertex 12.2642 -1.61461 21.34
      vertex 14.8461 -2.95308 21.34
    endloop
  endfacet
  facet normal -0 0 1
    outer loop
      vertex 12.2642 -1.61461 21.34
      vertex 15.5244 -2.04381 21.34
      vertex 12.3435 -0.809036 21.34
    endloop
  endfacet
  facet normal 0 0 1
    outer loop
      vertex 15.5244 2.04381 21.34
      vertex 12.2642 1.61461 21.34
      vertex 12.3435 0.809036 21.34
    endloop
  endfacet
  facet normal 0 0 1
    outer loop
      vertex 14.8461 2.95308 21.34
      vertex 12.1323 2.41325 21.34
      vertex 12.2642 1.61461 21.34
    endloop
  endfacet
  facet normal 0 0 1
    outer loop
      vertex 14.0441 3.76309 21.34
      vertex 11.9485 3.20158 21.34
      vertex 12.1323 2.41325 21.34
    endloop
  endfacet
  facet normal 0 0 1
    outer loop
      vertex 13.0689 4.43628 21.34
      vertex 11.7135 3.9762 21.34
      vertex 11.9485 3.20158 21.34
    endloop
  endfacet
  facet normal 0 -0 1
    outer loop
      vertex 11.7135 3.9762 21.34
      vertex 13.0689 4.43628 21.34
      vertex 11.4284 4.73378 21.34
    endloop
  endfacet
  facet normal -0 0 1
    outer loop
      vertex 12.1323 -2.41325 21.34
      vertex 14.8461 -2.95308 21.34
      vertex 12.2642 -1.61461 21.34
    endloop
  endfacet
  facet normal 0 0 1
    outer loop
      vertex 14.8461 -2.95308 21.34
      vertex 12.1323 -2.41325 21.34
      vertex 14.0441 -3.76309 21.34
    endloop
  endfacet
  facet normal -0 0 1
    outer loop
      vertex 11.9485 -3.20158 21.34
      vertex 14.0441 -3.76309 21.34
      vertex 12.1323 -2.41325 21.34
    endloop
  endfacet
  facet normal 0 0 1
    outer loop
      vertex 14.0441 -3.76309 21.34
      vertex 11.9485 -3.20158 21.34
      vertex 13.0689 -4.43628 21.34
    endloop
  endfacet
  facet normal -0 0 1
    outer loop
      vertex 11.7135 -3.9762 21.34
      vertex 13.0689 -4.43628 21.34
      vertex 11.9485 -3.20158 21.34
    endloop
  endfacet
  facet normal 0 0 1
    outer loop
      vertex 13.0689 -4.43628 21.34
      vertex 11.7135 -3.9762 21.34
      vertex 11.4284 -4.73378 21.34
    endloop
  endfacet
  facet normal -0 0 1
    outer loop
      vertex 3.9762 -11.7135 21.34
      vertex 4.43628 -13.0689 21.34
      vertex 4.73378 -11.4284 21.34
    endloop
  endfacet
  facet normal -0 0 1
    outer loop
      vertex 3.20158 -11.9485 21.34
      vertex 4.43628 -13.0689 21.34
      vertex 3.9762 -11.7135 21.34
    endloop
  endfacet
  facet normal 0 0 1
    outer loop
      vertex 4.43628 -13.0689 21.34
      vertex 3.20158 -11.9485 21.34
      vertex 3.76309 -14.0441 21.34
    endloop
  endfacet
  facet normal -0 0 1
    outer loop
      vertex 2.41325 -12.1323 21.34
      vertex 3.76309 -14.0441 21.34
      vertex 3.20158 -11.9485 21.34
    endloop
  endfacet
  facet normal 0 0 1
    outer loop
      vertex 3.76309 -14.0441 21.34
      vertex 2.41325 -12.1323 21.34
      vertex 2.95308 -14.8461 21.34
    endloop
  endfacet
  facet normal -0 0 1
    outer loop
      vertex 1.61461 -12.2642 21.34
      vertex 2.95308 -14.8461 21.34
      vertex 2.41325 -12.1323 21.34
    endloop
  endfacet
  facet normal 0 0 1
    outer loop
      vertex 2.95308 -14.8461 21.34
      vertex 1.61461 -12.2642 21.34
      vertex 2.04381 -15.5244 21.34
    endloop
  endfacet
  facet normal -0 0 1
    outer loop
      vertex 0.809036 -12.3435 21.34
      vertex 2.04381 -15.5244 21.34
      vertex 1.61461 -12.2642 21.34
    endloop
  endfacet
  facet normal 0 0 1
    outer loop
      vertex 2.04381 -15.5244 21.34
      vertex 0.809036 -12.3435 21.34
      vertex 1.0549 -16.0949 21.34
    endloop
  endfacet
  facet normal -0 0 1
    outer loop
      vertex 0 -12.37 21.34
      vertex 1.0549 -16.0949 21.34
      vertex 0.809036 -12.3435 21.34
    endloop
  endfacet
  facet normal 0 0 1
    outer loop
      vertex -1.0549 -16.0949 21.34
      vertex 1.0549 -16.0949 21.34
      vertex 0 -12.37 21.34
    endloop
  endfacet
  facet normal 0 0 1
    outer loop
      vertex -1.0549 -16.0949 21.34
      vertex 0 -12.37 21.34
      vertex -0.809036 -12.3435 21.34
    endloop
  endfacet
  facet normal 0 0 1
    outer loop
      vertex 1.0549 -16.0949 21.34
      vertex -1.0549 -16.0949 21.34
      vertex 0 -16.564 21.34
    endloop
  endfacet
  facet normal 0 0 1
    outer loop
      vertex -2.04381 -15.5244 21.34
      vertex -0.809036 -12.3435 21.34
      vertex -1.61461 -12.2642 21.34
    endloop
  endfacet
  facet normal 0 0 1
    outer loop
      vertex -0.809036 -12.3435 21.34
      vertex -2.04381 -15.5244 21.34
      vertex -1.0549 -16.0949 21.34
    endloop
  endfacet
  facet normal 0 0 1
    outer loop
      vertex -2.95308 -14.8461 21.34
      vertex -1.61461 -12.2642 21.34
      vertex -2.41325 -12.1323 21.34
    endloop
  endfacet
  facet normal 0 0 1
    outer loop
      vertex -1.61461 -12.2642 21.34
      vertex -2.95308 -14.8461 21.34
      vertex -2.04381 -15.5244 21.34
    endloop
  endfacet
  facet normal 0 0 1
    outer loop
      vertex -3.76309 -14.0441 21.34
      vertex -2.41325 -12.1323 21.34
      vertex -3.20158 -11.9485 21.34
    endloop
  endfacet
  facet normal 0 0 1
    outer loop
      vertex -2.41325 -12.1323 21.34
      vertex -3.76309 -14.0441 21.34
      vertex -2.95308 -14.8461 21.34
    endloop
  endfacet
  facet normal 0 0 1
    outer loop
      vertex -4.43628 -13.0689 21.34
      vertex -3.20158 -11.9485 21.34
      vertex -3.9762 -11.7135 21.34
    endloop
  endfacet
  facet normal 0 0 1
    outer loop
      vertex -3.20158 -11.9485 21.34
      vertex -4.43628 -13.0689 21.34
      vertex -3.76309 -14.0441 21.34
    endloop
  endfacet
  facet normal 0 -0 1
    outer loop
      vertex -4.43628 -13.0689 21.34
      vertex -3.9762 -11.7135 21.34
      vertex -4.73378 -11.4284 21.34
    endloop
  endfacet
  facet normal 0 0 1
    outer loop
      vertex -12.1323 2.41325 21.34
      vertex -14.8461 2.95308 21.34
      vertex -12.2642 1.61461 21.34
    endloop
  endfacet
  facet normal -0 0 1
    outer loop
      vertex -14.8461 2.95308 21.34
      vertex -12.1323 2.41325 21.34
      vertex -14.0441 3.76309 21.34
    endloop
  endfacet
  facet normal 0 0 1
    outer loop
      vertex -11.9485 3.20158 21.34
      vertex -14.0441 3.76309 21.34
      vertex -12.1323 2.41325 21.34
    endloop
  endfacet
  facet normal -0 0 1
    outer loop
      vertex -14.0441 3.76309 21.34
      vertex -11.9485 3.20158 21.34
      vertex -13.0689 4.43628 21.34
    endloop
  endfacet
  facet normal 0 0 1
    outer loop
      vertex -11.7135 3.9762 21.34
      vertex -13.0689 4.43628 21.34
      vertex -11.9485 3.20158 21.34
    endloop
  endfacet
  facet normal -0 0 1
    outer loop
      vertex -13.0689 4.43628 21.34
      vertex -11.7135 3.9762 21.34
      vertex -11.4284 4.73378 21.34
    endloop
  endfacet
  facet normal -0 0 1
    outer loop
      vertex -15.5244 2.04381 21.34
      vertex -12.2642 1.61461 21.34
      vertex -14.8461 2.95308 21.34
    endloop
  endfacet
  facet normal 0 0 1
    outer loop
      vertex -12.2642 1.61461 21.34
      vertex -15.5244 2.04381 21.34
      vertex -12.3435 0.809036 21.34
    endloop
  endfacet
  facet normal 0 0 1
    outer loop
      vertex -11.7135 -3.9762 21.34
      vertex -13.0689 -4.43628 21.34
      vertex -11.4284 -4.73378 21.34
    endloop
  endfacet
  facet normal 0 0 1
    outer loop
      vertex -11.9485 -3.20158 21.34
      vertex -13.0689 -4.43628 21.34
      vertex -11.7135 -3.9762 21.34
    endloop
  endfacet
  facet normal 0 0 1
    outer loop
      vertex -14.0441 -3.76309 21.34
      vertex -11.9485 -3.20158 21.34
      vertex -12.1323 -2.41325 21.34
    endloop
  endfacet
  facet normal 0 0 1
    outer loop
      vertex -14.8461 -2.95308 21.34
      vertex -12.1323 -2.41325 21.34
      vertex -12.2642 -1.61461 21.34
    endloop
  endfacet
  facet normal -0 0 1
    outer loop
      vertex -16.0949 1.0549 21.34
      vertex -12.3435 0.809036 21.34
      vertex -15.5244 2.04381 21.34
    endloop
  endfacet
  facet normal 0 0 1
    outer loop
      vertex -12.3435 0.809036 21.34
      vertex -16.0949 1.0549 21.34
      vertex -12.37 0 21.34
    endloop
  endfacet
  facet normal 0 0 1
    outer loop
      vertex -11.9485 -3.20158 21.34
      vertex -14.0441 -3.76309 21.34
      vertex -13.0689 -4.43628 21.34
    endloop
  endfacet
  facet normal 0 0 1
    outer loop
      vertex -16.0949 -1.0549 21.34
      vertex -12.37 0 21.34
      vertex -16.0949 1.0549 21.34
    endloop
  endfacet
  facet normal 0 0 1
    outer loop
      vertex -12.1323 -2.41325 21.34
      vertex -14.8461 -2.95308 21.34
      vertex -14.0441 -3.76309 21.34
    endloop
  endfacet
  facet normal 0 0 1
    outer loop
      vertex -12.37 0 21.34
      vertex -16.0949 -1.0549 21.34
      vertex -12.3435 -0.809036 21.34
    endloop
  endfacet
  facet normal 0 0 1
    outer loop
      vertex -12.2642 -1.61461 21.34
      vertex -15.5244 -2.04381 21.34
      vertex -14.8461 -2.95308 21.34
    endloop
  endfacet
  facet normal 0 -0 1
    outer loop
      vertex -15.5244 -2.04381 21.34
      vertex -12.3435 -0.809036 21.34
      vertex -16.0949 -1.0549 21.34
    endloop
  endfacet
  facet normal 0 0 1
    outer loop
      vertex -12.3435 -0.809036 21.34
      vertex -15.5244 -2.04381 21.34
      vertex -12.2642 -1.61461 21.34
    endloop
  endfacet
  facet normal 0 -0 1
    outer loop
      vertex -16.0949 -1.0549 21.34
      vertex -16.0949 1.0549 21.34
      vertex -16.564 0 21.34
    endloop
  endfacet
  facet normal 0 0 -1
    outer loop
      vertex -5.4711 -11.0943 21.34
      vertex -4.83804 -9.81059 21.34
      vertex -4.73378 -11.4284 21.34
    endloop
  endfacet
  facet normal 0 0 -1
    outer loop
      vertex -6.185 -10.7127 21.34
      vertex -4.83804 -9.81059 21.34
      vertex -5.4711 -11.0943 21.34
    endloop
  endfacet
  facet normal -0 0 -1
    outer loop
      vertex -4.83804 -9.81059 21.34
      vertex -6.185 -10.7127 21.34
      vertex -5.10025 -8.83391 21.34
    endloop
  endfacet
  facet normal 0 0 -1
    outer loop
      vertex -6.87239 -10.2853 21.34
      vertex -5.10025 -8.83391 21.34
      vertex -6.185 -10.7127 21.34
    endloop
  endfacet
  facet normal 0 0 -1
    outer loop
      vertex -7.53036 -9.81377 21.34
      vertex -5.10025 -8.83391 21.34
      vertex -6.87239 -10.2853 21.34
    endloop
  endfacet
  facet normal -0 0 -1
    outer loop
      vertex -5.10025 -8.83391 21.34
      vertex -7.53036 -9.81377 21.34
      vertex -5.33513 -7.98459 21.34
    endloop
  endfacet
  facet normal 0 0 -1
    outer loop
      vertex -8.1561 -9.30025 21.34
      vertex -5.33513 -7.98459 21.34
      vertex -7.53036 -9.81377 21.34
    endloop
  endfacet
  facet normal -0 0 -1
    outer loop
      vertex -5.33513 -7.98459 21.34
      vertex -8.1561 -9.30025 21.34
      vertex -5.52856 -7.20497 21.34
    endloop
  endfacet
  facet normal 0 0 -1
    outer loop
      vertex -8.7469 -8.7469 21.34
      vertex -5.52856 -7.20497 21.34
      vertex -8.1561 -9.30025 21.34
    endloop
  endfacet
  facet normal 0 0 -1
    outer loop
      vertex -5.67735 -6.47377 21.34
      vertex -6.47377 -5.67735 21.34
      vertex -5.7813 -5.7813 21.34
    endloop
  endfacet
  facet normal 0 -0 -1
    outer loop
      vertex -7.20497 -5.52856 21.34
      vertex -5.52856 -7.20497 21.34
      vertex -8.7469 -8.7469 21.34
    endloop
  endfacet
  facet normal 0 0 -1
    outer loop
      vertex -5.52856 -7.20497 21.34
      vertex -7.20497 -5.52856 21.34
      vertex -5.67735 -6.47377 21.34
    endloop
  endfacet
  facet normal 0 0 -1
    outer loop
      vertex -5.67735 -6.47377 21.34
      vertex -7.20497 -5.52856 21.34
      vertex -6.47377 -5.67735 21.34
    endloop
  endfacet
  facet normal 0 0 -1
    outer loop
      vertex -9.30025 -8.1561 21.34
      vertex -7.20497 -5.52856 21.34
      vertex -8.7469 -8.7469 21.34
    endloop
  endfacet
  facet normal -0 0 -1
    outer loop
      vertex -7.20497 -5.52856 21.34
      vertex -9.30025 -8.1561 21.34
      vertex -7.98459 -5.33513 21.34
    endloop
  endfacet
  facet normal 0 0 -1
    outer loop
      vertex -9.81377 -7.53036 21.34
      vertex -7.98459 -5.33513 21.34
      vertex -9.30025 -8.1561 21.34
    endloop
  endfacet
  facet normal -0 0 -1
    outer loop
      vertex -7.98459 -5.33513 21.34
      vertex -9.81377 -7.53036 21.34
      vertex -8.83391 -5.10025 21.34
    endloop
  endfacet
  facet normal 0 0 -1
    outer loop
      vertex -10.2853 -6.87239 21.34
      vertex -8.83391 -5.10025 21.34
      vertex -9.81377 -7.53036 21.34
    endloop
  endfacet
  facet normal -0 0 -1
    outer loop
      vertex -8.83391 -5.10025 21.34
      vertex -10.2853 -6.87239 21.34
      vertex -9.81059 -4.83804 21.34
    endloop
  endfacet
  facet normal 0 0 -1
    outer loop
      vertex -10.7127 -6.185 21.34
      vertex -9.81059 -4.83804 21.34
      vertex -10.2853 -6.87239 21.34
    endloop
  endfacet
  facet normal 0 0 -1
    outer loop
      vertex -11.0943 -5.4711 21.34
      vertex -9.81059 -4.83804 21.34
      vertex -10.7127 -6.185 21.34
    endloop
  endfacet
  facet normal -0 0 -1
    outer loop
      vertex -9.81059 -4.83804 21.34
      vertex -11.0943 -5.4711 21.34
      vertex -11.4284 -4.73378 21.34
    endloop
  endfacet
  facet normal 0 0 -1
    outer loop
      vertex -6.185 10.7127 21.34
      vertex -4.83804 9.81059 21.34
      vertex -5.10025 8.83391 21.34
    endloop
  endfacet
  facet normal 0 0 -1
    outer loop
      vertex -7.53036 9.81377 21.34
      vertex -5.10025 8.83391 21.34
      vertex -5.33513 7.98459 21.34
    endloop
  endfacet
  facet normal 0 0 -1
    outer loop
      vertex -4.83804 9.81059 21.34
      vertex -5.4711 11.0943 21.34
      vertex -4.73378 11.4284 21.34
    endloop
  endfacet
  facet normal 0 0 -1
    outer loop
      vertex -8.1561 9.30025 21.34
      vertex -5.33513 7.98459 21.34
      vertex -5.52856 7.20497 21.34
    endloop
  endfacet
  facet normal 0 0 -1
    outer loop
      vertex -7.20497 5.52856 21.34
      vertex -5.52856 7.20497 21.34
      vertex -5.67735 6.47377 21.34
    endloop
  endfacet
  facet normal 0 0 -1
    outer loop
      vertex -6.47377 5.67735 21.34
      vertex -5.67735 6.47377 21.34
      vertex -5.7813 5.7813 21.34
    endloop
  endfacet
  facet normal 0 0 -1
    outer loop
      vertex -4.83804 9.81059 21.34
      vertex -6.185 10.7127 21.34
      vertex -5.4711 11.0943 21.34
    endloop
  endfacet
  facet normal 0 0 -1
    outer loop
      vertex -7.20497 5.52856 21.34
      vertex -5.67735 6.47377 21.34
      vertex -6.47377 5.67735 21.34
    endloop
  endfacet
  facet normal 0 0 -1
    outer loop
      vertex -5.10025 8.83391 21.34
      vertex -6.87239 10.2853 21.34
      vertex -6.185 10.7127 21.34
    endloop
  endfacet
  facet normal -0 0 -1
    outer loop
      vertex -5.52856 7.20497 21.34
      vertex -7.20497 5.52856 21.34
      vertex -8.7469 8.7469 21.34
    endloop
  endfacet
  facet normal 0 0 -1
    outer loop
      vertex -5.10025 8.83391 21.34
      vertex -7.53036 9.81377 21.34
      vertex -6.87239 10.2853 21.34
    endloop
  endfacet
  facet normal 0 0 -1
    outer loop
      vertex -9.30025 8.1561 21.34
      vertex -7.20497 5.52856 21.34
      vertex -7.98459 5.33513 21.34
    endloop
  endfacet
  facet normal 0 0 -1
    outer loop
      vertex -5.33513 7.98459 21.34
      vertex -8.1561 9.30025 21.34
      vertex -7.53036 9.81377 21.34
    endloop
  endfacet
  facet normal 0 0 -1
    outer loop
      vertex -5.52856 7.20497 21.34
      vertex -8.7469 8.7469 21.34
      vertex -8.1561 9.30025 21.34
    endloop
  endfacet
  facet normal 0 0 -1
    outer loop
      vertex -9.81377 7.53036 21.34
      vertex -7.98459 5.33513 21.34
      vertex -8.83391 5.10025 21.34
    endloop
  endfacet
  facet normal 0 0 -1
    outer loop
      vertex -7.20497 5.52856 21.34
      vertex -9.30025 8.1561 21.34
      vertex -8.7469 8.7469 21.34
    endloop
  endfacet
  facet normal 0 0 -1
    outer loop
      vertex -10.2853 6.87239 21.34
      vertex -8.83391 5.10025 21.34
      vertex -9.81059 4.83804 21.34
    endloop
  endfacet
  facet normal 0 0 -1
    outer loop
      vertex -7.98459 5.33513 21.34
      vertex -9.81377 7.53036 21.34
      vertex -9.30025 8.1561 21.34
    endloop
  endfacet
  facet normal 0 0 -1
    outer loop
      vertex -8.83391 5.10025 21.34
      vertex -10.2853 6.87239 21.34
      vertex -9.81377 7.53036 21.34
    endloop
  endfacet
  facet normal 0 0 -1
    outer loop
      vertex -9.81059 4.83804 21.34
      vertex -10.7127 6.185 21.34
      vertex -10.2853 6.87239 21.34
    endloop
  endfacet
  facet normal 0 0 -1
    outer loop
      vertex -9.81059 4.83804 21.34
      vertex -11.0943 5.4711 21.34
      vertex -10.7127 6.185 21.34
    endloop
  endfacet
  facet normal 0 -0 -1
    outer loop
      vertex -11.0943 5.4711 21.34
      vertex -9.81059 4.83804 21.34
      vertex -11.4284 4.73378 21.34
    endloop
  endfacet
  facet normal 0 0 1
    outer loop
      vertex 4.43628 13.0689 21.34
      vertex 3.9762 11.7135 21.34
      vertex 4.73378 11.4284 21.34
    endloop
  endfacet
  facet normal 0 0 1
    outer loop
      vertex 3.20158 11.9485 21.34
      vertex 4.43628 13.0689 21.34
      vertex 3.76309 14.0441 21.34
    endloop
  endfacet
  facet normal 0 0 1
    outer loop
      vertex 4.43628 13.0689 21.34
      vertex 3.20158 11.9485 21.34
      vertex 3.9762 11.7135 21.34
    endloop
  endfacet
  facet normal 0 0 1
    outer loop
      vertex 2.41325 12.1323 21.34
      vertex 3.76309 14.0441 21.34
      vertex 2.95308 14.8461 21.34
    endloop
  endfacet
  facet normal 0 0 1
    outer loop
      vertex 3.76309 14.0441 21.34
      vertex 2.41325 12.1323 21.34
      vertex 3.20158 11.9485 21.34
    endloop
  endfacet
  facet normal 0 0 1
    outer loop
      vertex 1.61461 12.2642 21.34
      vertex 2.95308 14.8461 21.34
      vertex 2.04381 15.5244 21.34
    endloop
  endfacet
  facet normal 0 0 1
    outer loop
      vertex 2.95308 14.8461 21.34
      vertex 1.61461 12.2642 21.34
      vertex 2.41325 12.1323 21.34
    endloop
  endfacet
  facet normal 0 0 1
    outer loop
      vertex 0.809036 12.3435 21.34
      vertex 2.04381 15.5244 21.34
      vertex 1.0549 16.0949 21.34
    endloop
  endfacet
  facet normal 0 0 1
    outer loop
      vertex 2.04381 15.5244 21.34
      vertex 0.809036 12.3435 21.34
      vertex 1.61461 12.2642 21.34
    endloop
  endfacet
  facet normal 0 0 1
    outer loop
      vertex -1.0549 16.0949 21.34
      vertex 1.0549 16.0949 21.34
      vertex 0 16.564 21.34
    endloop
  endfacet
  facet normal 0 0 1
    outer loop
      vertex 1.0549 16.0949 21.34
      vertex 0 12.37 21.34
      vertex 0.809036 12.3435 21.34
    endloop
  endfacet
  facet normal 0 0 1
    outer loop
      vertex 1.0549 16.0949 21.34
      vertex -1.0549 16.0949 21.34
      vertex 0 12.37 21.34
    endloop
  endfacet
  facet normal 0 0 1
    outer loop
      vertex 0 12.37 21.34
      vertex -1.0549 16.0949 21.34
      vertex -0.809036 12.3435 21.34
    endloop
  endfacet
  facet normal -0 0 1
    outer loop
      vertex -2.04381 15.5244 21.34
      vertex -0.809036 12.3435 21.34
      vertex -1.0549 16.0949 21.34
    endloop
  endfacet
  facet normal 0 0 1
    outer loop
      vertex -0.809036 12.3435 21.34
      vertex -2.04381 15.5244 21.34
      vertex -1.61461 12.2642 21.34
    endloop
  endfacet
  facet normal -0 0 1
    outer loop
      vertex -2.95308 14.8461 21.34
      vertex -1.61461 12.2642 21.34
      vertex -2.04381 15.5244 21.34
    endloop
  endfacet
  facet normal 0 0 1
    outer loop
      vertex -1.61461 12.2642 21.34
      vertex -2.95308 14.8461 21.34
      vertex -2.41325 12.1323 21.34
    endloop
  endfacet
  facet normal -0 0 1
    outer loop
      vertex -3.76309 14.0441 21.34
      vertex -2.41325 12.1323 21.34
      vertex -2.95308 14.8461 21.34
    endloop
  endfacet
  facet normal 0 0 1
    outer loop
      vertex -2.41325 12.1323 21.34
      vertex -3.76309 14.0441 21.34
      vertex -3.20158 11.9485 21.34
    endloop
  endfacet
  facet normal -0 0 1
    outer loop
      vertex -4.43628 13.0689 21.34
      vertex -3.20158 11.9485 21.34
      vertex -3.76309 14.0441 21.34
    endloop
  endfacet
  facet normal 0 0 1
    outer loop
      vertex -3.20158 11.9485 21.34
      vertex -4.43628 13.0689 21.34
      vertex -3.9762 11.7135 21.34
    endloop
  endfacet
  facet normal 0 0 1
    outer loop
      vertex -3.9762 11.7135 21.34
      vertex -4.43628 13.0689 21.34
      vertex -4.73378 11.4284 21.34
    endloop
  endfacet
  facet normal 0 0 -1
    outer loop
      vertex 9.81059 4.83804 21.34
      vertex 11.0943 5.4711 21.34
      vertex 11.4284 4.73378 21.34
    endloop
  endfacet
  facet normal -0 0 -1
    outer loop
      vertex 11.0943 5.4711 21.34
      vertex 9.81059 4.83804 21.34
      vertex 10.7127 6.185 21.34
    endloop
  endfacet
  facet normal -0 0 -1
    outer loop
      vertex 10.7127 6.185 21.34
      vertex 9.81059 4.83804 21.34
      vertex 10.2853 6.87239 21.34
    endloop
  endfacet
  facet normal 0 0 -1
    outer loop
      vertex 8.83391 5.10025 21.34
      vertex 10.2853 6.87239 21.34
      vertex 9.81059 4.83804 21.34
    endloop
  endfacet
  facet normal -0 0 -1
    outer loop
      vertex 10.2853 6.87239 21.34
      vertex 8.83391 5.10025 21.34
      vertex 9.81377 7.53036 21.34
    endloop
  endfacet
  facet normal 0 0 -1
    outer loop
      vertex 7.98459 5.33513 21.34
      vertex 9.81377 7.53036 21.34
      vertex 8.83391 5.10025 21.34
    endloop
  endfacet
  facet normal -0 0 -1
    outer loop
      vertex 9.81377 7.53036 21.34
      vertex 7.98459 5.33513 21.34
      vertex 9.30025 8.1561 21.34
    endloop
  endfacet
  facet normal 0 0 -1
    outer loop
      vertex 7.20497 5.52856 21.34
      vertex 9.30025 8.1561 21.34
      vertex 7.98459 5.33513 21.34
    endloop
  endfacet
  facet normal -0 0 -1
    outer loop
      vertex 9.30025 8.1561 21.34
      vertex 7.20497 5.52856 21.34
      vertex 8.7469 8.7469 21.34
    endloop
  endfacet
  facet normal 0 0 -1
    outer loop
      vertex 5.52856 7.20497 21.34
      vertex 8.7469 8.7469 21.34
      vertex 7.20497 5.52856 21.34
    endloop
  endfacet
  facet normal -0 0 -1
    outer loop
      vertex 8.7469 8.7469 21.34
      vertex 5.52856 7.20497 21.34
      vertex 8.1561 9.30025 21.34
    endloop
  endfacet
  facet normal 0 0 -1
    outer loop
      vertex 5.33513 7.98459 21.34
      vertex 8.1561 9.30025 21.34
      vertex 5.52856 7.20497 21.34
    endloop
  endfacet
  facet normal 0 0 -1
    outer loop
      vertex 5.52856 7.20497 21.34
      vertex 7.20497 5.52856 21.34
      vertex 6.47377 5.67735 21.34
    endloop
  endfacet
  facet normal -0 0 -1
    outer loop
      vertex 8.1561 9.30025 21.34
      vertex 5.33513 7.98459 21.34
      vertex 7.53036 9.81377 21.34
    endloop
  endfacet
  facet normal 0 0 -1
    outer loop
      vertex 5.67735 6.47377 21.34
      vertex 6.47377 5.67735 21.34
      vertex 5.7813 5.7813 21.34
    endloop
  endfacet
  facet normal 0 0 -1
    outer loop
      vertex 5.52856 7.20497 21.34
      vertex 6.47377 5.67735 21.34
      vertex 5.67735 6.47377 21.34
    endloop
  endfacet
  facet normal 0 0 -1
    outer loop
      vertex 5.10025 8.83391 21.34
      vertex 7.53036 9.81377 21.34
      vertex 5.33513 7.98459 21.34
    endloop
  endfacet
  facet normal -0 0 -1
    outer loop
      vertex 7.53036 9.81377 21.34
      vertex 5.10025 8.83391 21.34
      vertex 6.87239 10.2853 21.34
    endloop
  endfacet
  facet normal -0 0 -1
    outer loop
      vertex 6.87239 10.2853 21.34
      vertex 5.10025 8.83391 21.34
      vertex 6.185 10.7127 21.34
    endloop
  endfacet
  facet normal 0 0 -1
    outer loop
      vertex 4.83804 9.81059 21.34
      vertex 6.185 10.7127 21.34
      vertex 5.10025 8.83391 21.34
    endloop
  endfacet
  facet normal -0 0 -1
    outer loop
      vertex 6.185 10.7127 21.34
      vertex 4.83804 9.81059 21.34
      vertex 5.4711 11.0943 21.34
    endloop
  endfacet
  facet normal -0 0 -1
    outer loop
      vertex 5.4711 11.0943 21.34
      vertex 4.83804 9.81059 21.34
      vertex 4.73378 11.4284 21.34
    endloop
  endfacet
  facet normal 0 0 -1
    outer loop
      vertex 9.81059 -4.83804 21.34
      vertex 11.0943 -5.4711 21.34
      vertex 10.7127 -6.185 21.34
    endloop
  endfacet
  facet normal 0 0 -1
    outer loop
      vertex 9.81059 -4.83804 21.34
      vertex 10.7127 -6.185 21.34
      vertex 10.2853 -6.87239 21.34
    endloop
  endfacet
  facet normal 0 0 -1
    outer loop
      vertex 8.83391 -5.10025 21.34
      vertex 10.2853 -6.87239 21.34
      vertex 9.81377 -7.53036 21.34
    endloop
  endfacet
  facet normal 0 0 -1
    outer loop
      vertex 11.0943 -5.4711 21.34
      vertex 9.81059 -4.83804 21.34
      vertex 11.4284 -4.73378 21.34
    endloop
  endfacet
  facet normal 0 0 -1
    outer loop
      vertex 7.98459 -5.33513 21.34
      vertex 9.81377 -7.53036 21.34
      vertex 9.30025 -8.1561 21.34
    endloop
  endfacet
  facet normal 0 0 -1
    outer loop
      vertex 10.2853 -6.87239 21.34
      vertex 8.83391 -5.10025 21.34
      vertex 9.81059 -4.83804 21.34
    endloop
  endfacet
  facet normal 0 0 -1
    outer loop
      vertex 7.20497 -5.52856 21.34
      vertex 9.30025 -8.1561 21.34
      vertex 8.7469 -8.7469 21.34
    endloop
  endfacet
  facet normal 0 0 -1
    outer loop
      vertex 5.52856 -7.20497 21.34
      vertex 8.7469 -8.7469 21.34
      vertex 8.1561 -9.30025 21.34
    endloop
  endfacet
  facet normal 0 0 -1
    outer loop
      vertex 9.81377 -7.53036 21.34
      vertex 7.98459 -5.33513 21.34
      vertex 8.83391 -5.10025 21.34
    endloop
  endfacet
  facet normal 0 0 -1
    outer loop
      vertex 5.33513 -7.98459 21.34
      vertex 8.1561 -9.30025 21.34
      vertex 7.53036 -9.81377 21.34
    endloop
  endfacet
  facet normal 0 0 -1
    outer loop
      vertex 9.30025 -8.1561 21.34
      vertex 7.20497 -5.52856 21.34
      vertex 7.98459 -5.33513 21.34
    endloop
  endfacet
  facet normal 0 0 -1
    outer loop
      vertex 5.10025 -8.83391 21.34
      vertex 7.53036 -9.81377 21.34
      vertex 6.87239 -10.2853 21.34
    endloop
  endfacet
  facet normal 0 0 -1
    outer loop
      vertex 8.7469 -8.7469 21.34
      vertex 5.52856 -7.20497 21.34
      vertex 7.20497 -5.52856 21.34
    endloop
  endfacet
  facet normal 0 0 -1
    outer loop
      vertex 5.10025 -8.83391 21.34
      vertex 6.87239 -10.2853 21.34
      vertex 6.185 -10.7127 21.34
    endloop
  endfacet
  facet normal 0 0 -1
    outer loop
      vertex 7.20497 -5.52856 21.34
      vertex 5.52856 -7.20497 21.34
      vertex 6.47377 -5.67735 21.34
    endloop
  endfacet
  facet normal 0 0 -1
    outer loop
      vertex 6.47377 -5.67735 21.34
      vertex 5.67735 -6.47377 21.34
      vertex 5.7813 -5.7813 21.34
    endloop
  endfacet
  facet normal 0 0 -1
    outer loop
      vertex 6.47377 -5.67735 21.34
      vertex 5.52856 -7.20497 21.34
      vertex 5.67735 -6.47377 21.34
    endloop
  endfacet
  facet normal 0 0 -1
    outer loop
      vertex 4.83804 -9.81059 21.34
      vertex 6.185 -10.7127 21.34
      vertex 5.4711 -11.0943 21.34
    endloop
  endfacet
  facet normal 0 0 -1
    outer loop
      vertex 8.1561 -9.30025 21.34
      vertex 5.33513 -7.98459 21.34
      vertex 5.52856 -7.20497 21.34
    endloop
  endfacet
  facet normal 0 0 -1
    outer loop
      vertex 7.53036 -9.81377 21.34
      vertex 5.10025 -8.83391 21.34
      vertex 5.33513 -7.98459 21.34
    endloop
  endfacet
  facet normal 0 0 -1
    outer loop
      vertex 6.185 -10.7127 21.34
      vertex 4.83804 -9.81059 21.34
      vertex 5.10025 -8.83391 21.34
    endloop
  endfacet
  facet normal 0 -0 -1
    outer loop
      vertex 4.83804 -9.81059 21.34
      vertex 5.4711 -11.0943 21.34
      vertex 4.73378 -11.4284 21.34
    endloop
  endfacet
  facet normal 0.499706 -0.866195 0
    outer loop
      vertex 1.0549 -16.0949 18.43
      vertex 2.04381 -15.5244 21.34
      vertex 1.0549 -16.0949 21.34
    endloop
  endfacet
  facet normal 0.499706 -0.866195 0
    outer loop
      vertex 2.04381 -15.5244 21.34
      vertex 1.0549 -16.0949 18.43
      vertex 2.04381 -15.5244 18.43
    endloop
  endfacet
  facet normal 0.597937 -0.801543 0
    outer loop
      vertex 2.04381 -15.5244 18.43
      vertex 2.95308 -14.8461 21.34
      vertex 2.04381 -15.5244 21.34
    endloop
  endfacet
  facet normal 0.597937 -0.801543 0
    outer loop
      vertex 2.95308 -14.8461 21.34
      vertex 2.04381 -15.5244 18.43
      vertex 2.95308 -14.8461 18.43
    endloop
  endfacet
  facet normal 0.703585 -0.710612 0
    outer loop
      vertex 2.95308 -14.8461 18.43
      vertex 3.76309 -14.0441 21.34
      vertex 2.95308 -14.8461 21.34
    endloop
  endfacet
  facet normal 0.703585 -0.710612 0
    outer loop
      vertex 3.76309 -14.0441 21.34
      vertex 2.95308 -14.8461 18.43
      vertex 3.76309 -14.0441 18.43
    endloop
  endfacet
  facet normal 0.822961 -0.568098 0
    outer loop
      vertex 3.76309 -14.0441 21.34
      vertex 4.43628 -13.0689 18.43
      vertex 4.43628 -13.0689 21.34
    endloop
  endfacet
  facet normal 0.822961 -0.568098 0
    outer loop
      vertex 4.43628 -13.0689 18.43
      vertex 3.76309 -14.0441 21.34
      vertex 3.76309 -14.0441 18.43
    endloop
  endfacet
  facet normal 0.983951 -0.178437 0
    outer loop
      vertex 4.43628 -13.0689 21.34
      vertex 4.73378 -11.4284 18.43
      vertex 4.73378 -11.4284 21.34
    endloop
  endfacet
  facet normal 0.983951 -0.178437 0
    outer loop
      vertex 4.73378 -11.4284 18.43
      vertex 4.43628 -13.0689 21.34
      vertex 4.43628 -13.0689 18.43
    endloop
  endfacet
  facet normal 0.99793 -0.0643117 0
    outer loop
      vertex 4.73378 -11.4284 21.34
      vertex 4.83804 -9.81059 18.43
      vertex 4.83804 -9.81059 21.34
    endloop
  endfacet
  facet normal 0.99793 -0.0643117 0
    outer loop
      vertex 4.83804 -9.81059 18.43
      vertex 4.73378 -11.4284 21.34
      vertex 4.73378 -11.4284 18.43
    endloop
  endfacet
  facet normal 0.9658 -0.259289 0
    outer loop
      vertex 4.83804 -9.81059 21.34
      vertex 5.10025 -8.83391 18.43
      vertex 5.10025 -8.83391 21.34
    endloop
  endfacet
  facet normal 0.9658 -0.259289 0
    outer loop
      vertex 5.10025 -8.83391 18.43
      vertex 4.83804 -9.81059 21.34
      vertex 4.83804 -9.81059 18.43
    endloop
  endfacet
  facet normal 0.963851 -0.26644 0
    outer loop
      vertex 5.33513 -7.98459 21.34
      vertex 5.32645 -8.01599 18.43
      vertex 5.33513 -7.98459 18.43
    endloop
  endfacet
  facet normal 0.963822 -0.266546 1.22233e-06
    outer loop
      vertex 5.10025 -8.83391 21.34
      vertex 5.32645 -8.01599 18.43
      vertex 5.33513 -7.98459 21.34
    endloop
  endfacet
  facet normal 0.963821 -0.26655 0
    outer loop
      vertex 5.32645 -8.01599 18.43
      vertex 5.10025 -8.83391 21.34
      vertex 5.10025 -8.83391 18.43
    endloop
  endfacet
  facet normal 0.970573 -0.240807 0
    outer loop
      vertex 5.33513 -7.98459 21.34
      vertex 5.52856 -7.20497 18.43
      vertex 5.52856 -7.20497 21.34
    endloop
  endfacet
  facet normal 0.970573 -0.240807 0
    outer loop
      vertex 5.52856 -7.20497 18.43
      vertex 5.33513 -7.98459 21.34
      vertex 5.33513 -7.98459 18.43
    endloop
  endfacet
  facet normal 0.979918 -0.199401 0
    outer loop
      vertex 5.52856 -7.20497 21.34
      vertex 5.67735 -6.47377 18.43
      vertex 5.67735 -6.47377 21.34
    endloop
  endfacet
  facet normal 0.979918 -0.199401 0
    outer loop
      vertex 5.67735 -6.47377 18.43
      vertex 5.52856 -7.20497 21.34
      vertex 5.52856 -7.20497 18.43
    endloop
  endfacet
  facet normal 0.98892 -0.148451 0
    outer loop
      vertex 5.67735 -6.47377 21.34
      vertex 5.7813 -5.7813 18.43
      vertex 5.7813 -5.7813 21.34
    endloop
  endfacet
  facet normal 0.98892 -0.148451 0
    outer loop
      vertex 5.7813 -5.7813 18.43
      vertex 5.67735 -6.47377 21.34
      vertex 5.67735 -6.47377 18.43
    endloop
  endfacet
  facet normal 0.148451 -0.98892 0
    outer loop
      vertex 5.7813 -5.7813 18.43
      vertex 6.47377 -5.67735 21.34
      vertex 5.7813 -5.7813 21.34
    endloop
  endfacet
  facet normal 0.148451 -0.98892 0
    outer loop
      vertex 6.47377 -5.67735 21.34
      vertex 5.7813 -5.7813 18.43
      vertex 6.47377 -5.67735 18.43
    endloop
  endfacet
  facet normal 0.199401 -0.979918 0
    outer loop
      vertex 6.47377 -5.67735 18.43
      vertex 7.20497 -5.52856 21.34
      vertex 6.47377 -5.67735 21.34
    endloop
  endfacet
  facet normal 0.199401 -0.979918 0
    outer loop
      vertex 7.20497 -5.52856 21.34
      vertex 6.47377 -5.67735 18.43
      vertex 7.20497 -5.52856 18.43
    endloop
  endfacet
  facet normal 0.240807 -0.970573 0
    outer loop
      vertex 7.20497 -5.52856 18.43
      vertex 7.98459 -5.33513 21.34
      vertex 7.20497 -5.52856 21.34
    endloop
  endfacet
  facet normal 0.240807 -0.970573 0
    outer loop
      vertex 7.98459 -5.33513 21.34
      vertex 7.20497 -5.52856 18.43
      vertex 7.98459 -5.33513 18.43
    endloop
  endfacet
  facet normal 0.266546 -0.963822 0
    outer loop
      vertex 7.98459 -5.33513 18.43
      vertex 8.83391 -5.10025 21.34
      vertex 7.98459 -5.33513 21.34
    endloop
  endfacet
  facet normal 0.266546 -0.963822 0
    outer loop
      vertex 8.83391 -5.10025 21.34
      vertex 7.98459 -5.33513 18.43
      vertex 8.83391 -5.10025 18.43
    endloop
  endfacet
  facet normal 0.259289 -0.9658 0
    outer loop
      vertex 8.83391 -5.10025 18.43
      vertex 9.81059 -4.83804 21.34
      vertex 8.83391 -5.10025 21.34
    endloop
  endfacet
  facet normal 0.259289 -0.9658 0
    outer loop
      vertex 9.81059 -4.83804 21.34
      vertex 8.83391 -5.10025 18.43
      vertex 9.81059 -4.83804 18.43
    endloop
  endfacet
  facet normal 0.0643117 -0.99793 0
    outer loop
      vertex 9.81059 -4.83804 18.43
      vertex 11.4284 -4.73378 21.34
      vertex 9.81059 -4.83804 21.34
    endloop
  endfacet
  facet normal 0.0643117 -0.99793 0
    outer loop
      vertex 11.4284 -4.73378 21.34
      vertex 9.81059 -4.83804 18.43
      vertex 11.4284 -4.73378 18.43
    endloop
  endfacet
  facet normal 0.17844 -0.983951 0
    outer loop
      vertex 12.9024 -4.46647 18.43
      vertex 11.4284 -4.73378 21.34
      vertex 11.4284 -4.73378 18.43
    endloop
  endfacet
  facet normal 0.178437 -0.983951 -1.45412e-06
    outer loop
      vertex 11.4284 -4.73378 21.34
      vertex 12.9024 -4.46647 18.43
      vertex 13.0689 -4.43628 21.34
    endloop
  endfacet
  facet normal 0.178412 -0.983956 0
    outer loop
      vertex 13.0689 -4.43628 21.34
      vertex 12.9024 -4.46647 18.43
      vertex 13.0689 -4.43628 18.43
    endloop
  endfacet
  facet normal 0.568098 -0.822961 0
    outer loop
      vertex 13.0689 -4.43628 18.43
      vertex 14.0441 -3.76309 21.34
      vertex 13.0689 -4.43628 21.34
    endloop
  endfacet
  facet normal 0.568098 -0.822961 0
    outer loop
      vertex 14.0441 -3.76309 21.34
      vertex 13.0689 -4.43628 18.43
      vertex 14.0441 -3.76309 18.43
    endloop
  endfacet
  facet normal 0.710612 -0.703585 0
    outer loop
      vertex 14.0441 -3.76309 21.34
      vertex 14.8461 -2.95308 18.43
      vertex 14.8461 -2.95308 21.34
    endloop
  endfacet
  facet normal 0.710612 -0.703585 0
    outer loop
      vertex 14.8461 -2.95308 18.43
      vertex 14.0441 -3.76309 21.34
      vertex 14.0441 -3.76309 18.43
    endloop
  endfacet
  facet normal 0.801543 -0.597937 0
    outer loop
      vertex 14.8461 -2.95308 21.34
      vertex 15.5244 -2.04381 18.43
      vertex 15.5244 -2.04381 21.34
    endloop
  endfacet
  facet normal 0.801543 -0.597937 0
    outer loop
      vertex 15.5244 -2.04381 18.43
      vertex 14.8461 -2.95308 21.34
      vertex 14.8461 -2.95308 18.43
    endloop
  endfacet
  facet normal 0.866195 -0.499706 0
    outer loop
      vertex 15.5244 -2.04381 21.34
      vertex 16.0949 -1.0549 18.43
      vertex 16.0949 -1.0549 21.34
    endloop
  endfacet
  facet normal 0.866195 -0.499706 0
    outer loop
      vertex 16.0949 -1.0549 18.43
      vertex 15.5244 -2.04381 21.34
      vertex 15.5244 -2.04381 18.43
    endloop
  endfacet
  facet normal 0.913729 -0.406323 0
    outer loop
      vertex 16.0949 -1.0549 21.34
      vertex 16.564 0 18.43
      vertex 16.564 0 21.34
    endloop
  endfacet
  facet normal 0.913729 -0.406323 0
    outer loop
      vertex 16.564 0 18.43
      vertex 16.0949 -1.0549 21.34
      vertex 16.0949 -1.0549 18.43
    endloop
  endfacet
  facet normal 0.913729 0.406323 0
    outer loop
      vertex 16.564 0 21.34
      vertex 16.0949 1.0549 18.43
      vertex 16.0949 1.0549 21.34
    endloop
  endfacet
  facet normal 0.913729 0.406323 0
    outer loop
      vertex 16.0949 1.0549 18.43
      vertex 16.564 0 21.34
      vertex 16.564 0 18.43
    endloop
  endfacet
  facet normal 0.866195 0.499706 0
    outer loop
      vertex 16.0949 1.0549 21.34
      vertex 15.5244 2.04381 18.43
      vertex 15.5244 2.04381 21.34
    endloop
  endfacet
  facet normal 0.866195 0.499706 0
    outer loop
      vertex 15.5244 2.04381 18.43
      vertex 16.0949 1.0549 21.34
      vertex 16.0949 1.0549 18.43
    endloop
  endfacet
  facet normal 0.801543 0.597937 0
    outer loop
      vertex 15.5244 2.04381 21.34
      vertex 14.8461 2.95308 18.43
      vertex 14.8461 2.95308 21.34
    endloop
  endfacet
  facet normal 0.801543 0.597937 0
    outer loop
      vertex 14.8461 2.95308 18.43
      vertex 15.5244 2.04381 21.34
      vertex 15.5244 2.04381 18.43
    endloop
  endfacet
  facet normal 0.710612 0.703585 0
    outer loop
      vertex 14.8461 2.95308 21.34
      vertex 14.0441 3.76309 18.43
      vertex 14.0441 3.76309 21.34
    endloop
  endfacet
  facet normal 0.710612 0.703585 0
    outer loop
      vertex 14.0441 3.76309 18.43
      vertex 14.8461 2.95308 21.34
      vertex 14.8461 2.95308 18.43
    endloop
  endfacet
  facet normal 0.568098 0.822961 -0
    outer loop
      vertex 14.0441 3.76309 18.43
      vertex 13.0689 4.43628 21.34
      vertex 14.0441 3.76309 21.34
    endloop
  endfacet
  facet normal 0.568098 0.822961 0
    outer loop
      vertex 13.0689 4.43628 21.34
      vertex 14.0441 3.76309 18.43
      vertex 13.0689 4.43628 18.43
    endloop
  endfacet
  facet normal 0.178412 0.983956 0
    outer loop
      vertex 12.9024 4.46647 18.43
      vertex 13.0689 4.43628 21.34
      vertex 13.0689 4.43628 18.43
    endloop
  endfacet
  facet normal 0.178437 0.983951 -1.45412e-06
    outer loop
      vertex 13.0689 4.43628 21.34
      vertex 12.9024 4.46647 18.43
      vertex 11.4284 4.73378 21.34
    endloop
  endfacet
  facet normal 0.17844 0.983951 0
    outer loop
      vertex 11.4284 4.73378 21.34
      vertex 12.9024 4.46647 18.43
      vertex 11.4284 4.73378 18.43
    endloop
  endfacet
  facet normal 0.0643117 0.99793 -0
    outer loop
      vertex 11.4284 4.73378 18.43
      vertex 9.81059 4.83804 21.34
      vertex 11.4284 4.73378 21.34
    endloop
  endfacet
  facet normal 0.0643117 0.99793 0
    outer loop
      vertex 9.81059 4.83804 21.34
      vertex 11.4284 4.73378 18.43
      vertex 9.81059 4.83804 18.43
    endloop
  endfacet
  facet normal 0.259289 0.9658 -0
    outer loop
      vertex 9.81059 4.83804 18.43
      vertex 8.83391 5.10025 21.34
      vertex 9.81059 4.83804 21.34
    endloop
  endfacet
  facet normal 0.259289 0.9658 0
    outer loop
      vertex 8.83391 5.10025 21.34
      vertex 9.81059 4.83804 18.43
      vertex 8.83391 5.10025 18.43
    endloop
  endfacet
  facet normal 0.266546 0.963822 -0
    outer loop
      vertex 8.83391 5.10025 18.43
      vertex 7.98459 5.33513 21.34
      vertex 8.83391 5.10025 21.34
    endloop
  endfacet
  facet normal 0.266546 0.963822 0
    outer loop
      vertex 7.98459 5.33513 21.34
      vertex 8.83391 5.10025 18.43
      vertex 7.98459 5.33513 18.43
    endloop
  endfacet
  facet normal 0.240807 0.970573 -0
    outer loop
      vertex 7.98459 5.33513 18.43
      vertex 7.20497 5.52856 21.34
      vertex 7.98459 5.33513 21.34
    endloop
  endfacet
  facet normal 0.240807 0.970573 0
    outer loop
      vertex 7.20497 5.52856 21.34
      vertex 7.98459 5.33513 18.43
      vertex 7.20497 5.52856 18.43
    endloop
  endfacet
  facet normal 0.199401 0.979918 -0
    outer loop
      vertex 7.20497 5.52856 18.43
      vertex 6.47377 5.67735 21.34
      vertex 7.20497 5.52856 21.34
    endloop
  endfacet
  facet normal 0.199401 0.979918 0
    outer loop
      vertex 6.47377 5.67735 21.34
      vertex 7.20497 5.52856 18.43
      vertex 6.47377 5.67735 18.43
    endloop
  endfacet
  facet normal 0.148451 0.98892 -0
    outer loop
      vertex 6.47377 5.67735 18.43
      vertex 5.7813 5.7813 21.34
      vertex 6.47377 5.67735 21.34
    endloop
  endfacet
  facet normal 0.148451 0.98892 0
    outer loop
      vertex 5.7813 5.7813 21.34
      vertex 6.47377 5.67735 18.43
      vertex 5.7813 5.7813 18.43
    endloop
  endfacet
  facet normal 0.98892 0.148451 0
    outer loop
      vertex 5.7813 5.7813 21.34
      vertex 5.67735 6.47377 18.43
      vertex 5.67735 6.47377 21.34
    endloop
  endfacet
  facet normal 0.98892 0.148451 0
    outer loop
      vertex 5.67735 6.47377 18.43
      vertex 5.7813 5.7813 21.34
      vertex 5.7813 5.7813 18.43
    endloop
  endfacet
  facet normal 0.979918 0.199401 0
    outer loop
      vertex 5.67735 6.47377 21.34
      vertex 5.52856 7.20497 18.43
      vertex 5.52856 7.20497 21.34
    endloop
  endfacet
  facet normal 0.979918 0.199401 0
    outer loop
      vertex 5.52856 7.20497 18.43
      vertex 5.67735 6.47377 21.34
      vertex 5.67735 6.47377 18.43
    endloop
  endfacet
  facet normal 0.970573 0.240807 0
    outer loop
      vertex 5.52856 7.20497 21.34
      vertex 5.33513 7.98459 18.43
      vertex 5.33513 7.98459 21.34
    endloop
  endfacet
  facet normal 0.970573 0.240807 0
    outer loop
      vertex 5.33513 7.98459 18.43
      vertex 5.52856 7.20497 21.34
      vertex 5.52856 7.20497 18.43
    endloop
  endfacet
  facet normal 0.963821 0.26655 0
    outer loop
      vertex 5.10025 8.83391 21.34
      vertex 5.32645 8.01599 18.43
      vertex 5.10025 8.83391 18.43
    endloop
  endfacet
  facet normal 0.963822 0.266546 1.22233e-06
    outer loop
      vertex 5.33513 7.98459 21.34
      vertex 5.32645 8.01599 18.43
      vertex 5.10025 8.83391 21.34
    endloop
  endfacet
  facet normal 0.963851 0.26644 0
    outer loop
      vertex 5.32645 8.01599 18.43
      vertex 5.33513 7.98459 21.34
      vertex 5.33513 7.98459 18.43
    endloop
  endfacet
  facet normal 0.9658 0.259289 0
    outer loop
      vertex 5.10025 8.83391 21.34
      vertex 4.83804 9.81059 18.43
      vertex 4.83804 9.81059 21.34
    endloop
  endfacet
  facet normal 0.9658 0.259289 0
    outer loop
      vertex 4.83804 9.81059 18.43
      vertex 5.10025 8.83391 21.34
      vertex 5.10025 8.83391 18.43
    endloop
  endfacet
  facet normal 0.99793 0.0643117 0
    outer loop
      vertex 4.83804 9.81059 21.34
      vertex 4.73378 11.4284 18.43
      vertex 4.73378 11.4284 21.34
    endloop
  endfacet
  facet normal 0.99793 0.0643117 0
    outer loop
      vertex 4.73378 11.4284 18.43
      vertex 4.83804 9.81059 21.34
      vertex 4.83804 9.81059 18.43
    endloop
  endfacet
  facet normal 0.983951 0.178437 0
    outer loop
      vertex 4.73378 11.4284 21.34
      vertex 4.43628 13.0689 18.43
      vertex 4.43628 13.0689 21.34
    endloop
  endfacet
  facet normal 0.983951 0.178437 0
    outer loop
      vertex 4.43628 13.0689 18.43
      vertex 4.73378 11.4284 21.34
      vertex 4.73378 11.4284 18.43
    endloop
  endfacet
  facet normal 0.822961 0.568098 0
    outer loop
      vertex 4.43628 13.0689 21.34
      vertex 3.76309 14.0441 18.43
      vertex 3.76309 14.0441 21.34
    endloop
  endfacet
  facet normal 0.822961 0.568098 0
    outer loop
      vertex 3.76309 14.0441 18.43
      vertex 4.43628 13.0689 21.34
      vertex 4.43628 13.0689 18.43
    endloop
  endfacet
  facet normal 0.703585 0.710612 -0
    outer loop
      vertex 3.76309 14.0441 18.43
      vertex 2.95308 14.8461 21.34
      vertex 3.76309 14.0441 21.34
    endloop
  endfacet
  facet normal 0.703585 0.710612 0
    outer loop
      vertex 2.95308 14.8461 21.34
      vertex 3.76309 14.0441 18.43
      vertex 2.95308 14.8461 18.43
    endloop
  endfacet
  facet normal 0.597937 0.801543 -0
    outer loop
      vertex 2.95308 14.8461 18.43
      vertex 2.04381 15.5244 21.34
      vertex 2.95308 14.8461 21.34
    endloop
  endfacet
  facet normal 0.597937 0.801543 0
    outer loop
      vertex 2.04381 15.5244 21.34
      vertex 2.95308 14.8461 18.43
      vertex 2.04381 15.5244 18.43
    endloop
  endfacet
  facet normal 0.499706 0.866195 -0
    outer loop
      vertex 2.04381 15.5244 18.43
      vertex 1.0549 16.0949 21.34
      vertex 2.04381 15.5244 21.34
    endloop
  endfacet
  facet normal 0.499706 0.866195 0
    outer loop
      vertex 1.0549 16.0949 21.34
      vertex 2.04381 15.5244 18.43
      vertex 1.0549 16.0949 18.43
    endloop
  endfacet
  facet normal 0.406323 0.913729 -0
    outer loop
      vertex 1.0549 16.0949 18.43
      vertex 0 16.564 21.34
      vertex 1.0549 16.0949 21.34
    endloop
  endfacet
  facet normal 0.406323 0.913729 0
    outer loop
      vertex 0 16.564 21.34
      vertex 1.0549 16.0949 18.43
      vertex 0 16.564 18.43
    endloop
  endfacet
  facet normal -0.406323 0.913729 0
    outer loop
      vertex 0 16.564 18.43
      vertex -1.0549 16.0949 21.34
      vertex 0 16.564 21.34
    endloop
  endfacet
  facet normal -0.406323 0.913729 0
    outer loop
      vertex -1.0549 16.0949 21.34
      vertex 0 16.564 18.43
      vertex -1.0549 16.0949 18.43
    endloop
  endfacet
  facet normal -0.499706 0.866195 0
    outer loop
      vertex -1.0549 16.0949 18.43
      vertex -2.04381 15.5244 21.34
      vertex -1.0549 16.0949 21.34
    endloop
  endfacet
  facet normal -0.499706 0.866195 0
    outer loop
      vertex -2.04381 15.5244 21.34
      vertex -1.0549 16.0949 18.43
      vertex -2.04381 15.5244 18.43
    endloop
  endfacet
  facet normal -0.597937 0.801543 0
    outer loop
      vertex -2.04381 15.5244 18.43
      vertex -2.95308 14.8461 21.34
      vertex -2.04381 15.5244 21.34
    endloop
  endfacet
  facet normal -0.597937 0.801543 0
    outer loop
      vertex -2.95308 14.8461 21.34
      vertex -2.04381 15.5244 18.43
      vertex -2.95308 14.8461 18.43
    endloop
  endfacet
  facet normal -0.703585 0.710612 0
    outer loop
      vertex -2.95308 14.8461 18.43
      vertex -3.76309 14.0441 21.34
      vertex -2.95308 14.8461 21.34
    endloop
  endfacet
  facet normal -0.703585 0.710612 0
    outer loop
      vertex -3.76309 14.0441 21.34
      vertex -2.95308 14.8461 18.43
      vertex -3.76309 14.0441 18.43
    endloop
  endfacet
  facet normal -0.822961 0.568098 0
    outer loop
      vertex -4.43628 13.0689 18.43
      vertex -3.76309 14.0441 21.34
      vertex -3.76309 14.0441 18.43
    endloop
  endfacet
  facet normal -0.822961 0.568098 0
    outer loop
      vertex -3.76309 14.0441 21.34
      vertex -4.43628 13.0689 18.43
      vertex -4.43628 13.0689 21.34
    endloop
  endfacet
  facet normal -0.983951 0.178437 0
    outer loop
      vertex -4.73378 11.4284 18.43
      vertex -4.43628 13.0689 21.34
      vertex -4.43628 13.0689 18.43
    endloop
  endfacet
  facet normal -0.983951 0.178437 0
    outer loop
      vertex -4.43628 13.0689 21.34
      vertex -4.73378 11.4284 18.43
      vertex -4.73378 11.4284 21.34
    endloop
  endfacet
  facet normal -0.99793 0.0643117 0
    outer loop
      vertex -4.83804 9.81059 18.43
      vertex -4.73378 11.4284 21.34
      vertex -4.73378 11.4284 18.43
    endloop
  endfacet
  facet normal -0.99793 0.0643117 0
    outer loop
      vertex -4.73378 11.4284 21.34
      vertex -4.83804 9.81059 18.43
      vertex -4.83804 9.81059 21.34
    endloop
  endfacet
  facet normal -0.9658 0.259289 0
    outer loop
      vertex -5.10025 8.83391 18.43
      vertex -4.83804 9.81059 21.34
      vertex -4.83804 9.81059 18.43
    endloop
  endfacet
  facet normal -0.9658 0.259289 0
    outer loop
      vertex -4.83804 9.81059 21.34
      vertex -5.10025 8.83391 18.43
      vertex -5.10025 8.83391 21.34
    endloop
  endfacet
  facet normal -0.963821 0.26655 0
    outer loop
      vertex -5.32645 8.01599 18.43
      vertex -5.10025 8.83391 21.34
      vertex -5.10025 8.83391 18.43
    endloop
  endfacet
  facet normal -0.963851 0.26644 0
    outer loop
      vertex -5.33513 7.98459 21.34
      vertex -5.32645 8.01599 18.43
      vertex -5.33513 7.98459 18.43
    endloop
  endfacet
  facet normal -0.963822 0.266546 1.22233e-06
    outer loop
      vertex -5.32645 8.01599 18.43
      vertex -5.33513 7.98459 21.34
      vertex -5.10025 8.83391 21.34
    endloop
  endfacet
  facet normal -0.970573 0.240807 0
    outer loop
      vertex -5.52856 7.20497 18.43
      vertex -5.33513 7.98459 21.34
      vertex -5.33513 7.98459 18.43
    endloop
  endfacet
  facet normal -0.970573 0.240807 0
    outer loop
      vertex -5.33513 7.98459 21.34
      vertex -5.52856 7.20497 18.43
      vertex -5.52856 7.20497 21.34
    endloop
  endfacet
  facet normal -0.979918 0.199401 0
    outer loop
      vertex -5.67735 6.47377 18.43
      vertex -5.52856 7.20497 21.34
      vertex -5.52856 7.20497 18.43
    endloop
  endfacet
  facet normal -0.979918 0.199401 0
    outer loop
      vertex -5.52856 7.20497 21.34
      vertex -5.67735 6.47377 18.43
      vertex -5.67735 6.47377 21.34
    endloop
  endfacet
  facet normal -0.98892 0.148451 0
    outer loop
      vertex -5.7813 5.7813 18.43
      vertex -5.67735 6.47377 21.34
      vertex -5.67735 6.47377 18.43
    endloop
  endfacet
  facet normal -0.98892 0.148451 0
    outer loop
      vertex -5.67735 6.47377 21.34
      vertex -5.7813 5.7813 18.43
      vertex -5.7813 5.7813 21.34
    endloop
  endfacet
  facet normal -0.148451 0.98892 0
    outer loop
      vertex -5.7813 5.7813 18.43
      vertex -6.47377 5.67735 21.34
      vertex -5.7813 5.7813 21.34
    endloop
  endfacet
  facet normal -0.148451 0.98892 0
    outer loop
      vertex -6.47377 5.67735 21.34
      vertex -5.7813 5.7813 18.43
      vertex -6.47377 5.67735 18.43
    endloop
  endfacet
  facet normal -0.199401 0.979918 0
    outer loop
      vertex -6.47377 5.67735 18.43
      vertex -7.20497 5.52856 21.34
      vertex -6.47377 5.67735 21.34
    endloop
  endfacet
  facet normal -0.199401 0.979918 0
    outer loop
      vertex -7.20497 5.52856 21.34
      vertex -6.47377 5.67735 18.43
      vertex -7.20497 5.52856 18.43
    endloop
  endfacet
  facet normal -0.240807 0.970573 0
    outer loop
      vertex -7.20497 5.52856 18.43
      vertex -7.98459 5.33513 21.34
      vertex -7.20497 5.52856 21.34
    endloop
  endfacet
  facet normal -0.240807 0.970573 0
    outer loop
      vertex -7.98459 5.33513 21.34
      vertex -7.20497 5.52856 18.43
      vertex -7.98459 5.33513 18.43
    endloop
  endfacet
  facet normal -0.266546 0.963822 0
    outer loop
      vertex -7.98459 5.33513 18.43
      vertex -8.83391 5.10025 21.34
      vertex -7.98459 5.33513 21.34
    endloop
  endfacet
  facet normal -0.266546 0.963822 0
    outer loop
      vertex -8.83391 5.10025 21.34
      vertex -7.98459 5.33513 18.43
      vertex -8.83391 5.10025 18.43
    endloop
  endfacet
  facet normal -0.259289 0.9658 0
    outer loop
      vertex -8.83391 5.10025 18.43
      vertex -9.81059 4.83804 21.34
      vertex -8.83391 5.10025 21.34
    endloop
  endfacet
  facet normal -0.259289 0.9658 0
    outer loop
      vertex -9.81059 4.83804 21.34
      vertex -8.83391 5.10025 18.43
      vertex -9.81059 4.83804 18.43
    endloop
  endfacet
  facet normal -0.0643117 0.99793 0
    outer loop
      vertex -9.81059 4.83804 18.43
      vertex -11.4284 4.73378 21.34
      vertex -9.81059 4.83804 21.34
    endloop
  endfacet
  facet normal -0.0643117 0.99793 0
    outer loop
      vertex -11.4284 4.73378 21.34
      vertex -9.81059 4.83804 18.43
      vertex -11.4284 4.73378 18.43
    endloop
  endfacet
  facet normal -0.17844 0.983951 0
    outer loop
      vertex -12.9024 4.46647 18.43
      vertex -11.4284 4.73378 21.34
      vertex -11.4284 4.73378 18.43
    endloop
  endfacet
  facet normal -0.178437 0.983951 -1.45412e-06
    outer loop
      vertex -11.4284 4.73378 21.34
      vertex -12.9024 4.46647 18.43
      vertex -13.0689 4.43628 21.34
    endloop
  endfacet
  facet normal -0.178412 0.983956 0
    outer loop
      vertex -13.0689 4.43628 21.34
      vertex -12.9024 4.46647 18.43
      vertex -13.0689 4.43628 18.43
    endloop
  endfacet
  facet normal -0.568098 0.822961 0
    outer loop
      vertex -13.0689 4.43628 18.43
      vertex -14.0441 3.76309 21.34
      vertex -13.0689 4.43628 21.34
    endloop
  endfacet
  facet normal -0.568098 0.822961 0
    outer loop
      vertex -14.0441 3.76309 21.34
      vertex -13.0689 4.43628 18.43
      vertex -14.0441 3.76309 18.43
    endloop
  endfacet
  facet normal -0.710612 0.703585 0
    outer loop
      vertex -14.8461 2.95308 18.43
      vertex -14.0441 3.76309 21.34
      vertex -14.0441 3.76309 18.43
    endloop
  endfacet
  facet normal -0.710612 0.703585 0
    outer loop
      vertex -14.0441 3.76309 21.34
      vertex -14.8461 2.95308 18.43
      vertex -14.8461 2.95308 21.34
    endloop
  endfacet
  facet normal -0.801543 0.597937 0
    outer loop
      vertex -15.5244 2.04381 18.43
      vertex -14.8461 2.95308 21.34
      vertex -14.8461 2.95308 18.43
    endloop
  endfacet
  facet normal -0.801543 0.597937 0
    outer loop
      vertex -14.8461 2.95308 21.34
      vertex -15.5244 2.04381 18.43
      vertex -15.5244 2.04381 21.34
    endloop
  endfacet
  facet normal -0.866195 0.499706 0
    outer loop
      vertex -16.0949 1.0549 18.43
      vertex -15.5244 2.04381 21.34
      vertex -15.5244 2.04381 18.43
    endloop
  endfacet
  facet normal -0.866195 0.499706 0
    outer loop
      vertex -15.5244 2.04381 21.34
      vertex -16.0949 1.0549 18.43
      vertex -16.0949 1.0549 21.34
    endloop
  endfacet
  facet normal -0.913729 0.406323 0
    outer loop
      vertex -16.564 0 18.43
      vertex -16.0949 1.0549 21.34
      vertex -16.0949 1.0549 18.43
    endloop
  endfacet
  facet normal -0.913729 0.406323 0
    outer loop
      vertex -16.0949 1.0549 21.34
      vertex -16.564 0 18.43
      vertex -16.564 0 21.34
    endloop
  endfacet
  facet normal -0.913729 -0.406323 0
    outer loop
      vertex -16.0949 -1.0549 18.43
      vertex -16.564 0 21.34
      vertex -16.564 0 18.43
    endloop
  endfacet
  facet normal -0.913729 -0.406323 0
    outer loop
      vertex -16.564 0 21.34
      vertex -16.0949 -1.0549 18.43
      vertex -16.0949 -1.0549 21.34
    endloop
  endfacet
  facet normal -0.866195 -0.499706 0
    outer loop
      vertex -15.5244 -2.04381 18.43
      vertex -16.0949 -1.0549 21.34
      vertex -16.0949 -1.0549 18.43
    endloop
  endfacet
  facet normal -0.866195 -0.499706 0
    outer loop
      vertex -16.0949 -1.0549 21.34
      vertex -15.5244 -2.04381 18.43
      vertex -15.5244 -2.04381 21.34
    endloop
  endfacet
  facet normal -0.801543 -0.597937 0
    outer loop
      vertex -14.8461 -2.95308 18.43
      vertex -15.5244 -2.04381 21.34
      vertex -15.5244 -2.04381 18.43
    endloop
  endfacet
  facet normal -0.801543 -0.597937 0
    outer loop
      vertex -15.5244 -2.04381 21.34
      vertex -14.8461 -2.95308 18.43
      vertex -14.8461 -2.95308 21.34
    endloop
  endfacet
  facet normal -0.710612 -0.703585 0
    outer loop
      vertex -14.0441 -3.76309 18.43
      vertex -14.8461 -2.95308 21.34
      vertex -14.8461 -2.95308 18.43
    endloop
  endfacet
  facet normal -0.710612 -0.703585 0
    outer loop
      vertex -14.8461 -2.95308 21.34
      vertex -14.0441 -3.76309 18.43
      vertex -14.0441 -3.76309 21.34
    endloop
  endfacet
  facet normal -0.568098 -0.822961 0
    outer loop
      vertex -14.0441 -3.76309 18.43
      vertex -13.0689 -4.43628 21.34
      vertex -14.0441 -3.76309 21.34
    endloop
  endfacet
  facet normal -0.568098 -0.822961 -0
    outer loop
      vertex -13.0689 -4.43628 21.34
      vertex -14.0441 -3.76309 18.43
      vertex -13.0689 -4.43628 18.43
    endloop
  endfacet
  facet normal -0.178412 -0.983956 0
    outer loop
      vertex -12.9024 -4.46647 18.43
      vertex -13.0689 -4.43628 21.34
      vertex -13.0689 -4.43628 18.43
    endloop
  endfacet
  facet normal -0.178437 -0.983951 -1.45412e-06
    outer loop
      vertex -13.0689 -4.43628 21.34
      vertex -12.9024 -4.46647 18.43
      vertex -11.4284 -4.73378 21.34
    endloop
  endfacet
  facet normal -0.17844 -0.983951 -0
    outer loop
      vertex -11.4284 -4.73378 21.34
      vertex -12.9024 -4.46647 18.43
      vertex -11.4284 -4.73378 18.43
    endloop
  endfacet
  facet normal -0.0643117 -0.99793 0
    outer loop
      vertex -11.4284 -4.73378 18.43
      vertex -9.81059 -4.83804 21.34
      vertex -11.4284 -4.73378 21.34
    endloop
  endfacet
  facet normal -0.0643117 -0.99793 -0
    outer loop
      vertex -9.81059 -4.83804 21.34
      vertex -11.4284 -4.73378 18.43
      vertex -9.81059 -4.83804 18.43
    endloop
  endfacet
  facet normal -0.259289 -0.9658 0
    outer loop
      vertex -9.81059 -4.83804 18.43
      vertex -8.83391 -5.10025 21.34
      vertex -9.81059 -4.83804 21.34
    endloop
  endfacet
  facet normal -0.259289 -0.9658 -0
    outer loop
      vertex -8.83391 -5.10025 21.34
      vertex -9.81059 -4.83804 18.43
      vertex -8.83391 -5.10025 18.43
    endloop
  endfacet
  facet normal -0.266546 -0.963822 0
    outer loop
      vertex -8.83391 -5.10025 18.43
      vertex -7.98459 -5.33513 21.34
      vertex -8.83391 -5.10025 21.34
    endloop
  endfacet
  facet normal -0.266546 -0.963822 -0
    outer loop
      vertex -7.98459 -5.33513 21.34
      vertex -8.83391 -5.10025 18.43
      vertex -7.98459 -5.33513 18.43
    endloop
  endfacet
  facet normal -0.240807 -0.970573 0
    outer loop
      vertex -7.98459 -5.33513 18.43
      vertex -7.20497 -5.52856 21.34
      vertex -7.98459 -5.33513 21.34
    endloop
  endfacet
  facet normal -0.240807 -0.970573 -0
    outer loop
      vertex -7.20497 -5.52856 21.34
      vertex -7.98459 -5.33513 18.43
      vertex -7.20497 -5.52856 18.43
    endloop
  endfacet
  facet normal -0.199401 -0.979918 0
    outer loop
      vertex -7.20497 -5.52856 18.43
      vertex -6.47377 -5.67735 21.34
      vertex -7.20497 -5.52856 21.34
    endloop
  endfacet
  facet normal -0.199401 -0.979918 -0
    outer loop
      vertex -6.47377 -5.67735 21.34
      vertex -7.20497 -5.52856 18.43
      vertex -6.47377 -5.67735 18.43
    endloop
  endfacet
  facet normal -0.148451 -0.98892 0
    outer loop
      vertex -6.47377 -5.67735 18.43
      vertex -5.7813 -5.7813 21.34
      vertex -6.47377 -5.67735 21.34
    endloop
  endfacet
  facet normal -0.148451 -0.98892 -0
    outer loop
      vertex -5.7813 -5.7813 21.34
      vertex -6.47377 -5.67735 18.43
      vertex -5.7813 -5.7813 18.43
    endloop
  endfacet
  facet normal -0.98892 -0.148451 0
    outer loop
      vertex -5.67735 -6.47377 18.43
      vertex -5.7813 -5.7813 21.34
      vertex -5.7813 -5.7813 18.43
    endloop
  endfacet
  facet normal -0.98892 -0.148451 0
    outer loop
      vertex -5.7813 -5.7813 21.34
      vertex -5.67735 -6.47377 18.43
      vertex -5.67735 -6.47377 21.34
    endloop
  endfacet
  facet normal -0.979918 -0.199401 0
    outer loop
      vertex -5.52856 -7.20497 18.43
      vertex -5.67735 -6.47377 21.34
      vertex -5.67735 -6.47377 18.43
    endloop
  endfacet
  facet normal -0.979918 -0.199401 0
    outer loop
      vertex -5.67735 -6.47377 21.34
      vertex -5.52856 -7.20497 18.43
      vertex -5.52856 -7.20497 21.34
    endloop
  endfacet
  facet normal -0.970573 -0.240807 0
    outer loop
      vertex -5.33513 -7.98459 18.43
      vertex -5.52856 -7.20497 21.34
      vertex -5.52856 -7.20497 18.43
    endloop
  endfacet
  facet normal -0.970573 -0.240807 0
    outer loop
      vertex -5.52856 -7.20497 21.34
      vertex -5.33513 -7.98459 18.43
      vertex -5.33513 -7.98459 21.34
    endloop
  endfacet
  facet normal -0.963851 -0.26644 0
    outer loop
      vertex -5.32645 -8.01599 18.43
      vertex -5.33513 -7.98459 21.34
      vertex -5.33513 -7.98459 18.43
    endloop
  endfacet
  facet normal -0.963821 -0.26655 -0
    outer loop
      vertex -5.10025 -8.83391 21.34
      vertex -5.32645 -8.01599 18.43
      vertex -5.10025 -8.83391 18.43
    endloop
  endfacet
  facet normal -0.963822 -0.266546 1.22233e-06
    outer loop
      vertex -5.32645 -8.01599 18.43
      vertex -5.10025 -8.83391 21.34
      vertex -5.33513 -7.98459 21.34
    endloop
  endfacet
  facet normal -0.9658 -0.259289 0
    outer loop
      vertex -4.83804 -9.81059 18.43
      vertex -5.10025 -8.83391 21.34
      vertex -5.10025 -8.83391 18.43
    endloop
  endfacet
  facet normal -0.9658 -0.259289 0
    outer loop
      vertex -5.10025 -8.83391 21.34
      vertex -4.83804 -9.81059 18.43
      vertex -4.83804 -9.81059 21.34
    endloop
  endfacet
  facet normal -0.99793 -0.0643117 0
    outer loop
      vertex -4.73378 -11.4284 18.43
      vertex -4.83804 -9.81059 21.34
      vertex -4.83804 -9.81059 18.43
    endloop
  endfacet
  facet normal -0.99793 -0.0643117 0
    outer loop
      vertex -4.83804 -9.81059 21.34
      vertex -4.73378 -11.4284 18.43
      vertex -4.73378 -11.4284 21.34
    endloop
  endfacet
  facet normal -0.983951 -0.178437 0
    outer loop
      vertex -4.43628 -13.0689 18.43
      vertex -4.73378 -11.4284 21.34
      vertex -4.73378 -11.4284 18.43
    endloop
  endfacet
  facet normal -0.983951 -0.178437 0
    outer loop
      vertex -4.73378 -11.4284 21.34
      vertex -4.43628 -13.0689 18.43
      vertex -4.43628 -13.0689 21.34
    endloop
  endfacet
  facet normal -0.822961 -0.568098 0
    outer loop
      vertex -3.76309 -14.0441 18.43
      vertex -4.43628 -13.0689 21.34
      vertex -4.43628 -13.0689 18.43
    endloop
  endfacet
  facet normal -0.822961 -0.568098 0
    outer loop
      vertex -4.43628 -13.0689 21.34
      vertex -3.76309 -14.0441 18.43
      vertex -3.76309 -14.0441 21.34
    endloop
  endfacet
  facet normal -0.703585 -0.710612 0
    outer loop
      vertex -3.76309 -14.0441 18.43
      vertex -2.95308 -14.8461 21.34
      vertex -3.76309 -14.0441 21.34
    endloop
  endfacet
  facet normal -0.703585 -0.710612 -0
    outer loop
      vertex -2.95308 -14.8461 21.34
      vertex -3.76309 -14.0441 18.43
      vertex -2.95308 -14.8461 18.43
    endloop
  endfacet
  facet normal -0.597937 -0.801543 0
    outer loop
      vertex -2.95308 -14.8461 18.43
      vertex -2.04381 -15.5244 21.34
      vertex -2.95308 -14.8461 21.34
    endloop
  endfacet
  facet normal -0.597937 -0.801543 -0
    outer loop
      vertex -2.04381 -15.5244 21.34
      vertex -2.95308 -14.8461 18.43
      vertex -2.04381 -15.5244 18.43
    endloop
  endfacet
  facet normal -0.499706 -0.866195 0
    outer loop
      vertex -2.04381 -15.5244 18.43
      vertex -1.0549 -16.0949 21.34
      vertex -2.04381 -15.5244 21.34
    endloop
  endfacet
  facet normal -0.499706 -0.866195 -0
    outer loop
      vertex -1.0549 -16.0949 21.34
      vertex -2.04381 -15.5244 18.43
      vertex -1.0549 -16.0949 18.43
    endloop
  endfacet
  facet normal -0.406323 -0.913729 0
    outer loop
      vertex -1.0549 -16.0949 18.43
      vertex 0 -16.564 21.34
      vertex -1.0549 -16.0949 21.34
    endloop
  endfacet
  facet normal -0.406323 -0.913729 -0
    outer loop
      vertex 0 -16.564 21.34
      vertex -1.0549 -16.0949 18.43
      vertex 0 -16.564 18.43
    endloop
  endfacet
  facet normal 0.406323 -0.913729 0
    outer loop
      vertex 0 -16.564 18.43
      vertex 1.0549 -16.0949 21.34
      vertex 0 -16.564 21.34
    endloop
  endfacet
  facet normal 0.406323 -0.913729 0
    outer loop
      vertex 1.0549 -16.0949 21.34
      vertex 0 -16.564 18.43
      vertex 1.0549 -16.0949 18.43
    endloop
  endfacet
  facet normal 0.99519 -0.0979656 0
    outer loop
      vertex 12.2642 -1.61461 24.25
      vertex 12.3435 -0.809036 21.34
      vertex 12.3435 -0.809036 24.25
    endloop
  endfacet
  facet normal 0.99519 -0.0979656 0
    outer loop
      vertex 12.3435 -0.809036 21.34
      vertex 12.2642 -1.61461 24.25
      vertex 12.2642 -1.61461 21.34
    endloop
  endfacet
  facet normal 0.99519 0.0979656 0
    outer loop
      vertex 12.3435 0.809036 24.25
      vertex 12.2642 1.61461 21.34
      vertex 12.2642 1.61461 24.25
    endloop
  endfacet
  facet normal 0.99519 0.0979656 0
    outer loop
      vertex 12.2642 1.61461 21.34
      vertex 12.3435 0.809036 24.25
      vertex 12.3435 0.809036 21.34
    endloop
  endfacet
  facet normal 0.97388 0.227061 0
    outer loop
      vertex 12.1323 2.41325 24.25
      vertex 11.9485 3.20158 21.34
      vertex 11.9485 3.20158 24.25
    endloop
  endfacet
  facet normal 0.97388 0.227061 0
    outer loop
      vertex 11.9485 3.20158 21.34
      vertex 12.1323 2.41325 24.25
      vertex 12.1323 2.41325 21.34
    endloop
  endfacet
  facet normal 0.986635 0.162948 0
    outer loop
      vertex 12.2642 1.61461 24.25
      vertex 12.1323 2.41325 21.34
      vertex 12.1323 2.41325 24.25
    endloop
  endfacet
  facet normal 0.986635 0.162948 0
    outer loop
      vertex 12.1323 2.41325 21.34
      vertex 12.2642 1.61461 24.25
      vertex 12.2642 1.61461 21.34
    endloop
  endfacet
  facet normal -0.986635 -0.162948 0
    outer loop
      vertex -12.1323 -2.41325 21.34
      vertex -12.2642 -1.61461 24.25
      vertex -12.2642 -1.61461 21.34
    endloop
  endfacet
  facet normal -0.986635 -0.162948 0
    outer loop
      vertex -12.2642 -1.61461 24.25
      vertex -12.1323 -2.41325 21.34
      vertex -12.1323 -2.41325 24.25
    endloop
  endfacet
  facet normal 0.986635 -0.162948 0
    outer loop
      vertex 12.1323 -2.41325 24.25
      vertex 12.2642 -1.61461 21.34
      vertex 12.2642 -1.61461 24.25
    endloop
  endfacet
  facet normal 0.986635 -0.162948 0
    outer loop
      vertex 12.2642 -1.61461 21.34
      vertex 12.1323 -2.41325 24.25
      vertex 12.1323 -2.41325 21.34
    endloop
  endfacet
  facet normal -0.956933 0.290309 0
    outer loop
      vertex -11.9485 3.20158 21.34
      vertex -11.7135 3.9762 24.25
      vertex -11.7135 3.9762 21.34
    endloop
  endfacet
  facet normal -0.956933 0.290309 0
    outer loop
      vertex -11.7135 3.9762 24.25
      vertex -11.9485 3.20158 21.34
      vertex -11.9485 3.20158 24.25
    endloop
  endfacet
  facet normal 0.956933 0.290309 0
    outer loop
      vertex 11.9485 3.20158 24.25
      vertex 11.7135 3.9762 21.34
      vertex 11.7135 3.9762 24.25
    endloop
  endfacet
  facet normal 0.956933 0.290309 0
    outer loop
      vertex 11.7135 3.9762 21.34
      vertex 11.9485 3.20158 24.25
      vertex 11.9485 3.20158 21.34
    endloop
  endfacet
  facet normal 0.935919 0.352214 0
    outer loop
      vertex 11.7135 3.9762 24.25
      vertex 11.4284 4.73378 21.34
      vertex 11.4284 4.73378 24.25
    endloop
  endfacet
  facet normal 0.935919 0.352214 0
    outer loop
      vertex 11.4284 4.73378 21.34
      vertex 11.7135 3.9762 24.25
      vertex 11.7135 3.9762 21.34
    endloop
  endfacet
  facet normal -0.0327375 -0.999464 0
    outer loop
      vertex -0.809036 -12.3435 21.34
      vertex 0 -12.37 24.25
      vertex -0.809036 -12.3435 24.25
    endloop
  endfacet
  facet normal -0.0327375 -0.999464 -0
    outer loop
      vertex 0 -12.37 24.25
      vertex -0.809036 -12.3435 21.34
      vertex 0 -12.37 21.34
    endloop
  endfacet
  facet normal 0.999464 -0.0327375 0
    outer loop
      vertex 12.3435 -0.809036 24.25
      vertex 12.37 0 21.34
      vertex 12.37 0 24.25
    endloop
  endfacet
  facet normal 0.999464 -0.0327375 0
    outer loop
      vertex 12.37 0 21.34
      vertex 12.3435 -0.809036 24.25
      vertex 12.3435 -0.809036 21.34
    endloop
  endfacet
  facet normal 0.97388 -0.227061 0
    outer loop
      vertex 11.9485 -3.20158 24.25
      vertex 12.1323 -2.41325 21.34
      vertex 12.1323 -2.41325 24.25
    endloop
  endfacet
  facet normal 0.97388 -0.227061 0
    outer loop
      vertex 12.1323 -2.41325 21.34
      vertex 11.9485 -3.20158 24.25
      vertex 11.9485 -3.20158 21.34
    endloop
  endfacet
  facet normal 0.956933 -0.290309 0
    outer loop
      vertex 11.7135 -3.9762 24.25
      vertex 11.9485 -3.20158 21.34
      vertex 11.9485 -3.20158 24.25
    endloop
  endfacet
  facet normal 0.956933 -0.290309 0
    outer loop
      vertex 11.9485 -3.20158 21.34
      vertex 11.7135 -3.9762 24.25
      vertex 11.7135 -3.9762 21.34
    endloop
  endfacet
  facet normal 0.683596 -0.729861 0
    outer loop
      vertex 8.1561 -9.30025 21.34
      vertex 8.7469 -8.7469 24.25
      vertex 8.1561 -9.30025 24.25
    endloop
  endfacet
  facet normal 0.683596 -0.729861 0
    outer loop
      vertex 8.7469 -8.7469 24.25
      vertex 8.1561 -9.30025 21.34
      vertex 8.7469 -8.7469 21.34
    endloop
  endfacet
  facet normal -0.227061 -0.97388 0
    outer loop
      vertex -3.20158 -11.9485 21.34
      vertex -2.41325 -12.1323 24.25
      vertex -3.20158 -11.9485 24.25
    endloop
  endfacet
  facet normal -0.227061 -0.97388 -0
    outer loop
      vertex -2.41325 -12.1323 24.25
      vertex -3.20158 -11.9485 21.34
      vertex -2.41325 -12.1323 21.34
    endloop
  endfacet
  facet normal -0.881915 0.471409 0
    outer loop
      vertex -11.0943 5.4711 21.34
      vertex -10.7127 6.185 24.25
      vertex -10.7127 6.185 21.34
    endloop
  endfacet
  facet normal -0.881915 0.471409 0
    outer loop
      vertex -10.7127 6.185 24.25
      vertex -11.0943 5.4711 21.34
      vertex -11.0943 5.4711 24.25
    endloop
  endfacet
  facet normal -0.812826 0.582507 0
    outer loop
      vertex -10.2853 6.87239 21.34
      vertex -9.81377 7.53036 24.25
      vertex -9.81377 7.53036 21.34
    endloop
  endfacet
  facet normal -0.812826 0.582507 0
    outer loop
      vertex -9.81377 7.53036 24.25
      vertex -10.2853 6.87239 21.34
      vertex -10.2853 6.87239 24.25
    endloop
  endfacet
  facet normal 0.999464 0.0327375 0
    outer loop
      vertex 12.37 0 24.25
      vertex 12.3435 0.809036 21.34
      vertex 12.3435 0.809036 24.25
    endloop
  endfacet
  facet normal 0.999464 0.0327375 0
    outer loop
      vertex 12.3435 0.809036 21.34
      vertex 12.37 0 24.25
      vertex 12.37 0 21.34
    endloop
  endfacet
  facet normal -0.0327375 0.999464 0
    outer loop
      vertex 0 12.37 21.34
      vertex -0.809036 12.3435 24.25
      vertex 0 12.37 24.25
    endloop
  endfacet
  facet normal -0.0327375 0.999464 0
    outer loop
      vertex -0.809036 12.3435 24.25
      vertex 0 12.37 21.34
      vertex -0.809036 12.3435 21.34
    endloop
  endfacet
  facet normal 0.162948 0.986635 -0
    outer loop
      vertex 2.41325 12.1323 21.34
      vertex 1.61461 12.2642 24.25
      vertex 2.41325 12.1323 24.25
    endloop
  endfacet
  facet normal 0.162948 0.986635 0
    outer loop
      vertex 1.61461 12.2642 24.25
      vertex 2.41325 12.1323 21.34
      vertex 1.61461 12.2642 21.34
    endloop
  endfacet
  facet normal 0.773017 0.634385 0
    outer loop
      vertex 9.81377 7.53036 24.25
      vertex 9.30025 8.1561 21.34
      vertex 9.30025 8.1561 24.25
    endloop
  endfacet
  facet normal 0.773017 0.634385 0
    outer loop
      vertex 9.30025 8.1561 21.34
      vertex 9.81377 7.53036 24.25
      vertex 9.81377 7.53036 21.34
    endloop
  endfacet
  facet normal 0.412732 -0.910852 0
    outer loop
      vertex 4.73378 -11.4284 21.34
      vertex 5.4711 -11.0943 24.25
      vertex 4.73378 -11.4284 24.25
    endloop
  endfacet
  facet normal 0.412732 -0.910852 0
    outer loop
      vertex 5.4711 -11.0943 24.25
      vertex 4.73378 -11.4284 21.34
      vertex 5.4711 -11.0943 21.34
    endloop
  endfacet
  facet normal 0.528026 -0.849228 0
    outer loop
      vertex 6.185 -10.7127 21.34
      vertex 6.87239 -10.2853 24.25
      vertex 6.185 -10.7127 24.25
    endloop
  endfacet
  facet normal 0.528026 -0.849228 0
    outer loop
      vertex 6.87239 -10.2853 24.25
      vertex 6.185 -10.7127 21.34
      vertex 6.87239 -10.2853 21.34
    endloop
  endfacet
  facet normal 0.634385 -0.773017 0
    outer loop
      vertex 7.53036 -9.81377 21.34
      vertex 8.1561 -9.30025 24.25
      vertex 7.53036 -9.81377 24.25
    endloop
  endfacet
  facet normal 0.634385 -0.773017 0
    outer loop
      vertex 8.1561 -9.30025 24.25
      vertex 7.53036 -9.81377 21.34
      vertex 8.1561 -9.30025 21.34
    endloop
  endfacet
  facet normal -0.412732 -0.910852 0
    outer loop
      vertex -5.4711 -11.0943 21.34
      vertex -4.73378 -11.4284 24.25
      vertex -5.4711 -11.0943 24.25
    endloop
  endfacet
  facet normal -0.412732 -0.910852 -0
    outer loop
      vertex -4.73378 -11.4284 24.25
      vertex -5.4711 -11.0943 21.34
      vertex -4.73378 -11.4284 21.34
    endloop
  endfacet
  facet normal 0.0327375 -0.999464 0
    outer loop
      vertex 0 -12.37 21.34
      vertex 0.809036 -12.3435 24.25
      vertex 0 -12.37 24.25
    endloop
  endfacet
  facet normal 0.0327375 -0.999464 0
    outer loop
      vertex 0.809036 -12.3435 24.25
      vertex 0 -12.37 21.34
      vertex 0.809036 -12.3435 21.34
    endloop
  endfacet
  facet normal -0.0979656 0.99519 0
    outer loop
      vertex -0.809036 12.3435 21.34
      vertex -1.61461 12.2642 24.25
      vertex -0.809036 12.3435 24.25
    endloop
  endfacet
  facet normal -0.0979656 0.99519 0
    outer loop
      vertex -1.61461 12.2642 24.25
      vertex -0.809036 12.3435 21.34
      vertex -1.61461 12.2642 21.34
    endloop
  endfacet
  facet normal -0.849228 0.528026 0
    outer loop
      vertex -10.7127 6.185 21.34
      vertex -10.2853 6.87239 24.25
      vertex -10.2853 6.87239 21.34
    endloop
  endfacet
  facet normal -0.849228 0.528026 0
    outer loop
      vertex -10.2853 6.87239 24.25
      vertex -10.7127 6.185 21.34
      vertex -10.7127 6.185 24.25
    endloop
  endfacet
  facet normal -0.935919 0.352214 0
    outer loop
      vertex -11.7135 3.9762 21.34
      vertex -11.4284 4.73378 24.25
      vertex -11.4284 4.73378 21.34
    endloop
  endfacet
  facet normal -0.935919 0.352214 0
    outer loop
      vertex -11.4284 4.73378 24.25
      vertex -11.7135 3.9762 21.34
      vertex -11.7135 3.9762 24.25
    endloop
  endfacet
  facet normal -0.910852 0.412732 0
    outer loop
      vertex -11.4284 4.73378 21.34
      vertex -11.0943 5.4711 24.25
      vertex -11.0943 5.4711 21.34
    endloop
  endfacet
  facet normal -0.910852 0.412732 0
    outer loop
      vertex -11.0943 5.4711 24.25
      vertex -11.4284 4.73378 21.34
      vertex -11.4284 4.73378 24.25
    endloop
  endfacet
  facet normal -0.99519 0.0979656 0
    outer loop
      vertex -12.3435 0.809036 21.34
      vertex -12.2642 1.61461 24.25
      vertex -12.2642 1.61461 21.34
    endloop
  endfacet
  facet normal -0.99519 0.0979656 0
    outer loop
      vertex -12.2642 1.61461 24.25
      vertex -12.3435 0.809036 21.34
      vertex -12.3435 0.809036 24.25
    endloop
  endfacet
  facet normal -0.97388 0.227061 0
    outer loop
      vertex -12.1323 2.41325 21.34
      vertex -11.9485 3.20158 24.25
      vertex -11.9485 3.20158 21.34
    endloop
  endfacet
  facet normal -0.97388 0.227061 0
    outer loop
      vertex -11.9485 3.20158 24.25
      vertex -12.1323 2.41325 21.34
      vertex -12.1323 2.41325 24.25
    endloop
  endfacet
  facet normal -0.999464 0.0327375 0
    outer loop
      vertex -12.37 0 21.34
      vertex -12.3435 0.809036 24.25
      vertex -12.3435 0.809036 21.34
    endloop
  endfacet
  facet normal -0.999464 0.0327375 0
    outer loop
      vertex -12.3435 0.809036 24.25
      vertex -12.37 0 21.34
      vertex -12.37 0 24.25
    endloop
  endfacet
  facet normal 0 0 1
    outer loop
      vertex 12.3435 0.809036 24.25
      vertex 12.3435 -0.809036 24.25
      vertex 12.37 0 24.25
    endloop
  endfacet
  facet normal 0 0 1
    outer loop
      vertex 12.2642 1.61461 24.25
      vertex 12.3435 -0.809036 24.25
      vertex 12.3435 0.809036 24.25
    endloop
  endfacet
  facet normal 0 0 1
    outer loop
      vertex 12.2642 1.61461 24.25
      vertex 12.2642 -1.61461 24.25
      vertex 12.3435 -0.809036 24.25
    endloop
  endfacet
  facet normal 0 0 1
    outer loop
      vertex 12.1323 2.41325 24.25
      vertex 12.2642 -1.61461 24.25
      vertex 12.2642 1.61461 24.25
    endloop
  endfacet
  facet normal 0 0 1
    outer loop
      vertex 12.1323 2.41325 24.25
      vertex 12.1323 -2.41325 24.25
      vertex 12.2642 -1.61461 24.25
    endloop
  endfacet
  facet normal 0 0 1
    outer loop
      vertex 11.9485 3.20158 24.25
      vertex 12.1323 -2.41325 24.25
      vertex 12.1323 2.41325 24.25
    endloop
  endfacet
  facet normal 0 0 1
    outer loop
      vertex 11.9485 3.20158 24.25
      vertex 11.9485 -3.20158 24.25
      vertex 12.1323 -2.41325 24.25
    endloop
  endfacet
  facet normal 0 0 1
    outer loop
      vertex 11.7135 3.9762 24.25
      vertex 11.9485 -3.20158 24.25
      vertex 11.9485 3.20158 24.25
    endloop
  endfacet
  facet normal 0 0 1
    outer loop
      vertex 11.7135 3.9762 24.25
      vertex 11.7135 -3.9762 24.25
      vertex 11.9485 -3.20158 24.25
    endloop
  endfacet
  facet normal 0 0 1
    outer loop
      vertex 11.4284 4.73378 24.25
      vertex 11.7135 -3.9762 24.25
      vertex 11.7135 3.9762 24.25
    endloop
  endfacet
  facet normal 0 0 1
    outer loop
      vertex 11.4284 4.73378 24.25
      vertex 11.4284 -4.73378 24.25
      vertex 11.7135 -3.9762 24.25
    endloop
  endfacet
  facet normal 0 0 1
    outer loop
      vertex 11.0943 5.4711 24.25
      vertex 11.4284 -4.73378 24.25
      vertex 11.4284 4.73378 24.25
    endloop
  endfacet
  facet normal 0 0 1
    outer loop
      vertex 11.0943 5.4711 24.25
      vertex 11.0943 -5.4711 24.25
      vertex 11.4284 -4.73378 24.25
    endloop
  endfacet
  facet normal 0 0 1
    outer loop
      vertex 10.7127 6.185 24.25
      vertex 11.0943 -5.4711 24.25
      vertex 11.0943 5.4711 24.25
    endloop
  endfacet
  facet normal 0 0 1
    outer loop
      vertex 10.7127 6.185 24.25
      vertex 10.7127 -6.185 24.25
      vertex 11.0943 -5.4711 24.25
    endloop
  endfacet
  facet normal 0 0 1
    outer loop
      vertex 10.2853 6.87239 24.25
      vertex 10.7127 -6.185 24.25
      vertex 10.7127 6.185 24.25
    endloop
  endfacet
  facet normal 0 0 1
    outer loop
      vertex 10.2853 6.87239 24.25
      vertex 10.2853 -6.87239 24.25
      vertex 10.7127 -6.185 24.25
    endloop
  endfacet
  facet normal 0 0 1
    outer loop
      vertex 9.81377 7.53036 24.25
      vertex 10.2853 -6.87239 24.25
      vertex 10.2853 6.87239 24.25
    endloop
  endfacet
  facet normal 0 0 1
    outer loop
      vertex 9.81377 7.53036 24.25
      vertex 9.81377 -7.53036 24.25
      vertex 10.2853 -6.87239 24.25
    endloop
  endfacet
  facet normal 0 0 1
    outer loop
      vertex 9.30025 8.1561 24.25
      vertex 9.81377 -7.53036 24.25
      vertex 9.81377 7.53036 24.25
    endloop
  endfacet
  facet normal 0 0 1
    outer loop
      vertex 9.30025 8.1561 24.25
      vertex 9.30025 -8.1561 24.25
      vertex 9.81377 -7.53036 24.25
    endloop
  endfacet
  facet normal 0 0 1
    outer loop
      vertex 8.7469 8.7469 24.25
      vertex 9.30025 -8.1561 24.25
      vertex 9.30025 8.1561 24.25
    endloop
  endfacet
  facet normal 0 0 1
    outer loop
      vertex 8.7469 8.7469 24.25
      vertex 8.7469 -8.7469 24.25
      vertex 9.30025 -8.1561 24.25
    endloop
  endfacet
  facet normal 0 0 1
    outer loop
      vertex 8.1561 9.30025 24.25
      vertex 8.7469 -8.7469 24.25
      vertex 8.7469 8.7469 24.25
    endloop
  endfacet
  facet normal 0 0 1
    outer loop
      vertex 8.1561 9.30025 24.25
      vertex 8.1561 -9.30025 24.25
      vertex 8.7469 -8.7469 24.25
    endloop
  endfacet
  facet normal 0 0 1
    outer loop
      vertex 7.53036 9.81377 24.25
      vertex 8.1561 -9.30025 24.25
      vertex 8.1561 9.30025 24.25
    endloop
  endfacet
  facet normal 0 0 1
    outer loop
      vertex 7.53036 9.81377 24.25
      vertex 7.53036 -9.81377 24.25
      vertex 8.1561 -9.30025 24.25
    endloop
  endfacet
  facet normal 0 0 1
    outer loop
      vertex 6.87239 10.2853 24.25
      vertex 7.53036 -9.81377 24.25
      vertex 7.53036 9.81377 24.25
    endloop
  endfacet
  facet normal 0 0 1
    outer loop
      vertex 6.87239 10.2853 24.25
      vertex 6.87239 -10.2853 24.25
      vertex 7.53036 -9.81377 24.25
    endloop
  endfacet
  facet normal 0 0 1
    outer loop
      vertex 6.185 10.7127 24.25
      vertex 6.87239 -10.2853 24.25
      vertex 6.87239 10.2853 24.25
    endloop
  endfacet
  facet normal 0 0 1
    outer loop
      vertex 6.185 10.7127 24.25
      vertex 6.185 -10.7127 24.25
      vertex 6.87239 -10.2853 24.25
    endloop
  endfacet
  facet normal 0 0 1
    outer loop
      vertex 5.4711 11.0943 24.25
      vertex 6.185 -10.7127 24.25
      vertex 6.185 10.7127 24.25
    endloop
  endfacet
  facet normal 0 0 1
    outer loop
      vertex 5.4711 11.0943 24.25
      vertex 5.4711 -11.0943 24.25
      vertex 6.185 -10.7127 24.25
    endloop
  endfacet
  facet normal 0 0 1
    outer loop
      vertex 4.73378 11.4284 24.25
      vertex 5.4711 -11.0943 24.25
      vertex 5.4711 11.0943 24.25
    endloop
  endfacet
  facet normal 0 0 1
    outer loop
      vertex 4.73378 11.4284 24.25
      vertex 4.73378 -11.4284 24.25
      vertex 5.4711 -11.0943 24.25
    endloop
  endfacet
  facet normal 0 0 1
    outer loop
      vertex 3.9762 11.7135 24.25
      vertex 4.73378 -11.4284 24.25
      vertex 4.73378 11.4284 24.25
    endloop
  endfacet
  facet normal 0 0 1
    outer loop
      vertex 3.9762 11.7135 24.25
      vertex 3.9762 -11.7135 24.25
      vertex 4.73378 -11.4284 24.25
    endloop
  endfacet
  facet normal 0 0 1
    outer loop
      vertex 3.20158 11.9485 24.25
      vertex 3.9762 -11.7135 24.25
      vertex 3.9762 11.7135 24.25
    endloop
  endfacet
  facet normal 0 0 1
    outer loop
      vertex 3.20158 11.9485 24.25
      vertex 3.20158 -11.9485 24.25
      vertex 3.9762 -11.7135 24.25
    endloop
  endfacet
  facet normal 0 0 1
    outer loop
      vertex 2.41325 12.1323 24.25
      vertex 3.20158 -11.9485 24.25
      vertex 3.20158 11.9485 24.25
    endloop
  endfacet
  facet normal 0 0 1
    outer loop
      vertex 2.41325 12.1323 24.25
      vertex 2.41325 -12.1323 24.25
      vertex 3.20158 -11.9485 24.25
    endloop
  endfacet
  facet normal 0 0 1
    outer loop
      vertex 1.61461 12.2642 24.25
      vertex 2.41325 -12.1323 24.25
      vertex 2.41325 12.1323 24.25
    endloop
  endfacet
  facet normal 0 0 1
    outer loop
      vertex 1.61461 12.2642 24.25
      vertex 1.61461 -12.2642 24.25
      vertex 2.41325 -12.1323 24.25
    endloop
  endfacet
  facet normal 0 0 1
    outer loop
      vertex 0.809036 12.3435 24.25
      vertex 1.61461 -12.2642 24.25
      vertex 1.61461 12.2642 24.25
    endloop
  endfacet
  facet normal 0 0 1
    outer loop
      vertex 0.809036 12.3435 24.25
      vertex 0.809036 -12.3435 24.25
      vertex 1.61461 -12.2642 24.25
    endloop
  endfacet
  facet normal 0 0 1
    outer loop
      vertex 0 12.37 24.25
      vertex 0.809036 -12.3435 24.25
      vertex 0.809036 12.3435 24.25
    endloop
  endfacet
  facet normal 0 0 1
    outer loop
      vertex 0 12.37 24.25
      vertex 0 -12.37 24.25
      vertex 0.809036 -12.3435 24.25
    endloop
  endfacet
  facet normal -0 0 1
    outer loop
      vertex -0.809036 12.3435 24.25
      vertex 0 -12.37 24.25
      vertex 0 12.37 24.25
    endloop
  endfacet
  facet normal 0 0 1
    outer loop
      vertex -0.809036 12.3435 24.25
      vertex -0.809036 -12.3435 24.25
      vertex 0 -12.37 24.25
    endloop
  endfacet
  facet normal -0 0 1
    outer loop
      vertex -1.61461 12.2642 24.25
      vertex -0.809036 -12.3435 24.25
      vertex -0.809036 12.3435 24.25
    endloop
  endfacet
  facet normal 0 0 1
    outer loop
      vertex -1.61461 12.2642 24.25
      vertex -1.61461 -12.2642 24.25
      vertex -0.809036 -12.3435 24.25
    endloop
  endfacet
  facet normal -0 0 1
    outer loop
      vertex -2.41325 12.1323 24.25
      vertex -1.61461 -12.2642 24.25
      vertex -1.61461 12.2642 24.25
    endloop
  endfacet
  facet normal 0 0 1
    outer loop
      vertex -2.41325 12.1323 24.25
      vertex -2.41325 -12.1323 24.25
      vertex -1.61461 -12.2642 24.25
    endloop
  endfacet
  facet normal -0 0 1
    outer loop
      vertex -3.20158 11.9485 24.25
      vertex -2.41325 -12.1323 24.25
      vertex -2.41325 12.1323 24.25
    endloop
  endfacet
  facet normal 0 0 1
    outer loop
      vertex -3.20158 11.9485 24.25
      vertex -3.20158 -11.9485 24.25
      vertex -2.41325 -12.1323 24.25
    endloop
  endfacet
  facet normal -0 0 1
    outer loop
      vertex -3.9762 11.7135 24.25
      vertex -3.20158 -11.9485 24.25
      vertex -3.20158 11.9485 24.25
    endloop
  endfacet
  facet normal 0 0 1
    outer loop
      vertex -3.9762 11.7135 24.25
      vertex -3.9762 -11.7135 24.25
      vertex -3.20158 -11.9485 24.25
    endloop
  endfacet
  facet normal -0 0 1
    outer loop
      vertex -4.73378 11.4284 24.25
      vertex -3.9762 -11.7135 24.25
      vertex -3.9762 11.7135 24.25
    endloop
  endfacet
  facet normal 0 0 1
    outer loop
      vertex -4.73378 11.4284 24.25
      vertex -4.73378 -11.4284 24.25
      vertex -3.9762 -11.7135 24.25
    endloop
  endfacet
  facet normal -0 0 1
    outer loop
      vertex -5.4711 11.0943 24.25
      vertex -4.73378 -11.4284 24.25
      vertex -4.73378 11.4284 24.25
    endloop
  endfacet
  facet normal 0 0 1
    outer loop
      vertex -5.4711 11.0943 24.25
      vertex -5.4711 -11.0943 24.25
      vertex -4.73378 -11.4284 24.25
    endloop
  endfacet
  facet normal -0 0 1
    outer loop
      vertex -6.185 10.7127 24.25
      vertex -5.4711 -11.0943 24.25
      vertex -5.4711 11.0943 24.25
    endloop
  endfacet
  facet normal 0 0 1
    outer loop
      vertex -6.185 10.7127 24.25
      vertex -6.185 -10.7127 24.25
      vertex -5.4711 -11.0943 24.25
    endloop
  endfacet
  facet normal -0 0 1
    outer loop
      vertex -6.87239 10.2853 24.25
      vertex -6.185 -10.7127 24.25
      vertex -6.185 10.7127 24.25
    endloop
  endfacet
  facet normal 0 0 1
    outer loop
      vertex -6.87239 10.2853 24.25
      vertex -6.87239 -10.2853 24.25
      vertex -6.185 -10.7127 24.25
    endloop
  endfacet
  facet normal -0 0 1
    outer loop
      vertex -7.53036 9.81377 24.25
      vertex -6.87239 -10.2853 24.25
      vertex -6.87239 10.2853 24.25
    endloop
  endfacet
  facet normal 0 0 1
    outer loop
      vertex -7.53036 9.81377 24.25
      vertex -7.53036 -9.81377 24.25
      vertex -6.87239 -10.2853 24.25
    endloop
  endfacet
  facet normal -0 0 1
    outer loop
      vertex -8.1561 9.30025 24.25
      vertex -7.53036 -9.81377 24.25
      vertex -7.53036 9.81377 24.25
    endloop
  endfacet
  facet normal 0 0 1
    outer loop
      vertex -8.1561 9.30025 24.25
      vertex -8.1561 -9.30025 24.25
      vertex -7.53036 -9.81377 24.25
    endloop
  endfacet
  facet normal -0 0 1
    outer loop
      vertex -8.7469 8.7469 24.25
      vertex -8.1561 -9.30025 24.25
      vertex -8.1561 9.30025 24.25
    endloop
  endfacet
  facet normal 0 0 1
    outer loop
      vertex -8.7469 8.7469 24.25
      vertex -8.7469 -8.7469 24.25
      vertex -8.1561 -9.30025 24.25
    endloop
  endfacet
  facet normal -0 0 1
    outer loop
      vertex -9.30025 8.1561 24.25
      vertex -8.7469 -8.7469 24.25
      vertex -8.7469 8.7469 24.25
    endloop
  endfacet
  facet normal 0 0 1
    outer loop
      vertex -9.30025 8.1561 24.25
      vertex -9.30025 -8.1561 24.25
      vertex -8.7469 -8.7469 24.25
    endloop
  endfacet
  facet normal -0 0 1
    outer loop
      vertex -9.81377 7.53036 24.25
      vertex -9.30025 -8.1561 24.25
      vertex -9.30025 8.1561 24.25
    endloop
  endfacet
  facet normal 0 0 1
    outer loop
      vertex -9.81377 7.53036 24.25
      vertex -9.81377 -7.53036 24.25
      vertex -9.30025 -8.1561 24.25
    endloop
  endfacet
  facet normal -0 0 1
    outer loop
      vertex -10.2853 6.87239 24.25
      vertex -9.81377 -7.53036 24.25
      vertex -9.81377 7.53036 24.25
    endloop
  endfacet
  facet normal 0 0 1
    outer loop
      vertex -10.2853 6.87239 24.25
      vertex -10.2853 -6.87239 24.25
      vertex -9.81377 -7.53036 24.25
    endloop
  endfacet
  facet normal -0 0 1
    outer loop
      vertex -10.7127 6.185 24.25
      vertex -10.2853 -6.87239 24.25
      vertex -10.2853 6.87239 24.25
    endloop
  endfacet
  facet normal 0 0 1
    outer loop
      vertex -10.7127 6.185 24.25
      vertex -10.7127 -6.185 24.25
      vertex -10.2853 -6.87239 24.25
    endloop
  endfacet
  facet normal -0 0 1
    outer loop
      vertex -11.0943 5.4711 24.25
      vertex -10.7127 -6.185 24.25
      vertex -10.7127 6.185 24.25
    endloop
  endfacet
  facet normal 0 0 1
    outer loop
      vertex -11.0943 5.4711 24.25
      vertex -11.0943 -5.4711 24.25
      vertex -10.7127 -6.185 24.25
    endloop
  endfacet
  facet normal -0 0 1
    outer loop
      vertex -11.4284 4.73378 24.25
      vertex -11.0943 -5.4711 24.25
      vertex -11.0943 5.4711 24.25
    endloop
  endfacet
  facet normal 0 0 1
    outer loop
      vertex -11.4284 4.73378 24.25
      vertex -11.4284 -4.73378 24.25
      vertex -11.0943 -5.4711 24.25
    endloop
  endfacet
  facet normal -0 0 1
    outer loop
      vertex -11.7135 3.9762 24.25
      vertex -11.4284 -4.73378 24.25
      vertex -11.4284 4.73378 24.25
    endloop
  endfacet
  facet normal 0 0 1
    outer loop
      vertex -11.7135 3.9762 24.25
      vertex -11.7135 -3.9762 24.25
      vertex -11.4284 -4.73378 24.25
    endloop
  endfacet
  facet normal -0 0 1
    outer loop
      vertex -11.9485 3.20158 24.25
      vertex -11.7135 -3.9762 24.25
      vertex -11.7135 3.9762 24.25
    endloop
  endfacet
  facet normal 0 0 1
    outer loop
      vertex -11.9485 3.20158 24.25
      vertex -11.9485 -3.20158 24.25
      vertex -11.7135 -3.9762 24.25
    endloop
  endfacet
  facet normal -0 0 1
    outer loop
      vertex -12.1323 2.41325 24.25
      vertex -11.9485 -3.20158 24.25
      vertex -11.9485 3.20158 24.25
    endloop
  endfacet
  facet normal 0 0 1
    outer loop
      vertex -12.1323 2.41325 24.25
      vertex -12.1323 -2.41325 24.25
      vertex -11.9485 -3.20158 24.25
    endloop
  endfacet
  facet normal -0 0 1
    outer loop
      vertex -12.2642 1.61461 24.25
      vertex -12.1323 -2.41325 24.25
      vertex -12.1323 2.41325 24.25
    endloop
  endfacet
  facet normal 0 0 1
    outer loop
      vertex -12.2642 1.61461 24.25
      vertex -12.2642 -1.61461 24.25
      vertex -12.1323 -2.41325 24.25
    endloop
  endfacet
  facet normal -0 0 1
    outer loop
      vertex -12.3435 0.809036 24.25
      vertex -12.2642 -1.61461 24.25
      vertex -12.2642 1.61461 24.25
    endloop
  endfacet
  facet normal 0 0 1
    outer loop
      vertex -12.3435 0.809036 24.25
      vertex -12.3435 -0.809036 24.25
      vertex -12.2642 -1.61461 24.25
    endloop
  endfacet
  facet normal 0 -0 1
    outer loop
      vertex -12.3435 -0.809036 24.25
      vertex -12.3435 0.809036 24.25
      vertex -12.37 0 24.25
    endloop
  endfacet
  facet normal 0.910852 -0.412732 0
    outer loop
      vertex 11.0943 -5.4711 24.25
      vertex 11.4284 -4.73378 21.34
      vertex 11.4284 -4.73378 24.25
    endloop
  endfacet
  facet normal 0.910852 -0.412732 0
    outer loop
      vertex 11.4284 -4.73378 21.34
      vertex 11.0943 -5.4711 24.25
      vertex 11.0943 -5.4711 21.34
    endloop
  endfacet
  facet normal 0.935919 -0.352214 0
    outer loop
      vertex 11.4284 -4.73378 24.25
      vertex 11.7135 -3.9762 21.34
      vertex 11.7135 -3.9762 24.25
    endloop
  endfacet
  facet normal 0.935919 -0.352214 0
    outer loop
      vertex 11.7135 -3.9762 21.34
      vertex 11.4284 -4.73378 24.25
      vertex 11.4284 -4.73378 21.34
    endloop
  endfacet
  facet normal 0.729861 -0.683596 0
    outer loop
      vertex 8.7469 -8.7469 24.25
      vertex 9.30025 -8.1561 21.34
      vertex 9.30025 -8.1561 24.25
    endloop
  endfacet
  facet normal 0.729861 -0.683596 0
    outer loop
      vertex 9.30025 -8.1561 21.34
      vertex 8.7469 -8.7469 24.25
      vertex 8.7469 -8.7469 21.34
    endloop
  endfacet
  facet normal 0.773017 -0.634385 0
    outer loop
      vertex 9.30025 -8.1561 24.25
      vertex 9.81377 -7.53036 21.34
      vertex 9.81377 -7.53036 24.25
    endloop
  endfacet
  facet normal 0.773017 -0.634385 0
    outer loop
      vertex 9.81377 -7.53036 21.34
      vertex 9.30025 -8.1561 24.25
      vertex 9.30025 -8.1561 21.34
    endloop
  endfacet
  facet normal 0.812826 -0.582507 0
    outer loop
      vertex 9.81377 -7.53036 24.25
      vertex 10.2853 -6.87239 21.34
      vertex 10.2853 -6.87239 24.25
    endloop
  endfacet
  facet normal 0.812826 -0.582507 0
    outer loop
      vertex 10.2853 -6.87239 21.34
      vertex 9.81377 -7.53036 24.25
      vertex 9.81377 -7.53036 21.34
    endloop
  endfacet
  facet normal 0.290309 0.956933 -0
    outer loop
      vertex 3.9762 11.7135 21.34
      vertex 3.20158 11.9485 24.25
      vertex 3.9762 11.7135 24.25
    endloop
  endfacet
  facet normal 0.290309 0.956933 0
    outer loop
      vertex 3.20158 11.9485 24.25
      vertex 3.9762 11.7135 21.34
      vertex 3.20158 11.9485 21.34
    endloop
  endfacet
  facet normal 0.227061 0.97388 -0
    outer loop
      vertex 3.20158 11.9485 21.34
      vertex 2.41325 12.1323 24.25
      vertex 3.20158 11.9485 24.25
    endloop
  endfacet
  facet normal 0.227061 0.97388 0
    outer loop
      vertex 2.41325 12.1323 24.25
      vertex 3.20158 11.9485 21.34
      vertex 2.41325 12.1323 21.34
    endloop
  endfacet
  facet normal 0.812826 0.582507 0
    outer loop
      vertex 10.2853 6.87239 24.25
      vertex 9.81377 7.53036 21.34
      vertex 9.81377 7.53036 24.25
    endloop
  endfacet
  facet normal 0.812826 0.582507 0
    outer loop
      vertex 9.81377 7.53036 21.34
      vertex 10.2853 6.87239 24.25
      vertex 10.2853 6.87239 21.34
    endloop
  endfacet
  facet normal 0.471409 -0.881915 0
    outer loop
      vertex 5.4711 -11.0943 21.34
      vertex 6.185 -10.7127 24.25
      vertex 5.4711 -11.0943 24.25
    endloop
  endfacet
  facet normal 0.471409 -0.881915 0
    outer loop
      vertex 6.185 -10.7127 24.25
      vertex 5.4711 -11.0943 21.34
      vertex 6.185 -10.7127 21.34
    endloop
  endfacet
  facet normal 0.582507 -0.812826 0
    outer loop
      vertex 6.87239 -10.2853 21.34
      vertex 7.53036 -9.81377 24.25
      vertex 6.87239 -10.2853 24.25
    endloop
  endfacet
  facet normal 0.582507 -0.812826 0
    outer loop
      vertex 7.53036 -9.81377 24.25
      vertex 6.87239 -10.2853 21.34
      vertex 7.53036 -9.81377 21.34
    endloop
  endfacet
  facet normal -0.956933 -0.290309 0
    outer loop
      vertex -11.7135 -3.9762 21.34
      vertex -11.9485 -3.20158 24.25
      vertex -11.9485 -3.20158 21.34
    endloop
  endfacet
  facet normal -0.956933 -0.290309 0
    outer loop
      vertex -11.9485 -3.20158 24.25
      vertex -11.7135 -3.9762 21.34
      vertex -11.7135 -3.9762 24.25
    endloop
  endfacet
  facet normal -0.162948 -0.986635 0
    outer loop
      vertex -2.41325 -12.1323 21.34
      vertex -1.61461 -12.2642 24.25
      vertex -2.41325 -12.1323 24.25
    endloop
  endfacet
  facet normal -0.162948 -0.986635 -0
    outer loop
      vertex -1.61461 -12.2642 24.25
      vertex -2.41325 -12.1323 21.34
      vertex -1.61461 -12.2642 21.34
    endloop
  endfacet
  facet normal -0.582507 -0.812826 0
    outer loop
      vertex -7.53036 -9.81377 21.34
      vertex -6.87239 -10.2853 24.25
      vertex -7.53036 -9.81377 24.25
    endloop
  endfacet
  facet normal -0.582507 -0.812826 -0
    outer loop
      vertex -6.87239 -10.2853 24.25
      vertex -7.53036 -9.81377 21.34
      vertex -6.87239 -10.2853 21.34
    endloop
  endfacet
  facet normal -0.471409 0.881915 0
    outer loop
      vertex -5.4711 11.0943 21.34
      vertex -6.185 10.7127 24.25
      vertex -5.4711 11.0943 24.25
    endloop
  endfacet
  facet normal -0.471409 0.881915 0
    outer loop
      vertex -6.185 10.7127 24.25
      vertex -5.4711 11.0943 21.34
      vertex -6.185 10.7127 21.34
    endloop
  endfacet
  facet normal -0.773017 0.634385 0
    outer loop
      vertex -9.81377 7.53036 21.34
      vertex -9.30025 8.1561 24.25
      vertex -9.30025 8.1561 21.34
    endloop
  endfacet
  facet normal -0.773017 0.634385 0
    outer loop
      vertex -9.30025 8.1561 24.25
      vertex -9.81377 7.53036 21.34
      vertex -9.81377 7.53036 24.25
    endloop
  endfacet
  facet normal -0.582507 0.812826 0
    outer loop
      vertex -6.87239 10.2853 21.34
      vertex -7.53036 9.81377 24.25
      vertex -6.87239 10.2853 24.25
    endloop
  endfacet
  facet normal -0.582507 0.812826 0
    outer loop
      vertex -7.53036 9.81377 24.25
      vertex -6.87239 10.2853 21.34
      vertex -7.53036 9.81377 21.34
    endloop
  endfacet
  facet normal -0.986635 0.162948 0
    outer loop
      vertex -12.2642 1.61461 21.34
      vertex -12.1323 2.41325 24.25
      vertex -12.1323 2.41325 21.34
    endloop
  endfacet
  facet normal -0.986635 0.162948 0
    outer loop
      vertex -12.1323 2.41325 24.25
      vertex -12.2642 1.61461 21.34
      vertex -12.2642 1.61461 24.25
    endloop
  endfacet
  facet normal -0.999464 -0.0327375 0
    outer loop
      vertex -12.3435 -0.809036 21.34
      vertex -12.37 0 24.25
      vertex -12.37 0 21.34
    endloop
  endfacet
  facet normal -0.999464 -0.0327375 0
    outer loop
      vertex -12.37 0 24.25
      vertex -12.3435 -0.809036 21.34
      vertex -12.3435 -0.809036 24.25
    endloop
  endfacet
  facet normal 0.881915 -0.471409 0
    outer loop
      vertex 10.7127 -6.185 24.25
      vertex 11.0943 -5.4711 21.34
      vertex 11.0943 -5.4711 24.25
    endloop
  endfacet
  facet normal 0.881915 -0.471409 0
    outer loop
      vertex 11.0943 -5.4711 21.34
      vertex 10.7127 -6.185 24.25
      vertex 10.7127 -6.185 21.34
    endloop
  endfacet
  facet normal 0.849228 -0.528026 0
    outer loop
      vertex 10.2853 -6.87239 24.25
      vertex 10.7127 -6.185 21.34
      vertex 10.7127 -6.185 24.25
    endloop
  endfacet
  facet normal 0.849228 -0.528026 0
    outer loop
      vertex 10.7127 -6.185 21.34
      vertex 10.2853 -6.87239 24.25
      vertex 10.2853 -6.87239 21.34
    endloop
  endfacet
  facet normal 0.352214 0.935919 -0
    outer loop
      vertex 4.73378 11.4284 21.34
      vertex 3.9762 11.7135 24.25
      vertex 4.73378 11.4284 24.25
    endloop
  endfacet
  facet normal 0.352214 0.935919 0
    outer loop
      vertex 3.9762 11.7135 24.25
      vertex 4.73378 11.4284 21.34
      vertex 3.9762 11.7135 21.34
    endloop
  endfacet
  facet normal 0.412732 0.910852 -0
    outer loop
      vertex 5.4711 11.0943 21.34
      vertex 4.73378 11.4284 24.25
      vertex 5.4711 11.0943 24.25
    endloop
  endfacet
  facet normal 0.412732 0.910852 0
    outer loop
      vertex 4.73378 11.4284 24.25
      vertex 5.4711 11.0943 21.34
      vertex 4.73378 11.4284 21.34
    endloop
  endfacet
  facet normal 0.471409 0.881915 -0
    outer loop
      vertex 6.185 10.7127 21.34
      vertex 5.4711 11.0943 24.25
      vertex 6.185 10.7127 24.25
    endloop
  endfacet
  facet normal 0.471409 0.881915 0
    outer loop
      vertex 5.4711 11.0943 24.25
      vertex 6.185 10.7127 21.34
      vertex 5.4711 11.0943 21.34
    endloop
  endfacet
  facet normal 0.634385 0.773017 -0
    outer loop
      vertex 8.1561 9.30025 21.34
      vertex 7.53036 9.81377 24.25
      vertex 8.1561 9.30025 24.25
    endloop
  endfacet
  facet normal 0.634385 0.773017 0
    outer loop
      vertex 7.53036 9.81377 24.25
      vertex 8.1561 9.30025 21.34
      vertex 7.53036 9.81377 21.34
    endloop
  endfacet
  facet normal 0.729861 0.683596 0
    outer loop
      vertex 9.30025 8.1561 24.25
      vertex 8.7469 8.7469 21.34
      vertex 8.7469 8.7469 24.25
    endloop
  endfacet
  facet normal 0.729861 0.683596 0
    outer loop
      vertex 8.7469 8.7469 21.34
      vertex 9.30025 8.1561 24.25
      vertex 9.30025 8.1561 21.34
    endloop
  endfacet
  facet normal 0.849228 0.528026 0
    outer loop
      vertex 10.7127 6.185 24.25
      vertex 10.2853 6.87239 21.34
      vertex 10.2853 6.87239 24.25
    endloop
  endfacet
  facet normal 0.849228 0.528026 0
    outer loop
      vertex 10.2853 6.87239 21.34
      vertex 10.7127 6.185 24.25
      vertex 10.7127 6.185 21.34
    endloop
  endfacet
  facet normal 0.0979656 -0.99519 0
    outer loop
      vertex 0.809036 -12.3435 21.34
      vertex 1.61461 -12.2642 24.25
      vertex 0.809036 -12.3435 24.25
    endloop
  endfacet
  facet normal 0.0979656 -0.99519 0
    outer loop
      vertex 1.61461 -12.2642 24.25
      vertex 0.809036 -12.3435 21.34
      vertex 1.61461 -12.2642 21.34
    endloop
  endfacet
  facet normal 0.162948 -0.986635 0
    outer loop
      vertex 1.61461 -12.2642 21.34
      vertex 2.41325 -12.1323 24.25
      vertex 1.61461 -12.2642 24.25
    endloop
  endfacet
  facet normal 0.162948 -0.986635 0
    outer loop
      vertex 2.41325 -12.1323 24.25
      vertex 1.61461 -12.2642 21.34
      vertex 2.41325 -12.1323 21.34
    endloop
  endfacet
  facet normal 0.352214 -0.935919 0
    outer loop
      vertex 3.9762 -11.7135 21.34
      vertex 4.73378 -11.4284 24.25
      vertex 3.9762 -11.7135 24.25
    endloop
  endfacet
  facet normal 0.352214 -0.935919 0
    outer loop
      vertex 4.73378 -11.4284 24.25
      vertex 3.9762 -11.7135 21.34
      vertex 4.73378 -11.4284 21.34
    endloop
  endfacet
  facet normal 0.227061 -0.97388 0
    outer loop
      vertex 2.41325 -12.1323 21.34
      vertex 3.20158 -11.9485 24.25
      vertex 2.41325 -12.1323 24.25
    endloop
  endfacet
  facet normal 0.227061 -0.97388 0
    outer loop
      vertex 3.20158 -11.9485 24.25
      vertex 2.41325 -12.1323 21.34
      vertex 3.20158 -11.9485 21.34
    endloop
  endfacet
  facet normal 0.290309 -0.956933 0
    outer loop
      vertex 3.20158 -11.9485 21.34
      vertex 3.9762 -11.7135 24.25
      vertex 3.20158 -11.9485 24.25
    endloop
  endfacet
  facet normal 0.290309 -0.956933 0
    outer loop
      vertex 3.9762 -11.7135 24.25
      vertex 3.20158 -11.9485 21.34
      vertex 3.9762 -11.7135 21.34
    endloop
  endfacet
  facet normal -0.97388 -0.227061 0
    outer loop
      vertex -11.9485 -3.20158 21.34
      vertex -12.1323 -2.41325 24.25
      vertex -12.1323 -2.41325 21.34
    endloop
  endfacet
  facet normal -0.97388 -0.227061 0
    outer loop
      vertex -12.1323 -2.41325 24.25
      vertex -11.9485 -3.20158 21.34
      vertex -11.9485 -3.20158 24.25
    endloop
  endfacet
  facet normal -0.0979656 -0.99519 0
    outer loop
      vertex -1.61461 -12.2642 21.34
      vertex -0.809036 -12.3435 24.25
      vertex -1.61461 -12.2642 24.25
    endloop
  endfacet
  facet normal -0.0979656 -0.99519 -0
    outer loop
      vertex -0.809036 -12.3435 24.25
      vertex -1.61461 -12.2642 21.34
      vertex -0.809036 -12.3435 21.34
    endloop
  endfacet
  facet normal -0.471409 -0.881915 0
    outer loop
      vertex -6.185 -10.7127 21.34
      vertex -5.4711 -11.0943 24.25
      vertex -6.185 -10.7127 24.25
    endloop
  endfacet
  facet normal -0.471409 -0.881915 -0
    outer loop
      vertex -5.4711 -11.0943 24.25
      vertex -6.185 -10.7127 21.34
      vertex -5.4711 -11.0943 21.34
    endloop
  endfacet
  facet normal -0.849228 -0.528026 0
    outer loop
      vertex -10.2853 -6.87239 21.34
      vertex -10.7127 -6.185 24.25
      vertex -10.7127 -6.185 21.34
    endloop
  endfacet
  facet normal -0.849228 -0.528026 0
    outer loop
      vertex -10.7127 -6.185 24.25
      vertex -10.2853 -6.87239 21.34
      vertex -10.2853 -6.87239 24.25
    endloop
  endfacet
  facet normal -0.683596 -0.729861 0
    outer loop
      vertex -8.7469 -8.7469 21.34
      vertex -8.1561 -9.30025 24.25
      vertex -8.7469 -8.7469 24.25
    endloop
  endfacet
  facet normal -0.683596 -0.729861 -0
    outer loop
      vertex -8.1561 -9.30025 24.25
      vertex -8.7469 -8.7469 21.34
      vertex -8.1561 -9.30025 21.34
    endloop
  endfacet
  facet normal -0.528026 -0.849228 0
    outer loop
      vertex -6.87239 -10.2853 21.34
      vertex -6.185 -10.7127 24.25
      vertex -6.87239 -10.2853 24.25
    endloop
  endfacet
  facet normal -0.528026 -0.849228 -0
    outer loop
      vertex -6.185 -10.7127 24.25
      vertex -6.87239 -10.2853 21.34
      vertex -6.185 -10.7127 21.34
    endloop
  endfacet
  facet normal -0.910852 -0.412732 0
    outer loop
      vertex -11.0943 -5.4711 21.34
      vertex -11.4284 -4.73378 24.25
      vertex -11.4284 -4.73378 21.34
    endloop
  endfacet
  facet normal -0.910852 -0.412732 0
    outer loop
      vertex -11.4284 -4.73378 24.25
      vertex -11.0943 -5.4711 21.34
      vertex -11.0943 -5.4711 24.25
    endloop
  endfacet
  facet normal -0.881915 -0.471409 0
    outer loop
      vertex -10.7127 -6.185 21.34
      vertex -11.0943 -5.4711 24.25
      vertex -11.0943 -5.4711 21.34
    endloop
  endfacet
  facet normal -0.881915 -0.471409 0
    outer loop
      vertex -11.0943 -5.4711 24.25
      vertex -10.7127 -6.185 21.34
      vertex -10.7127 -6.185 24.25
    endloop
  endfacet
  facet normal -0.935919 -0.352214 0
    outer loop
      vertex -11.4284 -4.73378 21.34
      vertex -11.7135 -3.9762 24.25
      vertex -11.7135 -3.9762 21.34
    endloop
  endfacet
  facet normal -0.935919 -0.352214 0
    outer loop
      vertex -11.7135 -3.9762 24.25
      vertex -11.4284 -4.73378 21.34
      vertex -11.4284 -4.73378 24.25
    endloop
  endfacet
  facet normal 0.0327375 0.999464 -0
    outer loop
      vertex 0.809036 12.3435 21.34
      vertex 0 12.37 24.25
      vertex 0.809036 12.3435 24.25
    endloop
  endfacet
  facet normal 0.0327375 0.999464 0
    outer loop
      vertex 0 12.37 24.25
      vertex 0.809036 12.3435 21.34
      vertex 0 12.37 21.34
    endloop
  endfacet
  facet normal 0.0979656 0.99519 -0
    outer loop
      vertex 1.61461 12.2642 21.34
      vertex 0.809036 12.3435 24.25
      vertex 1.61461 12.2642 24.25
    endloop
  endfacet
  facet normal 0.0979656 0.99519 0
    outer loop
      vertex 0.809036 12.3435 24.25
      vertex 1.61461 12.2642 21.34
      vertex 0.809036 12.3435 21.34
    endloop
  endfacet
  facet normal -0.162948 0.986635 0
    outer loop
      vertex -1.61461 12.2642 21.34
      vertex -2.41325 12.1323 24.25
      vertex -1.61461 12.2642 24.25
    endloop
  endfacet
  facet normal -0.162948 0.986635 0
    outer loop
      vertex -2.41325 12.1323 24.25
      vertex -1.61461 12.2642 21.34
      vertex -2.41325 12.1323 21.34
    endloop
  endfacet
  facet normal -0.290309 0.956933 0
    outer loop
      vertex -3.20158 11.9485 21.34
      vertex -3.9762 11.7135 24.25
      vertex -3.20158 11.9485 24.25
    endloop
  endfacet
  facet normal -0.290309 0.956933 0
    outer loop
      vertex -3.9762 11.7135 24.25
      vertex -3.20158 11.9485 21.34
      vertex -3.9762 11.7135 21.34
    endloop
  endfacet
  facet normal -0.227061 0.97388 0
    outer loop
      vertex -2.41325 12.1323 21.34
      vertex -3.20158 11.9485 24.25
      vertex -2.41325 12.1323 24.25
    endloop
  endfacet
  facet normal -0.227061 0.97388 0
    outer loop
      vertex -3.20158 11.9485 24.25
      vertex -2.41325 12.1323 21.34
      vertex -3.20158 11.9485 21.34
    endloop
  endfacet
  facet normal -0.352214 0.935919 0
    outer loop
      vertex -3.9762 11.7135 21.34
      vertex -4.73378 11.4284 24.25
      vertex -3.9762 11.7135 24.25
    endloop
  endfacet
  facet normal -0.352214 0.935919 0
    outer loop
      vertex -4.73378 11.4284 24.25
      vertex -3.9762 11.7135 21.34
      vertex -4.73378 11.4284 21.34
    endloop
  endfacet
  facet normal -0.412732 0.910852 0
    outer loop
      vertex -4.73378 11.4284 21.34
      vertex -5.4711 11.0943 24.25
      vertex -4.73378 11.4284 24.25
    endloop
  endfacet
  facet normal -0.412732 0.910852 0
    outer loop
      vertex -5.4711 11.0943 24.25
      vertex -4.73378 11.4284 21.34
      vertex -5.4711 11.0943 21.34
    endloop
  endfacet
  facet normal -0.528026 0.849228 0
    outer loop
      vertex -6.185 10.7127 21.34
      vertex -6.87239 10.2853 24.25
      vertex -6.185 10.7127 24.25
    endloop
  endfacet
  facet normal -0.528026 0.849228 0
    outer loop
      vertex -6.87239 10.2853 24.25
      vertex -6.185 10.7127 21.34
      vertex -6.87239 10.2853 21.34
    endloop
  endfacet
  facet normal -0.729861 0.683596 0
    outer loop
      vertex -9.30025 8.1561 21.34
      vertex -8.7469 8.7469 24.25
      vertex -8.7469 8.7469 21.34
    endloop
  endfacet
  facet normal -0.729861 0.683596 0
    outer loop
      vertex -8.7469 8.7469 24.25
      vertex -9.30025 8.1561 21.34
      vertex -9.30025 8.1561 24.25
    endloop
  endfacet
  facet normal -0.99519 -0.0979656 0
    outer loop
      vertex -12.2642 -1.61461 21.34
      vertex -12.3435 -0.809036 24.25
      vertex -12.3435 -0.809036 21.34
    endloop
  endfacet
  facet normal -0.99519 -0.0979656 0
    outer loop
      vertex -12.3435 -0.809036 24.25
      vertex -12.2642 -1.61461 21.34
      vertex -12.2642 -1.61461 24.25
    endloop
  endfacet
  facet normal 0.582507 0.812826 -0
    outer loop
      vertex 7.53036 9.81377 21.34
      vertex 6.87239 10.2853 24.25
      vertex 7.53036 9.81377 24.25
    endloop
  endfacet
  facet normal 0.582507 0.812826 0
    outer loop
      vertex 6.87239 10.2853 24.25
      vertex 7.53036 9.81377 21.34
      vertex 6.87239 10.2853 21.34
    endloop
  endfacet
  facet normal 0.683596 0.729861 -0
    outer loop
      vertex 8.7469 8.7469 21.34
      vertex 8.1561 9.30025 24.25
      vertex 8.7469 8.7469 24.25
    endloop
  endfacet
  facet normal 0.683596 0.729861 0
    outer loop
      vertex 8.1561 9.30025 24.25
      vertex 8.7469 8.7469 21.34
      vertex 8.1561 9.30025 21.34
    endloop
  endfacet
  facet normal -0.352214 -0.935919 0
    outer loop
      vertex -4.73378 -11.4284 21.34
      vertex -3.9762 -11.7135 24.25
      vertex -4.73378 -11.4284 24.25
    endloop
  endfacet
  facet normal -0.352214 -0.935919 -0
    outer loop
      vertex -3.9762 -11.7135 24.25
      vertex -4.73378 -11.4284 21.34
      vertex -3.9762 -11.7135 21.34
    endloop
  endfacet
  facet normal -0.290309 -0.956933 0
    outer loop
      vertex -3.9762 -11.7135 21.34
      vertex -3.20158 -11.9485 24.25
      vertex -3.9762 -11.7135 24.25
    endloop
  endfacet
  facet normal -0.290309 -0.956933 -0
    outer loop
      vertex -3.20158 -11.9485 24.25
      vertex -3.9762 -11.7135 21.34
      vertex -3.20158 -11.9485 21.34
    endloop
  endfacet
  facet normal -0.634385 -0.773017 0
    outer loop
      vertex -8.1561 -9.30025 21.34
      vertex -7.53036 -9.81377 24.25
      vertex -8.1561 -9.30025 24.25
    endloop
  endfacet
  facet normal -0.634385 -0.773017 -0
    outer loop
      vertex -7.53036 -9.81377 24.25
      vertex -8.1561 -9.30025 21.34
      vertex -7.53036 -9.81377 21.34
    endloop
  endfacet
  facet normal -0.634385 0.773017 0
    outer loop
      vertex -7.53036 9.81377 21.34
      vertex -8.1561 9.30025 24.25
      vertex -7.53036 9.81377 24.25
    endloop
  endfacet
  facet normal -0.634385 0.773017 0
    outer loop
      vertex -8.1561 9.30025 24.25
      vertex -7.53036 9.81377 21.34
      vertex -8.1561 9.30025 21.34
    endloop
  endfacet
  facet normal -0.683596 0.729861 0
    outer loop
      vertex -8.1561 9.30025 21.34
      vertex -8.7469 8.7469 24.25
      vertex -8.1561 9.30025 24.25
    endloop
  endfacet
  facet normal -0.683596 0.729861 0
    outer loop
      vertex -8.7469 8.7469 24.25
      vertex -8.1561 9.30025 21.34
      vertex -8.7469 8.7469 21.34
    endloop
  endfacet
  facet normal 0.528026 0.849228 -0
    outer loop
      vertex 6.87239 10.2853 21.34
      vertex 6.185 10.7127 24.25
      vertex 6.87239 10.2853 24.25
    endloop
  endfacet
  facet normal 0.528026 0.849228 0
    outer loop
      vertex 6.185 10.7127 24.25
      vertex 6.87239 10.2853 21.34
      vertex 6.185 10.7127 21.34
    endloop
  endfacet
  facet normal 0.881915 0.471409 0
    outer loop
      vertex 11.0943 5.4711 24.25
      vertex 10.7127 6.185 21.34
      vertex 10.7127 6.185 24.25
    endloop
  endfacet
  facet normal 0.881915 0.471409 0
    outer loop
      vertex 10.7127 6.185 21.34
      vertex 11.0943 5.4711 24.25
      vertex 11.0943 5.4711 21.34
    endloop
  endfacet
  facet normal 0.910852 0.412732 0
    outer loop
      vertex 11.4284 4.73378 24.25
      vertex 11.0943 5.4711 21.34
      vertex 11.0943 5.4711 24.25
    endloop
  endfacet
  facet normal 0.910852 0.412732 0
    outer loop
      vertex 11.0943 5.4711 21.34
      vertex 11.4284 4.73378 24.25
      vertex 11.4284 4.73378 21.34
    endloop
  endfacet
  facet normal -0.729861 -0.683596 0
    outer loop
      vertex -8.7469 -8.7469 21.34
      vertex -9.30025 -8.1561 24.25
      vertex -9.30025 -8.1561 21.34
    endloop
  endfacet
  facet normal -0.729861 -0.683596 0
    outer loop
      vertex -9.30025 -8.1561 24.25
      vertex -8.7469 -8.7469 21.34
      vertex -8.7469 -8.7469 24.25
    endloop
  endfacet
  facet normal -0.773017 -0.634385 0
    outer loop
      vertex -9.30025 -8.1561 21.34
      vertex -9.81377 -7.53036 24.25
      vertex -9.81377 -7.53036 21.34
    endloop
  endfacet
  facet normal -0.773017 -0.634385 0
    outer loop
      vertex -9.81377 -7.53036 24.25
      vertex -9.30025 -8.1561 21.34
      vertex -9.30025 -8.1561 24.25
    endloop
  endfacet
  facet normal -0.812826 -0.582507 0
    outer loop
      vertex -9.81377 -7.53036 21.34
      vertex -10.2853 -6.87239 24.25
      vertex -10.2853 -6.87239 21.34
    endloop
  endfacet
  facet normal -0.812826 -0.582507 0
    outer loop
      vertex -10.2853 -6.87239 24.25
      vertex -9.81377 -7.53036 21.34
      vertex -9.81377 -7.53036 24.25
    endloop
  endfacet
  facet normal 0.999463 0.0327681 0
    outer loop
      vertex 14.97 0 3.2
      vertex 14.9379 0.979084 0
      vertex 14.9379 0.979084 3.2
    endloop
  endfacet
  facet normal 0.999463 0.0327681 0
    outer loop
      vertex 14.9379 0.979084 0
      vertex 14.97 0 3.2
      vertex 14.97 0 0
    endloop
  endfacet
  facet normal -0.999463 0.0327681 0
    outer loop
      vertex -14.97 0 0
      vertex -14.9379 0.979084 3.2
      vertex -14.9379 0.979084 0
    endloop
  endfacet
  facet normal -0.999463 0.0327681 0
    outer loop
      vertex -14.9379 0.979084 3.2
      vertex -14.97 0 0
      vertex -14.97 0 3.2
    endloop
  endfacet
  facet normal 0.0327681 0.999463 -0
    outer loop
      vertex 0.979084 14.9379 0
      vertex 0 14.97 3.2
      vertex 0.979084 14.9379 3.2
    endloop
  endfacet
  facet normal 0.0327681 0.999463 0
    outer loop
      vertex 0 14.97 3.2
      vertex 0.979084 14.9379 0
      vertex 0 14.97 0
    endloop
  endfacet
  facet normal 0.729895 0.683559 0
    outer loop
      vertex 11.255 9.87041 3.2
      vertex 10.5854 10.5854 0
      vertex 10.5854 10.5854 3.2
    endloop
  endfacet
  facet normal 0.729895 0.683559 0
    outer loop
      vertex 10.5854 10.5854 0
      vertex 11.255 9.87041 3.2
      vertex 11.255 9.87041 0
    endloop
  endfacet
  facet normal -0.683559 0.729895 0
    outer loop
      vertex -9.87041 11.255 0
      vertex -10.5854 10.5854 3.2
      vertex -9.87041 11.255 3.2
    endloop
  endfacet
  facet normal -0.683559 0.729895 0
    outer loop
      vertex -10.5854 10.5854 3.2
      vertex -9.87041 11.255 0
      vertex -10.5854 10.5854 0
    endloop
  endfacet
  facet normal -0.35219 0.935928 0
    outer loop
      vertex -4.81195 14.1755 0
      vertex -5.72877 13.8305 3.2
      vertex -4.81195 14.1755 3.2
    endloop
  endfacet
  facet normal -0.35219 0.935928 0
    outer loop
      vertex -5.72877 13.8305 3.2
      vertex -4.81195 14.1755 0
      vertex -5.72877 13.8305 0
    endloop
  endfacet
  facet normal 0.910861 0.412714 0
    outer loop
      vertex 13.8305 5.72877 3.2
      vertex 13.4262 6.62106 0
      vertex 13.4262 6.62106 3.2
    endloop
  endfacet
  facet normal 0.910861 0.412714 0
    outer loop
      vertex 13.4262 6.62106 0
      vertex 13.8305 5.72877 3.2
      vertex 13.8305 5.72877 0
    endloop
  endfacet
  facet normal -0.849203 0.528066 0
    outer loop
      vertex -12.9644 7.485 0
      vertex -12.4471 8.31689 3.2
      vertex -12.4471 8.31689 0
    endloop
  endfacet
  facet normal -0.849203 0.528066 0
    outer loop
      vertex -12.4471 8.31689 3.2
      vertex -12.9644 7.485 0
      vertex -12.9644 7.485 3.2
    endloop
  endfacet
  facet normal -0.812846 0.582478 0
    outer loop
      vertex -12.4471 8.31689 0
      vertex -11.8765 9.11316 3.2
      vertex -11.8765 9.11316 0
    endloop
  endfacet
  facet normal -0.812846 0.582478 0
    outer loop
      vertex -11.8765 9.11316 3.2
      vertex -12.4471 8.31689 0
      vertex -12.4471 8.31689 3.2
    endloop
  endfacet
  facet normal -0.162823 0.986655 0
    outer loop
      vertex -1.95398 14.8419 0
      vertex -2.9205 14.6824 3.2
      vertex -1.95398 14.8419 3.2
    endloop
  endfacet
  facet normal -0.162823 0.986655 0
    outer loop
      vertex -2.9205 14.6824 3.2
      vertex -1.95398 14.8419 0
      vertex -2.9205 14.6824 0
    endloop
  endfacet
  facet normal 0.881915 -0.471408 0
    outer loop
      vertex 12.9644 -7.485 3.2
      vertex 13.4262 -6.62106 0
      vertex 13.4262 -6.62106 3.2
    endloop
  endfacet
  facet normal 0.881915 -0.471408 0
    outer loop
      vertex 13.4262 -6.62106 0
      vertex 12.9644 -7.485 3.2
      vertex 12.9644 -7.485 0
    endloop
  endfacet
  facet normal 0.227128 -0.973865 0
    outer loop
      vertex 2.9205 -14.6824 0
      vertex 3.87452 -14.4599 3.2
      vertex 2.9205 -14.6824 3.2
    endloop
  endfacet
  facet normal 0.227128 -0.973865 0
    outer loop
      vertex 3.87452 -14.4599 3.2
      vertex 2.9205 -14.6824 0
      vertex 3.87452 -14.4599 0
    endloop
  endfacet
  facet normal 0.683559 -0.729895 0
    outer loop
      vertex 9.87041 -11.255 0
      vertex 10.5854 -10.5854 3.2
      vertex 9.87041 -11.255 3.2
    endloop
  endfacet
  facet normal 0.683559 -0.729895 0
    outer loop
      vertex 10.5854 -10.5854 3.2
      vertex 9.87041 -11.255 0
      vertex 10.5854 -10.5854 0
    endloop
  endfacet
  facet normal -0.35219 -0.935928 0
    outer loop
      vertex -5.72877 -13.8305 0
      vertex -4.81195 -14.1755 3.2
      vertex -5.72877 -13.8305 3.2
    endloop
  endfacet
  facet normal -0.35219 -0.935928 -0
    outer loop
      vertex -4.81195 -14.1755 3.2
      vertex -5.72877 -13.8305 0
      vertex -4.81195 -14.1755 0
    endloop
  endfacet
  facet normal -0.77299 -0.634418 0
    outer loop
      vertex -11.255 -9.87041 0
      vertex -11.8765 -9.11316 3.2
      vertex -11.8765 -9.11316 0
    endloop
  endfacet
  facet normal -0.77299 -0.634418 0
    outer loop
      vertex -11.8765 -9.11316 3.2
      vertex -11.255 -9.87041 0
      vertex -11.255 -9.87041 3.2
    endloop
  endfacet
  facet normal -0.935928 -0.35219 0
    outer loop
      vertex -13.8305 -5.72877 0
      vertex -14.1755 -4.81195 3.2
      vertex -14.1755 -4.81195 0
    endloop
  endfacet
  facet normal -0.935928 -0.35219 0
    outer loop
      vertex -14.1755 -4.81195 3.2
      vertex -13.8305 -5.72877 0
      vertex -13.8305 -5.72877 3.2
    endloop
  endfacet
  facet normal 0.986655 0.162823 0
    outer loop
      vertex 14.8419 1.95398 3.2
      vertex 14.6824 2.9205 0
      vertex 14.6824 2.9205 3.2
    endloop
  endfacet
  facet normal 0.986655 0.162823 0
    outer loop
      vertex 14.6824 2.9205 0
      vertex 14.8419 1.95398 3.2
      vertex 14.8419 1.95398 0
    endloop
  endfacet
  facet normal 0.995187 0.0979981 0
    outer loop
      vertex 14.9379 0.979084 3.2
      vertex 14.8419 1.95398 0
      vertex 14.8419 1.95398 3.2
    endloop
  endfacet
  facet normal 0.995187 0.0979981 0
    outer loop
      vertex 14.8419 1.95398 0
      vertex 14.9379 0.979084 3.2
      vertex 14.9379 0.979084 0
    endloop
  endfacet
  facet normal 0.956931 0.290316 0
    outer loop
      vertex 14.4599 3.87452 3.2
      vertex 14.1755 4.81195 0
      vertex 14.1755 4.81195 3.2
    endloop
  endfacet
  facet normal 0.956931 0.290316 0
    outer loop
      vertex 14.1755 4.81195 0
      vertex 14.4599 3.87452 3.2
      vertex 14.4599 3.87452 0
    endloop
  endfacet
  facet normal 0.881915 0.471408 0
    outer loop
      vertex 13.4262 6.62106 3.2
      vertex 12.9644 7.485 0
      vertex 12.9644 7.485 3.2
    endloop
  endfacet
  facet normal 0.881915 0.471408 0
    outer loop
      vertex 12.9644 7.485 0
      vertex 13.4262 6.62106 3.2
      vertex 13.4262 6.62106 0
    endloop
  endfacet
  facet normal 0.290316 0.956931 -0
    outer loop
      vertex 4.81195 14.1755 0
      vertex 3.87452 14.4599 3.2
      vertex 4.81195 14.1755 3.2
    endloop
  endfacet
  facet normal 0.290316 0.956931 0
    outer loop
      vertex 3.87452 14.4599 3.2
      vertex 4.81195 14.1755 0
      vertex 3.87452 14.4599 0
    endloop
  endfacet
  facet normal 0.162823 0.986655 -0
    outer loop
      vertex 2.9205 14.6824 0
      vertex 1.95398 14.8419 3.2
      vertex 2.9205 14.6824 3.2
    endloop
  endfacet
  facet normal 0.162823 0.986655 0
    outer loop
      vertex 1.95398 14.8419 3.2
      vertex 2.9205 14.6824 0
      vertex 1.95398 14.8419 0
    endloop
  endfacet
  facet normal 0.582478 0.812846 -0
    outer loop
      vertex 9.11316 11.8765 0
      vertex 8.31689 12.4471 3.2
      vertex 9.11316 11.8765 3.2
    endloop
  endfacet
  facet normal 0.582478 0.812846 0
    outer loop
      vertex 8.31689 12.4471 3.2
      vertex 9.11316 11.8765 0
      vertex 8.31689 12.4471 0
    endloop
  endfacet
  facet normal 0.528066 0.849203 -0
    outer loop
      vertex 8.31689 12.4471 0
      vertex 7.485 12.9644 3.2
      vertex 8.31689 12.4471 3.2
    endloop
  endfacet
  facet normal 0.528066 0.849203 0
    outer loop
      vertex 7.485 12.9644 3.2
      vertex 8.31689 12.4471 0
      vertex 7.485 12.9644 0
    endloop
  endfacet
  facet normal -0.956931 0.290316 0
    outer loop
      vertex -14.4599 3.87452 0
      vertex -14.1755 4.81195 3.2
      vertex -14.1755 4.81195 0
    endloop
  endfacet
  facet normal -0.956931 0.290316 0
    outer loop
      vertex -14.1755 4.81195 3.2
      vertex -14.4599 3.87452 0
      vertex -14.4599 3.87452 3.2
    endloop
  endfacet
  facet normal -0.77299 0.634418 0
    outer loop
      vertex -11.8765 9.11316 0
      vertex -11.255 9.87041 3.2
      vertex -11.255 9.87041 0
    endloop
  endfacet
  facet normal -0.77299 0.634418 0
    outer loop
      vertex -11.255 9.87041 3.2
      vertex -11.8765 9.11316 0
      vertex -11.8765 9.11316 3.2
    endloop
  endfacet
  facet normal -0.986655 0.162823 0
    outer loop
      vertex -14.8419 1.95398 0
      vertex -14.6824 2.9205 3.2
      vertex -14.6824 2.9205 0
    endloop
  endfacet
  facet normal -0.986655 0.162823 0
    outer loop
      vertex -14.6824 2.9205 3.2
      vertex -14.8419 1.95398 0
      vertex -14.8419 1.95398 3.2
    endloop
  endfacet
  facet normal -0.471408 0.881915 0
    outer loop
      vertex -6.62106 13.4262 0
      vertex -7.485 12.9644 3.2
      vertex -6.62106 13.4262 3.2
    endloop
  endfacet
  facet normal -0.471408 0.881915 0
    outer loop
      vertex -7.485 12.9644 3.2
      vertex -6.62106 13.4262 0
      vertex -7.485 12.9644 0
    endloop
  endfacet
  facet normal -0.528066 0.849203 0
    outer loop
      vertex -7.485 12.9644 0
      vertex -8.31689 12.4471 3.2
      vertex -7.485 12.9644 3.2
    endloop
  endfacet
  facet normal -0.528066 0.849203 0
    outer loop
      vertex -8.31689 12.4471 3.2
      vertex -7.485 12.9644 0
      vertex -8.31689 12.4471 0
    endloop
  endfacet
  facet normal -0.582478 0.812846 0
    outer loop
      vertex -8.31689 12.4471 0
      vertex -9.11316 11.8765 3.2
      vertex -8.31689 12.4471 3.2
    endloop
  endfacet
  facet normal -0.582478 0.812846 0
    outer loop
      vertex -9.11316 11.8765 3.2
      vertex -8.31689 12.4471 0
      vertex -9.11316 11.8765 0
    endloop
  endfacet
  facet normal -0.290316 0.956931 0
    outer loop
      vertex -3.87452 14.4599 0
      vertex -4.81195 14.1755 3.2
      vertex -3.87452 14.4599 3.2
    endloop
  endfacet
  facet normal -0.290316 0.956931 0
    outer loop
      vertex -4.81195 14.1755 3.2
      vertex -3.87452 14.4599 0
      vertex -4.81195 14.1755 0
    endloop
  endfacet
  facet normal -0.0327681 0.999463 0
    outer loop
      vertex 0 14.97 0
      vertex -0.979084 14.9379 3.2
      vertex 0 14.97 3.2
    endloop
  endfacet
  facet normal -0.0327681 0.999463 0
    outer loop
      vertex -0.979084 14.9379 3.2
      vertex 0 14.97 0
      vertex -0.979084 14.9379 0
    endloop
  endfacet
  facet normal 0.999463 -0.0327681 0
    outer loop
      vertex 14.9379 -0.979084 3.2
      vertex 14.97 0 0
      vertex 14.97 0 3.2
    endloop
  endfacet
  facet normal 0.999463 -0.0327681 0
    outer loop
      vertex 14.97 0 0
      vertex 14.9379 -0.979084 3.2
      vertex 14.9379 -0.979084 0
    endloop
  endfacet
  facet normal 0.582478 -0.812846 0
    outer loop
      vertex 8.31689 -12.4471 0
      vertex 9.11316 -11.8765 3.2
      vertex 8.31689 -12.4471 3.2
    endloop
  endfacet
  facet normal 0.582478 -0.812846 0
    outer loop
      vertex 9.11316 -11.8765 3.2
      vertex 8.31689 -12.4471 0
      vertex 9.11316 -11.8765 0
    endloop
  endfacet
  facet normal 0.528066 -0.849203 0
    outer loop
      vertex 7.485 -12.9644 0
      vertex 8.31689 -12.4471 3.2
      vertex 7.485 -12.9644 3.2
    endloop
  endfacet
  facet normal 0.528066 -0.849203 0
    outer loop
      vertex 8.31689 -12.4471 3.2
      vertex 7.485 -12.9644 0
      vertex 8.31689 -12.4471 0
    endloop
  endfacet
  facet normal 0.935928 -0.35219 0
    outer loop
      vertex 13.8305 -5.72877 3.2
      vertex 14.1755 -4.81195 0
      vertex 14.1755 -4.81195 3.2
    endloop
  endfacet
  facet normal 0.935928 -0.35219 0
    outer loop
      vertex 14.1755 -4.81195 0
      vertex 13.8305 -5.72877 3.2
      vertex 13.8305 -5.72877 0
    endloop
  endfacet
  facet normal 0.956931 -0.290316 0
    outer loop
      vertex 14.1755 -4.81195 3.2
      vertex 14.4599 -3.87452 0
      vertex 14.4599 -3.87452 3.2
    endloop
  endfacet
  facet normal 0.956931 -0.290316 0
    outer loop
      vertex 14.4599 -3.87452 0
      vertex 14.1755 -4.81195 3.2
      vertex 14.1755 -4.81195 0
    endloop
  endfacet
  facet normal 0.973865 -0.227128 0
    outer loop
      vertex 14.4599 -3.87452 3.2
      vertex 14.6824 -2.9205 0
      vertex 14.6824 -2.9205 3.2
    endloop
  endfacet
  facet normal 0.973865 -0.227128 0
    outer loop
      vertex 14.6824 -2.9205 0
      vertex 14.4599 -3.87452 3.2
      vertex 14.4599 -3.87452 0
    endloop
  endfacet
  facet normal 0.995187 -0.0979981 0
    outer loop
      vertex 14.8419 -1.95398 3.2
      vertex 14.9379 -0.979084 0
      vertex 14.9379 -0.979084 3.2
    endloop
  endfacet
  facet normal 0.995187 -0.0979981 0
    outer loop
      vertex 14.9379 -0.979084 0
      vertex 14.8419 -1.95398 3.2
      vertex 14.8419 -1.95398 0
    endloop
  endfacet
  facet normal -0.412714 -0.910861 0
    outer loop
      vertex -6.62106 -13.4262 0
      vertex -5.72877 -13.8305 3.2
      vertex -6.62106 -13.4262 3.2
    endloop
  endfacet
  facet normal -0.412714 -0.910861 -0
    outer loop
      vertex -5.72877 -13.8305 3.2
      vertex -6.62106 -13.4262 0
      vertex -5.72877 -13.8305 0
    endloop
  endfacet
  facet normal -0.528066 -0.849203 0
    outer loop
      vertex -8.31689 -12.4471 0
      vertex -7.485 -12.9644 3.2
      vertex -8.31689 -12.4471 3.2
    endloop
  endfacet
  facet normal -0.528066 -0.849203 -0
    outer loop
      vertex -7.485 -12.9644 3.2
      vertex -8.31689 -12.4471 0
      vertex -7.485 -12.9644 0
    endloop
  endfacet
  facet normal -0.162823 -0.986655 0
    outer loop
      vertex -2.9205 -14.6824 0
      vertex -1.95398 -14.8419 3.2
      vertex -2.9205 -14.6824 3.2
    endloop
  endfacet
  facet normal -0.162823 -0.986655 -0
    outer loop
      vertex -1.95398 -14.8419 3.2
      vertex -2.9205 -14.6824 0
      vertex -1.95398 -14.8419 0
    endloop
  endfacet
  facet normal -0.849203 -0.528066 0
    outer loop
      vertex -12.4471 -8.31689 0
      vertex -12.9644 -7.485 3.2
      vertex -12.9644 -7.485 0
    endloop
  endfacet
  facet normal -0.849203 -0.528066 0
    outer loop
      vertex -12.9644 -7.485 3.2
      vertex -12.4471 -8.31689 0
      vertex -12.4471 -8.31689 3.2
    endloop
  endfacet
  facet normal -0.812846 -0.582478 0
    outer loop
      vertex -11.8765 -9.11316 0
      vertex -12.4471 -8.31689 3.2
      vertex -12.4471 -8.31689 0
    endloop
  endfacet
  facet normal -0.812846 -0.582478 0
    outer loop
      vertex -12.4471 -8.31689 3.2
      vertex -11.8765 -9.11316 0
      vertex -11.8765 -9.11316 3.2
    endloop
  endfacet
  facet normal 0.973865 0.227128 0
    outer loop
      vertex 14.6824 2.9205 3.2
      vertex 14.4599 3.87452 0
      vertex 14.4599 3.87452 3.2
    endloop
  endfacet
  facet normal 0.973865 0.227128 0
    outer loop
      vertex 14.4599 3.87452 0
      vertex 14.6824 2.9205 3.2
      vertex 14.6824 2.9205 0
    endloop
  endfacet
  facet normal 0.77299 0.634418 0
    outer loop
      vertex 11.8765 9.11316 3.2
      vertex 11.255 9.87041 0
      vertex 11.255 9.87041 3.2
    endloop
  endfacet
  facet normal 0.77299 0.634418 0
    outer loop
      vertex 11.255 9.87041 0
      vertex 11.8765 9.11316 3.2
      vertex 11.8765 9.11316 0
    endloop
  endfacet
  facet normal 0.812846 0.582478 0
    outer loop
      vertex 12.4471 8.31689 3.2
      vertex 11.8765 9.11316 0
      vertex 11.8765 9.11316 3.2
    endloop
  endfacet
  facet normal 0.812846 0.582478 0
    outer loop
      vertex 11.8765 9.11316 0
      vertex 12.4471 8.31689 3.2
      vertex 12.4471 8.31689 0
    endloop
  endfacet
  facet normal 0.35219 0.935928 -0
    outer loop
      vertex 5.72877 13.8305 0
      vertex 4.81195 14.1755 3.2
      vertex 5.72877 13.8305 3.2
    endloop
  endfacet
  facet normal 0.35219 0.935928 0
    outer loop
      vertex 4.81195 14.1755 3.2
      vertex 5.72877 13.8305 0
      vertex 4.81195 14.1755 0
    endloop
  endfacet
  facet normal 0.227128 0.973865 -0
    outer loop
      vertex 3.87452 14.4599 0
      vertex 2.9205 14.6824 3.2
      vertex 3.87452 14.4599 3.2
    endloop
  endfacet
  facet normal 0.227128 0.973865 0
    outer loop
      vertex 2.9205 14.6824 3.2
      vertex 3.87452 14.4599 0
      vertex 2.9205 14.6824 0
    endloop
  endfacet
  facet normal 0.412714 0.910861 -0
    outer loop
      vertex 6.62106 13.4262 0
      vertex 5.72877 13.8305 3.2
      vertex 6.62106 13.4262 3.2
    endloop
  endfacet
  facet normal 0.412714 0.910861 0
    outer loop
      vertex 5.72877 13.8305 3.2
      vertex 6.62106 13.4262 0
      vertex 5.72877 13.8305 0
    endloop
  endfacet
  facet normal 0.683559 0.729895 -0
    outer loop
      vertex 10.5854 10.5854 0
      vertex 9.87041 11.255 3.2
      vertex 10.5854 10.5854 3.2
    endloop
  endfacet
  facet normal 0.683559 0.729895 0
    outer loop
      vertex 9.87041 11.255 3.2
      vertex 10.5854 10.5854 0
      vertex 9.87041 11.255 0
    endloop
  endfacet
  facet normal 0.634418 0.77299 -0
    outer loop
      vertex 9.87041 11.255 0
      vertex 9.11316 11.8765 3.2
      vertex 9.87041 11.255 3.2
    endloop
  endfacet
  facet normal 0.634418 0.77299 0
    outer loop
      vertex 9.11316 11.8765 3.2
      vertex 9.87041 11.255 0
      vertex 9.11316 11.8765 0
    endloop
  endfacet
  facet normal -0.910861 0.412714 0
    outer loop
      vertex -13.8305 5.72877 0
      vertex -13.4262 6.62106 3.2
      vertex -13.4262 6.62106 0
    endloop
  endfacet
  facet normal -0.910861 0.412714 0
    outer loop
      vertex -13.4262 6.62106 3.2
      vertex -13.8305 5.72877 0
      vertex -13.8305 5.72877 3.2
    endloop
  endfacet
  facet normal -0.881915 0.471408 0
    outer loop
      vertex -13.4262 6.62106 0
      vertex -12.9644 7.485 3.2
      vertex -12.9644 7.485 0
    endloop
  endfacet
  facet normal -0.881915 0.471408 0
    outer loop
      vertex -12.9644 7.485 3.2
      vertex -13.4262 6.62106 0
      vertex -13.4262 6.62106 3.2
    endloop
  endfacet
  facet normal -0.935928 0.35219 0
    outer loop
      vertex -14.1755 4.81195 0
      vertex -13.8305 5.72877 3.2
      vertex -13.8305 5.72877 0
    endloop
  endfacet
  facet normal -0.935928 0.35219 0
    outer loop
      vertex -13.8305 5.72877 3.2
      vertex -14.1755 4.81195 0
      vertex -14.1755 4.81195 3.2
    endloop
  endfacet
  facet normal -0.973865 0.227128 0
    outer loop
      vertex -14.6824 2.9205 0
      vertex -14.4599 3.87452 3.2
      vertex -14.4599 3.87452 0
    endloop
  endfacet
  facet normal -0.973865 0.227128 0
    outer loop
      vertex -14.4599 3.87452 3.2
      vertex -14.6824 2.9205 0
      vertex -14.6824 2.9205 3.2
    endloop
  endfacet
  facet normal -0.412714 0.910861 0
    outer loop
      vertex -5.72877 13.8305 0
      vertex -6.62106 13.4262 3.2
      vertex -5.72877 13.8305 3.2
    endloop
  endfacet
  facet normal -0.412714 0.910861 0
    outer loop
      vertex -6.62106 13.4262 3.2
      vertex -5.72877 13.8305 0
      vertex -6.62106 13.4262 0
    endloop
  endfacet
  facet normal -0.227128 0.973865 0
    outer loop
      vertex -2.9205 14.6824 0
      vertex -3.87452 14.4599 3.2
      vertex -2.9205 14.6824 3.2
    endloop
  endfacet
  facet normal -0.227128 0.973865 0
    outer loop
      vertex -3.87452 14.4599 3.2
      vertex -2.9205 14.6824 0
      vertex -3.87452 14.4599 0
    endloop
  endfacet
  facet normal -0.0979981 0.995187 0
    outer loop
      vertex -0.979084 14.9379 0
      vertex -1.95398 14.8419 3.2
      vertex -0.979084 14.9379 3.2
    endloop
  endfacet
  facet normal -0.0979981 0.995187 0
    outer loop
      vertex -1.95398 14.8419 3.2
      vertex -0.979084 14.9379 0
      vertex -1.95398 14.8419 0
    endloop
  endfacet
  facet normal 0.162823 -0.986655 0
    outer loop
      vertex 1.95398 -14.8419 0
      vertex 2.9205 -14.6824 3.2
      vertex 1.95398 -14.8419 3.2
    endloop
  endfacet
  facet normal 0.162823 -0.986655 0
    outer loop
      vertex 2.9205 -14.6824 3.2
      vertex 1.95398 -14.8419 0
      vertex 2.9205 -14.6824 0
    endloop
  endfacet
  facet normal 0.0327681 -0.999463 0
    outer loop
      vertex 0 -14.97 0
      vertex 0.979084 -14.9379 3.2
      vertex 0 -14.97 3.2
    endloop
  endfacet
  facet normal 0.0327681 -0.999463 0
    outer loop
      vertex 0.979084 -14.9379 3.2
      vertex 0 -14.97 0
      vertex 0.979084 -14.9379 0
    endloop
  endfacet
  facet normal 0.0979981 -0.995187 0
    outer loop
      vertex 0.979084 -14.9379 0
      vertex 1.95398 -14.8419 3.2
      vertex 0.979084 -14.9379 3.2
    endloop
  endfacet
  facet normal 0.0979981 -0.995187 0
    outer loop
      vertex 1.95398 -14.8419 3.2
      vertex 0.979084 -14.9379 0
      vertex 1.95398 -14.8419 0
    endloop
  endfacet
  facet normal 0.35219 -0.935928 0
    outer loop
      vertex 4.81195 -14.1755 0
      vertex 5.72877 -13.8305 3.2
      vertex 4.81195 -14.1755 3.2
    endloop
  endfacet
  facet normal 0.35219 -0.935928 0
    outer loop
      vertex 5.72877 -13.8305 3.2
      vertex 4.81195 -14.1755 0
      vertex 5.72877 -13.8305 0
    endloop
  endfacet
  facet normal 0.290316 -0.956931 0
    outer loop
      vertex 3.87452 -14.4599 0
      vertex 4.81195 -14.1755 3.2
      vertex 3.87452 -14.4599 3.2
    endloop
  endfacet
  facet normal 0.290316 -0.956931 0
    outer loop
      vertex 4.81195 -14.1755 3.2
      vertex 3.87452 -14.4599 0
      vertex 4.81195 -14.1755 0
    endloop
  endfacet
  facet normal 0.634418 -0.77299 0
    outer loop
      vertex 9.11316 -11.8765 0
      vertex 9.87041 -11.255 3.2
      vertex 9.11316 -11.8765 3.2
    endloop
  endfacet
  facet normal 0.634418 -0.77299 0
    outer loop
      vertex 9.87041 -11.255 3.2
      vertex 9.11316 -11.8765 0
      vertex 9.87041 -11.255 0
    endloop
  endfacet
  facet normal 0.412714 -0.910861 0
    outer loop
      vertex 5.72877 -13.8305 0
      vertex 6.62106 -13.4262 3.2
      vertex 5.72877 -13.8305 3.2
    endloop
  endfacet
  facet normal 0.412714 -0.910861 0
    outer loop
      vertex 6.62106 -13.4262 3.2
      vertex 5.72877 -13.8305 0
      vertex 6.62106 -13.4262 0
    endloop
  endfacet
  facet normal 0.471408 -0.881915 0
    outer loop
      vertex 6.62106 -13.4262 0
      vertex 7.485 -12.9644 3.2
      vertex 6.62106 -13.4262 3.2
    endloop
  endfacet
  facet normal 0.471408 -0.881915 0
    outer loop
      vertex 7.485 -12.9644 3.2
      vertex 6.62106 -13.4262 0
      vertex 7.485 -12.9644 0
    endloop
  endfacet
  facet normal 0.812846 -0.582478 0
    outer loop
      vertex 11.8765 -9.11316 3.2
      vertex 12.4471 -8.31689 0
      vertex 12.4471 -8.31689 3.2
    endloop
  endfacet
  facet normal 0.812846 -0.582478 0
    outer loop
      vertex 12.4471 -8.31689 0
      vertex 11.8765 -9.11316 3.2
      vertex 11.8765 -9.11316 0
    endloop
  endfacet
  facet normal 0.729895 -0.683559 0
    outer loop
      vertex 10.5854 -10.5854 3.2
      vertex 11.255 -9.87041 0
      vertex 11.255 -9.87041 3.2
    endloop
  endfacet
  facet normal 0.729895 -0.683559 0
    outer loop
      vertex 11.255 -9.87041 0
      vertex 10.5854 -10.5854 3.2
      vertex 10.5854 -10.5854 0
    endloop
  endfacet
  facet normal 0.910861 -0.412714 0
    outer loop
      vertex 13.4262 -6.62106 3.2
      vertex 13.8305 -5.72877 0
      vertex 13.8305 -5.72877 3.2
    endloop
  endfacet
  facet normal 0.910861 -0.412714 0
    outer loop
      vertex 13.8305 -5.72877 0
      vertex 13.4262 -6.62106 3.2
      vertex 13.4262 -6.62106 0
    endloop
  endfacet
  facet normal -0.0979981 -0.995187 0
    outer loop
      vertex -1.95398 -14.8419 0
      vertex -0.979084 -14.9379 3.2
      vertex -1.95398 -14.8419 3.2
    endloop
  endfacet
  facet normal -0.0979981 -0.995187 -0
    outer loop
      vertex -0.979084 -14.9379 3.2
      vertex -1.95398 -14.8419 0
      vertex -0.979084 -14.9379 0
    endloop
  endfacet
  facet normal -0.582478 -0.812846 0
    outer loop
      vertex -9.11316 -11.8765 0
      vertex -8.31689 -12.4471 3.2
      vertex -9.11316 -11.8765 3.2
    endloop
  endfacet
  facet normal -0.582478 -0.812846 -0
    outer loop
      vertex -8.31689 -12.4471 3.2
      vertex -9.11316 -11.8765 0
      vertex -8.31689 -12.4471 0
    endloop
  endfacet
  facet normal -0.683559 -0.729895 0
    outer loop
      vertex -10.5854 -10.5854 0
      vertex -9.87041 -11.255 3.2
      vertex -10.5854 -10.5854 3.2
    endloop
  endfacet
  facet normal -0.683559 -0.729895 -0
    outer loop
      vertex -9.87041 -11.255 3.2
      vertex -10.5854 -10.5854 0
      vertex -9.87041 -11.255 0
    endloop
  endfacet
  facet normal -0.634418 -0.77299 0
    outer loop
      vertex -9.87041 -11.255 0
      vertex -9.11316 -11.8765 3.2
      vertex -9.87041 -11.255 3.2
    endloop
  endfacet
  facet normal -0.634418 -0.77299 -0
    outer loop
      vertex -9.11316 -11.8765 3.2
      vertex -9.87041 -11.255 0
      vertex -9.11316 -11.8765 0
    endloop
  endfacet
  facet normal -0.471408 -0.881915 0
    outer loop
      vertex -7.485 -12.9644 0
      vertex -6.62106 -13.4262 3.2
      vertex -7.485 -12.9644 3.2
    endloop
  endfacet
  facet normal -0.471408 -0.881915 -0
    outer loop
      vertex -6.62106 -13.4262 3.2
      vertex -7.485 -12.9644 0
      vertex -6.62106 -13.4262 0
    endloop
  endfacet
  facet normal -0.290316 -0.956931 0
    outer loop
      vertex -4.81195 -14.1755 0
      vertex -3.87452 -14.4599 3.2
      vertex -4.81195 -14.1755 3.2
    endloop
  endfacet
  facet normal -0.290316 -0.956931 -0
    outer loop
      vertex -3.87452 -14.4599 3.2
      vertex -4.81195 -14.1755 0
      vertex -3.87452 -14.4599 0
    endloop
  endfacet
  facet normal -0.227128 -0.973865 0
    outer loop
      vertex -3.87452 -14.4599 0
      vertex -2.9205 -14.6824 3.2
      vertex -3.87452 -14.4599 3.2
    endloop
  endfacet
  facet normal -0.227128 -0.973865 -0
    outer loop
      vertex -2.9205 -14.6824 3.2
      vertex -3.87452 -14.4599 0
      vertex -2.9205 -14.6824 0
    endloop
  endfacet
  facet normal -0.0327681 -0.999463 0
    outer loop
      vertex -0.979084 -14.9379 0
      vertex 0 -14.97 3.2
      vertex -0.979084 -14.9379 3.2
    endloop
  endfacet
  facet normal -0.0327681 -0.999463 -0
    outer loop
      vertex 0 -14.97 3.2
      vertex -0.979084 -14.9379 0
      vertex 0 -14.97 0
    endloop
  endfacet
  facet normal -0.729895 -0.683559 0
    outer loop
      vertex -10.5854 -10.5854 0
      vertex -11.255 -9.87041 3.2
      vertex -11.255 -9.87041 0
    endloop
  endfacet
  facet normal -0.729895 -0.683559 0
    outer loop
      vertex -11.255 -9.87041 3.2
      vertex -10.5854 -10.5854 0
      vertex -10.5854 -10.5854 3.2
    endloop
  endfacet
  facet normal -0.910861 -0.412714 0
    outer loop
      vertex -13.4262 -6.62106 0
      vertex -13.8305 -5.72877 3.2
      vertex -13.8305 -5.72877 0
    endloop
  endfacet
  facet normal -0.910861 -0.412714 0
    outer loop
      vertex -13.8305 -5.72877 3.2
      vertex -13.4262 -6.62106 0
      vertex -13.4262 -6.62106 3.2
    endloop
  endfacet
  facet normal -0.881915 -0.471408 0
    outer loop
      vertex -12.9644 -7.485 0
      vertex -13.4262 -6.62106 3.2
      vertex -13.4262 -6.62106 0
    endloop
  endfacet
  facet normal -0.881915 -0.471408 0
    outer loop
      vertex -13.4262 -6.62106 3.2
      vertex -12.9644 -7.485 0
      vertex -12.9644 -7.485 3.2
    endloop
  endfacet
  facet normal -0.973865 -0.227128 0
    outer loop
      vertex -14.4599 -3.87452 0
      vertex -14.6824 -2.9205 3.2
      vertex -14.6824 -2.9205 0
    endloop
  endfacet
  facet normal -0.973865 -0.227128 0
    outer loop
      vertex -14.6824 -2.9205 3.2
      vertex -14.4599 -3.87452 0
      vertex -14.4599 -3.87452 3.2
    endloop
  endfacet
  facet normal -0.986655 -0.162823 0
    outer loop
      vertex -14.6824 -2.9205 0
      vertex -14.8419 -1.95398 3.2
      vertex -14.8419 -1.95398 0
    endloop
  endfacet
  facet normal -0.986655 -0.162823 0
    outer loop
      vertex -14.8419 -1.95398 3.2
      vertex -14.6824 -2.9205 0
      vertex -14.6824 -2.9205 3.2
    endloop
  endfacet
  facet normal -0.999463 -0.0327681 0
    outer loop
      vertex -14.9379 -0.979084 0
      vertex -14.97 0 3.2
      vertex -14.97 0 0
    endloop
  endfacet
  facet normal -0.999463 -0.0327681 0
    outer loop
      vertex -14.97 0 3.2
      vertex -14.9379 -0.979084 0
      vertex -14.9379 -0.979084 3.2
    endloop
  endfacet
  facet normal 0 0 -1
    outer loop
      vertex 12.2756 -3.84824 0
      vertex 13.2481 -1.57791 0
      vertex 13.3213 -4.24292 0
    endloop
  endfacet
  facet normal 0 0 -1
    outer loop
      vertex 12.2756 -3.84824 0
      vertex 12.1902 -1.86676 0
      vertex 13.2481 -1.57791 0
    endloop
  endfacet
  facet normal 0 0 -1
    outer loop
      vertex 9.08172 -2.90836 0
      vertex 12.1902 -1.86676 0
      vertex 12.2756 -3.84824 0
    endloop
  endfacet
  facet normal 0 0 -1
    outer loop
      vertex 10.7661 -4.93867 0
      vertex 12.2756 -3.84824 0
      vertex 11.9199 -4.45404 0
    endloop
  endfacet
  facet normal 0 -0 -1
    outer loop
      vertex 9.12851 -2.31207 0
      vertex 12.1902 -1.86676 0
      vertex 9.08172 -2.90836 0
    endloop
  endfacet
  facet normal 0 -0 -1
    outer loop
      vertex 10.7376 -0.92691 0
      vertex 12.1902 -1.86676 0
      vertex 9.12851 -2.31207 0
    endloop
  endfacet
  facet normal 0 0 -1
    outer loop
      vertex 10.7661 -4.93867 0
      vertex 11.9199 -4.45404 0
      vertex 11.4167 -4.81752 0
    endloop
  endfacet
  facet normal -0 -0 -1
    outer loop
      vertex 11.0774 -0.95517 0
      vertex 12.1902 -1.86676 0
      vertex 10.7376 -0.92691 0
    endloop
  endfacet
  facet normal -0 -0 -1
    outer loop
      vertex 11.6633 -1.1812 0
      vertex 12.1902 -1.86676 0
      vertex 11.386 -1.03993 0
    endloop
  endfacet
  facet normal -0 0 -1
    outer loop
      vertex 12.2756 -3.84824 0
      vertex 10.7661 -4.93867 0
      vertex 9.12987 -3.5155 0
    endloop
  endfacet
  facet normal 0 0 -1
    outer loop
      vertex 12.072 -1.59891 0
      vertex 11.6633 -1.1812 0
      vertex 11.8964 -1.37039 0
    endloop
  endfacet
  facet normal 0 0 -1
    outer loop
      vertex 9.27431 -4.01869 0
      vertex 10.7661 -4.93867 0
      vertex 10.2637 -4.88081 0
    endloop
  endfacet
  facet normal 0 0 -1
    outer loop
      vertex 12.1902 -1.86676 0
      vertex 11.6633 -1.1812 0
      vertex 12.072 -1.59891 0
    endloop
  endfacet
  facet normal 0 0 -1
    outer loop
      vertex 9.51504 -4.41788 0
      vertex 10.2637 -4.88081 0
      vertex 9.84665 -4.70721 0
    endloop
  endfacet
  facet normal -0 -0 -1
    outer loop
      vertex 11.386 -1.03993 0
      vertex 12.1902 -1.86676 0
      vertex 11.0774 -0.95517 0
    endloop
  endfacet
  facet normal 0 0 -1
    outer loop
      vertex 10.2637 -4.88081 0
      vertex 9.51504 -4.41788 0
      vertex 9.27431 -4.01869 0
    endloop
  endfacet
  facet normal 0 -0 -1
    outer loop
      vertex 9.26887 -1.81978 0
      vertex 10.7376 -0.92691 0
      vertex 9.12851 -2.31207 0
    endloop
  endfacet
  facet normal 0 0 -1
    outer loop
      vertex 10.7661 -4.93867 0
      vertex 9.27431 -4.01869 0
      vertex 9.12987 -3.5155 0
    endloop
  endfacet
  facet normal 0 0 -1
    outer loop
      vertex 10.7376 -0.92691 0
      vertex 9.26887 -1.81978 0
      vertex 10.2388 -0.982971 0
    endloop
  endfacet
  facet normal 0 0 -1
    outer loop
      vertex 12.2756 -3.84824 0
      vertex 9.12987 -3.5155 0
      vertex 9.08172 -2.90836 0
    endloop
  endfacet
  facet normal 0 0 -1
    outer loop
      vertex 10.2388 -0.982971 0
      vertex 9.26887 -1.81978 0
      vertex 9.82718 -1.15115 0
    endloop
  endfacet
  facet normal 0 0 -1
    outer loop
      vertex 9.82718 -1.15115 0
      vertex 9.26887 -1.81978 0
      vertex 9.50281 -1.43146 0
    endloop
  endfacet
  facet normal 0 0 -1
    outer loop
      vertex 13.0351 -1.09666 0
      vertex 14.97 0 0
      vertex 14.9379 -0.979084 0
    endloop
  endfacet
  facet normal 0 0 -1
    outer loop
      vertex 13.2481 -1.57791 0
      vertex 14.9379 -0.979084 0
      vertex 14.8419 -1.95398 0
    endloop
  endfacet
  facet normal 0 0 -1
    outer loop
      vertex 14.97 0 0
      vertex 13.0351 -1.09666 0
      vertex 12.7381 -0.699966 0
    endloop
  endfacet
  facet normal 0 0 -1
    outer loop
      vertex 13.2481 -1.57791 0
      vertex 14.8419 -1.95398 0
      vertex 14.6824 -2.9205 0
    endloop
  endfacet
  facet normal 0 0 -1
    outer loop
      vertex 14.9379 -0.979084 0
      vertex 13.2481 -1.57791 0
      vertex 13.0351 -1.09666 0
    endloop
  endfacet
  facet normal 0 0 -1
    outer loop
      vertex 13.3213 -4.24292 0
      vertex 14.6824 -2.9205 0
      vertex 14.4599 -3.87452 0
    endloop
  endfacet
  facet normal -0 0 -1
    outer loop
      vertex 14.97 0 0
      vertex 12.7381 -0.699966 0
      vertex 14.9379 0.979084 0
    endloop
  endfacet
  facet normal 0 0 -1
    outer loop
      vertex 13.3213 -4.24292 0
      vertex 14.4599 -3.87452 0
      vertex 14.1755 -4.81195 0
    endloop
  endfacet
  facet normal 0 0 -1
    outer loop
      vertex 12.357 -0.387817 0
      vertex 14.9379 0.979084 0
      vertex 12.7381 -0.699966 0
    endloop
  endfacet
  facet normal 0 0 -1
    outer loop
      vertex 13.0611 -4.74904 0
      vertex 14.1755 -4.81195 0
      vertex 13.8305 -5.72877 0
    endloop
  endfacet
  facet normal -0 0 -1
    outer loop
      vertex 14.9379 0.979084 0
      vertex 12.357 -0.387817 0
      vertex 14.8419 1.95398 0
    endloop
  endfacet
  facet normal 0 0 -1
    outer loop
      vertex 12.7309 -5.16066 0
      vertex 13.8305 -5.72877 0
      vertex 13.4262 -6.62106 0
    endloop
  endfacet
  facet normal -0 0 -1
    outer loop
      vertex 14.6824 -2.9205 0
      vertex 13.3213 -4.24292 0
      vertex 13.2481 -1.57791 0
    endloop
  endfacet
  facet normal 0 0 -1
    outer loop
      vertex 11.8923 -0.162888 0
      vertex 14.8419 1.95398 0
      vertex 12.357 -0.387817 0
    endloop
  endfacet
  facet normal 0 0 -1
    outer loop
      vertex 14.1755 -4.81195 0
      vertex 13.0611 -4.74904 0
      vertex 13.3213 -4.24292 0
    endloop
  endfacet
  facet normal 0 0 -1
    outer loop
      vertex 11.8665 -5.70268 0
      vertex 13.4262 -6.62106 0
      vertex 12.9644 -7.485 0
    endloop
  endfacet
  facet normal 0 0 -1
    outer loop
      vertex 13.8305 -5.72877 0
      vertex 12.7309 -5.16066 0
      vertex 13.0611 -4.74904 0
    endloop
  endfacet
  facet normal 0 0 -1
    outer loop
      vertex 11.345 -5.83762 0
      vertex 12.9644 -7.485 0
      vertex 12.4471 -8.31689 0
    endloop
  endfacet
  facet normal 0 0 -1
    outer loop
      vertex 13.4262 -6.62106 0
      vertex 12.3306 -5.47778 0
      vertex 12.7309 -5.16066 0
    endloop
  endfacet
  facet normal 0 0 -1
    outer loop
      vertex 10.7661 -5.8826 0
      vertex 12.4471 -8.31689 0
      vertex 11.8765 -9.11316 0
    endloop
  endfacet
  facet normal 0 0 -1
    outer loop
      vertex 13.4262 -6.62106 0
      vertex 11.8665 -5.70268 0
      vertex 12.3306 -5.47778 0
    endloop
  endfacet
  facet normal 0 0 -1
    outer loop
      vertex 12.9644 -7.485 0
      vertex 11.345 -5.83762 0
      vertex 11.8665 -5.70268 0
    endloop
  endfacet
  facet normal 0 0 -1
    outer loop
      vertex 9.91376 -5.79558 0
      vertex 11.8765 -9.11316 0
      vertex 11.255 -9.87041 0
    endloop
  endfacet
  facet normal 0 0 -1
    outer loop
      vertex 12.4471 -8.31689 0
      vertex 10.7661 -5.8826 0
      vertex 11.345 -5.83762 0
    endloop
  endfacet
  facet normal 0 0 -1
    outer loop
      vertex 9.91376 -5.79558 0
      vertex 11.255 -9.87041 0
      vertex 10.5854 -10.5854 0
    endloop
  endfacet
  facet normal 0 0 -1
    outer loop
      vertex 11.8765 -9.11316 0
      vertex 9.91376 -5.79558 0
      vertex 10.7661 -5.8826 0
    endloop
  endfacet
  facet normal 0 0 -1
    outer loop
      vertex 9.20105 -5.5345 0
      vertex 10.5854 -10.5854 0
      vertex 9.87041 -11.255 0
    endloop
  endfacet
  facet normal 0 0 -1
    outer loop
      vertex 10.5854 -10.5854 0
      vertex 9.20105 -5.5345 0
      vertex 9.91376 -5.79558 0
    endloop
  endfacet
  facet normal 0 0 -1
    outer loop
      vertex 4.94827 -6.02948 0
      vertex 9.87041 -11.255 0
      vertex 9.11316 -11.8765 0
    endloop
  endfacet
  facet normal 0 0 -1
    outer loop
      vertex 9.87041 -11.255 0
      vertex 4.94827 -6.02948 0
      vertex 9.20105 -5.5345 0
    endloop
  endfacet
  facet normal 0 0 -1
    outer loop
      vertex 4.33345 -6.48546 0
      vertex 9.11316 -11.8765 0
      vertex 8.31689 -12.4471 0
    endloop
  endfacet
  facet normal 0 -0 -1
    outer loop
      vertex 5.51543 -5.51543 0
      vertex 9.20105 -5.5345 0
      vertex 4.94827 -6.02948 0
    endloop
  endfacet
  facet normal 0 -0 -1
    outer loop
      vertex 6.02948 -4.94827 0
      vertex 8.628 -5.09937 0
      vertex 5.51543 -5.51543 0
    endloop
  endfacet
  facet normal 0 -0 -1
    outer loop
      vertex 6.48546 -4.33345 0
      vertex 8.20871 -4.50781 0
      vertex 6.02948 -4.94827 0
    endloop
  endfacet
  facet normal -0 0 -1
    outer loop
      vertex 8.60155 -0.739716 0
      vertex 7.76244 -0.764533 0
      vertex 7.8 0 0
    endloop
  endfacet
  facet normal 0 0 -1
    outer loop
      vertex 8.20871 -4.50781 0
      vertex 6.87899 -3.67689 0
      vertex 7.95712 -3.77747 0
    endloop
  endfacet
  facet normal 0 0 -1
    outer loop
      vertex 7.95418 -2.0399 0
      vertex 7.65012 -1.5217 0
      vertex 7.76244 -0.764533 0
    endloop
  endfacet
  facet normal 0 0 -1
    outer loop
      vertex 4.33345 -6.48546 0
      vertex 8.31689 -12.4471 0
      vertex 7.485 -12.9644 0
    endloop
  endfacet
  facet normal -0 0 -1
    outer loop
      vertex 7.95418 -2.0399 0
      vertex 7.46413 -2.26422 0
      vertex 7.65012 -1.5217 0
    endloop
  endfacet
  facet normal -0 0 -1
    outer loop
      vertex 7.87326 -2.90836 0
      vertex 7.20626 -2.98493 0
      vertex 7.46413 -2.26422 0
    endloop
  endfacet
  facet normal 0 0 -1
    outer loop
      vertex 7.95712 -3.77747 0
      vertex 7.20626 -2.98493 0
      vertex 7.87326 -2.90836 0
    endloop
  endfacet
  facet normal 0 0 -1
    outer loop
      vertex 3.67689 -6.87899 0
      vertex 7.485 -12.9644 0
      vertex 6.62106 -13.4262 0
    endloop
  endfacet
  facet normal 0 -0 -1
    outer loop
      vertex 7.20626 -2.98493 0
      vertex 7.95712 -3.77747 0
      vertex 6.87899 -3.67689 0
    endloop
  endfacet
  facet normal 0 -0 -1
    outer loop
      vertex 6.87899 -3.67689 0
      vertex 8.20871 -4.50781 0
      vertex 6.48546 -4.33345 0
    endloop
  endfacet
  facet normal 0 0 -1
    outer loop
      vertex 2.98493 -7.20626 0
      vertex 6.62106 -13.4262 0
      vertex 5.72877 -13.8305 0
    endloop
  endfacet
  facet normal 0 0 -1
    outer loop
      vertex 8.628 -5.09937 0
      vertex 6.02948 -4.94827 0
      vertex 8.20871 -4.50781 0
    endloop
  endfacet
  facet normal 0 0 -1
    outer loop
      vertex 9.20105 -5.5345 0
      vertex 5.51543 -5.51543 0
      vertex 8.628 -5.09937 0
    endloop
  endfacet
  facet normal 0 0 -1
    outer loop
      vertex 2.98493 -7.20626 0
      vertex 5.72877 -13.8305 0
      vertex 4.81195 -14.1755 0
    endloop
  endfacet
  facet normal 0 0 -1
    outer loop
      vertex 9.11316 -11.8765 0
      vertex 4.33345 -6.48546 0
      vertex 4.94827 -6.02948 0
    endloop
  endfacet
  facet normal 0 0 -1
    outer loop
      vertex 2.26422 -7.46413 0
      vertex 4.81195 -14.1755 0
      vertex 3.87452 -14.4599 0
    endloop
  endfacet
  facet normal 0 0 -1
    outer loop
      vertex 7.485 -12.9644 0
      vertex 3.67689 -6.87899 0
      vertex 4.33345 -6.48546 0
    endloop
  endfacet
  facet normal 0 0 -1
    outer loop
      vertex 6.62106 -13.4262 0
      vertex 2.98493 -7.20626 0
      vertex 3.67689 -6.87899 0
    endloop
  endfacet
  facet normal 0 0 -1
    outer loop
      vertex 1.5217 -7.65012 0
      vertex 3.87452 -14.4599 0
      vertex 2.9205 -14.6824 0
    endloop
  endfacet
  facet normal 0 0 -1
    outer loop
      vertex 4.81195 -14.1755 0
      vertex 2.26422 -7.46413 0
      vertex 2.98493 -7.20626 0
    endloop
  endfacet
  facet normal 0 0 -1
    outer loop
      vertex 1.5217 -7.65012 0
      vertex 2.9205 -14.6824 0
      vertex 1.95398 -14.8419 0
    endloop
  endfacet
  facet normal 0 0 -1
    outer loop
      vertex 3.87452 -14.4599 0
      vertex 1.5217 -7.65012 0
      vertex 2.26422 -7.46413 0
    endloop
  endfacet
  facet normal 0 0 -1
    outer loop
      vertex 0.764533 -7.76244 0
      vertex 1.95398 -14.8419 0
      vertex 0.979084 -14.9379 0
    endloop
  endfacet
  facet normal 0 0 -1
    outer loop
      vertex 1.95398 -14.8419 0
      vertex 0.764533 -7.76244 0
      vertex 1.5217 -7.65012 0
    endloop
  endfacet
  facet normal 0 0 -1
    outer loop
      vertex 0 -7.8 0
      vertex 0.979084 -14.9379 0
      vertex 0 -14.97 0
    endloop
  endfacet
  facet normal 0 0 -1
    outer loop
      vertex 0.979084 -14.9379 0
      vertex 0 -7.8 0
      vertex 0.764533 -7.76244 0
    endloop
  endfacet
  facet normal 0 0 -1
    outer loop
      vertex -0.979084 -14.9379 0
      vertex 0 -7.8 0
      vertex 0 -14.97 0
    endloop
  endfacet
  facet normal -0 0 -1
    outer loop
      vertex 0 -7.8 0
      vertex -0.979084 -14.9379 0
      vertex -0.764533 -7.76244 0
    endloop
  endfacet
  facet normal 0 0 -1
    outer loop
      vertex -1.95398 -14.8419 0
      vertex -0.764533 -7.76244 0
      vertex -0.979084 -14.9379 0
    endloop
  endfacet
  facet normal -0 0 -1
    outer loop
      vertex -0.764533 -7.76244 0
      vertex -1.95398 -14.8419 0
      vertex -1.5217 -7.65012 0
    endloop
  endfacet
  facet normal 0 0 -1
    outer loop
      vertex -2.9205 -14.6824 0
      vertex -1.5217 -7.65012 0
      vertex -1.95398 -14.8419 0
    endloop
  endfacet
  facet normal 0 0 -1
    outer loop
      vertex -3.87452 -14.4599 0
      vertex -1.5217 -7.65012 0
      vertex -2.9205 -14.6824 0
    endloop
  endfacet
  facet normal -0 0 -1
    outer loop
      vertex -1.5217 -7.65012 0
      vertex -3.87452 -14.4599 0
      vertex -2.26422 -7.46413 0
    endloop
  endfacet
  facet normal 0 0 -1
    outer loop
      vertex -4.81195 -14.1755 0
      vertex -2.26422 -7.46413 0
      vertex -3.87452 -14.4599 0
    endloop
  endfacet
  facet normal -0 0 -1
    outer loop
      vertex -2.26422 -7.46413 0
      vertex -4.81195 -14.1755 0
      vertex -2.98493 -7.20626 0
    endloop
  endfacet
  facet normal 0 0 -1
    outer loop
      vertex -5.72877 -13.8305 0
      vertex -2.98493 -7.20626 0
      vertex -4.81195 -14.1755 0
    endloop
  endfacet
  facet normal 0 0 -1
    outer loop
      vertex -6.62106 -13.4262 0
      vertex -2.98493 -7.20626 0
      vertex -5.72877 -13.8305 0
    endloop
  endfacet
  facet normal -0 0 -1
    outer loop
      vertex -2.98493 -7.20626 0
      vertex -6.62106 -13.4262 0
      vertex -3.67689 -6.87899 0
    endloop
  endfacet
  facet normal 0 0 -1
    outer loop
      vertex -7.485 -12.9644 0
      vertex -3.67689 -6.87899 0
      vertex -6.62106 -13.4262 0
    endloop
  endfacet
  facet normal -0 0 -1
    outer loop
      vertex -3.67689 -6.87899 0
      vertex -7.485 -12.9644 0
      vertex -4.33345 -6.48546 0
    endloop
  endfacet
  facet normal 0 0 -1
    outer loop
      vertex -8.31689 -12.4471 0
      vertex -4.33345 -6.48546 0
      vertex -7.485 -12.9644 0
    endloop
  endfacet
  facet normal 0 0 -1
    outer loop
      vertex -9.11316 -11.8765 0
      vertex -4.33345 -6.48546 0
      vertex -8.31689 -12.4471 0
    endloop
  endfacet
  facet normal -0 0 -1
    outer loop
      vertex -4.33345 -6.48546 0
      vertex -9.11316 -11.8765 0
      vertex -4.94827 -6.02948 0
    endloop
  endfacet
  facet normal 0 0 -1
    outer loop
      vertex -9.87041 -11.255 0
      vertex -4.94827 -6.02948 0
      vertex -9.11316 -11.8765 0
    endloop
  endfacet
  facet normal -0 0 -1
    outer loop
      vertex -4.94827 -6.02948 0
      vertex -9.87041 -11.255 0
      vertex -5.51543 -5.51543 0
    endloop
  endfacet
  facet normal 0 0 -1
    outer loop
      vertex -10.5854 -10.5854 0
      vertex -5.51543 -5.51543 0
      vertex -9.87041 -11.255 0
    endloop
  endfacet
  facet normal 0 0 -1
    outer loop
      vertex -11.255 -9.87041 0
      vertex -5.51543 -5.51543 0
      vertex -10.5854 -10.5854 0
    endloop
  endfacet
  facet normal -0 0 -1
    outer loop
      vertex -5.51543 -5.51543 0
      vertex -11.255 -9.87041 0
      vertex -6.02948 -4.94827 0
    endloop
  endfacet
  facet normal 0 0 -1
    outer loop
      vertex -11.8765 -9.11316 0
      vertex -6.02948 -4.94827 0
      vertex -11.255 -9.87041 0
    endloop
  endfacet
  facet normal -0 0 -1
    outer loop
      vertex -6.02948 -4.94827 0
      vertex -11.8765 -9.11316 0
      vertex -6.48546 -4.33345 0
    endloop
  endfacet
  facet normal 0 0 -1
    outer loop
      vertex -12.4471 -8.31689 0
      vertex -6.48546 -4.33345 0
      vertex -11.8765 -9.11316 0
    endloop
  endfacet
  facet normal -0 0 -1
    outer loop
      vertex 14.8419 1.95398 0
      vertex 11.8923 -0.162888 0
      vertex 14.6824 2.9205 0
    endloop
  endfacet
  facet normal 0 0 -1
    outer loop
      vertex 11.3443 -0.0279236 0
      vertex 14.6824 2.9205 0
      vertex 11.8923 -0.162888 0
    endloop
  endfacet
  facet normal -0 0 -1
    outer loop
      vertex 14.6824 2.9205 0
      vertex 11.3443 -0.0279236 0
      vertex 14.4599 3.87452 0
    endloop
  endfacet
  facet normal 0 0 -1
    outer loop
      vertex 10.7132 0.0170593 0
      vertex 14.4599 3.87452 0
      vertex 11.3443 -0.0279236 0
    endloop
  endfacet
  facet normal -0 0 -1
    outer loop
      vertex 14.4599 3.87452 0
      vertex 10.7132 0.0170593 0
      vertex 14.1755 4.81195 0
    endloop
  endfacet
  facet normal 0 0 -1
    outer loop
      vertex 7.46413 2.26422 0
      vertex 14.1755 4.81195 0
      vertex 10.7132 0.0170593 0
    endloop
  endfacet
  facet normal 0 0 -1
    outer loop
      vertex 7.20626 2.98493 0
      vertex 14.1755 4.81195 0
      vertex 7.46413 2.26422 0
    endloop
  endfacet
  facet normal -0 0 -1
    outer loop
      vertex 14.1755 4.81195 0
      vertex 7.20626 2.98493 0
      vertex 13.8305 5.72877 0
    endloop
  endfacet
  facet normal 0 0 -1
    outer loop
      vertex 6.87899 3.67689 0
      vertex 13.4262 6.62106 0
      vertex 7.20626 2.98493 0
    endloop
  endfacet
  facet normal 0 0 -1
    outer loop
      vertex 6.48546 4.33345 0
      vertex 12.9644 7.485 0
      vertex 6.87899 3.67689 0
    endloop
  endfacet
  facet normal -0 0 -1
    outer loop
      vertex 13.4262 6.62106 0
      vertex 6.87899 3.67689 0
      vertex 12.9644 7.485 0
    endloop
  endfacet
  facet normal -0 0 -1
    outer loop
      vertex 12.9644 7.485 0
      vertex 6.48546 4.33345 0
      vertex 12.4471 8.31689 0
    endloop
  endfacet
  facet normal -0 0 -1
    outer loop
      vertex 12.4471 8.31689 0
      vertex 6.48546 4.33345 0
      vertex 11.8765 9.11316 0
    endloop
  endfacet
  facet normal 0 0 -1
    outer loop
      vertex 7.46413 2.26422 0
      vertex 10.7132 0.0170593 0
      vertex 9.86378 -0.0670319 0
    endloop
  endfacet
  facet normal 0 0 -1
    outer loop
      vertex 7.76244 0.764533 0
      vertex 9.86378 -0.0670319 0
      vertex 9.15988 -0.31929 0
    endloop
  endfacet
  facet normal -0 0 -1
    outer loop
      vertex 13.8305 5.72877 0
      vertex 7.20626 2.98493 0
      vertex 13.4262 6.62106 0
    endloop
  endfacet
  facet normal 0 0 -1
    outer loop
      vertex 7.8 0 0
      vertex 9.15988 -0.31929 0
      vertex 8.60155 -0.739716 0
    endloop
  endfacet
  facet normal 0 0 -1
    outer loop
      vertex 6.02948 4.94827 0
      vertex 11.8765 9.11316 0
      vertex 6.48546 4.33345 0
    endloop
  endfacet
  facet normal 0 0 -1
    outer loop
      vertex 7.76244 -0.764533 0
      vertex 8.60155 -0.739716 0
      vertex 8.19694 -1.31703 0
    endloop
  endfacet
  facet normal 0 0 -1
    outer loop
      vertex 7.76244 -0.764533 0
      vertex 8.19694 -1.31703 0
      vertex 7.95418 -2.0399 0
    endloop
  endfacet
  facet normal 0 0 -1
    outer loop
      vertex 7.46413 -2.26422 0
      vertex 7.95418 -2.0399 0
      vertex 7.87326 -2.90836 0
    endloop
  endfacet
  facet normal 0 0 -1
    outer loop
      vertex 9.15988 -0.31929 0
      vertex 7.8 0 0
      vertex 7.76244 0.764533 0
    endloop
  endfacet
  facet normal 0 0 -1
    outer loop
      vertex 9.86378 -0.0670319 0
      vertex 7.76244 0.764533 0
      vertex 7.65012 1.5217 0
    endloop
  endfacet
  facet normal 0 0 -1
    outer loop
      vertex 9.86378 -0.0670319 0
      vertex 7.65012 1.5217 0
      vertex 7.46413 2.26422 0
    endloop
  endfacet
  facet normal -0 0 -1
    outer loop
      vertex 11.8765 9.11316 0
      vertex 6.02948 4.94827 0
      vertex 11.255 9.87041 0
    endloop
  endfacet
  facet normal 0 0 -1
    outer loop
      vertex 5.51543 5.51543 0
      vertex 11.255 9.87041 0
      vertex 6.02948 4.94827 0
    endloop
  endfacet
  facet normal -0 0 -1
    outer loop
      vertex 11.255 9.87041 0
      vertex 5.51543 5.51543 0
      vertex 10.5854 10.5854 0
    endloop
  endfacet
  facet normal -0 0 -1
    outer loop
      vertex 10.5854 10.5854 0
      vertex 5.51543 5.51543 0
      vertex 9.87041 11.255 0
    endloop
  endfacet
  facet normal 0 0 -1
    outer loop
      vertex 4.94827 6.02948 0
      vertex 9.87041 11.255 0
      vertex 5.51543 5.51543 0
    endloop
  endfacet
  facet normal -0 0 -1
    outer loop
      vertex 9.87041 11.255 0
      vertex 4.94827 6.02948 0
      vertex 9.11316 11.8765 0
    endloop
  endfacet
  facet normal 0 0 -1
    outer loop
      vertex 4.33345 6.48546 0
      vertex 9.11316 11.8765 0
      vertex 4.94827 6.02948 0
    endloop
  endfacet
  facet normal -0 0 -1
    outer loop
      vertex 9.11316 11.8765 0
      vertex 4.33345 6.48546 0
      vertex 8.31689 12.4471 0
    endloop
  endfacet
  facet normal -0 0 -1
    outer loop
      vertex 8.31689 12.4471 0
      vertex 4.33345 6.48546 0
      vertex 7.485 12.9644 0
    endloop
  endfacet
  facet normal 0 0 -1
    outer loop
      vertex 3.67689 6.87899 0
      vertex 7.485 12.9644 0
      vertex 4.33345 6.48546 0
    endloop
  endfacet
  facet normal -0 0 -1
    outer loop
      vertex 7.485 12.9644 0
      vertex 3.67689 6.87899 0
      vertex 6.62106 13.4262 0
    endloop
  endfacet
  facet normal 0 0 -1
    outer loop
      vertex 2.98493 7.20626 0
      vertex 6.62106 13.4262 0
      vertex 3.67689 6.87899 0
    endloop
  endfacet
  facet normal -0 0 -1
    outer loop
      vertex 6.62106 13.4262 0
      vertex 2.98493 7.20626 0
      vertex 5.72877 13.8305 0
    endloop
  endfacet
  facet normal -0 0 -1
    outer loop
      vertex 5.72877 13.8305 0
      vertex 2.98493 7.20626 0
      vertex 4.81195 14.1755 0
    endloop
  endfacet
  facet normal 0 0 -1
    outer loop
      vertex 2.26422 7.46413 0
      vertex 4.81195 14.1755 0
      vertex 2.98493 7.20626 0
    endloop
  endfacet
  facet normal -0 0 -1
    outer loop
      vertex 4.81195 14.1755 0
      vertex 2.26422 7.46413 0
      vertex 3.87452 14.4599 0
    endloop
  endfacet
  facet normal 0 0 -1
    outer loop
      vertex 1.5217 7.65012 0
      vertex 3.87452 14.4599 0
      vertex 2.26422 7.46413 0
    endloop
  endfacet
  facet normal -0 0 -1
    outer loop
      vertex 3.87452 14.4599 0
      vertex 1.5217 7.65012 0
      vertex 2.9205 14.6824 0
    endloop
  endfacet
  facet normal -0 0 -1
    outer loop
      vertex 2.9205 14.6824 0
      vertex 1.5217 7.65012 0
      vertex 1.95398 14.8419 0
    endloop
  endfacet
  facet normal 0 0 -1
    outer loop
      vertex 0.764533 7.76244 0
      vertex 1.95398 14.8419 0
      vertex 1.5217 7.65012 0
    endloop
  endfacet
  facet normal -0 0 -1
    outer loop
      vertex 1.95398 14.8419 0
      vertex 0.764533 7.76244 0
      vertex 0.979084 14.9379 0
    endloop
  endfacet
  facet normal 0 0 -1
    outer loop
      vertex 0 7.8 0
      vertex 0.979084 14.9379 0
      vertex 0.764533 7.76244 0
    endloop
  endfacet
  facet normal 0 0 -1
    outer loop
      vertex 0 7.8 0
      vertex 0 14.97 0
      vertex 0.979084 14.9379 0
    endloop
  endfacet
  facet normal 0 0 -1
    outer loop
      vertex -0.979084 14.9379 0
      vertex 0 7.8 0
      vertex -0.764533 7.76244 0
    endloop
  endfacet
  facet normal 0 0 -1
    outer loop
      vertex 0 7.8 0
      vertex -0.979084 14.9379 0
      vertex 0 14.97 0
    endloop
  endfacet
  facet normal 0 0 -1
    outer loop
      vertex -1.95398 14.8419 0
      vertex -0.764533 7.76244 0
      vertex -1.5217 7.65012 0
    endloop
  endfacet
  facet normal 0 0 -1
    outer loop
      vertex -0.764533 7.76244 0
      vertex -1.95398 14.8419 0
      vertex -0.979084 14.9379 0
    endloop
  endfacet
  facet normal 0 0 -1
    outer loop
      vertex -3.87452 14.4599 0
      vertex -1.5217 7.65012 0
      vertex -2.26422 7.46413 0
    endloop
  endfacet
  facet normal 0 0 -1
    outer loop
      vertex -1.5217 7.65012 0
      vertex -2.9205 14.6824 0
      vertex -1.95398 14.8419 0
    endloop
  endfacet
  facet normal 0 0 -1
    outer loop
      vertex -4.81195 14.1755 0
      vertex -2.26422 7.46413 0
      vertex -2.98493 7.20626 0
    endloop
  endfacet
  facet normal 0 0 -1
    outer loop
      vertex -6.62106 13.4262 0
      vertex -2.98493 7.20626 0
      vertex -3.67689 6.87899 0
    endloop
  endfacet
  facet normal 0 0 -1
    outer loop
      vertex -1.5217 7.65012 0
      vertex -3.87452 14.4599 0
      vertex -2.9205 14.6824 0
    endloop
  endfacet
  facet normal 0 0 -1
    outer loop
      vertex -7.485 12.9644 0
      vertex -3.67689 6.87899 0
      vertex -4.33345 6.48546 0
    endloop
  endfacet
  facet normal 0 0 -1
    outer loop
      vertex -2.26422 7.46413 0
      vertex -4.81195 14.1755 0
      vertex -3.87452 14.4599 0
    endloop
  endfacet
  facet normal 0 0 -1
    outer loop
      vertex -9.11316 11.8765 0
      vertex -4.33345 6.48546 0
      vertex -4.94827 6.02948 0
    endloop
  endfacet
  facet normal 0 0 -1
    outer loop
      vertex -9.87041 11.255 0
      vertex -4.94827 6.02948 0
      vertex -5.51543 5.51543 0
    endloop
  endfacet
  facet normal 0 0 -1
    outer loop
      vertex -2.98493 7.20626 0
      vertex -5.72877 13.8305 0
      vertex -4.81195 14.1755 0
    endloop
  endfacet
  facet normal 0 0 -1
    outer loop
      vertex -11.255 9.87041 0
      vertex -5.51543 5.51543 0
      vertex -6.02948 4.94827 0
    endloop
  endfacet
  facet normal 0 0 -1
    outer loop
      vertex -11.8765 9.11316 0
      vertex -6.02948 4.94827 0
      vertex -6.48546 4.33345 0
    endloop
  endfacet
  facet normal 0 0 -1
    outer loop
      vertex -2.98493 7.20626 0
      vertex -6.62106 13.4262 0
      vertex -5.72877 13.8305 0
    endloop
  endfacet
  facet normal 0 0 -1
    outer loop
      vertex -12.9644 7.485 0
      vertex -6.48546 4.33345 0
      vertex -6.87899 3.67689 0
    endloop
  endfacet
  facet normal 0 0 -1
    outer loop
      vertex -13.4262 6.62106 0
      vertex -6.87899 3.67689 0
      vertex -7.20626 2.98493 0
    endloop
  endfacet
  facet normal 0 0 -1
    outer loop
      vertex -14.1755 4.81195 0
      vertex -7.20626 2.98493 0
      vertex -7.46413 2.26422 0
    endloop
  endfacet
  facet normal 0 0 -1
    outer loop
      vertex -3.67689 6.87899 0
      vertex -7.485 12.9644 0
      vertex -6.62106 13.4262 0
    endloop
  endfacet
  facet normal 0 0 -1
    outer loop
      vertex -14.4599 3.87452 0
      vertex -7.46413 2.26422 0
      vertex -7.65012 1.5217 0
    endloop
  endfacet
  facet normal 0 0 -1
    outer loop
      vertex -14.8419 1.95398 0
      vertex -7.65012 1.5217 0
      vertex -7.76244 0.764533 0
    endloop
  endfacet
  facet normal 0 0 -1
    outer loop
      vertex -14.9379 0.979084 0
      vertex -7.76244 0.764533 0
      vertex -7.8 0 0
    endloop
  endfacet
  facet normal 0 0 -1
    outer loop
      vertex -12.9644 -7.485 0
      vertex -6.48546 -4.33345 0
      vertex -12.4471 -8.31689 0
    endloop
  endfacet
  facet normal 0 0 -1
    outer loop
      vertex -4.33345 6.48546 0
      vertex -8.31689 12.4471 0
      vertex -7.485 12.9644 0
    endloop
  endfacet
  facet normal -0 0 -1
    outer loop
      vertex -6.48546 -4.33345 0
      vertex -12.9644 -7.485 0
      vertex -6.87899 -3.67689 0
    endloop
  endfacet
  facet normal 0 0 -1
    outer loop
      vertex -4.33345 6.48546 0
      vertex -9.11316 11.8765 0
      vertex -8.31689 12.4471 0
    endloop
  endfacet
  facet normal 0 0 -1
    outer loop
      vertex -13.4262 -6.62106 0
      vertex -6.87899 -3.67689 0
      vertex -12.9644 -7.485 0
    endloop
  endfacet
  facet normal 0 0 -1
    outer loop
      vertex -4.94827 6.02948 0
      vertex -9.87041 11.255 0
      vertex -9.11316 11.8765 0
    endloop
  endfacet
  facet normal -0 0 -1
    outer loop
      vertex -6.87899 -3.67689 0
      vertex -13.4262 -6.62106 0
      vertex -7.20626 -2.98493 0
    endloop
  endfacet
  facet normal 0 0 -1
    outer loop
      vertex -5.51543 5.51543 0
      vertex -10.5854 10.5854 0
      vertex -9.87041 11.255 0
    endloop
  endfacet
  facet normal 0 0 -1
    outer loop
      vertex -13.8305 -5.72877 0
      vertex -7.20626 -2.98493 0
      vertex -13.4262 -6.62106 0
    endloop
  endfacet
  facet normal 0 0 -1
    outer loop
      vertex -5.51543 5.51543 0
      vertex -11.255 9.87041 0
      vertex -10.5854 10.5854 0
    endloop
  endfacet
  facet normal 0 0 -1
    outer loop
      vertex -14.1755 -4.81195 0
      vertex -7.20626 -2.98493 0
      vertex -13.8305 -5.72877 0
    endloop
  endfacet
  facet normal 0 0 -1
    outer loop
      vertex -6.02948 4.94827 0
      vertex -11.8765 9.11316 0
      vertex -11.255 9.87041 0
    endloop
  endfacet
  facet normal -0 0 -1
    outer loop
      vertex -7.20626 -2.98493 0
      vertex -14.1755 -4.81195 0
      vertex -7.46413 -2.26422 0
    endloop
  endfacet
  facet normal 0 0 -1
    outer loop
      vertex -6.48546 4.33345 0
      vertex -12.4471 8.31689 0
      vertex -11.8765 9.11316 0
    endloop
  endfacet
  facet normal 0 0 -1
    outer loop
      vertex -14.4599 -3.87452 0
      vertex -7.46413 -2.26422 0
      vertex -14.1755 -4.81195 0
    endloop
  endfacet
  facet normal 0 0 -1
    outer loop
      vertex -6.48546 4.33345 0
      vertex -12.9644 7.485 0
      vertex -12.4471 8.31689 0
    endloop
  endfacet
  facet normal -0 0 -1
    outer loop
      vertex -7.46413 -2.26422 0
      vertex -14.4599 -3.87452 0
      vertex -7.65012 -1.5217 0
    endloop
  endfacet
  facet normal 0 0 -1
    outer loop
      vertex -6.87899 3.67689 0
      vertex -13.4262 6.62106 0
      vertex -12.9644 7.485 0
    endloop
  endfacet
  facet normal 0 0 -1
    outer loop
      vertex -14.6824 -2.9205 0
      vertex -7.65012 -1.5217 0
      vertex -14.4599 -3.87452 0
    endloop
  endfacet
  facet normal 0 0 -1
    outer loop
      vertex -7.20626 2.98493 0
      vertex -13.8305 5.72877 0
      vertex -13.4262 6.62106 0
    endloop
  endfacet
  facet normal 0 0 -1
    outer loop
      vertex -14.8419 -1.95398 0
      vertex -7.65012 -1.5217 0
      vertex -14.6824 -2.9205 0
    endloop
  endfacet
  facet normal 0 0 -1
    outer loop
      vertex -7.20626 2.98493 0
      vertex -14.1755 4.81195 0
      vertex -13.8305 5.72877 0
    endloop
  endfacet
  facet normal -0 0 -1
    outer loop
      vertex -7.65012 -1.5217 0
      vertex -14.8419 -1.95398 0
      vertex -7.76244 -0.764533 0
    endloop
  endfacet
  facet normal 0 0 -1
    outer loop
      vertex -7.46413 2.26422 0
      vertex -14.4599 3.87452 0
      vertex -14.1755 4.81195 0
    endloop
  endfacet
  facet normal 0 0 -1
    outer loop
      vertex -14.9379 -0.979084 0
      vertex -7.76244 -0.764533 0
      vertex -14.8419 -1.95398 0
    endloop
  endfacet
  facet normal 0 0 -1
    outer loop
      vertex -7.65012 1.5217 0
      vertex -14.6824 2.9205 0
      vertex -14.4599 3.87452 0
    endloop
  endfacet
  facet normal -0 0 -1
    outer loop
      vertex -7.76244 -0.764533 0
      vertex -14.9379 -0.979084 0
      vertex -7.8 0 0
    endloop
  endfacet
  facet normal 0 0 -1
    outer loop
      vertex -7.65012 1.5217 0
      vertex -14.8419 1.95398 0
      vertex -14.6824 2.9205 0
    endloop
  endfacet
  facet normal 0 0 -1
    outer loop
      vertex -14.97 0 0
      vertex -7.8 0 0
      vertex -14.9379 -0.979084 0
    endloop
  endfacet
  facet normal 0 0 -1
    outer loop
      vertex -7.76244 0.764533 0
      vertex -14.9379 0.979084 0
      vertex -14.8419 1.95398 0
    endloop
  endfacet
  facet normal 0 0 -1
    outer loop
      vertex -7.8 0 0
      vertex -14.97 0 0
      vertex -14.9379 0.979084 0
    endloop
  endfacet
  facet normal 0.935928 0.35219 0
    outer loop
      vertex 14.1755 4.81195 3.2
      vertex 13.8305 5.72877 0
      vertex 13.8305 5.72877 3.2
    endloop
  endfacet
  facet normal 0.935928 0.35219 0
    outer loop
      vertex 13.8305 5.72877 0
      vertex 14.1755 4.81195 3.2
      vertex 14.1755 4.81195 0
    endloop
  endfacet
  facet normal 0.849203 0.528066 0
    outer loop
      vertex 12.9644 7.485 3.2
      vertex 12.4471 8.31689 0
      vertex 12.4471 8.31689 3.2
    endloop
  endfacet
  facet normal 0.849203 0.528066 0
    outer loop
      vertex 12.4471 8.31689 0
      vertex 12.9644 7.485 3.2
      vertex 12.9644 7.485 0
    endloop
  endfacet
  facet normal 0.0979981 0.995187 -0
    outer loop
      vertex 1.95398 14.8419 0
      vertex 0.979084 14.9379 3.2
      vertex 1.95398 14.8419 3.2
    endloop
  endfacet
  facet normal 0.0979981 0.995187 0
    outer loop
      vertex 0.979084 14.9379 3.2
      vertex 1.95398 14.8419 0
      vertex 0.979084 14.9379 0
    endloop
  endfacet
  facet normal 0.471408 0.881915 -0
    outer loop
      vertex 7.485 12.9644 0
      vertex 6.62106 13.4262 3.2
      vertex 7.485 12.9644 3.2
    endloop
  endfacet
  facet normal 0.471408 0.881915 0
    outer loop
      vertex 6.62106 13.4262 3.2
      vertex 7.485 12.9644 0
      vertex 6.62106 13.4262 0
    endloop
  endfacet
  facet normal -0.729895 0.683559 0
    outer loop
      vertex -11.255 9.87041 0
      vertex -10.5854 10.5854 3.2
      vertex -10.5854 10.5854 0
    endloop
  endfacet
  facet normal -0.729895 0.683559 0
    outer loop
      vertex -10.5854 10.5854 3.2
      vertex -11.255 9.87041 0
      vertex -11.255 9.87041 3.2
    endloop
  endfacet
  facet normal -0.995187 0.0979981 0
    outer loop
      vertex -14.9379 0.979084 0
      vertex -14.8419 1.95398 3.2
      vertex -14.8419 1.95398 0
    endloop
  endfacet
  facet normal -0.995187 0.0979981 0
    outer loop
      vertex -14.8419 1.95398 3.2
      vertex -14.9379 0.979084 0
      vertex -14.9379 0.979084 3.2
    endloop
  endfacet
  facet normal -0.634418 0.77299 0
    outer loop
      vertex -9.11316 11.8765 0
      vertex -9.87041 11.255 3.2
      vertex -9.11316 11.8765 3.2
    endloop
  endfacet
  facet normal -0.634418 0.77299 0
    outer loop
      vertex -9.87041 11.255 3.2
      vertex -9.11316 11.8765 0
      vertex -9.87041 11.255 0
    endloop
  endfacet
  facet normal 0.849203 -0.528066 0
    outer loop
      vertex 12.4471 -8.31689 3.2
      vertex 12.9644 -7.485 0
      vertex 12.9644 -7.485 3.2
    endloop
  endfacet
  facet normal 0.849203 -0.528066 0
    outer loop
      vertex 12.9644 -7.485 0
      vertex 12.4471 -8.31689 3.2
      vertex 12.4471 -8.31689 0
    endloop
  endfacet
  facet normal 0.77299 -0.634418 0
    outer loop
      vertex 11.255 -9.87041 3.2
      vertex 11.8765 -9.11316 0
      vertex 11.8765 -9.11316 3.2
    endloop
  endfacet
  facet normal 0.77299 -0.634418 0
    outer loop
      vertex 11.8765 -9.11316 0
      vertex 11.255 -9.87041 3.2
      vertex 11.255 -9.87041 0
    endloop
  endfacet
  facet normal 0.986655 -0.162823 0
    outer loop
      vertex 14.6824 -2.9205 3.2
      vertex 14.8419 -1.95398 0
      vertex 14.8419 -1.95398 3.2
    endloop
  endfacet
  facet normal 0.986655 -0.162823 0
    outer loop
      vertex 14.8419 -1.95398 0
      vertex 14.6824 -2.9205 3.2
      vertex 14.6824 -2.9205 0
    endloop
  endfacet
  facet normal -0.956931 -0.290316 0
    outer loop
      vertex -14.1755 -4.81195 0
      vertex -14.4599 -3.87452 3.2
      vertex -14.4599 -3.87452 0
    endloop
  endfacet
  facet normal -0.956931 -0.290316 0
    outer loop
      vertex -14.4599 -3.87452 3.2
      vertex -14.1755 -4.81195 0
      vertex -14.1755 -4.81195 3.2
    endloop
  endfacet
  facet normal -0.995187 -0.0979981 0
    outer loop
      vertex -14.8419 -1.95398 0
      vertex -14.9379 -0.979084 3.2
      vertex -14.9379 -0.979084 0
    endloop
  endfacet
  facet normal -0.995187 -0.0979981 0
    outer loop
      vertex -14.9379 -0.979084 3.2
      vertex -14.8419 -1.95398 0
      vertex -14.8419 -1.95398 3.2
    endloop
  endfacet
  facet normal 0.999462 0.0327886 0
    outer loop
      vertex 10.3 0 26
      vertex 10.2779 0.673652 24.25
      vertex 10.2779 0.673652 26
    endloop
  endfacet
  facet normal 0.999462 0.0327886 0
    outer loop
      vertex 10.2779 0.673652 24.25
      vertex 10.3 0 26
      vertex 10.3 0 24.25
    endloop
  endfacet
  facet normal -0.999462 0.0327886 0
    outer loop
      vertex -10.3 0 24.25
      vertex -10.2779 0.673652 26
      vertex -10.2779 0.673652 24.25
    endloop
  endfacet
  facet normal -0.999462 0.0327886 0
    outer loop
      vertex -10.2779 0.673652 26
      vertex -10.3 0 24.25
      vertex -10.3 0 26
    endloop
  endfacet
  facet normal -0.0327886 0.999462 0
    outer loop
      vertex 0 10.3 24.25
      vertex -0.673652 10.2779 26
      vertex 0 10.3 26
    endloop
  endfacet
  facet normal -0.0327886 0.999462 0
    outer loop
      vertex -0.673652 10.2779 26
      vertex 0 10.3 24.25
      vertex -0.673652 10.2779 24.25
    endloop
  endfacet
  facet normal 0.683591 0.729866 -0
    outer loop
      vertex 7.2832 7.2832 24.25
      vertex 6.79126 7.74395 26
      vertex 7.2832 7.2832 26
    endloop
  endfacet
  facet normal 0.683591 0.729866 0
    outer loop
      vertex 6.79126 7.74395 26
      vertex 7.2832 7.2832 24.25
      vertex 6.79126 7.74395 24.25
    endloop
  endfacet
  facet normal -0.729866 0.683591 0
    outer loop
      vertex -7.74395 6.79126 24.25
      vertex -7.2832 7.2832 26
      vertex -7.2832 7.2832 24.25
    endloop
  endfacet
  facet normal -0.729866 0.683591 0
    outer loop
      vertex -7.2832 7.2832 26
      vertex -7.74395 6.79126 24.25
      vertex -7.74395 6.79126 26
    endloop
  endfacet
  facet normal 0.910863 0.412709 0
    outer loop
      vertex 9.51596 3.94164 26
      vertex 9.23779 4.55557 24.25
      vertex 9.23779 4.55557 26
    endloop
  endfacet
  facet normal 0.910863 0.412709 0
    outer loop
      vertex 9.23779 4.55557 24.25
      vertex 9.51596 3.94164 26
      vertex 9.51596 3.94164 24.25
    endloop
  endfacet
  facet normal 0.58248 0.812845 -0
    outer loop
      vertex 6.27024 8.17154 24.25
      vertex 5.72237 8.56414 26
      vertex 6.27024 8.17154 26
    endloop
  endfacet
  facet normal 0.58248 0.812845 0
    outer loop
      vertex 5.72237 8.56414 26
      vertex 6.27024 8.17154 24.25
      vertex 5.72237 8.56414 24.25
    endloop
  endfacet
  facet normal -0.881921 0.471397 0
    outer loop
      vertex -9.23779 4.55557 24.25
      vertex -8.92006 5.15 26
      vertex -8.92006 5.15 24.25
    endloop
  endfacet
  facet normal -0.881921 0.471397 0
    outer loop
      vertex -8.92006 5.15 26
      vertex -9.23779 4.55557 24.25
      vertex -9.23779 4.55557 26
    endloop
  endfacet
  facet normal -0.0979218 -0.995194 0
    outer loop
      vertex -1.34442 -10.2119 24.25
      vertex -0.673652 -10.2779 26
      vertex -1.34442 -10.2119 26
    endloop
  endfacet
  facet normal -0.0979218 -0.995194 -0
    outer loop
      vertex -0.673652 -10.2779 26
      vertex -1.34442 -10.2119 24.25
      vertex -0.673652 -10.2779 24.25
    endloop
  endfacet
  facet normal 0.986642 0.162905 0
    outer loop
      vertex 10.2119 1.34442 26
      vertex 10.1021 2.00943 24.25
      vertex 10.1021 2.00943 26
    endloop
  endfacet
  facet normal 0.986642 0.162905 0
    outer loop
      vertex 10.1021 2.00943 24.25
      vertex 10.2119 1.34442 26
      vertex 10.2119 1.34442 24.25
    endloop
  endfacet
  facet normal 0.995194 0.0979218 0
    outer loop
      vertex 10.2779 0.673652 26
      vertex 10.2119 1.34442 24.25
      vertex 10.2119 1.34442 26
    endloop
  endfacet
  facet normal 0.995194 0.0979218 0
    outer loop
      vertex 10.2119 1.34442 24.25
      vertex 10.2779 0.673652 26
      vertex 10.2779 0.673652 24.25
    endloop
  endfacet
  facet normal 0.956939 0.290291 0
    outer loop
      vertex 9.94904 2.66584 26
      vertex 9.75338 3.31083 24.25
      vertex 9.75338 3.31083 26
    endloop
  endfacet
  facet normal 0.956939 0.290291 0
    outer loop
      vertex 9.75338 3.31083 24.25
      vertex 9.94904 2.66584 26
      vertex 9.94904 2.66584 24.25
    endloop
  endfacet
  facet normal 0.812845 0.58248 0
    outer loop
      vertex 8.56414 5.72237 26
      vertex 8.17154 6.27024 24.25
      vertex 8.17154 6.27024 26
    endloop
  endfacet
  facet normal 0.812845 0.58248 0
    outer loop
      vertex 8.17154 6.27024 24.25
      vertex 8.56414 5.72237 26
      vertex 8.56414 5.72237 24.25
    endloop
  endfacet
  facet normal 0.77301 0.634393 0
    outer loop
      vertex 8.17154 6.27024 26
      vertex 7.74395 6.79126 24.25
      vertex 7.74395 6.79126 26
    endloop
  endfacet
  facet normal 0.77301 0.634393 0
    outer loop
      vertex 7.74395 6.79126 24.25
      vertex 8.17154 6.27024 26
      vertex 8.17154 6.27024 24.25
    endloop
  endfacet
  facet normal 0.162905 0.986642 -0
    outer loop
      vertex 2.00943 10.1021 24.25
      vertex 1.34442 10.2119 26
      vertex 2.00943 10.1021 26
    endloop
  endfacet
  facet normal 0.162905 0.986642 0
    outer loop
      vertex 1.34442 10.2119 26
      vertex 2.00943 10.1021 24.25
      vertex 1.34442 10.2119 24.25
    endloop
  endfacet
  facet normal 0.0979218 0.995194 -0
    outer loop
      vertex 1.34442 10.2119 24.25
      vertex 0.673652 10.2779 26
      vertex 1.34442 10.2119 26
    endloop
  endfacet
  facet normal 0.0979218 0.995194 0
    outer loop
      vertex 0.673652 10.2779 26
      vertex 1.34442 10.2119 24.25
      vertex 0.673652 10.2779 24.25
    endloop
  endfacet
  facet normal 0.412709 0.910863 -0
    outer loop
      vertex 4.55557 9.23779 24.25
      vertex 3.94164 9.51596 26
      vertex 4.55557 9.23779 26
    endloop
  endfacet
  facet normal 0.412709 0.910863 0
    outer loop
      vertex 3.94164 9.51596 26
      vertex 4.55557 9.23779 24.25
      vertex 3.94164 9.51596 24.25
    endloop
  endfacet
  facet normal 0.634393 0.77301 -0
    outer loop
      vertex 6.79126 7.74395 24.25
      vertex 6.27024 8.17154 26
      vertex 6.79126 7.74395 26
    endloop
  endfacet
  facet normal 0.634393 0.77301 0
    outer loop
      vertex 6.27024 8.17154 26
      vertex 6.79126 7.74395 24.25
      vertex 6.27024 8.17154 24.25
    endloop
  endfacet
  facet normal -0.986642 0.162905 0
    outer loop
      vertex -10.2119 1.34442 24.25
      vertex -10.1021 2.00943 26
      vertex -10.1021 2.00943 24.25
    endloop
  endfacet
  facet normal -0.986642 0.162905 0
    outer loop
      vertex -10.1021 2.00943 26
      vertex -10.2119 1.34442 24.25
      vertex -10.2119 1.34442 26
    endloop
  endfacet
  facet normal -0.973875 0.227086 0
    outer loop
      vertex -10.1021 2.00943 24.25
      vertex -9.94904 2.66584 26
      vertex -9.94904 2.66584 24.25
    endloop
  endfacet
  facet normal -0.973875 0.227086 0
    outer loop
      vertex -9.94904 2.66584 26
      vertex -10.1021 2.00943 24.25
      vertex -10.1021 2.00943 26
    endloop
  endfacet
  facet normal -0.995194 0.0979218 0
    outer loop
      vertex -10.2779 0.673652 24.25
      vertex -10.2119 1.34442 26
      vertex -10.2119 1.34442 24.25
    endloop
  endfacet
  facet normal -0.995194 0.0979218 0
    outer loop
      vertex -10.2119 1.34442 26
      vertex -10.2779 0.673652 24.25
      vertex -10.2779 0.673652 26
    endloop
  endfacet
  facet normal 0 0 1
    outer loop
      vertex 10.2779 0.673652 26
      vertex 10.2779 -0.673652 26
      vertex 10.3 0 26
    endloop
  endfacet
  facet normal 0 0 1
    outer loop
      vertex 10.2119 1.34442 26
      vertex 10.2779 -0.673652 26
      vertex 10.2779 0.673652 26
    endloop
  endfacet
  facet normal 0 0 1
    outer loop
      vertex 10.2119 1.34442 26
      vertex 10.2119 -1.34442 26
      vertex 10.2779 -0.673652 26
    endloop
  endfacet
  facet normal 0 0 1
    outer loop
      vertex 10.1021 2.00943 26
      vertex 10.2119 -1.34442 26
      vertex 10.2119 1.34442 26
    endloop
  endfacet
  facet normal 0 0 1
    outer loop
      vertex 10.1021 2.00943 26
      vertex 10.1021 -2.00943 26
      vertex 10.2119 -1.34442 26
    endloop
  endfacet
  facet normal 0 0 1
    outer loop
      vertex 9.94904 2.66584 26
      vertex 10.1021 -2.00943 26
      vertex 10.1021 2.00943 26
    endloop
  endfacet
  facet normal 0 0 1
    outer loop
      vertex 9.94904 2.66584 26
      vertex 9.94904 -2.66584 26
      vertex 10.1021 -2.00943 26
    endloop
  endfacet
  facet normal 0 0 1
    outer loop
      vertex 9.75338 3.31083 26
      vertex 9.94904 -2.66584 26
      vertex 9.94904 2.66584 26
    endloop
  endfacet
  facet normal 0 0 1
    outer loop
      vertex 9.75338 3.31083 26
      vertex 9.75338 -3.31083 26
      vertex 9.94904 -2.66584 26
    endloop
  endfacet
  facet normal 0 0 1
    outer loop
      vertex 9.51596 3.94164 26
      vertex 9.75338 -3.31083 26
      vertex 9.75338 3.31083 26
    endloop
  endfacet
  facet normal 0 0 1
    outer loop
      vertex 9.51596 3.94164 26
      vertex 9.51596 -3.94164 26
      vertex 9.75338 -3.31083 26
    endloop
  endfacet
  facet normal 0 0 1
    outer loop
      vertex 9.23779 4.55557 26
      vertex 9.51596 -3.94164 26
      vertex 9.51596 3.94164 26
    endloop
  endfacet
  facet normal 0 0 1
    outer loop
      vertex 9.23779 4.55557 26
      vertex 9.23779 -4.55557 26
      vertex 9.51596 -3.94164 26
    endloop
  endfacet
  facet normal 0 0 1
    outer loop
      vertex 8.92006 5.15 26
      vertex 9.23779 -4.55557 26
      vertex 9.23779 4.55557 26
    endloop
  endfacet
  facet normal 0 0 1
    outer loop
      vertex 8.92006 5.15 26
      vertex 8.92006 -5.15 26
      vertex 9.23779 -4.55557 26
    endloop
  endfacet
  facet normal 0 0 1
    outer loop
      vertex 8.56414 5.72237 26
      vertex 8.92006 -5.15 26
      vertex 8.92006 5.15 26
    endloop
  endfacet
  facet normal 0 0 1
    outer loop
      vertex 8.56414 5.72237 26
      vertex 8.56414 -5.72237 26
      vertex 8.92006 -5.15 26
    endloop
  endfacet
  facet normal 0 0 1
    outer loop
      vertex 8.17154 6.27024 26
      vertex 8.56414 -5.72237 26
      vertex 8.56414 5.72237 26
    endloop
  endfacet
  facet normal 0 0 1
    outer loop
      vertex 8.17154 6.27024 26
      vertex 8.17154 -6.27024 26
      vertex 8.56414 -5.72237 26
    endloop
  endfacet
  facet normal 0 0 1
    outer loop
      vertex 7.74395 6.79126 26
      vertex 8.17154 -6.27024 26
      vertex 8.17154 6.27024 26
    endloop
  endfacet
  facet normal 0 0 1
    outer loop
      vertex 7.74395 6.79126 26
      vertex 7.74395 -6.79126 26
      vertex 8.17154 -6.27024 26
    endloop
  endfacet
  facet normal 0 0 1
    outer loop
      vertex 7.2832 7.2832 26
      vertex 7.74395 -6.79126 26
      vertex 7.74395 6.79126 26
    endloop
  endfacet
  facet normal 0 0 1
    outer loop
      vertex 7.2832 7.2832 26
      vertex 7.2832 -7.2832 26
      vertex 7.74395 -6.79126 26
    endloop
  endfacet
  facet normal 0 0 1
    outer loop
      vertex 6.79126 7.74395 26
      vertex 7.2832 -7.2832 26
      vertex 7.2832 7.2832 26
    endloop
  endfacet
  facet normal 0 0 1
    outer loop
      vertex 6.79126 7.74395 26
      vertex 6.79126 -7.74395 26
      vertex 7.2832 -7.2832 26
    endloop
  endfacet
  facet normal 0 0 1
    outer loop
      vertex 6.27024 8.17154 26
      vertex 6.79126 -7.74395 26
      vertex 6.79126 7.74395 26
    endloop
  endfacet
  facet normal 0 0 1
    outer loop
      vertex 6.27024 8.17154 26
      vertex 6.27024 -8.17154 26
      vertex 6.79126 -7.74395 26
    endloop
  endfacet
  facet normal 0 0 1
    outer loop
      vertex 5.72237 8.56414 26
      vertex 6.27024 -8.17154 26
      vertex 6.27024 8.17154 26
    endloop
  endfacet
  facet normal 0 0 1
    outer loop
      vertex 5.72237 8.56414 26
      vertex 5.72237 -8.56414 26
      vertex 6.27024 -8.17154 26
    endloop
  endfacet
  facet normal 0 0 1
    outer loop
      vertex 5.15 8.92006 26
      vertex 5.72237 -8.56414 26
      vertex 5.72237 8.56414 26
    endloop
  endfacet
  facet normal 0 0 1
    outer loop
      vertex 5.15 8.92006 26
      vertex 5.15 -8.92006 26
      vertex 5.72237 -8.56414 26
    endloop
  endfacet
  facet normal 0 0 1
    outer loop
      vertex 4.55557 9.23779 26
      vertex 5.15 -8.92006 26
      vertex 5.15 8.92006 26
    endloop
  endfacet
  facet normal 0 0 1
    outer loop
      vertex 4.55557 9.23779 26
      vertex 4.55557 -9.23779 26
      vertex 5.15 -8.92006 26
    endloop
  endfacet
  facet normal 0 0 1
    outer loop
      vertex 3.94164 9.51596 26
      vertex 4.55557 -9.23779 26
      vertex 4.55557 9.23779 26
    endloop
  endfacet
  facet normal 0 0 1
    outer loop
      vertex 3.94164 9.51596 26
      vertex 3.94164 -9.51596 26
      vertex 4.55557 -9.23779 26
    endloop
  endfacet
  facet normal 0 0 1
    outer loop
      vertex 3.31083 9.75338 26
      vertex 3.94164 -9.51596 26
      vertex 3.94164 9.51596 26
    endloop
  endfacet
  facet normal 0 0 1
    outer loop
      vertex 3.31083 9.75338 26
      vertex 3.31083 -9.75338 26
      vertex 3.94164 -9.51596 26
    endloop
  endfacet
  facet normal 0 0 1
    outer loop
      vertex 2.66584 9.94904 26
      vertex 3.31083 -9.75338 26
      vertex 3.31083 9.75338 26
    endloop
  endfacet
  facet normal 0 0 1
    outer loop
      vertex 2.66584 9.94904 26
      vertex 2.66584 -9.94904 26
      vertex 3.31083 -9.75338 26
    endloop
  endfacet
  facet normal 0 0 1
    outer loop
      vertex 2.00943 10.1021 26
      vertex 2.66584 -9.94904 26
      vertex 2.66584 9.94904 26
    endloop
  endfacet
  facet normal 0 0 1
    outer loop
      vertex 2.00943 10.1021 26
      vertex 2.00943 -10.1021 26
      vertex 2.66584 -9.94904 26
    endloop
  endfacet
  facet normal 0 0 1
    outer loop
      vertex 1.34442 10.2119 26
      vertex 2.00943 -10.1021 26
      vertex 2.00943 10.1021 26
    endloop
  endfacet
  facet normal 0 0 1
    outer loop
      vertex 1.34442 10.2119 26
      vertex 1.34442 -10.2119 26
      vertex 2.00943 -10.1021 26
    endloop
  endfacet
  facet normal 0 0 1
    outer loop
      vertex 0.673652 10.2779 26
      vertex 1.34442 -10.2119 26
      vertex 1.34442 10.2119 26
    endloop
  endfacet
  facet normal 0 0 1
    outer loop
      vertex 0.673652 10.2779 26
      vertex 0.673652 -10.2779 26
      vertex 1.34442 -10.2119 26
    endloop
  endfacet
  facet normal 0 0 1
    outer loop
      vertex 0 10.3 26
      vertex 0.673652 -10.2779 26
      vertex 0.673652 10.2779 26
    endloop
  endfacet
  facet normal 0 0 1
    outer loop
      vertex 0 10.3 26
      vertex 0 -10.3 26
      vertex 0.673652 -10.2779 26
    endloop
  endfacet
  facet normal -0 0 1
    outer loop
      vertex -0.673652 10.2779 26
      vertex 0 -10.3 26
      vertex 0 10.3 26
    endloop
  endfacet
  facet normal 0 0 1
    outer loop
      vertex -0.673652 10.2779 26
      vertex -0.673652 -10.2779 26
      vertex 0 -10.3 26
    endloop
  endfacet
  facet normal -0 0 1
    outer loop
      vertex -1.34442 10.2119 26
      vertex -0.673652 -10.2779 26
      vertex -0.673652 10.2779 26
    endloop
  endfacet
  facet normal 0 0 1
    outer loop
      vertex -1.34442 10.2119 26
      vertex -1.34442 -10.2119 26
      vertex -0.673652 -10.2779 26
    endloop
  endfacet
  facet normal -0 0 1
    outer loop
      vertex -2.00943 10.1021 26
      vertex -1.34442 -10.2119 26
      vertex -1.34442 10.2119 26
    endloop
  endfacet
  facet normal 0 0 1
    outer loop
      vertex -2.00943 10.1021 26
      vertex -2.00943 -10.1021 26
      vertex -1.34442 -10.2119 26
    endloop
  endfacet
  facet normal -0 0 1
    outer loop
      vertex -2.66584 9.94904 26
      vertex -2.00943 -10.1021 26
      vertex -2.00943 10.1021 26
    endloop
  endfacet
  facet normal 0 0 1
    outer loop
      vertex -2.66584 9.94904 26
      vertex -2.66584 -9.94904 26
      vertex -2.00943 -10.1021 26
    endloop
  endfacet
  facet normal -0 0 1
    outer loop
      vertex -3.31083 9.75338 26
      vertex -2.66584 -9.94904 26
      vertex -2.66584 9.94904 26
    endloop
  endfacet
  facet normal 0 0 1
    outer loop
      vertex -3.31083 9.75338 26
      vertex -3.31083 -9.75338 26
      vertex -2.66584 -9.94904 26
    endloop
  endfacet
  facet normal -0 0 1
    outer loop
      vertex -3.94164 9.51596 26
      vertex -3.31083 -9.75338 26
      vertex -3.31083 9.75338 26
    endloop
  endfacet
  facet normal 0 0 1
    outer loop
      vertex -3.94164 9.51596 26
      vertex -3.94164 -9.51596 26
      vertex -3.31083 -9.75338 26
    endloop
  endfacet
  facet normal -0 0 1
    outer loop
      vertex -4.55557 9.23779 26
      vertex -3.94164 -9.51596 26
      vertex -3.94164 9.51596 26
    endloop
  endfacet
  facet normal 0 0 1
    outer loop
      vertex -4.55557 9.23779 26
      vertex -4.55557 -9.23779 26
      vertex -3.94164 -9.51596 26
    endloop
  endfacet
  facet normal -0 0 1
    outer loop
      vertex -5.15 8.92006 26
      vertex -4.55557 -9.23779 26
      vertex -4.55557 9.23779 26
    endloop
  endfacet
  facet normal 0 0 1
    outer loop
      vertex -5.15 8.92006 26
      vertex -5.15 -8.92006 26
      vertex -4.55557 -9.23779 26
    endloop
  endfacet
  facet normal -0 0 1
    outer loop
      vertex -5.72237 8.56414 26
      vertex -5.15 -8.92006 26
      vertex -5.15 8.92006 26
    endloop
  endfacet
  facet normal 0 0 1
    outer loop
      vertex -5.72237 8.56414 26
      vertex -5.72237 -8.56414 26
      vertex -5.15 -8.92006 26
    endloop
  endfacet
  facet normal -0 0 1
    outer loop
      vertex -6.27024 8.17154 26
      vertex -5.72237 -8.56414 26
      vertex -5.72237 8.56414 26
    endloop
  endfacet
  facet normal 0 0 1
    outer loop
      vertex -6.27024 8.17154 26
      vertex -6.27024 -8.17154 26
      vertex -5.72237 -8.56414 26
    endloop
  endfacet
  facet normal -0 0 1
    outer loop
      vertex -6.79126 7.74395 26
      vertex -6.27024 -8.17154 26
      vertex -6.27024 8.17154 26
    endloop
  endfacet
  facet normal 0 0 1
    outer loop
      vertex -6.79126 7.74395 26
      vertex -6.79126 -7.74395 26
      vertex -6.27024 -8.17154 26
    endloop
  endfacet
  facet normal -0 0 1
    outer loop
      vertex -7.2832 7.2832 26
      vertex -6.79126 -7.74395 26
      vertex -6.79126 7.74395 26
    endloop
  endfacet
  facet normal 0 0 1
    outer loop
      vertex -7.2832 7.2832 26
      vertex -7.2832 -7.2832 26
      vertex -6.79126 -7.74395 26
    endloop
  endfacet
  facet normal -0 0 1
    outer loop
      vertex -7.74395 6.79126 26
      vertex -7.2832 -7.2832 26
      vertex -7.2832 7.2832 26
    endloop
  endfacet
  facet normal 0 0 1
    outer loop
      vertex -7.74395 6.79126 26
      vertex -7.74395 -6.79126 26
      vertex -7.2832 -7.2832 26
    endloop
  endfacet
  facet normal -0 0 1
    outer loop
      vertex -8.17154 6.27024 26
      vertex -7.74395 -6.79126 26
      vertex -7.74395 6.79126 26
    endloop
  endfacet
  facet normal 0 0 1
    outer loop
      vertex -8.17154 6.27024 26
      vertex -8.17154 -6.27024 26
      vertex -7.74395 -6.79126 26
    endloop
  endfacet
  facet normal -0 0 1
    outer loop
      vertex -8.56414 5.72237 26
      vertex -8.17154 -6.27024 26
      vertex -8.17154 6.27024 26
    endloop
  endfacet
  facet normal 0 0 1
    outer loop
      vertex -8.56414 5.72237 26
      vertex -8.56414 -5.72237 26
      vertex -8.17154 -6.27024 26
    endloop
  endfacet
  facet normal -0 0 1
    outer loop
      vertex -8.92006 5.15 26
      vertex -8.56414 -5.72237 26
      vertex -8.56414 5.72237 26
    endloop
  endfacet
  facet normal 0 0 1
    outer loop
      vertex -8.92006 5.15 26
      vertex -8.92006 -5.15 26
      vertex -8.56414 -5.72237 26
    endloop
  endfacet
  facet normal -0 0 1
    outer loop
      vertex -9.23779 4.55557 26
      vertex -8.92006 -5.15 26
      vertex -8.92006 5.15 26
    endloop
  endfacet
  facet normal 0 0 1
    outer loop
      vertex -9.23779 4.55557 26
      vertex -9.23779 -4.55557 26
      vertex -8.92006 -5.15 26
    endloop
  endfacet
  facet normal -0 0 1
    outer loop
      vertex -9.51596 3.94164 26
      vertex -9.23779 -4.55557 26
      vertex -9.23779 4.55557 26
    endloop
  endfacet
  facet normal 0 0 1
    outer loop
      vertex -9.51596 3.94164 26
      vertex -9.51596 -3.94164 26
      vertex -9.23779 -4.55557 26
    endloop
  endfacet
  facet normal -0 0 1
    outer loop
      vertex -9.75338 3.31083 26
      vertex -9.51596 -3.94164 26
      vertex -9.51596 3.94164 26
    endloop
  endfacet
  facet normal 0 0 1
    outer loop
      vertex -9.75338 3.31083 26
      vertex -9.75338 -3.31083 26
      vertex -9.51596 -3.94164 26
    endloop
  endfacet
  facet normal -0 0 1
    outer loop
      vertex -9.94904 2.66584 26
      vertex -9.75338 -3.31083 26
      vertex -9.75338 3.31083 26
    endloop
  endfacet
  facet normal 0 0 1
    outer loop
      vertex -9.94904 2.66584 26
      vertex -9.94904 -2.66584 26
      vertex -9.75338 -3.31083 26
    endloop
  endfacet
  facet normal -0 0 1
    outer loop
      vertex -10.1021 2.00943 26
      vertex -9.94904 -2.66584 26
      vertex -9.94904 2.66584 26
    endloop
  endfacet
  facet normal 0 0 1
    outer loop
      vertex -10.1021 2.00943 26
      vertex -10.1021 -2.00943 26
      vertex -9.94904 -2.66584 26
    endloop
  endfacet
  facet normal -0 0 1
    outer loop
      vertex -10.2119 1.34442 26
      vertex -10.1021 -2.00943 26
      vertex -10.1021 2.00943 26
    endloop
  endfacet
  facet normal 0 0 1
    outer loop
      vertex -10.2119 1.34442 26
      vertex -10.2119 -1.34442 26
      vertex -10.1021 -2.00943 26
    endloop
  endfacet
  facet normal -0 0 1
    outer loop
      vertex -10.2779 0.673652 26
      vertex -10.2119 -1.34442 26
      vertex -10.2119 1.34442 26
    endloop
  endfacet
  facet normal 0 0 1
    outer loop
      vertex -10.2779 0.673652 26
      vertex -10.2779 -0.673652 26
      vertex -10.2119 -1.34442 26
    endloop
  endfacet
  facet normal 0 -0 1
    outer loop
      vertex -10.2779 -0.673652 26
      vertex -10.2779 0.673652 26
      vertex -10.3 0 26
    endloop
  endfacet
  facet normal -0.528065 0.849204 0
    outer loop
      vertex -5.15 8.92006 24.25
      vertex -5.72237 8.56414 26
      vertex -5.15 8.92006 26
    endloop
  endfacet
  facet normal -0.528065 0.849204 0
    outer loop
      vertex -5.72237 8.56414 26
      vertex -5.15 8.92006 24.25
      vertex -5.72237 8.56414 24.25
    endloop
  endfacet
  facet normal -0.58248 0.812845 0
    outer loop
      vertex -5.72237 8.56414 24.25
      vertex -6.27024 8.17154 26
      vertex -5.72237 8.56414 26
    endloop
  endfacet
  facet normal -0.58248 0.812845 0
    outer loop
      vertex -6.27024 8.17154 26
      vertex -5.72237 8.56414 24.25
      vertex -6.27024 8.17154 24.25
    endloop
  endfacet
  facet normal -0.634393 0.77301 0
    outer loop
      vertex -6.27024 8.17154 24.25
      vertex -6.79126 7.74395 26
      vertex -6.27024 8.17154 26
    endloop
  endfacet
  facet normal -0.634393 0.77301 0
    outer loop
      vertex -6.79126 7.74395 26
      vertex -6.27024 8.17154 24.25
      vertex -6.79126 7.74395 24.25
    endloop
  endfacet
  facet normal -0.290291 0.956939 0
    outer loop
      vertex -2.66584 9.94904 24.25
      vertex -3.31083 9.75338 26
      vertex -2.66584 9.94904 26
    endloop
  endfacet
  facet normal -0.290291 0.956939 0
    outer loop
      vertex -3.31083 9.75338 26
      vertex -2.66584 9.94904 24.25
      vertex -3.31083 9.75338 24.25
    endloop
  endfacet
  facet normal -0.0979218 0.995194 0
    outer loop
      vertex -0.673652 10.2779 24.25
      vertex -1.34442 10.2119 26
      vertex -0.673652 10.2779 26
    endloop
  endfacet
  facet normal -0.0979218 0.995194 0
    outer loop
      vertex -1.34442 10.2119 26
      vertex -0.673652 10.2779 24.25
      vertex -1.34442 10.2119 24.25
    endloop
  endfacet
  facet normal 0.412709 -0.910863 0
    outer loop
      vertex 3.94164 -9.51596 24.25
      vertex 4.55557 -9.23779 26
      vertex 3.94164 -9.51596 26
    endloop
  endfacet
  facet normal 0.412709 -0.910863 0
    outer loop
      vertex 4.55557 -9.23779 26
      vertex 3.94164 -9.51596 24.25
      vertex 4.55557 -9.23779 24.25
    endloop
  endfacet
  facet normal 0.973875 0.227086 0
    outer loop
      vertex 10.1021 2.00943 26
      vertex 9.94904 2.66584 24.25
      vertex 9.94904 2.66584 26
    endloop
  endfacet
  facet normal 0.973875 0.227086 0
    outer loop
      vertex 9.94904 2.66584 24.25
      vertex 10.1021 2.00943 26
      vertex 10.1021 2.00943 24.25
    endloop
  endfacet
  facet normal 0.935906 0.35225 0
    outer loop
      vertex 9.75338 3.31083 26
      vertex 9.51596 3.94164 24.25
      vertex 9.51596 3.94164 26
    endloop
  endfacet
  facet normal 0.935906 0.35225 0
    outer loop
      vertex 9.51596 3.94164 24.25
      vertex 9.75338 3.31083 26
      vertex 9.75338 3.31083 24.25
    endloop
  endfacet
  facet normal 0.729866 0.683591 0
    outer loop
      vertex 7.74395 6.79126 26
      vertex 7.2832 7.2832 24.25
      vertex 7.2832 7.2832 26
    endloop
  endfacet
  facet normal 0.729866 0.683591 0
    outer loop
      vertex 7.2832 7.2832 24.25
      vertex 7.74395 6.79126 26
      vertex 7.74395 6.79126 24.25
    endloop
  endfacet
  facet normal 0.849204 0.528065 0
    outer loop
      vertex 8.92006 5.15 26
      vertex 8.56414 5.72237 24.25
      vertex 8.56414 5.72237 26
    endloop
  endfacet
  facet normal 0.849204 0.528065 0
    outer loop
      vertex 8.56414 5.72237 24.25
      vertex 8.92006 5.15 26
      vertex 8.92006 5.15 24.25
    endloop
  endfacet
  facet normal 0.881921 0.471397 0
    outer loop
      vertex 9.23779 4.55557 26
      vertex 8.92006 5.15 24.25
      vertex 8.92006 5.15 26
    endloop
  endfacet
  facet normal 0.881921 0.471397 0
    outer loop
      vertex 8.92006 5.15 24.25
      vertex 9.23779 4.55557 26
      vertex 9.23779 4.55557 24.25
    endloop
  endfacet
  facet normal 0.227086 0.973875 -0
    outer loop
      vertex 2.66584 9.94904 24.25
      vertex 2.00943 10.1021 26
      vertex 2.66584 9.94904 26
    endloop
  endfacet
  facet normal 0.227086 0.973875 0
    outer loop
      vertex 2.00943 10.1021 26
      vertex 2.66584 9.94904 24.25
      vertex 2.00943 10.1021 24.25
    endloop
  endfacet
  facet normal 0.0327886 0.999462 -0
    outer loop
      vertex 0.673652 10.2779 24.25
      vertex 0 10.3 26
      vertex 0.673652 10.2779 26
    endloop
  endfacet
  facet normal 0.0327886 0.999462 0
    outer loop
      vertex 0 10.3 26
      vertex 0.673652 10.2779 24.25
      vertex 0 10.3 24.25
    endloop
  endfacet
  facet normal 0.35225 0.935906 -0
    outer loop
      vertex 3.94164 9.51596 24.25
      vertex 3.31083 9.75338 26
      vertex 3.94164 9.51596 26
    endloop
  endfacet
  facet normal 0.35225 0.935906 0
    outer loop
      vertex 3.31083 9.75338 26
      vertex 3.94164 9.51596 24.25
      vertex 3.31083 9.75338 24.25
    endloop
  endfacet
  facet normal 0.471397 0.881921 -0
    outer loop
      vertex 5.15 8.92006 24.25
      vertex 4.55557 9.23779 26
      vertex 5.15 8.92006 26
    endloop
  endfacet
  facet normal 0.471397 0.881921 0
    outer loop
      vertex 4.55557 9.23779 26
      vertex 5.15 8.92006 24.25
      vertex 4.55557 9.23779 24.25
    endloop
  endfacet
  facet normal 0.528065 0.849204 -0
    outer loop
      vertex 5.72237 8.56414 24.25
      vertex 5.15 8.92006 26
      vertex 5.72237 8.56414 26
    endloop
  endfacet
  facet normal 0.528065 0.849204 0
    outer loop
      vertex 5.15 8.92006 26
      vertex 5.72237 8.56414 24.25
      vertex 5.15 8.92006 24.25
    endloop
  endfacet
  facet normal -0.935906 0.35225 0
    outer loop
      vertex -9.75338 3.31083 24.25
      vertex -9.51596 3.94164 26
      vertex -9.51596 3.94164 24.25
    endloop
  endfacet
  facet normal -0.935906 0.35225 0
    outer loop
      vertex -9.51596 3.94164 26
      vertex -9.75338 3.31083 24.25
      vertex -9.75338 3.31083 26
    endloop
  endfacet
  facet normal -0.910863 0.412709 0
    outer loop
      vertex -9.51596 3.94164 24.25
      vertex -9.23779 4.55557 26
      vertex -9.23779 4.55557 24.25
    endloop
  endfacet
  facet normal -0.910863 0.412709 0
    outer loop
      vertex -9.23779 4.55557 26
      vertex -9.51596 3.94164 24.25
      vertex -9.51596 3.94164 26
    endloop
  endfacet
  facet normal -0.956939 0.290291 0
    outer loop
      vertex -9.94904 2.66584 24.25
      vertex -9.75338 3.31083 26
      vertex -9.75338 3.31083 24.25
    endloop
  endfacet
  facet normal -0.956939 0.290291 0
    outer loop
      vertex -9.75338 3.31083 26
      vertex -9.94904 2.66584 24.25
      vertex -9.94904 2.66584 26
    endloop
  endfacet
  facet normal -0.412709 0.910863 0
    outer loop
      vertex -3.94164 9.51596 24.25
      vertex -4.55557 9.23779 26
      vertex -3.94164 9.51596 26
    endloop
  endfacet
  facet normal -0.412709 0.910863 0
    outer loop
      vertex -4.55557 9.23779 26
      vertex -3.94164 9.51596 24.25
      vertex -4.55557 9.23779 24.25
    endloop
  endfacet
  facet normal -0.227086 0.973875 0
    outer loop
      vertex -2.00943 10.1021 24.25
      vertex -2.66584 9.94904 26
      vertex -2.00943 10.1021 26
    endloop
  endfacet
  facet normal -0.227086 0.973875 0
    outer loop
      vertex -2.66584 9.94904 26
      vertex -2.00943 10.1021 24.25
      vertex -2.66584 9.94904 24.25
    endloop
  endfacet
  facet normal 0.881921 -0.471397 0
    outer loop
      vertex 8.92006 -5.15 26
      vertex 9.23779 -4.55557 24.25
      vertex 9.23779 -4.55557 26
    endloop
  endfacet
  facet normal 0.881921 -0.471397 0
    outer loop
      vertex 9.23779 -4.55557 24.25
      vertex 8.92006 -5.15 26
      vertex 8.92006 -5.15 24.25
    endloop
  endfacet
  facet normal 0.986642 -0.162905 0
    outer loop
      vertex 10.1021 -2.00943 26
      vertex 10.2119 -1.34442 24.25
      vertex 10.2119 -1.34442 26
    endloop
  endfacet
  facet normal 0.986642 -0.162905 0
    outer loop
      vertex 10.2119 -1.34442 24.25
      vertex 10.1021 -2.00943 26
      vertex 10.1021 -2.00943 24.25
    endloop
  endfacet
  facet normal 0.995194 -0.0979218 0
    outer loop
      vertex 10.2119 -1.34442 26
      vertex 10.2779 -0.673652 24.25
      vertex 10.2779 -0.673652 26
    endloop
  endfacet
  facet normal 0.995194 -0.0979218 0
    outer loop
      vertex 10.2779 -0.673652 24.25
      vertex 10.2119 -1.34442 26
      vertex 10.2119 -1.34442 24.25
    endloop
  endfacet
  facet normal 0.58248 -0.812845 0
    outer loop
      vertex 5.72237 -8.56414 24.25
      vertex 6.27024 -8.17154 26
      vertex 5.72237 -8.56414 26
    endloop
  endfacet
  facet normal 0.58248 -0.812845 0
    outer loop
      vertex 6.27024 -8.17154 26
      vertex 5.72237 -8.56414 24.25
      vertex 6.27024 -8.17154 24.25
    endloop
  endfacet
  facet normal -0.0327886 -0.999462 0
    outer loop
      vertex -0.673652 -10.2779 24.25
      vertex 0 -10.3 26
      vertex -0.673652 -10.2779 26
    endloop
  endfacet
  facet normal -0.0327886 -0.999462 -0
    outer loop
      vertex 0 -10.3 26
      vertex -0.673652 -10.2779 24.25
      vertex 0 -10.3 24.25
    endloop
  endfacet
  facet normal -0.729866 -0.683591 0
    outer loop
      vertex -7.2832 -7.2832 24.25
      vertex -7.74395 -6.79126 26
      vertex -7.74395 -6.79126 24.25
    endloop
  endfacet
  facet normal -0.729866 -0.683591 0
    outer loop
      vertex -7.74395 -6.79126 26
      vertex -7.2832 -7.2832 24.25
      vertex -7.2832 -7.2832 26
    endloop
  endfacet
  facet normal -0.999462 -0.0327886 0
    outer loop
      vertex -10.2779 -0.673652 24.25
      vertex -10.3 0 26
      vertex -10.3 0 24.25
    endloop
  endfacet
  facet normal -0.999462 -0.0327886 0
    outer loop
      vertex -10.3 0 26
      vertex -10.2779 -0.673652 24.25
      vertex -10.2779 -0.673652 26
    endloop
  endfacet
  facet normal -0.986642 -0.162905 0
    outer loop
      vertex -10.1021 -2.00943 24.25
      vertex -10.2119 -1.34442 26
      vertex -10.2119 -1.34442 24.25
    endloop
  endfacet
  facet normal -0.986642 -0.162905 0
    outer loop
      vertex -10.2119 -1.34442 26
      vertex -10.1021 -2.00943 24.25
      vertex -10.1021 -2.00943 26
    endloop
  endfacet
  facet normal 0.0979218 -0.995194 0
    outer loop
      vertex 0.673652 -10.2779 24.25
      vertex 1.34442 -10.2119 26
      vertex 0.673652 -10.2779 26
    endloop
  endfacet
  facet normal 0.0979218 -0.995194 0
    outer loop
      vertex 1.34442 -10.2119 26
      vertex 0.673652 -10.2779 24.25
      vertex 1.34442 -10.2119 24.25
    endloop
  endfacet
  facet normal 0.35225 -0.935906 0
    outer loop
      vertex 3.31083 -9.75338 24.25
      vertex 3.94164 -9.51596 26
      vertex 3.31083 -9.75338 26
    endloop
  endfacet
  facet normal 0.35225 -0.935906 0
    outer loop
      vertex 3.94164 -9.51596 26
      vertex 3.31083 -9.75338 24.25
      vertex 3.94164 -9.51596 24.25
    endloop
  endfacet
  facet normal 0.227086 -0.973875 0
    outer loop
      vertex 2.00943 -10.1021 24.25
      vertex 2.66584 -9.94904 26
      vertex 2.00943 -10.1021 26
    endloop
  endfacet
  facet normal 0.227086 -0.973875 0
    outer loop
      vertex 2.66584 -9.94904 26
      vertex 2.00943 -10.1021 24.25
      vertex 2.66584 -9.94904 24.25
    endloop
  endfacet
  facet normal 0.290291 0.956939 -0
    outer loop
      vertex 3.31083 9.75338 24.25
      vertex 2.66584 9.94904 26
      vertex 3.31083 9.75338 26
    endloop
  endfacet
  facet normal 0.290291 0.956939 0
    outer loop
      vertex 2.66584 9.94904 26
      vertex 3.31083 9.75338 24.25
      vertex 2.66584 9.94904 24.25
    endloop
  endfacet
  facet normal -0.849204 0.528065 0
    outer loop
      vertex -8.92006 5.15 24.25
      vertex -8.56414 5.72237 26
      vertex -8.56414 5.72237 24.25
    endloop
  endfacet
  facet normal -0.849204 0.528065 0
    outer loop
      vertex -8.56414 5.72237 26
      vertex -8.92006 5.15 24.25
      vertex -8.92006 5.15 26
    endloop
  endfacet
  facet normal -0.812845 0.58248 0
    outer loop
      vertex -8.56414 5.72237 24.25
      vertex -8.17154 6.27024 26
      vertex -8.17154 6.27024 24.25
    endloop
  endfacet
  facet normal -0.812845 0.58248 0
    outer loop
      vertex -8.17154 6.27024 26
      vertex -8.56414 5.72237 24.25
      vertex -8.56414 5.72237 26
    endloop
  endfacet
  facet normal -0.77301 0.634393 0
    outer loop
      vertex -8.17154 6.27024 24.25
      vertex -7.74395 6.79126 26
      vertex -7.74395 6.79126 24.25
    endloop
  endfacet
  facet normal -0.77301 0.634393 0
    outer loop
      vertex -7.74395 6.79126 26
      vertex -8.17154 6.27024 24.25
      vertex -8.17154 6.27024 26
    endloop
  endfacet
  facet normal -0.683591 0.729866 0
    outer loop
      vertex -6.79126 7.74395 24.25
      vertex -7.2832 7.2832 26
      vertex -6.79126 7.74395 26
    endloop
  endfacet
  facet normal -0.683591 0.729866 0
    outer loop
      vertex -7.2832 7.2832 26
      vertex -6.79126 7.74395 24.25
      vertex -7.2832 7.2832 24.25
    endloop
  endfacet
  facet normal -0.471397 0.881921 0
    outer loop
      vertex -4.55557 9.23779 24.25
      vertex -5.15 8.92006 26
      vertex -4.55557 9.23779 26
    endloop
  endfacet
  facet normal -0.471397 0.881921 0
    outer loop
      vertex -5.15 8.92006 26
      vertex -4.55557 9.23779 24.25
      vertex -5.15 8.92006 24.25
    endloop
  endfacet
  facet normal -0.35225 0.935906 0
    outer loop
      vertex -3.31083 9.75338 24.25
      vertex -3.94164 9.51596 26
      vertex -3.31083 9.75338 26
    endloop
  endfacet
  facet normal -0.35225 0.935906 0
    outer loop
      vertex -3.94164 9.51596 26
      vertex -3.31083 9.75338 24.25
      vertex -3.94164 9.51596 24.25
    endloop
  endfacet
  facet normal -0.162905 0.986642 0
    outer loop
      vertex -1.34442 10.2119 24.25
      vertex -2.00943 10.1021 26
      vertex -1.34442 10.2119 26
    endloop
  endfacet
  facet normal -0.162905 0.986642 0
    outer loop
      vertex -2.00943 10.1021 26
      vertex -1.34442 10.2119 24.25
      vertex -2.00943 10.1021 24.25
    endloop
  endfacet
  facet normal 0.910863 -0.412709 0
    outer loop
      vertex 9.23779 -4.55557 26
      vertex 9.51596 -3.94164 24.25
      vertex 9.51596 -3.94164 26
    endloop
  endfacet
  facet normal 0.910863 -0.412709 0
    outer loop
      vertex 9.51596 -3.94164 24.25
      vertex 9.23779 -4.55557 26
      vertex 9.23779 -4.55557 24.25
    endloop
  endfacet
  facet normal 0.956939 -0.290291 0
    outer loop
      vertex 9.75338 -3.31083 26
      vertex 9.94904 -2.66584 24.25
      vertex 9.94904 -2.66584 26
    endloop
  endfacet
  facet normal 0.956939 -0.290291 0
    outer loop
      vertex 9.94904 -2.66584 24.25
      vertex 9.75338 -3.31083 26
      vertex 9.75338 -3.31083 24.25
    endloop
  endfacet
  facet normal 0.999462 -0.0327886 0
    outer loop
      vertex 10.2779 -0.673652 26
      vertex 10.3 0 24.25
      vertex 10.3 0 26
    endloop
  endfacet
  facet normal 0.999462 -0.0327886 0
    outer loop
      vertex 10.3 0 24.25
      vertex 10.2779 -0.673652 26
      vertex 10.2779 -0.673652 24.25
    endloop
  endfacet
  facet normal 0.77301 -0.634393 0
    outer loop
      vertex 7.74395 -6.79126 26
      vertex 8.17154 -6.27024 24.25
      vertex 8.17154 -6.27024 26
    endloop
  endfacet
  facet normal 0.77301 -0.634393 0
    outer loop
      vertex 8.17154 -6.27024 24.25
      vertex 7.74395 -6.79126 26
      vertex 7.74395 -6.79126 24.25
    endloop
  endfacet
  facet normal 0.471397 -0.881921 0
    outer loop
      vertex 4.55557 -9.23779 24.25
      vertex 5.15 -8.92006 26
      vertex 4.55557 -9.23779 26
    endloop
  endfacet
  facet normal 0.471397 -0.881921 0
    outer loop
      vertex 5.15 -8.92006 26
      vertex 4.55557 -9.23779 24.25
      vertex 5.15 -8.92006 24.25
    endloop
  endfacet
  facet normal 0.634393 -0.77301 0
    outer loop
      vertex 6.27024 -8.17154 24.25
      vertex 6.79126 -7.74395 26
      vertex 6.27024 -8.17154 26
    endloop
  endfacet
  facet normal 0.634393 -0.77301 0
    outer loop
      vertex 6.79126 -7.74395 26
      vertex 6.27024 -8.17154 24.25
      vertex 6.79126 -7.74395 24.25
    endloop
  endfacet
  facet normal 0.683591 -0.729866 0
    outer loop
      vertex 6.79126 -7.74395 24.25
      vertex 7.2832 -7.2832 26
      vertex 6.79126 -7.74395 26
    endloop
  endfacet
  facet normal 0.683591 -0.729866 0
    outer loop
      vertex 7.2832 -7.2832 26
      vertex 6.79126 -7.74395 24.25
      vertex 7.2832 -7.2832 24.25
    endloop
  endfacet
  facet normal -0.162905 -0.986642 0
    outer loop
      vertex -2.00943 -10.1021 24.25
      vertex -1.34442 -10.2119 26
      vertex -2.00943 -10.1021 26
    endloop
  endfacet
  facet normal -0.162905 -0.986642 -0
    outer loop
      vertex -1.34442 -10.2119 26
      vertex -2.00943 -10.1021 24.25
      vertex -1.34442 -10.2119 24.25
    endloop
  endfacet
  facet normal -0.812845 -0.58248 0
    outer loop
      vertex -8.17154 -6.27024 24.25
      vertex -8.56414 -5.72237 26
      vertex -8.56414 -5.72237 24.25
    endloop
  endfacet
  facet normal -0.812845 -0.58248 0
    outer loop
      vertex -8.56414 -5.72237 26
      vertex -8.17154 -6.27024 24.25
      vertex -8.17154 -6.27024 26
    endloop
  endfacet
  facet normal -0.935906 -0.35225 0
    outer loop
      vertex -9.51596 -3.94164 24.25
      vertex -9.75338 -3.31083 26
      vertex -9.75338 -3.31083 24.25
    endloop
  endfacet
  facet normal -0.935906 -0.35225 0
    outer loop
      vertex -9.75338 -3.31083 26
      vertex -9.51596 -3.94164 24.25
      vertex -9.51596 -3.94164 26
    endloop
  endfacet
  facet normal -0.995194 -0.0979218 0
    outer loop
      vertex -10.2119 -1.34442 24.25
      vertex -10.2779 -0.673652 26
      vertex -10.2779 -0.673652 24.25
    endloop
  endfacet
  facet normal -0.995194 -0.0979218 0
    outer loop
      vertex -10.2779 -0.673652 26
      vertex -10.2119 -1.34442 24.25
      vertex -10.2119 -1.34442 26
    endloop
  endfacet
  facet normal 0 0 -1
    outer loop
      vertex 10.2779 -0.673652 24.25
      vertex 10.2779 0.673652 24.25
      vertex 10.3 0 24.25
    endloop
  endfacet
  facet normal 0 0 -1
    outer loop
      vertex 10.2119 -1.34442 24.25
      vertex 10.2779 0.673652 24.25
      vertex 10.2779 -0.673652 24.25
    endloop
  endfacet
  facet normal 0 0 -1
    outer loop
      vertex 10.2119 -1.34442 24.25
      vertex 10.2119 1.34442 24.25
      vertex 10.2779 0.673652 24.25
    endloop
  endfacet
  facet normal 0 0 -1
    outer loop
      vertex 10.1021 -2.00943 24.25
      vertex 10.2119 1.34442 24.25
      vertex 10.2119 -1.34442 24.25
    endloop
  endfacet
  facet normal 0 0 -1
    outer loop
      vertex 10.1021 -2.00943 24.25
      vertex 10.1021 2.00943 24.25
      vertex 10.2119 1.34442 24.25
    endloop
  endfacet
  facet normal 0 0 -1
    outer loop
      vertex 9.94904 -2.66584 24.25
      vertex 10.1021 2.00943 24.25
      vertex 10.1021 -2.00943 24.25
    endloop
  endfacet
  facet normal 0 0 -1
    outer loop
      vertex 9.94904 -2.66584 24.25
      vertex 9.94904 2.66584 24.25
      vertex 10.1021 2.00943 24.25
    endloop
  endfacet
  facet normal 0 0 -1
    outer loop
      vertex 9.75338 -3.31083 24.25
      vertex 9.94904 2.66584 24.25
      vertex 9.94904 -2.66584 24.25
    endloop
  endfacet
  facet normal 0 0 -1
    outer loop
      vertex 9.75338 -3.31083 24.25
      vertex 9.75338 3.31083 24.25
      vertex 9.94904 2.66584 24.25
    endloop
  endfacet
  facet normal 0 0 -1
    outer loop
      vertex 9.51596 -3.94164 24.25
      vertex 9.75338 3.31083 24.25
      vertex 9.75338 -3.31083 24.25
    endloop
  endfacet
  facet normal 0 0 -1
    outer loop
      vertex 9.51596 -3.94164 24.25
      vertex 9.51596 3.94164 24.25
      vertex 9.75338 3.31083 24.25
    endloop
  endfacet
  facet normal 0 0 -1
    outer loop
      vertex 9.23779 -4.55557 24.25
      vertex 9.51596 3.94164 24.25
      vertex 9.51596 -3.94164 24.25
    endloop
  endfacet
  facet normal 0 0 -1
    outer loop
      vertex 9.23779 -4.55557 24.25
      vertex 9.23779 4.55557 24.25
      vertex 9.51596 3.94164 24.25
    endloop
  endfacet
  facet normal 0 0 -1
    outer loop
      vertex 8.92006 -5.15 24.25
      vertex 9.23779 4.55557 24.25
      vertex 9.23779 -4.55557 24.25
    endloop
  endfacet
  facet normal 0 0 -1
    outer loop
      vertex 8.92006 -5.15 24.25
      vertex 8.92006 5.15 24.25
      vertex 9.23779 4.55557 24.25
    endloop
  endfacet
  facet normal 0 0 -1
    outer loop
      vertex 8.56414 -5.72237 24.25
      vertex 8.92006 5.15 24.25
      vertex 8.92006 -5.15 24.25
    endloop
  endfacet
  facet normal 0 0 -1
    outer loop
      vertex 8.56414 -5.72237 24.25
      vertex 8.56414 5.72237 24.25
      vertex 8.92006 5.15 24.25
    endloop
  endfacet
  facet normal 0 0 -1
    outer loop
      vertex 8.17154 -6.27024 24.25
      vertex 8.56414 5.72237 24.25
      vertex 8.56414 -5.72237 24.25
    endloop
  endfacet
  facet normal 0 0 -1
    outer loop
      vertex 8.17154 -6.27024 24.25
      vertex 8.17154 6.27024 24.25
      vertex 8.56414 5.72237 24.25
    endloop
  endfacet
  facet normal 0 0 -1
    outer loop
      vertex 7.74395 -6.79126 24.25
      vertex 8.17154 6.27024 24.25
      vertex 8.17154 -6.27024 24.25
    endloop
  endfacet
  facet normal 0 0 -1
    outer loop
      vertex 7.74395 -6.79126 24.25
      vertex 7.74395 6.79126 24.25
      vertex 8.17154 6.27024 24.25
    endloop
  endfacet
  facet normal 0 0 -1
    outer loop
      vertex 7.2832 -7.2832 24.25
      vertex 7.74395 6.79126 24.25
      vertex 7.74395 -6.79126 24.25
    endloop
  endfacet
  facet normal 0 0 -1
    outer loop
      vertex 7.2832 -7.2832 24.25
      vertex 7.2832 7.2832 24.25
      vertex 7.74395 6.79126 24.25
    endloop
  endfacet
  facet normal 0 0 -1
    outer loop
      vertex 6.79126 -7.74395 24.25
      vertex 7.2832 7.2832 24.25
      vertex 7.2832 -7.2832 24.25
    endloop
  endfacet
  facet normal 0 0 -1
    outer loop
      vertex 6.79126 -7.74395 24.25
      vertex 6.79126 7.74395 24.25
      vertex 7.2832 7.2832 24.25
    endloop
  endfacet
  facet normal 0 0 -1
    outer loop
      vertex 6.27024 -8.17154 24.25
      vertex 6.79126 7.74395 24.25
      vertex 6.79126 -7.74395 24.25
    endloop
  endfacet
  facet normal 0 0 -1
    outer loop
      vertex 6.27024 -8.17154 24.25
      vertex 6.27024 8.17154 24.25
      vertex 6.79126 7.74395 24.25
    endloop
  endfacet
  facet normal 0 0 -1
    outer loop
      vertex 5.72237 -8.56414 24.25
      vertex 6.27024 8.17154 24.25
      vertex 6.27024 -8.17154 24.25
    endloop
  endfacet
  facet normal 0 0 -1
    outer loop
      vertex 5.72237 -8.56414 24.25
      vertex 5.72237 8.56414 24.25
      vertex 6.27024 8.17154 24.25
    endloop
  endfacet
  facet normal 0 0 -1
    outer loop
      vertex 5.15 -8.92006 24.25
      vertex 5.72237 8.56414 24.25
      vertex 5.72237 -8.56414 24.25
    endloop
  endfacet
  facet normal 0 0 -1
    outer loop
      vertex 5.15 -8.92006 24.25
      vertex 5.15 8.92006 24.25
      vertex 5.72237 8.56414 24.25
    endloop
  endfacet
  facet normal 0 0 -1
    outer loop
      vertex 4.55557 -9.23779 24.25
      vertex 5.15 8.92006 24.25
      vertex 5.15 -8.92006 24.25
    endloop
  endfacet
  facet normal 0 0 -1
    outer loop
      vertex 4.55557 -9.23779 24.25
      vertex 4.55557 9.23779 24.25
      vertex 5.15 8.92006 24.25
    endloop
  endfacet
  facet normal 0 0 -1
    outer loop
      vertex 3.94164 -9.51596 24.25
      vertex 4.55557 9.23779 24.25
      vertex 4.55557 -9.23779 24.25
    endloop
  endfacet
  facet normal 0 0 -1
    outer loop
      vertex 3.94164 -9.51596 24.25
      vertex 3.94164 9.51596 24.25
      vertex 4.55557 9.23779 24.25
    endloop
  endfacet
  facet normal 0 0 -1
    outer loop
      vertex 3.31083 -9.75338 24.25
      vertex 3.94164 9.51596 24.25
      vertex 3.94164 -9.51596 24.25
    endloop
  endfacet
  facet normal 0 0 -1
    outer loop
      vertex 3.31083 -9.75338 24.25
      vertex 3.31083 9.75338 24.25
      vertex 3.94164 9.51596 24.25
    endloop
  endfacet
  facet normal 0 0 -1
    outer loop
      vertex 2.66584 -9.94904 24.25
      vertex 3.31083 9.75338 24.25
      vertex 3.31083 -9.75338 24.25
    endloop
  endfacet
  facet normal 0 0 -1
    outer loop
      vertex 2.66584 -9.94904 24.25
      vertex 2.66584 9.94904 24.25
      vertex 3.31083 9.75338 24.25
    endloop
  endfacet
  facet normal 0 0 -1
    outer loop
      vertex 2.00943 -10.1021 24.25
      vertex 2.66584 9.94904 24.25
      vertex 2.66584 -9.94904 24.25
    endloop
  endfacet
  facet normal 0 0 -1
    outer loop
      vertex 2.00943 -10.1021 24.25
      vertex 2.00943 10.1021 24.25
      vertex 2.66584 9.94904 24.25
    endloop
  endfacet
  facet normal 0 0 -1
    outer loop
      vertex 1.34442 -10.2119 24.25
      vertex 2.00943 10.1021 24.25
      vertex 2.00943 -10.1021 24.25
    endloop
  endfacet
  facet normal 0 0 -1
    outer loop
      vertex 1.34442 -10.2119 24.25
      vertex 1.34442 10.2119 24.25
      vertex 2.00943 10.1021 24.25
    endloop
  endfacet
  facet normal 0 0 -1
    outer loop
      vertex 0.673652 -10.2779 24.25
      vertex 1.34442 10.2119 24.25
      vertex 1.34442 -10.2119 24.25
    endloop
  endfacet
  facet normal 0 0 -1
    outer loop
      vertex 0.673652 -10.2779 24.25
      vertex 0.673652 10.2779 24.25
      vertex 1.34442 10.2119 24.25
    endloop
  endfacet
  facet normal 0 0 -1
    outer loop
      vertex 0 -10.3 24.25
      vertex 0.673652 10.2779 24.25
      vertex 0.673652 -10.2779 24.25
    endloop
  endfacet
  facet normal 0 0 -1
    outer loop
      vertex 0 -10.3 24.25
      vertex 0 10.3 24.25
      vertex 0.673652 10.2779 24.25
    endloop
  endfacet
  facet normal 0 0 -1
    outer loop
      vertex -0.673652 -10.2779 24.25
      vertex 0 10.3 24.25
      vertex 0 -10.3 24.25
    endloop
  endfacet
  facet normal 0 0 -1
    outer loop
      vertex -0.673652 -10.2779 24.25
      vertex -0.673652 10.2779 24.25
      vertex 0 10.3 24.25
    endloop
  endfacet
  facet normal 0 0 -1
    outer loop
      vertex -1.34442 -10.2119 24.25
      vertex -0.673652 10.2779 24.25
      vertex -0.673652 -10.2779 24.25
    endloop
  endfacet
  facet normal 0 0 -1
    outer loop
      vertex -1.34442 -10.2119 24.25
      vertex -1.34442 10.2119 24.25
      vertex -0.673652 10.2779 24.25
    endloop
  endfacet
  facet normal 0 0 -1
    outer loop
      vertex -2.00943 -10.1021 24.25
      vertex -1.34442 10.2119 24.25
      vertex -1.34442 -10.2119 24.25
    endloop
  endfacet
  facet normal 0 0 -1
    outer loop
      vertex -2.00943 -10.1021 24.25
      vertex -2.00943 10.1021 24.25
      vertex -1.34442 10.2119 24.25
    endloop
  endfacet
  facet normal 0 0 -1
    outer loop
      vertex -2.66584 -9.94904 24.25
      vertex -2.00943 10.1021 24.25
      vertex -2.00943 -10.1021 24.25
    endloop
  endfacet
  facet normal 0 0 -1
    outer loop
      vertex -2.66584 -9.94904 24.25
      vertex -2.66584 9.94904 24.25
      vertex -2.00943 10.1021 24.25
    endloop
  endfacet
  facet normal 0 0 -1
    outer loop
      vertex -3.31083 -9.75338 24.25
      vertex -2.66584 9.94904 24.25
      vertex -2.66584 -9.94904 24.25
    endloop
  endfacet
  facet normal 0 0 -1
    outer loop
      vertex -3.31083 -9.75338 24.25
      vertex -3.31083 9.75338 24.25
      vertex -2.66584 9.94904 24.25
    endloop
  endfacet
  facet normal 0 0 -1
    outer loop
      vertex -3.94164 -9.51596 24.25
      vertex -3.31083 9.75338 24.25
      vertex -3.31083 -9.75338 24.25
    endloop
  endfacet
  facet normal 0 0 -1
    outer loop
      vertex -3.94164 -9.51596 24.25
      vertex -3.94164 9.51596 24.25
      vertex -3.31083 9.75338 24.25
    endloop
  endfacet
  facet normal 0 0 -1
    outer loop
      vertex -4.55557 -9.23779 24.25
      vertex -3.94164 9.51596 24.25
      vertex -3.94164 -9.51596 24.25
    endloop
  endfacet
  facet normal 0 0 -1
    outer loop
      vertex -4.55557 -9.23779 24.25
      vertex -4.55557 9.23779 24.25
      vertex -3.94164 9.51596 24.25
    endloop
  endfacet
  facet normal 0 0 -1
    outer loop
      vertex -5.15 -8.92006 24.25
      vertex -4.55557 9.23779 24.25
      vertex -4.55557 -9.23779 24.25
    endloop
  endfacet
  facet normal 0 0 -1
    outer loop
      vertex -5.15 -8.92006 24.25
      vertex -5.15 8.92006 24.25
      vertex -4.55557 9.23779 24.25
    endloop
  endfacet
  facet normal 0 0 -1
    outer loop
      vertex -5.72237 -8.56414 24.25
      vertex -5.15 8.92006 24.25
      vertex -5.15 -8.92006 24.25
    endloop
  endfacet
  facet normal 0 0 -1
    outer loop
      vertex -5.72237 -8.56414 24.25
      vertex -5.72237 8.56414 24.25
      vertex -5.15 8.92006 24.25
    endloop
  endfacet
  facet normal 0 0 -1
    outer loop
      vertex -6.27024 -8.17154 24.25
      vertex -5.72237 8.56414 24.25
      vertex -5.72237 -8.56414 24.25
    endloop
  endfacet
  facet normal 0 0 -1
    outer loop
      vertex -6.27024 -8.17154 24.25
      vertex -6.27024 8.17154 24.25
      vertex -5.72237 8.56414 24.25
    endloop
  endfacet
  facet normal 0 0 -1
    outer loop
      vertex -6.79126 -7.74395 24.25
      vertex -6.27024 8.17154 24.25
      vertex -6.27024 -8.17154 24.25
    endloop
  endfacet
  facet normal 0 0 -1
    outer loop
      vertex -6.79126 -7.74395 24.25
      vertex -6.79126 7.74395 24.25
      vertex -6.27024 8.17154 24.25
    endloop
  endfacet
  facet normal 0 0 -1
    outer loop
      vertex -7.2832 -7.2832 24.25
      vertex -6.79126 7.74395 24.25
      vertex -6.79126 -7.74395 24.25
    endloop
  endfacet
  facet normal 0 0 -1
    outer loop
      vertex -7.2832 -7.2832 24.25
      vertex -7.2832 7.2832 24.25
      vertex -6.79126 7.74395 24.25
    endloop
  endfacet
  facet normal 0 0 -1
    outer loop
      vertex -7.74395 -6.79126 24.25
      vertex -7.2832 7.2832 24.25
      vertex -7.2832 -7.2832 24.25
    endloop
  endfacet
  facet normal 0 0 -1
    outer loop
      vertex -7.74395 -6.79126 24.25
      vertex -7.74395 6.79126 24.25
      vertex -7.2832 7.2832 24.25
    endloop
  endfacet
  facet normal 0 0 -1
    outer loop
      vertex -8.17154 -6.27024 24.25
      vertex -7.74395 6.79126 24.25
      vertex -7.74395 -6.79126 24.25
    endloop
  endfacet
  facet normal 0 0 -1
    outer loop
      vertex -8.17154 -6.27024 24.25
      vertex -8.17154 6.27024 24.25
      vertex -7.74395 6.79126 24.25
    endloop
  endfacet
  facet normal 0 0 -1
    outer loop
      vertex -8.56414 -5.72237 24.25
      vertex -8.17154 6.27024 24.25
      vertex -8.17154 -6.27024 24.25
    endloop
  endfacet
  facet normal 0 0 -1
    outer loop
      vertex -8.56414 -5.72237 24.25
      vertex -8.56414 5.72237 24.25
      vertex -8.17154 6.27024 24.25
    endloop
  endfacet
  facet normal 0 0 -1
    outer loop
      vertex -8.92006 -5.15 24.25
      vertex -8.56414 5.72237 24.25
      vertex -8.56414 -5.72237 24.25
    endloop
  endfacet
  facet normal 0 0 -1
    outer loop
      vertex -8.92006 -5.15 24.25
      vertex -8.92006 5.15 24.25
      vertex -8.56414 5.72237 24.25
    endloop
  endfacet
  facet normal 0 0 -1
    outer loop
      vertex -9.23779 -4.55557 24.25
      vertex -8.92006 5.15 24.25
      vertex -8.92006 -5.15 24.25
    endloop
  endfacet
  facet normal 0 0 -1
    outer loop
      vertex -9.23779 -4.55557 24.25
      vertex -9.23779 4.55557 24.25
      vertex -8.92006 5.15 24.25
    endloop
  endfacet
  facet normal 0 0 -1
    outer loop
      vertex -9.51596 -3.94164 24.25
      vertex -9.23779 4.55557 24.25
      vertex -9.23779 -4.55557 24.25
    endloop
  endfacet
  facet normal 0 0 -1
    outer loop
      vertex -9.51596 -3.94164 24.25
      vertex -9.51596 3.94164 24.25
      vertex -9.23779 4.55557 24.25
    endloop
  endfacet
  facet normal 0 0 -1
    outer loop
      vertex -9.75338 -3.31083 24.25
      vertex -9.51596 3.94164 24.25
      vertex -9.51596 -3.94164 24.25
    endloop
  endfacet
  facet normal 0 0 -1
    outer loop
      vertex -9.75338 -3.31083 24.25
      vertex -9.75338 3.31083 24.25
      vertex -9.51596 3.94164 24.25
    endloop
  endfacet
  facet normal 0 0 -1
    outer loop
      vertex -9.94904 -2.66584 24.25
      vertex -9.75338 3.31083 24.25
      vertex -9.75338 -3.31083 24.25
    endloop
  endfacet
  facet normal 0 0 -1
    outer loop
      vertex -9.94904 -2.66584 24.25
      vertex -9.94904 2.66584 24.25
      vertex -9.75338 3.31083 24.25
    endloop
  endfacet
  facet normal 0 0 -1
    outer loop
      vertex -10.1021 -2.00943 24.25
      vertex -9.94904 2.66584 24.25
      vertex -9.94904 -2.66584 24.25
    endloop
  endfacet
  facet normal 0 0 -1
    outer loop
      vertex -10.1021 -2.00943 24.25
      vertex -10.1021 2.00943 24.25
      vertex -9.94904 2.66584 24.25
    endloop
  endfacet
  facet normal 0 0 -1
    outer loop
      vertex -10.2119 -1.34442 24.25
      vertex -10.1021 2.00943 24.25
      vertex -10.1021 -2.00943 24.25
    endloop
  endfacet
  facet normal 0 0 -1
    outer loop
      vertex -10.2119 -1.34442 24.25
      vertex -10.2119 1.34442 24.25
      vertex -10.1021 2.00943 24.25
    endloop
  endfacet
  facet normal 0 0 -1
    outer loop
      vertex -10.2779 -0.673652 24.25
      vertex -10.2119 1.34442 24.25
      vertex -10.2119 -1.34442 24.25
    endloop
  endfacet
  facet normal 0 0 -1
    outer loop
      vertex -10.2779 -0.673652 24.25
      vertex -10.2779 0.673652 24.25
      vertex -10.2119 1.34442 24.25
    endloop
  endfacet
  facet normal 0 -0 -1
    outer loop
      vertex -10.2779 0.673652 24.25
      vertex -10.2779 -0.673652 24.25
      vertex -10.3 0 24.25
    endloop
  endfacet
  facet normal 0.162905 -0.986642 0
    outer loop
      vertex 1.34442 -10.2119 24.25
      vertex 2.00943 -10.1021 26
      vertex 1.34442 -10.2119 26
    endloop
  endfacet
  facet normal 0.162905 -0.986642 0
    outer loop
      vertex 2.00943 -10.1021 26
      vertex 1.34442 -10.2119 24.25
      vertex 2.00943 -10.1021 24.25
    endloop
  endfacet
  facet normal 0.973875 -0.227086 0
    outer loop
      vertex 9.94904 -2.66584 26
      vertex 10.1021 -2.00943 24.25
      vertex 10.1021 -2.00943 26
    endloop
  endfacet
  facet normal 0.973875 -0.227086 0
    outer loop
      vertex 10.1021 -2.00943 24.25
      vertex 9.94904 -2.66584 26
      vertex 9.94904 -2.66584 24.25
    endloop
  endfacet
  facet normal 0.849204 -0.528065 0
    outer loop
      vertex 8.56414 -5.72237 26
      vertex 8.92006 -5.15 24.25
      vertex 8.92006 -5.15 26
    endloop
  endfacet
  facet normal 0.849204 -0.528065 0
    outer loop
      vertex 8.92006 -5.15 24.25
      vertex 8.56414 -5.72237 26
      vertex 8.56414 -5.72237 24.25
    endloop
  endfacet
  facet normal 0.812845 -0.58248 0
    outer loop
      vertex 8.17154 -6.27024 26
      vertex 8.56414 -5.72237 24.25
      vertex 8.56414 -5.72237 26
    endloop
  endfacet
  facet normal 0.812845 -0.58248 0
    outer loop
      vertex 8.56414 -5.72237 24.25
      vertex 8.17154 -6.27024 26
      vertex 8.17154 -6.27024 24.25
    endloop
  endfacet
  facet normal 0.528065 -0.849204 0
    outer loop
      vertex 5.15 -8.92006 24.25
      vertex 5.72237 -8.56414 26
      vertex 5.15 -8.92006 26
    endloop
  endfacet
  facet normal 0.528065 -0.849204 0
    outer loop
      vertex 5.72237 -8.56414 26
      vertex 5.15 -8.92006 24.25
      vertex 5.72237 -8.56414 24.25
    endloop
  endfacet
  facet normal 0.729866 -0.683591 0
    outer loop
      vertex 7.2832 -7.2832 26
      vertex 7.74395 -6.79126 24.25
      vertex 7.74395 -6.79126 26
    endloop
  endfacet
  facet normal 0.729866 -0.683591 0
    outer loop
      vertex 7.74395 -6.79126 24.25
      vertex 7.2832 -7.2832 26
      vertex 7.2832 -7.2832 24.25
    endloop
  endfacet
  facet normal 0.0327886 -0.999462 0
    outer loop
      vertex 0 -10.3 24.25
      vertex 0.673652 -10.2779 26
      vertex 0 -10.3 26
    endloop
  endfacet
  facet normal 0.0327886 -0.999462 0
    outer loop
      vertex 0.673652 -10.2779 26
      vertex 0 -10.3 24.25
      vertex 0.673652 -10.2779 24.25
    endloop
  endfacet
  facet normal -0.290291 -0.956939 0
    outer loop
      vertex -3.31083 -9.75338 24.25
      vertex -2.66584 -9.94904 26
      vertex -3.31083 -9.75338 26
    endloop
  endfacet
  facet normal -0.290291 -0.956939 -0
    outer loop
      vertex -2.66584 -9.94904 26
      vertex -3.31083 -9.75338 24.25
      vertex -2.66584 -9.94904 24.25
    endloop
  endfacet
  facet normal -0.683591 -0.729866 0
    outer loop
      vertex -7.2832 -7.2832 24.25
      vertex -6.79126 -7.74395 26
      vertex -7.2832 -7.2832 26
    endloop
  endfacet
  facet normal -0.683591 -0.729866 -0
    outer loop
      vertex -6.79126 -7.74395 26
      vertex -7.2832 -7.2832 24.25
      vertex -6.79126 -7.74395 24.25
    endloop
  endfacet
  facet normal -0.77301 -0.634393 0
    outer loop
      vertex -7.74395 -6.79126 24.25
      vertex -8.17154 -6.27024 26
      vertex -8.17154 -6.27024 24.25
    endloop
  endfacet
  facet normal -0.77301 -0.634393 0
    outer loop
      vertex -8.17154 -6.27024 26
      vertex -7.74395 -6.79126 24.25
      vertex -7.74395 -6.79126 26
    endloop
  endfacet
  facet normal -0.881921 -0.471397 0
    outer loop
      vertex -8.92006 -5.15 24.25
      vertex -9.23779 -4.55557 26
      vertex -9.23779 -4.55557 24.25
    endloop
  endfacet
  facet normal -0.881921 -0.471397 0
    outer loop
      vertex -9.23779 -4.55557 26
      vertex -8.92006 -5.15 24.25
      vertex -8.92006 -5.15 26
    endloop
  endfacet
  facet normal -0.910863 -0.412709 0
    outer loop
      vertex -9.23779 -4.55557 24.25
      vertex -9.51596 -3.94164 26
      vertex -9.51596 -3.94164 24.25
    endloop
  endfacet
  facet normal -0.910863 -0.412709 0
    outer loop
      vertex -9.51596 -3.94164 26
      vertex -9.23779 -4.55557 24.25
      vertex -9.23779 -4.55557 26
    endloop
  endfacet
  facet normal -0.956939 -0.290291 0
    outer loop
      vertex -9.75338 -3.31083 24.25
      vertex -9.94904 -2.66584 26
      vertex -9.94904 -2.66584 24.25
    endloop
  endfacet
  facet normal -0.956939 -0.290291 0
    outer loop
      vertex -9.94904 -2.66584 26
      vertex -9.75338 -3.31083 24.25
      vertex -9.75338 -3.31083 26
    endloop
  endfacet
  facet normal -0.973875 -0.227086 0
    outer loop
      vertex -9.94904 -2.66584 24.25
      vertex -10.1021 -2.00943 26
      vertex -10.1021 -2.00943 24.25
    endloop
  endfacet
  facet normal -0.973875 -0.227086 0
    outer loop
      vertex -10.1021 -2.00943 26
      vertex -9.94904 -2.66584 24.25
      vertex -9.94904 -2.66584 26
    endloop
  endfacet
  facet normal 0.290291 -0.956939 0
    outer loop
      vertex 2.66584 -9.94904 24.25
      vertex 3.31083 -9.75338 26
      vertex 2.66584 -9.94904 26
    endloop
  endfacet
  facet normal 0.290291 -0.956939 0
    outer loop
      vertex 3.31083 -9.75338 26
      vertex 2.66584 -9.94904 24.25
      vertex 3.31083 -9.75338 24.25
    endloop
  endfacet
  facet normal 0.935906 -0.35225 0
    outer loop
      vertex 9.51596 -3.94164 26
      vertex 9.75338 -3.31083 24.25
      vertex 9.75338 -3.31083 26
    endloop
  endfacet
  facet normal 0.935906 -0.35225 0
    outer loop
      vertex 9.75338 -3.31083 24.25
      vertex 9.51596 -3.94164 26
      vertex 9.51596 -3.94164 24.25
    endloop
  endfacet
  facet normal -0.227086 -0.973875 0
    outer loop
      vertex -2.66584 -9.94904 24.25
      vertex -2.00943 -10.1021 26
      vertex -2.66584 -9.94904 26
    endloop
  endfacet
  facet normal -0.227086 -0.973875 -0
    outer loop
      vertex -2.00943 -10.1021 26
      vertex -2.66584 -9.94904 24.25
      vertex -2.00943 -10.1021 24.25
    endloop
  endfacet
  facet normal -0.634393 -0.77301 0
    outer loop
      vertex -6.79126 -7.74395 24.25
      vertex -6.27024 -8.17154 26
      vertex -6.79126 -7.74395 26
    endloop
  endfacet
  facet normal -0.634393 -0.77301 -0
    outer loop
      vertex -6.27024 -8.17154 26
      vertex -6.79126 -7.74395 24.25
      vertex -6.27024 -8.17154 24.25
    endloop
  endfacet
  facet normal -0.412709 -0.910863 0
    outer loop
      vertex -4.55557 -9.23779 24.25
      vertex -3.94164 -9.51596 26
      vertex -4.55557 -9.23779 26
    endloop
  endfacet
  facet normal -0.412709 -0.910863 -0
    outer loop
      vertex -3.94164 -9.51596 26
      vertex -4.55557 -9.23779 24.25
      vertex -3.94164 -9.51596 24.25
    endloop
  endfacet
  facet normal -0.528065 -0.849204 0
    outer loop
      vertex -5.72237 -8.56414 24.25
      vertex -5.15 -8.92006 26
      vertex -5.72237 -8.56414 26
    endloop
  endfacet
  facet normal -0.528065 -0.849204 -0
    outer loop
      vertex -5.15 -8.92006 26
      vertex -5.72237 -8.56414 24.25
      vertex -5.15 -8.92006 24.25
    endloop
  endfacet
  facet normal -0.849204 -0.528065 0
    outer loop
      vertex -8.56414 -5.72237 24.25
      vertex -8.92006 -5.15 26
      vertex -8.92006 -5.15 24.25
    endloop
  endfacet
  facet normal -0.849204 -0.528065 0
    outer loop
      vertex -8.92006 -5.15 26
      vertex -8.56414 -5.72237 24.25
      vertex -8.56414 -5.72237 26
    endloop
  endfacet
  facet normal -0.471397 -0.881921 0
    outer loop
      vertex -5.15 -8.92006 24.25
      vertex -4.55557 -9.23779 26
      vertex -5.15 -8.92006 26
    endloop
  endfacet
  facet normal -0.471397 -0.881921 -0
    outer loop
      vertex -4.55557 -9.23779 26
      vertex -5.15 -8.92006 24.25
      vertex -4.55557 -9.23779 24.25
    endloop
  endfacet
  facet normal -0.58248 -0.812845 0
    outer loop
      vertex -6.27024 -8.17154 24.25
      vertex -5.72237 -8.56414 26
      vertex -6.27024 -8.17154 26
    endloop
  endfacet
  facet normal -0.58248 -0.812845 -0
    outer loop
      vertex -5.72237 -8.56414 26
      vertex -6.27024 -8.17154 24.25
      vertex -5.72237 -8.56414 24.25
    endloop
  endfacet
  facet normal -0.35225 -0.935906 0
    outer loop
      vertex -3.94164 -9.51596 24.25
      vertex -3.31083 -9.75338 26
      vertex -3.94164 -9.51596 26
    endloop
  endfacet
  facet normal -0.35225 -0.935906 -0
    outer loop
      vertex -3.31083 -9.75338 26
      vertex -3.94164 -9.51596 24.25
      vertex -3.31083 -9.75338 24.25
    endloop
  endfacet
  facet normal -0.998795 -0.0490689 0
    outer loop
      vertex 7.8 0 0
      vertex 7.76244 0.764533 2.5
      vertex 7.76244 0.764533 0
    endloop
  endfacet
  facet normal -0.998795 -0.0490689 0
    outer loop
      vertex 7.76244 0.764533 2.5
      vertex 7.8 0 0
      vertex 7.8 0 2.5
    endloop
  endfacet
  facet normal 0.998795 -0.0490689 0
    outer loop
      vertex -7.8 0 2.5
      vertex -7.76244 0.764533 0
      vertex -7.76244 0.764533 2.5
    endloop
  endfacet
  facet normal 0.998795 -0.0490689 0
    outer loop
      vertex -7.76244 0.764533 0
      vertex -7.8 0 2.5
      vertex -7.8 0 0
    endloop
  endfacet
  facet normal 0.0490689 -0.998795 0
    outer loop
      vertex -0.764533 7.76244 0
      vertex 0 7.8 2.5
      vertex -0.764533 7.76244 2.5
    endloop
  endfacet
  facet normal 0.0490689 -0.998795 0
    outer loop
      vertex 0 7.8 2.5
      vertex -0.764533 7.76244 0
      vertex 0 7.8 0
    endloop
  endfacet
  facet normal -0.671563 -0.740947 0
    outer loop
      vertex 4.94827 6.02948 0
      vertex 5.51543 5.51543 2.5
      vertex 4.94827 6.02948 2.5
    endloop
  endfacet
  facet normal -0.671563 -0.740947 -0
    outer loop
      vertex 5.51543 5.51543 2.5
      vertex 4.94827 6.02948 0
      vertex 5.51543 5.51543 0
    endloop
  endfacet
  facet normal 0.671563 -0.740947 0
    outer loop
      vertex -5.51543 5.51543 0
      vertex -4.94827 6.02948 2.5
      vertex -5.51543 5.51543 2.5
    endloop
  endfacet
  facet normal 0.671563 -0.740947 0
    outer loop
      vertex -4.94827 6.02948 2.5
      vertex -5.51543 5.51543 0
      vertex -4.94827 6.02948 0
    endloop
  endfacet
  facet normal 0.427552 -0.903991 0
    outer loop
      vertex -3.67689 6.87899 0
      vertex -2.98493 7.20626 2.5
      vertex -3.67689 6.87899 2.5
    endloop
  endfacet
  facet normal 0.427552 -0.903991 0
    outer loop
      vertex -2.98493 7.20626 2.5
      vertex -3.67689 6.87899 0
      vertex -2.98493 7.20626 0
    endloop
  endfacet
  facet normal -0.903991 -0.427552 0
    outer loop
      vertex 7.20626 2.98493 0
      vertex 6.87899 3.67689 2.5
      vertex 6.87899 3.67689 0
    endloop
  endfacet
  facet normal -0.903991 -0.427552 0
    outer loop
      vertex 6.87899 3.67689 2.5
      vertex 7.20626 2.98493 0
      vertex 7.20626 2.98493 2.5
    endloop
  endfacet
  facet normal -0.336885 -0.941546 0
    outer loop
      vertex 2.26422 7.46413 0
      vertex 2.98493 7.20626 2.5
      vertex 2.26422 7.46413 2.5
    endloop
  endfacet
  facet normal -0.336885 -0.941546 -0
    outer loop
      vertex 2.98493 7.20626 2.5
      vertex 2.26422 7.46413 0
      vertex 2.98493 7.20626 0
    endloop
  endfacet
  facet normal -0.514106 -0.857727 0
    outer loop
      vertex 3.67689 6.87899 0
      vertex 4.33345 6.48546 2.5
      vertex 3.67689 6.87899 2.5
    endloop
  endfacet
  facet normal -0.514106 -0.857727 -0
    outer loop
      vertex 4.33345 6.48546 2.5
      vertex 3.67689 6.87899 0
      vertex 4.33345 6.48546 0
    endloop
  endfacet
  facet normal 0.857727 -0.514106 0
    outer loop
      vertex -6.87899 3.67689 2.5
      vertex -6.48546 4.33345 0
      vertex -6.48546 4.33345 2.5
    endloop
  endfacet
  facet normal 0.857727 -0.514106 0
    outer loop
      vertex -6.48546 4.33345 0
      vertex -6.87899 3.67689 2.5
      vertex -6.87899 3.67689 0
    endloop
  endfacet
  facet normal 0.803209 -0.595698 0
    outer loop
      vertex -6.48546 4.33345 2.5
      vertex -6.02948 4.94827 0
      vertex -6.02948 4.94827 2.5
    endloop
  endfacet
  facet normal 0.803209 -0.595698 0
    outer loop
      vertex -6.02948 4.94827 0
      vertex -6.48546 4.33345 2.5
      vertex -6.48546 4.33345 0
    endloop
  endfacet
  facet normal 0.595698 -0.803209 0
    outer loop
      vertex -4.94827 6.02948 0
      vertex -4.33345 6.48546 2.5
      vertex -4.94827 6.02948 2.5
    endloop
  endfacet
  facet normal 0.595698 -0.803209 0
    outer loop
      vertex -4.33345 6.48546 2.5
      vertex -4.94827 6.02948 0
      vertex -4.33345 6.48546 0
    endloop
  endfacet
  facet normal 0.242978 -0.970032 0
    outer loop
      vertex -2.26422 7.46413 0
      vertex -1.5217 7.65012 2.5
      vertex -2.26422 7.46413 2.5
    endloop
  endfacet
  facet normal 0.242978 -0.970032 0
    outer loop
      vertex -1.5217 7.65012 2.5
      vertex -2.26422 7.46413 0
      vertex -1.5217 7.65012 0
    endloop
  endfacet
  facet normal 0.0490689 0.998795 -0
    outer loop
      vertex 0 -7.8 0
      vertex -0.764533 -7.76244 2.5
      vertex 0 -7.8 2.5
    endloop
  endfacet
  facet normal 0.0490689 0.998795 0
    outer loop
      vertex -0.764533 -7.76244 2.5
      vertex 0 -7.8 0
      vertex -0.764533 -7.76244 0
    endloop
  endfacet
  facet normal -0.970032 -0.242978 0
    outer loop
      vertex 7.65012 1.5217 0
      vertex 7.46413 2.26422 2.5
      vertex 7.46413 2.26422 0
    endloop
  endfacet
  facet normal -0.970032 -0.242978 0
    outer loop
      vertex 7.46413 2.26422 2.5
      vertex 7.65012 1.5217 0
      vertex 7.65012 1.5217 2.5
    endloop
  endfacet
  facet normal -0.989176 -0.146737 0
    outer loop
      vertex 7.76244 0.764533 0
      vertex 7.65012 1.5217 2.5
      vertex 7.65012 1.5217 0
    endloop
  endfacet
  facet normal -0.989176 -0.146737 0
    outer loop
      vertex 7.65012 1.5217 2.5
      vertex 7.76244 0.764533 0
      vertex 7.76244 0.764533 2.5
    endloop
  endfacet
  facet normal -0.941546 -0.336885 0
    outer loop
      vertex 7.46413 2.26422 0
      vertex 7.20626 2.98493 2.5
      vertex 7.20626 2.98493 0
    endloop
  endfacet
  facet normal -0.941546 -0.336885 0
    outer loop
      vertex 7.20626 2.98493 2.5
      vertex 7.46413 2.26422 0
      vertex 7.46413 2.26422 2.5
    endloop
  endfacet
  facet normal -0.803209 -0.595698 0
    outer loop
      vertex 6.48546 4.33345 0
      vertex 6.02948 4.94827 2.5
      vertex 6.02948 4.94827 0
    endloop
  endfacet
  facet normal -0.803209 -0.595698 0
    outer loop
      vertex 6.02948 4.94827 2.5
      vertex 6.48546 4.33345 0
      vertex 6.48546 4.33345 2.5
    endloop
  endfacet
  facet normal -0.740947 -0.671563 0
    outer loop
      vertex 6.02948 4.94827 0
      vertex 5.51543 5.51543 2.5
      vertex 5.51543 5.51543 0
    endloop
  endfacet
  facet normal -0.740947 -0.671563 0
    outer loop
      vertex 5.51543 5.51543 2.5
      vertex 6.02948 4.94827 0
      vertex 6.02948 4.94827 2.5
    endloop
  endfacet
  facet normal -0.146737 -0.989176 0
    outer loop
      vertex 0.764533 7.76244 0
      vertex 1.5217 7.65012 2.5
      vertex 0.764533 7.76244 2.5
    endloop
  endfacet
  facet normal -0.146737 -0.989176 -0
    outer loop
      vertex 1.5217 7.65012 2.5
      vertex 0.764533 7.76244 0
      vertex 1.5217 7.65012 0
    endloop
  endfacet
  facet normal -0.0490689 -0.998795 0
    outer loop
      vertex 0 7.8 0
      vertex 0.764533 7.76244 2.5
      vertex 0 7.8 2.5
    endloop
  endfacet
  facet normal -0.0490689 -0.998795 -0
    outer loop
      vertex 0.764533 7.76244 2.5
      vertex 0 7.8 0
      vertex 0.764533 7.76244 0
    endloop
  endfacet
  facet normal -0.595698 -0.803209 0
    outer loop
      vertex 4.33345 6.48546 0
      vertex 4.94827 6.02948 2.5
      vertex 4.33345 6.48546 2.5
    endloop
  endfacet
  facet normal -0.595698 -0.803209 -0
    outer loop
      vertex 4.94827 6.02948 2.5
      vertex 4.33345 6.48546 0
      vertex 4.94827 6.02948 0
    endloop
  endfacet
  facet normal 0.970032 -0.242978 0
    outer loop
      vertex -7.65012 1.5217 2.5
      vertex -7.46413 2.26422 0
      vertex -7.46413 2.26422 2.5
    endloop
  endfacet
  facet normal 0.970032 -0.242978 0
    outer loop
      vertex -7.46413 2.26422 0
      vertex -7.65012 1.5217 2.5
      vertex -7.65012 1.5217 0
    endloop
  endfacet
  facet normal 0.903991 -0.427552 0
    outer loop
      vertex -7.20626 2.98493 2.5
      vertex -6.87899 3.67689 0
      vertex -6.87899 3.67689 2.5
    endloop
  endfacet
  facet normal 0.903991 -0.427552 0
    outer loop
      vertex -6.87899 3.67689 0
      vertex -7.20626 2.98493 2.5
      vertex -7.20626 2.98493 0
    endloop
  endfacet
  facet normal 0.989176 -0.146737 0
    outer loop
      vertex -7.76244 0.764533 2.5
      vertex -7.65012 1.5217 0
      vertex -7.65012 1.5217 2.5
    endloop
  endfacet
  facet normal 0.989176 -0.146737 0
    outer loop
      vertex -7.65012 1.5217 0
      vertex -7.76244 0.764533 2.5
      vertex -7.76244 0.764533 0
    endloop
  endfacet
  facet normal 0 0 -1
    outer loop
      vertex 7.76244 -0.764533 2.5
      vertex 7.76244 0.764533 2.5
      vertex 7.8 0 2.5
    endloop
  endfacet
  facet normal 0 0 -1
    outer loop
      vertex 7.65012 -1.5217 2.5
      vertex 7.76244 0.764533 2.5
      vertex 7.76244 -0.764533 2.5
    endloop
  endfacet
  facet normal 0 0 -1
    outer loop
      vertex 7.65012 -1.5217 2.5
      vertex 7.65012 1.5217 2.5
      vertex 7.76244 0.764533 2.5
    endloop
  endfacet
  facet normal 0 0 -1
    outer loop
      vertex 7.46413 -2.26422 2.5
      vertex 7.65012 1.5217 2.5
      vertex 7.65012 -1.5217 2.5
    endloop
  endfacet
  facet normal 0 0 -1
    outer loop
      vertex 7.46413 -2.26422 2.5
      vertex 7.46413 2.26422 2.5
      vertex 7.65012 1.5217 2.5
    endloop
  endfacet
  facet normal 0 0 -1
    outer loop
      vertex 7.20626 -2.98493 2.5
      vertex 7.46413 2.26422 2.5
      vertex 7.46413 -2.26422 2.5
    endloop
  endfacet
  facet normal 0 0 -1
    outer loop
      vertex 7.20626 -2.98493 2.5
      vertex 7.20626 2.98493 2.5
      vertex 7.46413 2.26422 2.5
    endloop
  endfacet
  facet normal 0 0 -1
    outer loop
      vertex 6.87899 -3.67689 2.5
      vertex 7.20626 2.98493 2.5
      vertex 7.20626 -2.98493 2.5
    endloop
  endfacet
  facet normal 0 0 -1
    outer loop
      vertex 6.87899 -3.67689 2.5
      vertex 6.87899 3.67689 2.5
      vertex 7.20626 2.98493 2.5
    endloop
  endfacet
  facet normal 0 0 -1
    outer loop
      vertex 6.48546 -4.33345 2.5
      vertex 6.87899 3.67689 2.5
      vertex 6.87899 -3.67689 2.5
    endloop
  endfacet
  facet normal 0 0 -1
    outer loop
      vertex 6.48546 -4.33345 2.5
      vertex 6.48546 4.33345 2.5
      vertex 6.87899 3.67689 2.5
    endloop
  endfacet
  facet normal 0 0 -1
    outer loop
      vertex 6.02948 -4.94827 2.5
      vertex 6.48546 4.33345 2.5
      vertex 6.48546 -4.33345 2.5
    endloop
  endfacet
  facet normal 0 0 -1
    outer loop
      vertex 6.02948 -4.94827 2.5
      vertex 6.02948 4.94827 2.5
      vertex 6.48546 4.33345 2.5
    endloop
  endfacet
  facet normal 0 0 -1
    outer loop
      vertex 5.51543 -5.51543 2.5
      vertex 6.02948 4.94827 2.5
      vertex 6.02948 -4.94827 2.5
    endloop
  endfacet
  facet normal 0 0 -1
    outer loop
      vertex 5.51543 -5.51543 2.5
      vertex 5.51543 5.51543 2.5
      vertex 6.02948 4.94827 2.5
    endloop
  endfacet
  facet normal 0 0 -1
    outer loop
      vertex 4.94827 -6.02948 2.5
      vertex 5.51543 5.51543 2.5
      vertex 5.51543 -5.51543 2.5
    endloop
  endfacet
  facet normal 0 0 -1
    outer loop
      vertex 4.94827 -6.02948 2.5
      vertex 4.94827 6.02948 2.5
      vertex 5.51543 5.51543 2.5
    endloop
  endfacet
  facet normal 0 0 -1
    outer loop
      vertex 4.33345 -6.48546 2.5
      vertex 4.94827 6.02948 2.5
      vertex 4.94827 -6.02948 2.5
    endloop
  endfacet
  facet normal 0 0 -1
    outer loop
      vertex 4.33345 -6.48546 2.5
      vertex 4.33345 6.48546 2.5
      vertex 4.94827 6.02948 2.5
    endloop
  endfacet
  facet normal 0 0 -1
    outer loop
      vertex 3.67689 -6.87899 2.5
      vertex 4.33345 6.48546 2.5
      vertex 4.33345 -6.48546 2.5
    endloop
  endfacet
  facet normal 0 0 -1
    outer loop
      vertex 3.67689 -6.87899 2.5
      vertex 3.67689 6.87899 2.5
      vertex 4.33345 6.48546 2.5
    endloop
  endfacet
  facet normal 0 0 -1
    outer loop
      vertex 2.98493 -7.20626 2.5
      vertex 3.67689 6.87899 2.5
      vertex 3.67689 -6.87899 2.5
    endloop
  endfacet
  facet normal 0 0 -1
    outer loop
      vertex 2.98493 -7.20626 2.5
      vertex 2.98493 7.20626 2.5
      vertex 3.67689 6.87899 2.5
    endloop
  endfacet
  facet normal 0 0 -1
    outer loop
      vertex 2.26422 -7.46413 2.5
      vertex 2.98493 7.20626 2.5
      vertex 2.98493 -7.20626 2.5
    endloop
  endfacet
  facet normal 0 0 -1
    outer loop
      vertex 2.26422 -7.46413 2.5
      vertex 2.26422 7.46413 2.5
      vertex 2.98493 7.20626 2.5
    endloop
  endfacet
  facet normal 0 0 -1
    outer loop
      vertex 1.5217 -7.65012 2.5
      vertex 2.26422 7.46413 2.5
      vertex 2.26422 -7.46413 2.5
    endloop
  endfacet
  facet normal 0 0 -1
    outer loop
      vertex 1.5217 -7.65012 2.5
      vertex 1.5217 7.65012 2.5
      vertex 2.26422 7.46413 2.5
    endloop
  endfacet
  facet normal 0 0 -1
    outer loop
      vertex 0.764533 -7.76244 2.5
      vertex 1.5217 7.65012 2.5
      vertex 1.5217 -7.65012 2.5
    endloop
  endfacet
  facet normal 0 0 -1
    outer loop
      vertex 0.764533 -7.76244 2.5
      vertex 0.764533 7.76244 2.5
      vertex 1.5217 7.65012 2.5
    endloop
  endfacet
  facet normal 0 0 -1
    outer loop
      vertex 0 -7.8 2.5
      vertex 0.764533 7.76244 2.5
      vertex 0.764533 -7.76244 2.5
    endloop
  endfacet
  facet normal 0 0 -1
    outer loop
      vertex 0 -7.8 2.5
      vertex 0 7.8 2.5
      vertex 0.764533 7.76244 2.5
    endloop
  endfacet
  facet normal 0 0 -1
    outer loop
      vertex -0.764533 -7.76244 2.5
      vertex 0 7.8 2.5
      vertex 0 -7.8 2.5
    endloop
  endfacet
  facet normal 0 0 -1
    outer loop
      vertex -0.764533 -7.76244 2.5
      vertex -0.764533 7.76244 2.5
      vertex 0 7.8 2.5
    endloop
  endfacet
  facet normal 0 0 -1
    outer loop
      vertex -1.5217 -7.65012 2.5
      vertex -0.764533 7.76244 2.5
      vertex -0.764533 -7.76244 2.5
    endloop
  endfacet
  facet normal 0 0 -1
    outer loop
      vertex -1.5217 -7.65012 2.5
      vertex -1.5217 7.65012 2.5
      vertex -0.764533 7.76244 2.5
    endloop
  endfacet
  facet normal 0 0 -1
    outer loop
      vertex -2.26422 -7.46413 2.5
      vertex -1.5217 7.65012 2.5
      vertex -1.5217 -7.65012 2.5
    endloop
  endfacet
  facet normal 0 0 -1
    outer loop
      vertex -2.26422 -7.46413 2.5
      vertex -2.26422 7.46413 2.5
      vertex -1.5217 7.65012 2.5
    endloop
  endfacet
  facet normal 0 0 -1
    outer loop
      vertex -2.98493 -7.20626 2.5
      vertex -2.26422 7.46413 2.5
      vertex -2.26422 -7.46413 2.5
    endloop
  endfacet
  facet normal 0 0 -1
    outer loop
      vertex -2.98493 -7.20626 2.5
      vertex -2.98493 7.20626 2.5
      vertex -2.26422 7.46413 2.5
    endloop
  endfacet
  facet normal 0 0 -1
    outer loop
      vertex -3.67689 -6.87899 2.5
      vertex -2.98493 7.20626 2.5
      vertex -2.98493 -7.20626 2.5
    endloop
  endfacet
  facet normal 0 0 -1
    outer loop
      vertex -3.67689 -6.87899 2.5
      vertex -3.67689 6.87899 2.5
      vertex -2.98493 7.20626 2.5
    endloop
  endfacet
  facet normal 0 0 -1
    outer loop
      vertex -4.33345 -6.48546 2.5
      vertex -3.67689 6.87899 2.5
      vertex -3.67689 -6.87899 2.5
    endloop
  endfacet
  facet normal 0 0 -1
    outer loop
      vertex -4.33345 -6.48546 2.5
      vertex -4.33345 6.48546 2.5
      vertex -3.67689 6.87899 2.5
    endloop
  endfacet
  facet normal 0 0 -1
    outer loop
      vertex -4.94827 -6.02948 2.5
      vertex -4.33345 6.48546 2.5
      vertex -4.33345 -6.48546 2.5
    endloop
  endfacet
  facet normal 0 0 -1
    outer loop
      vertex -4.94827 -6.02948 2.5
      vertex -4.94827 6.02948 2.5
      vertex -4.33345 6.48546 2.5
    endloop
  endfacet
  facet normal 0 0 -1
    outer loop
      vertex -5.51543 -5.51543 2.5
      vertex -4.94827 6.02948 2.5
      vertex -4.94827 -6.02948 2.5
    endloop
  endfacet
  facet normal 0 0 -1
    outer loop
      vertex -5.51543 -5.51543 2.5
      vertex -5.51543 5.51543 2.5
      vertex -4.94827 6.02948 2.5
    endloop
  endfacet
  facet normal 0 0 -1
    outer loop
      vertex -6.02948 -4.94827 2.5
      vertex -5.51543 5.51543 2.5
      vertex -5.51543 -5.51543 2.5
    endloop
  endfacet
  facet normal 0 0 -1
    outer loop
      vertex -6.02948 -4.94827 2.5
      vertex -6.02948 4.94827 2.5
      vertex -5.51543 5.51543 2.5
    endloop
  endfacet
  facet normal 0 0 -1
    outer loop
      vertex -6.48546 -4.33345 2.5
      vertex -6.02948 4.94827 2.5
      vertex -6.02948 -4.94827 2.5
    endloop
  endfacet
  facet normal 0 0 -1
    outer loop
      vertex -6.48546 -4.33345 2.5
      vertex -6.48546 4.33345 2.5
      vertex -6.02948 4.94827 2.5
    endloop
  endfacet
  facet normal 0 0 -1
    outer loop
      vertex -6.87899 -3.67689 2.5
      vertex -6.48546 4.33345 2.5
      vertex -6.48546 -4.33345 2.5
    endloop
  endfacet
  facet normal 0 0 -1
    outer loop
      vertex -6.87899 -3.67689 2.5
      vertex -6.87899 3.67689 2.5
      vertex -6.48546 4.33345 2.5
    endloop
  endfacet
  facet normal 0 0 -1
    outer loop
      vertex -7.20626 -2.98493 2.5
      vertex -6.87899 3.67689 2.5
      vertex -6.87899 -3.67689 2.5
    endloop
  endfacet
  facet normal 0 0 -1
    outer loop
      vertex -7.20626 -2.98493 2.5
      vertex -7.20626 2.98493 2.5
      vertex -6.87899 3.67689 2.5
    endloop
  endfacet
  facet normal 0 0 -1
    outer loop
      vertex -7.46413 -2.26422 2.5
      vertex -7.20626 2.98493 2.5
      vertex -7.20626 -2.98493 2.5
    endloop
  endfacet
  facet normal 0 0 -1
    outer loop
      vertex -7.46413 -2.26422 2.5
      vertex -7.46413 2.26422 2.5
      vertex -7.20626 2.98493 2.5
    endloop
  endfacet
  facet normal 0 0 -1
    outer loop
      vertex -7.65012 -1.5217 2.5
      vertex -7.46413 2.26422 2.5
      vertex -7.46413 -2.26422 2.5
    endloop
  endfacet
  facet normal 0 0 -1
    outer loop
      vertex -7.65012 -1.5217 2.5
      vertex -7.65012 1.5217 2.5
      vertex -7.46413 2.26422 2.5
    endloop
  endfacet
  facet normal 0 0 -1
    outer loop
      vertex -7.76244 -0.764533 2.5
      vertex -7.65012 1.5217 2.5
      vertex -7.65012 -1.5217 2.5
    endloop
  endfacet
  facet normal 0 0 -1
    outer loop
      vertex -7.76244 -0.764533 2.5
      vertex -7.76244 0.764533 2.5
      vertex -7.65012 1.5217 2.5
    endloop
  endfacet
  facet normal 0 -0 -1
    outer loop
      vertex -7.76244 0.764533 2.5
      vertex -7.76244 -0.764533 2.5
      vertex -7.8 0 2.5
    endloop
  endfacet
  facet normal 0.146737 -0.989176 0
    outer loop
      vertex -1.5217 7.65012 0
      vertex -0.764533 7.76244 2.5
      vertex -1.5217 7.65012 2.5
    endloop
  endfacet
  facet normal 0.146737 -0.989176 0
    outer loop
      vertex -0.764533 7.76244 2.5
      vertex -1.5217 7.65012 0
      vertex -0.764533 7.76244 0
    endloop
  endfacet
  facet normal -0.998795 0.0490689 0
    outer loop
      vertex 7.76244 -0.764533 0
      vertex 7.8 0 2.5
      vertex 7.8 0 0
    endloop
  endfacet
  facet normal -0.998795 0.0490689 0
    outer loop
      vertex 7.8 0 2.5
      vertex 7.76244 -0.764533 0
      vertex 7.76244 -0.764533 2.5
    endloop
  endfacet
  facet normal -0.514106 0.857727 0
    outer loop
      vertex 4.33345 -6.48546 0
      vertex 3.67689 -6.87899 2.5
      vertex 4.33345 -6.48546 2.5
    endloop
  endfacet
  facet normal -0.514106 0.857727 0
    outer loop
      vertex 3.67689 -6.87899 2.5
      vertex 4.33345 -6.48546 0
      vertex 3.67689 -6.87899 0
    endloop
  endfacet
  facet normal -0.803209 0.595698 0
    outer loop
      vertex 6.02948 -4.94827 0
      vertex 6.48546 -4.33345 2.5
      vertex 6.48546 -4.33345 0
    endloop
  endfacet
  facet normal -0.803209 0.595698 0
    outer loop
      vertex 6.48546 -4.33345 2.5
      vertex 6.02948 -4.94827 0
      vertex 6.02948 -4.94827 2.5
    endloop
  endfacet
  facet normal -0.427552 0.903991 0
    outer loop
      vertex 3.67689 -6.87899 0
      vertex 2.98493 -7.20626 2.5
      vertex 3.67689 -6.87899 2.5
    endloop
  endfacet
  facet normal -0.427552 0.903991 0
    outer loop
      vertex 2.98493 -7.20626 2.5
      vertex 3.67689 -6.87899 0
      vertex 2.98493 -7.20626 0
    endloop
  endfacet
  facet normal -0.857727 -0.514106 0
    outer loop
      vertex 6.87899 3.67689 0
      vertex 6.48546 4.33345 2.5
      vertex 6.48546 4.33345 0
    endloop
  endfacet
  facet normal -0.857727 -0.514106 0
    outer loop
      vertex 6.48546 4.33345 2.5
      vertex 6.87899 3.67689 0
      vertex 6.87899 3.67689 2.5
    endloop
  endfacet
  facet normal -0.242978 -0.970032 0
    outer loop
      vertex 1.5217 7.65012 0
      vertex 2.26422 7.46413 2.5
      vertex 1.5217 7.65012 2.5
    endloop
  endfacet
  facet normal -0.242978 -0.970032 -0
    outer loop
      vertex 2.26422 7.46413 2.5
      vertex 1.5217 7.65012 0
      vertex 2.26422 7.46413 0
    endloop
  endfacet
  facet normal -0.427552 -0.903991 0
    outer loop
      vertex 2.98493 7.20626 0
      vertex 3.67689 6.87899 2.5
      vertex 2.98493 7.20626 2.5
    endloop
  endfacet
  facet normal -0.427552 -0.903991 -0
    outer loop
      vertex 3.67689 6.87899 2.5
      vertex 2.98493 7.20626 0
      vertex 3.67689 6.87899 0
    endloop
  endfacet
  facet normal 0.740947 -0.671563 0
    outer loop
      vertex -6.02948 4.94827 2.5
      vertex -5.51543 5.51543 0
      vertex -5.51543 5.51543 2.5
    endloop
  endfacet
  facet normal 0.740947 -0.671563 0
    outer loop
      vertex -5.51543 5.51543 0
      vertex -6.02948 4.94827 2.5
      vertex -6.02948 4.94827 0
    endloop
  endfacet
  facet normal 0.941546 -0.336885 0
    outer loop
      vertex -7.46413 2.26422 2.5
      vertex -7.20626 2.98493 0
      vertex -7.20626 2.98493 2.5
    endloop
  endfacet
  facet normal 0.941546 -0.336885 0
    outer loop
      vertex -7.20626 2.98493 0
      vertex -7.46413 2.26422 2.5
      vertex -7.46413 2.26422 0
    endloop
  endfacet
  facet normal 0.514106 -0.857727 0
    outer loop
      vertex -4.33345 6.48546 0
      vertex -3.67689 6.87899 2.5
      vertex -4.33345 6.48546 2.5
    endloop
  endfacet
  facet normal 0.514106 -0.857727 0
    outer loop
      vertex -3.67689 6.87899 2.5
      vertex -4.33345 6.48546 0
      vertex -3.67689 6.87899 0
    endloop
  endfacet
  facet normal 0.336885 -0.941546 0
    outer loop
      vertex -2.98493 7.20626 0
      vertex -2.26422 7.46413 2.5
      vertex -2.98493 7.20626 2.5
    endloop
  endfacet
  facet normal 0.336885 -0.941546 0
    outer loop
      vertex -2.26422 7.46413 2.5
      vertex -2.98493 7.20626 0
      vertex -2.26422 7.46413 0
    endloop
  endfacet
  facet normal -0.970032 0.242978 0
    outer loop
      vertex 7.46413 -2.26422 0
      vertex 7.65012 -1.5217 2.5
      vertex 7.65012 -1.5217 0
    endloop
  endfacet
  facet normal -0.970032 0.242978 0
    outer loop
      vertex 7.65012 -1.5217 2.5
      vertex 7.46413 -2.26422 0
      vertex 7.46413 -2.26422 2.5
    endloop
  endfacet
  facet normal -0.989176 0.146737 0
    outer loop
      vertex 7.65012 -1.5217 0
      vertex 7.76244 -0.764533 2.5
      vertex 7.76244 -0.764533 0
    endloop
  endfacet
  facet normal -0.989176 0.146737 0
    outer loop
      vertex 7.76244 -0.764533 2.5
      vertex 7.65012 -1.5217 0
      vertex 7.65012 -1.5217 2.5
    endloop
  endfacet
  facet normal -0.941546 0.336885 0
    outer loop
      vertex 7.20626 -2.98493 0
      vertex 7.46413 -2.26422 2.5
      vertex 7.46413 -2.26422 0
    endloop
  endfacet
  facet normal -0.941546 0.336885 0
    outer loop
      vertex 7.46413 -2.26422 2.5
      vertex 7.20626 -2.98493 0
      vertex 7.20626 -2.98493 2.5
    endloop
  endfacet
  facet normal -0.903991 0.427552 0
    outer loop
      vertex 6.87899 -3.67689 0
      vertex 7.20626 -2.98493 2.5
      vertex 7.20626 -2.98493 0
    endloop
  endfacet
  facet normal -0.903991 0.427552 0
    outer loop
      vertex 7.20626 -2.98493 2.5
      vertex 6.87899 -3.67689 0
      vertex 6.87899 -3.67689 2.5
    endloop
  endfacet
  facet normal 0.803209 0.595698 0
    outer loop
      vertex -6.02948 -4.94827 2.5
      vertex -6.48546 -4.33345 0
      vertex -6.48546 -4.33345 2.5
    endloop
  endfacet
  facet normal 0.803209 0.595698 0
    outer loop
      vertex -6.48546 -4.33345 0
      vertex -6.02948 -4.94827 2.5
      vertex -6.02948 -4.94827 0
    endloop
  endfacet
  facet normal 0.903991 0.427552 0
    outer loop
      vertex -6.87899 -3.67689 2.5
      vertex -7.20626 -2.98493 0
      vertex -7.20626 -2.98493 2.5
    endloop
  endfacet
  facet normal 0.903991 0.427552 0
    outer loop
      vertex -7.20626 -2.98493 0
      vertex -6.87899 -3.67689 2.5
      vertex -6.87899 -3.67689 0
    endloop
  endfacet
  facet normal 0.857727 0.514106 0
    outer loop
      vertex -6.48546 -4.33345 2.5
      vertex -6.87899 -3.67689 0
      vertex -6.87899 -3.67689 2.5
    endloop
  endfacet
  facet normal 0.857727 0.514106 0
    outer loop
      vertex -6.87899 -3.67689 0
      vertex -6.48546 -4.33345 2.5
      vertex -6.48546 -4.33345 0
    endloop
  endfacet
  facet normal 0.970032 0.242978 0
    outer loop
      vertex -7.46413 -2.26422 2.5
      vertex -7.65012 -1.5217 0
      vertex -7.65012 -1.5217 2.5
    endloop
  endfacet
  facet normal 0.970032 0.242978 0
    outer loop
      vertex -7.65012 -1.5217 0
      vertex -7.46413 -2.26422 2.5
      vertex -7.46413 -2.26422 0
    endloop
  endfacet
  facet normal 0.998795 0.0490689 0
    outer loop
      vertex -7.76244 -0.764533 2.5
      vertex -7.8 0 0
      vertex -7.8 0 2.5
    endloop
  endfacet
  facet normal 0.998795 0.0490689 0
    outer loop
      vertex -7.8 0 0
      vertex -7.76244 -0.764533 2.5
      vertex -7.76244 -0.764533 0
    endloop
  endfacet
  facet normal 0.989176 0.146737 0
    outer loop
      vertex -7.65012 -1.5217 2.5
      vertex -7.76244 -0.764533 0
      vertex -7.76244 -0.764533 2.5
    endloop
  endfacet
  facet normal 0.989176 0.146737 0
    outer loop
      vertex -7.76244 -0.764533 0
      vertex -7.65012 -1.5217 2.5
      vertex -7.65012 -1.5217 0
    endloop
  endfacet
  facet normal -0.146737 0.989176 0
    outer loop
      vertex 1.5217 -7.65012 0
      vertex 0.764533 -7.76244 2.5
      vertex 1.5217 -7.65012 2.5
    endloop
  endfacet
  facet normal -0.146737 0.989176 0
    outer loop
      vertex 0.764533 -7.76244 2.5
      vertex 1.5217 -7.65012 0
      vertex 0.764533 -7.76244 0
    endloop
  endfacet
  facet normal -0.336885 0.941546 0
    outer loop
      vertex 2.98493 -7.20626 0
      vertex 2.26422 -7.46413 2.5
      vertex 2.98493 -7.20626 2.5
    endloop
  endfacet
  facet normal -0.336885 0.941546 0
    outer loop
      vertex 2.26422 -7.46413 2.5
      vertex 2.98493 -7.20626 0
      vertex 2.26422 -7.46413 0
    endloop
  endfacet
  facet normal -0.671563 0.740947 0
    outer loop
      vertex 5.51543 -5.51543 0
      vertex 4.94827 -6.02948 2.5
      vertex 5.51543 -5.51543 2.5
    endloop
  endfacet
  facet normal -0.671563 0.740947 0
    outer loop
      vertex 4.94827 -6.02948 2.5
      vertex 5.51543 -5.51543 0
      vertex 4.94827 -6.02948 0
    endloop
  endfacet
  facet normal -0.595698 0.803209 0
    outer loop
      vertex 4.94827 -6.02948 0
      vertex 4.33345 -6.48546 2.5
      vertex 4.94827 -6.02948 2.5
    endloop
  endfacet
  facet normal -0.595698 0.803209 0
    outer loop
      vertex 4.33345 -6.48546 2.5
      vertex 4.94827 -6.02948 0
      vertex 4.33345 -6.48546 0
    endloop
  endfacet
  facet normal -0.857727 0.514106 0
    outer loop
      vertex 6.48546 -4.33345 0
      vertex 6.87899 -3.67689 2.5
      vertex 6.87899 -3.67689 0
    endloop
  endfacet
  facet normal -0.857727 0.514106 0
    outer loop
      vertex 6.87899 -3.67689 2.5
      vertex 6.48546 -4.33345 0
      vertex 6.48546 -4.33345 2.5
    endloop
  endfacet
  facet normal -0.0490689 0.998795 0
    outer loop
      vertex 0.764533 -7.76244 0
      vertex 0 -7.8 2.5
      vertex 0.764533 -7.76244 2.5
    endloop
  endfacet
  facet normal -0.0490689 0.998795 0
    outer loop
      vertex 0 -7.8 2.5
      vertex 0.764533 -7.76244 0
      vertex 0 -7.8 0
    endloop
  endfacet
  facet normal 0.146737 0.989176 -0
    outer loop
      vertex -0.764533 -7.76244 0
      vertex -1.5217 -7.65012 2.5
      vertex -0.764533 -7.76244 2.5
    endloop
  endfacet
  facet normal 0.146737 0.989176 0
    outer loop
      vertex -1.5217 -7.65012 2.5
      vertex -0.764533 -7.76244 0
      vertex -1.5217 -7.65012 0
    endloop
  endfacet
  facet normal 0.740947 0.671563 0
    outer loop
      vertex -5.51543 -5.51543 2.5
      vertex -6.02948 -4.94827 0
      vertex -6.02948 -4.94827 2.5
    endloop
  endfacet
  facet normal 0.740947 0.671563 0
    outer loop
      vertex -6.02948 -4.94827 0
      vertex -5.51543 -5.51543 2.5
      vertex -5.51543 -5.51543 0
    endloop
  endfacet
  facet normal 0.941546 0.336885 0
    outer loop
      vertex -7.20626 -2.98493 2.5
      vertex -7.46413 -2.26422 0
      vertex -7.46413 -2.26422 2.5
    endloop
  endfacet
  facet normal 0.941546 0.336885 0
    outer loop
      vertex -7.46413 -2.26422 0
      vertex -7.20626 -2.98493 2.5
      vertex -7.20626 -2.98493 0
    endloop
  endfacet
  facet normal -0.242978 0.970032 0
    outer loop
      vertex 2.26422 -7.46413 0
      vertex 1.5217 -7.65012 2.5
      vertex 2.26422 -7.46413 2.5
    endloop
  endfacet
  facet normal -0.242978 0.970032 0
    outer loop
      vertex 1.5217 -7.65012 2.5
      vertex 2.26422 -7.46413 0
      vertex 1.5217 -7.65012 0
    endloop
  endfacet
  facet normal -0.740947 0.671563 0
    outer loop
      vertex 5.51543 -5.51543 0
      vertex 6.02948 -4.94827 2.5
      vertex 6.02948 -4.94827 0
    endloop
  endfacet
  facet normal -0.740947 0.671563 0
    outer loop
      vertex 6.02948 -4.94827 2.5
      vertex 5.51543 -5.51543 0
      vertex 5.51543 -5.51543 2.5
    endloop
  endfacet
  facet normal 0.242978 0.970032 -0
    outer loop
      vertex -1.5217 -7.65012 0
      vertex -2.26422 -7.46413 2.5
      vertex -1.5217 -7.65012 2.5
    endloop
  endfacet
  facet normal 0.242978 0.970032 0
    outer loop
      vertex -2.26422 -7.46413 2.5
      vertex -1.5217 -7.65012 0
      vertex -2.26422 -7.46413 0
    endloop
  endfacet
  facet normal 0.671563 0.740947 -0
    outer loop
      vertex -4.94827 -6.02948 0
      vertex -5.51543 -5.51543 2.5
      vertex -4.94827 -6.02948 2.5
    endloop
  endfacet
  facet normal 0.671563 0.740947 0
    outer loop
      vertex -5.51543 -5.51543 2.5
      vertex -4.94827 -6.02948 0
      vertex -5.51543 -5.51543 0
    endloop
  endfacet
  facet normal 0.427552 0.903991 -0
    outer loop
      vertex -2.98493 -7.20626 0
      vertex -3.67689 -6.87899 2.5
      vertex -2.98493 -7.20626 2.5
    endloop
  endfacet
  facet normal 0.427552 0.903991 0
    outer loop
      vertex -3.67689 -6.87899 2.5
      vertex -2.98493 -7.20626 0
      vertex -3.67689 -6.87899 0
    endloop
  endfacet
  facet normal 0.514106 0.857727 -0
    outer loop
      vertex -3.67689 -6.87899 0
      vertex -4.33345 -6.48546 2.5
      vertex -3.67689 -6.87899 2.5
    endloop
  endfacet
  facet normal 0.514106 0.857727 0
    outer loop
      vertex -4.33345 -6.48546 2.5
      vertex -3.67689 -6.87899 0
      vertex -4.33345 -6.48546 0
    endloop
  endfacet
  facet normal 0.336885 0.941546 -0
    outer loop
      vertex -2.26422 -7.46413 0
      vertex -2.98493 -7.20626 2.5
      vertex -2.26422 -7.46413 2.5
    endloop
  endfacet
  facet normal 0.336885 0.941546 0
    outer loop
      vertex -2.98493 -7.20626 2.5
      vertex -2.26422 -7.46413 0
      vertex -2.98493 -7.20626 0
    endloop
  endfacet
  facet normal 0.595698 0.803209 -0
    outer loop
      vertex -4.33345 -6.48546 0
      vertex -4.94827 -6.02948 2.5
      vertex -4.33345 -6.48546 2.5
    endloop
  endfacet
  facet normal 0.595698 0.803209 0
    outer loop
      vertex -4.94827 -6.02948 2.5
      vertex -4.33345 -6.48546 0
      vertex -4.94827 -6.02948 0
    endloop
  endfacet
  facet normal 0 0 -1
    outer loop
      vertex 11.9199 -4.45404 0.69
      vertex 13.0611 -4.74904 0.69
      vertex 12.7309 -5.16066 0.69
    endloop
  endfacet
  facet normal 0 0 -1
    outer loop
      vertex 11.9199 -4.45404 0.69
      vertex 12.7309 -5.16066 0.69
      vertex 12.3306 -5.47778 0.69
    endloop
  endfacet
  facet normal 0 0 -1
    outer loop
      vertex 13.0611 -4.74904 0.69
      vertex 11.9199 -4.45404 0.69
      vertex 12.2756 -3.84824 0.69
    endloop
  endfacet
  facet normal 0 0 -1
    outer loop
      vertex 13.0611 -4.74904 0.69
      vertex 12.2756 -3.84824 0.69
      vertex 13.3213 -4.24292 0.69
    endloop
  endfacet
  facet normal 0 0 -1
    outer loop
      vertex 11.4167 -4.81752 0.69
      vertex 12.3306 -5.47778 0.69
      vertex 11.8665 -5.70268 0.69
    endloop
  endfacet
  facet normal 0 0 -1
    outer loop
      vertex 12.3306 -5.47778 0.69
      vertex 11.4167 -4.81752 0.69
      vertex 11.9199 -4.45404 0.69
    endloop
  endfacet
  facet normal 0 0 -1
    outer loop
      vertex 11.345 -5.83762 0.69
      vertex 11.4167 -4.81752 0.69
      vertex 11.8665 -5.70268 0.69
    endloop
  endfacet
  facet normal 0 0 -1
    outer loop
      vertex 10.7661 -4.93867 0.69
      vertex 11.345 -5.83762 0.69
      vertex 10.7661 -5.8826 0.69
    endloop
  endfacet
  facet normal 0 0 -1
    outer loop
      vertex 11.345 -5.83762 0.69
      vertex 10.7661 -4.93867 0.69
      vertex 11.4167 -4.81752 0.69
    endloop
  endfacet
  facet normal 0 0 -1
    outer loop
      vertex 10.7661 -5.8826 0.69
      vertex 10.2637 -4.88081 0.69
      vertex 10.7661 -4.93867 0.69
    endloop
  endfacet
  facet normal 0 0 -1
    outer loop
      vertex 9.91376 -5.79558 0.69
      vertex 10.2637 -4.88081 0.69
      vertex 10.7661 -5.8826 0.69
    endloop
  endfacet
  facet normal 0 0 -1
    outer loop
      vertex 9.91376 -5.79558 0.69
      vertex 9.84665 -4.70721 0.69
      vertex 10.2637 -4.88081 0.69
    endloop
  endfacet
  facet normal 0 0 -1
    outer loop
      vertex 9.20105 -5.5345 0.69
      vertex 9.84665 -4.70721 0.69
      vertex 9.91376 -5.79558 0.69
    endloop
  endfacet
  facet normal -0 0 -1
    outer loop
      vertex 9.84665 -4.70721 0.69
      vertex 9.20105 -5.5345 0.69
      vertex 9.51504 -4.41788 0.69
    endloop
  endfacet
  facet normal 0 0 -1
    outer loop
      vertex 8.628 -5.09937 0.69
      vertex 9.51504 -4.41788 0.69
      vertex 9.20105 -5.5345 0.69
    endloop
  endfacet
  facet normal -0 0 -1
    outer loop
      vertex 9.51504 -4.41788 0.69
      vertex 8.628 -5.09937 0.69
      vertex 9.27431 -4.01869 0.69
    endloop
  endfacet
  facet normal 0 0 -1
    outer loop
      vertex 8.20871 -4.50781 0.69
      vertex 9.27431 -4.01869 0.69
      vertex 8.628 -5.09937 0.69
    endloop
  endfacet
  facet normal 0 0 -1
    outer loop
      vertex 7.95712 -3.77747 0.69
      vertex 9.27431 -4.01869 0.69
      vertex 8.20871 -4.50781 0.69
    endloop
  endfacet
  facet normal 0 0 -1
    outer loop
      vertex 12.1902 -1.86676 0.69
      vertex 13.0351 -1.09666 0.69
      vertex 13.2481 -1.57791 0.69
    endloop
  endfacet
  facet normal -0 0 -1
    outer loop
      vertex 13.0351 -1.09666 0.69
      vertex 12.072 -1.59891 0.69
      vertex 12.7381 -0.699966 0.69
    endloop
  endfacet
  facet normal 0 0 -1
    outer loop
      vertex 13.0351 -1.09666 0.69
      vertex 12.1902 -1.86676 0.69
      vertex 12.072 -1.59891 0.69
    endloop
  endfacet
  facet normal 0 0 -1
    outer loop
      vertex 11.8964 -1.37039 0.69
      vertex 12.7381 -0.699966 0.69
      vertex 12.072 -1.59891 0.69
    endloop
  endfacet
  facet normal -0 0 -1
    outer loop
      vertex 12.7381 -0.699966 0.69
      vertex 11.8964 -1.37039 0.69
      vertex 12.357 -0.387817 0.69
    endloop
  endfacet
  facet normal 0 0 -1
    outer loop
      vertex 11.6633 -1.1812 0.69
      vertex 12.357 -0.387817 0.69
      vertex 11.8964 -1.37039 0.69
    endloop
  endfacet
  facet normal -0 0 -1
    outer loop
      vertex 12.357 -0.387817 0.69
      vertex 11.6633 -1.1812 0.69
      vertex 11.8923 -0.162888 0.69
    endloop
  endfacet
  facet normal 0 0 -1
    outer loop
      vertex 11.386 -1.03993 0.69
      vertex 11.8923 -0.162888 0.69
      vertex 11.6633 -1.1812 0.69
    endloop
  endfacet
  facet normal 0 0 -1
    outer loop
      vertex 11.386 -1.03993 0.69
      vertex 11.3443 -0.0279236 0.69
      vertex 11.8923 -0.162888 0.69
    endloop
  endfacet
  facet normal 0 0 -1
    outer loop
      vertex 11.0774 -0.95517 0.69
      vertex 11.3443 -0.0279236 0.69
      vertex 11.386 -1.03993 0.69
    endloop
  endfacet
  facet normal 0 0 -1
    outer loop
      vertex 10.7132 0.0170593 0.69
      vertex 11.0774 -0.95517 0.69
      vertex 10.7376 -0.92691 0.69
    endloop
  endfacet
  facet normal 0 0 -1
    outer loop
      vertex 11.0774 -0.95517 0.69
      vertex 10.7132 0.0170593 0.69
      vertex 11.3443 -0.0279236 0.69
    endloop
  endfacet
  facet normal 0 0 -1
    outer loop
      vertex 10.2388 -0.982971 0.69
      vertex 10.7132 0.0170593 0.69
      vertex 10.7376 -0.92691 0.69
    endloop
  endfacet
  facet normal 0 0 -1
    outer loop
      vertex 10.2388 -0.982971 0.69
      vertex 9.86378 -0.0670319 0.69
      vertex 10.7132 0.0170593 0.69
    endloop
  endfacet
  facet normal 0 0 -1
    outer loop
      vertex 9.82718 -1.15115 0.69
      vertex 9.86378 -0.0670319 0.69
      vertex 10.2388 -0.982971 0.69
    endloop
  endfacet
  facet normal 0 0 -1
    outer loop
      vertex 9.15988 -0.31929 0.69
      vertex 9.82718 -1.15115 0.69
      vertex 9.50281 -1.43146 0.69
    endloop
  endfacet
  facet normal 0 0 -1
    outer loop
      vertex 8.60155 -0.739716 0.69
      vertex 9.50281 -1.43146 0.69
      vertex 9.26887 -1.81978 0.69
    endloop
  endfacet
  facet normal 0 0 -1
    outer loop
      vertex 9.82718 -1.15115 0.69
      vertex 9.15988 -0.31929 0.69
      vertex 9.86378 -0.0670319 0.69
    endloop
  endfacet
  facet normal 0 0 -1
    outer loop
      vertex 7.95418 -2.0399 0.69
      vertex 9.26887 -1.81978 0.69
      vertex 9.12851 -2.31207 0.69
    endloop
  endfacet
  facet normal 0 0 -1
    outer loop
      vertex 7.87326 -2.90836 0.69
      vertex 9.12851 -2.31207 0.69
      vertex 9.08172 -2.90836 0.69
    endloop
  endfacet
  facet normal 0 0 -1
    outer loop
      vertex 9.27431 -4.01869 0.69
      vertex 7.95712 -3.77747 0.69
      vertex 9.12987 -3.5155 0.69
    endloop
  endfacet
  facet normal -0 0 -1
    outer loop
      vertex 9.12851 -2.31207 0.69
      vertex 7.87326 -2.90836 0.69
      vertex 7.95418 -2.0399 0.69
    endloop
  endfacet
  facet normal 0 0 -1
    outer loop
      vertex 7.87326 -2.90836 0.69
      vertex 9.12987 -3.5155 0.69
      vertex 7.95712 -3.77747 0.69
    endloop
  endfacet
  facet normal -0 0 -1
    outer loop
      vertex 9.26887 -1.81978 0.69
      vertex 7.95418 -2.0399 0.69
      vertex 8.19694 -1.31703 0.69
    endloop
  endfacet
  facet normal 0 0 -1
    outer loop
      vertex 9.12987 -3.5155 0.69
      vertex 7.87326 -2.90836 0.69
      vertex 9.08172 -2.90836 0.69
    endloop
  endfacet
  facet normal 0 0 -1
    outer loop
      vertex 9.26887 -1.81978 0.69
      vertex 8.19694 -1.31703 0.69
      vertex 8.60155 -0.739716 0.69
    endloop
  endfacet
  facet normal 0 0 -1
    outer loop
      vertex 9.50281 -1.43146 0.69
      vertex 8.60155 -0.739716 0.69
      vertex 9.15988 -0.31929 0.69
    endloop
  endfacet
  facet normal -0.250503 0.968116 0
    outer loop
      vertex 11.8665 -5.70268 0
      vertex 11.345 -5.83762 0.69
      vertex 11.8665 -5.70268 0.69
    endloop
  endfacet
  facet normal -0.250503 0.968116 0
    outer loop
      vertex 11.345 -5.83762 0.69
      vertex 11.8665 -5.70268 0
      vertex 11.345 -5.83762 0
    endloop
  endfacet
  facet normal -0.436088 0.899904 0
    outer loop
      vertex 12.3306 -5.47778 0
      vertex 11.8665 -5.70268 0.69
      vertex 12.3306 -5.47778 0.69
    endloop
  endfacet
  facet normal -0.436088 0.899904 0
    outer loop
      vertex 11.8665 -5.70268 0.69
      vertex 12.3306 -5.47778 0
      vertex 11.8665 -5.70268 0
    endloop
  endfacet
  facet normal -0.620963 0.78384 0
    outer loop
      vertex 12.7309 -5.16066 0
      vertex 12.3306 -5.47778 0.69
      vertex 12.7309 -5.16066 0.69
    endloop
  endfacet
  facet normal -0.620963 0.78384 0
    outer loop
      vertex 12.3306 -5.47778 0.69
      vertex 12.7309 -5.16066 0
      vertex 12.3306 -5.47778 0
    endloop
  endfacet
  facet normal -0.780032 0.625739 0
    outer loop
      vertex 12.7309 -5.16066 0
      vertex 13.0611 -4.74904 0.69
      vertex 13.0611 -4.74904 0
    endloop
  endfacet
  facet normal -0.780032 0.625739 0
    outer loop
      vertex 13.0611 -4.74904 0.69
      vertex 12.7309 -5.16066 0
      vertex 12.7309 -5.16066 0.69
    endloop
  endfacet
  facet normal -0.889352 0.457223 0
    outer loop
      vertex 13.0611 -4.74904 0
      vertex 13.3213 -4.24292 0.69
      vertex 13.3213 -4.24292 0
    endloop
  endfacet
  facet normal -0.889352 0.457223 0
    outer loop
      vertex 13.3213 -4.24292 0.69
      vertex 13.0611 -4.74904 0
      vertex 13.0611 -4.74904 0.69
    endloop
  endfacet
  facet normal -0.353117 -0.935579 0
    outer loop
      vertex 12.2756 -3.84824 0
      vertex 13.3213 -4.24292 0.69
      vertex 12.2756 -3.84824 0.69
    endloop
  endfacet
  facet normal -0.353117 -0.935579 -0
    outer loop
      vertex 13.3213 -4.24292 0.69
      vertex 12.2756 -3.84824 0
      vertex 13.3213 -4.24292 0
    endloop
  endfacet
  facet normal 0.86234 -0.506329 0
    outer loop
      vertex 11.9199 -4.45404 0.69
      vertex 12.2756 -3.84824 0
      vertex 12.2756 -3.84824 0.69
    endloop
  endfacet
  facet normal 0.86234 -0.506329 0
    outer loop
      vertex 12.2756 -3.84824 0
      vertex 11.9199 -4.45404 0.69
      vertex 11.9199 -4.45404 0
    endloop
  endfacet
  facet normal 0.585552 -0.810635 0
    outer loop
      vertex 11.4167 -4.81752 0
      vertex 11.9199 -4.45404 0.69
      vertex 11.4167 -4.81752 0.69
    endloop
  endfacet
  facet normal 0.585552 -0.810635 0
    outer loop
      vertex 11.9199 -4.45404 0.69
      vertex 11.4167 -4.81752 0
      vertex 11.9199 -4.45404 0
    endloop
  endfacet
  facet normal 0.183066 -0.983101 0
    outer loop
      vertex 10.7661 -4.93867 0
      vertex 11.4167 -4.81752 0.69
      vertex 10.7661 -4.93867 0.69
    endloop
  endfacet
  facet normal 0.183066 -0.983101 0
    outer loop
      vertex 11.4167 -4.81752 0.69
      vertex 10.7661 -4.93867 0
      vertex 11.4167 -4.81752 0
    endloop
  endfacet
  facet normal -0.114411 -0.993434 0
    outer loop
      vertex 10.2637 -4.88081 0
      vertex 10.7661 -4.93867 0.69
      vertex 10.2637 -4.88081 0.69
    endloop
  endfacet
  facet normal -0.114411 -0.993434 -0
    outer loop
      vertex 10.7661 -4.93867 0.69
      vertex 10.2637 -4.88081 0
      vertex 10.7661 -4.93867 0
    endloop
  endfacet
  facet normal -0.384293 -0.923211 0
    outer loop
      vertex 9.84665 -4.70721 0
      vertex 10.2637 -4.88081 0.69
      vertex 9.84665 -4.70721 0.69
    endloop
  endfacet
  facet normal -0.384293 -0.923211 -0
    outer loop
      vertex 10.2637 -4.88081 0.69
      vertex 9.84665 -4.70721 0
      vertex 10.2637 -4.88081 0
    endloop
  endfacet
  facet normal -0.657437 -0.753509 0
    outer loop
      vertex 9.51504 -4.41788 0
      vertex 9.84665 -4.70721 0.69
      vertex 9.51504 -4.41788 0.69
    endloop
  endfacet
  facet normal -0.657437 -0.753509 -0
    outer loop
      vertex 9.84665 -4.70721 0.69
      vertex 9.51504 -4.41788 0
      vertex 9.84665 -4.70721 0
    endloop
  endfacet
  facet normal -0.85634 -0.516413 0
    outer loop
      vertex 9.51504 -4.41788 0
      vertex 9.27431 -4.01869 0.69
      vertex 9.27431 -4.01869 0
    endloop
  endfacet
  facet normal -0.85634 -0.516413 0
    outer loop
      vertex 9.27431 -4.01869 0.69
      vertex 9.51504 -4.41788 0
      vertex 9.51504 -4.41788 0.69
    endloop
  endfacet
  facet normal -0.961184 -0.275907 0
    outer loop
      vertex 9.27431 -4.01869 0
      vertex 9.12987 -3.5155 0.69
      vertex 9.12987 -3.5155 0
    endloop
  endfacet
  facet normal -0.961184 -0.275907 0
    outer loop
      vertex 9.12987 -3.5155 0.69
      vertex 9.27431 -4.01869 0
      vertex 9.27431 -4.01869 0.69
    endloop
  endfacet
  facet normal -0.99687 -0.079058 0
    outer loop
      vertex 9.12987 -3.5155 0
      vertex 9.08172 -2.90836 0.69
      vertex 9.08172 -2.90836 0
    endloop
  endfacet
  facet normal -0.99687 -0.079058 0
    outer loop
      vertex 9.08172 -2.90836 0.69
      vertex 9.12987 -3.5155 0
      vertex 9.12987 -3.5155 0.69
    endloop
  endfacet
  facet normal -0.996935 0.0782281 0
    outer loop
      vertex 9.08172 -2.90836 0
      vertex 9.12851 -2.31207 0.69
      vertex 9.12851 -2.31207 0
    endloop
  endfacet
  facet normal -0.996935 0.0782281 0
    outer loop
      vertex 9.12851 -2.31207 0.69
      vertex 9.08172 -2.90836 0
      vertex 9.08172 -2.90836 0.69
    endloop
  endfacet
  facet normal -0.961676 0.27419 0
    outer loop
      vertex 9.12851 -2.31207 0
      vertex 9.26887 -1.81978 0.69
      vertex 9.26887 -1.81978 0
    endloop
  endfacet
  facet normal -0.961676 0.27419 0
    outer loop
      vertex 9.26887 -1.81978 0.69
      vertex 9.12851 -2.31207 0
      vertex 9.12851 -2.31207 0.69
    endloop
  endfacet
  facet normal -0.856569 0.516033 0
    outer loop
      vertex 9.26887 -1.81978 0
      vertex 9.50281 -1.43146 0.69
      vertex 9.50281 -1.43146 0
    endloop
  endfacet
  facet normal -0.856569 0.516033 0
    outer loop
      vertex 9.50281 -1.43146 0.69
      vertex 9.26887 -1.81978 0
      vertex 9.26887 -1.81978 0.69
    endloop
  endfacet
  facet normal -0.65385 0.756624 0
    outer loop
      vertex 9.82718 -1.15115 0
      vertex 9.50281 -1.43146 0.69
      vertex 9.82718 -1.15115 0.69
    endloop
  endfacet
  facet normal -0.65385 0.756624 0
    outer loop
      vertex 9.50281 -1.43146 0.69
      vertex 9.82718 -1.15115 0
      vertex 9.50281 -1.43146 0
    endloop
  endfacet
  facet normal -0.378226 0.925713 0
    outer loop
      vertex 10.2388 -0.982971 0
      vertex 9.82718 -1.15115 0.69
      vertex 10.2388 -0.982971 0.69
    endloop
  endfacet
  facet normal -0.378226 0.925713 0
    outer loop
      vertex 9.82718 -1.15115 0.69
      vertex 10.2388 -0.982971 0
      vertex 9.82718 -1.15115 0
    endloop
  endfacet
  facet normal -0.111689 0.993743 0
    outer loop
      vertex 10.7376 -0.92691 0
      vertex 10.2388 -0.982971 0.69
      vertex 10.7376 -0.92691 0.69
    endloop
  endfacet
  facet normal -0.111689 0.993743 0
    outer loop
      vertex 10.2388 -0.982971 0.69
      vertex 10.7376 -0.92691 0
      vertex 10.2388 -0.982971 0
    endloop
  endfacet
  facet normal 0.0828804 0.996559 -0
    outer loop
      vertex 11.0774 -0.95517 0
      vertex 10.7376 -0.92691 0.69
      vertex 11.0774 -0.95517 0.69
    endloop
  endfacet
  facet normal 0.0828804 0.996559 0
    outer loop
      vertex 10.7376 -0.92691 0.69
      vertex 11.0774 -0.95517 0
      vertex 10.7376 -0.92691 0
    endloop
  endfacet
  facet normal 0.264851 0.964289 -0
    outer loop
      vertex 11.386 -1.03993 0
      vertex 11.0774 -0.95517 0.69
      vertex 11.386 -1.03993 0.69
    endloop
  endfacet
  facet normal 0.264851 0.964289 0
    outer loop
      vertex 11.0774 -0.95517 0.69
      vertex 11.386 -1.03993 0
      vertex 11.0774 -0.95517 0
    endloop
  endfacet
  facet normal 0.453936 0.891034 -0
    outer loop
      vertex 11.6633 -1.1812 0
      vertex 11.386 -1.03993 0.69
      vertex 11.6633 -1.1812 0.69
    endloop
  endfacet
  facet normal 0.453936 0.891034 0
    outer loop
      vertex 11.386 -1.03993 0.69
      vertex 11.6633 -1.1812 0
      vertex 11.386 -1.03993 0
    endloop
  endfacet
  facet normal 0.630184 0.776446 -0
    outer loop
      vertex 11.8964 -1.37039 0
      vertex 11.6633 -1.1812 0.69
      vertex 11.8964 -1.37039 0.69
    endloop
  endfacet
  facet normal 0.630184 0.776446 0
    outer loop
      vertex 11.6633 -1.1812 0.69
      vertex 11.8964 -1.37039 0
      vertex 11.6633 -1.1812 0
    endloop
  endfacet
  facet normal 0.792933 0.609308 0
    outer loop
      vertex 12.072 -1.59891 0.69
      vertex 11.8964 -1.37039 0
      vertex 11.8964 -1.37039 0.69
    endloop
  endfacet
  facet normal 0.792933 0.609308 0
    outer loop
      vertex 11.8964 -1.37039 0
      vertex 12.072 -1.59891 0.69
      vertex 12.072 -1.59891 0
    endloop
  endfacet
  facet normal 0.914879 0.403729 0
    outer loop
      vertex 12.1902 -1.86676 0.69
      vertex 12.072 -1.59891 0
      vertex 12.072 -1.59891 0.69
    endloop
  endfacet
  facet normal 0.914879 0.403729 0
    outer loop
      vertex 12.072 -1.59891 0
      vertex 12.1902 -1.86676 0.69
      vertex 12.1902 -1.86676 0
    endloop
  endfacet
  facet normal -0.263399 0.964687 0
    outer loop
      vertex 13.2481 -1.57791 0
      vertex 12.1902 -1.86676 0.69
      vertex 13.2481 -1.57791 0.69
    endloop
  endfacet
  facet normal -0.263399 0.964687 0
    outer loop
      vertex 12.1902 -1.86676 0.69
      vertex 13.2481 -1.57791 0
      vertex 12.1902 -1.86676 0
    endloop
  endfacet
  facet normal -0.914437 -0.404728 0
    outer loop
      vertex 13.2481 -1.57791 0
      vertex 13.0351 -1.09666 0.69
      vertex 13.0351 -1.09666 0
    endloop
  endfacet
  facet normal -0.914437 -0.404728 0
    outer loop
      vertex 13.0351 -1.09666 0.69
      vertex 13.2481 -1.57791 0
      vertex 13.2481 -1.57791 0.69
    endloop
  endfacet
  facet normal -0.800504 -0.599328 0
    outer loop
      vertex 13.0351 -1.09666 0
      vertex 12.7381 -0.699966 0.69
      vertex 12.7381 -0.699966 0
    endloop
  endfacet
  facet normal -0.800504 -0.599328 0
    outer loop
      vertex 12.7381 -0.699966 0.69
      vertex 13.0351 -1.09666 0
      vertex 13.0351 -1.09666 0.69
    endloop
  endfacet
  facet normal -0.633651 -0.773619 0
    outer loop
      vertex 12.357 -0.387817 0
      vertex 12.7381 -0.699966 0.69
      vertex 12.357 -0.387817 0.69
    endloop
  endfacet
  facet normal -0.633651 -0.773619 -0
    outer loop
      vertex 12.7381 -0.699966 0.69
      vertex 12.357 -0.387817 0
      vertex 12.7381 -0.699966 0
    endloop
  endfacet
  facet normal -0.435677 -0.900103 0
    outer loop
      vertex 11.8923 -0.162888 0
      vertex 12.357 -0.387817 0.69
      vertex 11.8923 -0.162888 0.69
    endloop
  endfacet
  facet normal -0.435677 -0.900103 -0
    outer loop
      vertex 12.357 -0.387817 0.69
      vertex 11.8923 -0.162888 0
      vertex 12.357 -0.387817 0
    endloop
  endfacet
  facet normal -0.239139 -0.970985 0
    outer loop
      vertex 11.3443 -0.0279236 0
      vertex 11.8923 -0.162888 0.69
      vertex 11.3443 -0.0279236 0.69
    endloop
  endfacet
  facet normal -0.239139 -0.970985 -0
    outer loop
      vertex 11.8923 -0.162888 0.69
      vertex 11.3443 -0.0279236 0
      vertex 11.8923 -0.162888 0
    endloop
  endfacet
  facet normal -0.0710966 -0.997469 0
    outer loop
      vertex 10.7132 0.0170593 0
      vertex 11.3443 -0.0279236 0.69
      vertex 10.7132 0.0170593 0.69
    endloop
  endfacet
  facet normal -0.0710966 -0.997469 -0
    outer loop
      vertex 11.3443 -0.0279236 0.69
      vertex 10.7132 0.0170593 0
      vertex 11.3443 -0.0279236 0
    endloop
  endfacet
  facet normal 0.0985168 -0.995135 0
    outer loop
      vertex 9.86378 -0.0670319 0
      vertex 10.7132 0.0170593 0.69
      vertex 9.86378 -0.0670319 0.69
    endloop
  endfacet
  facet normal 0.0985168 -0.995135 0
    outer loop
      vertex 10.7132 0.0170593 0.69
      vertex 9.86378 -0.0670319 0
      vertex 10.7132 0.0170593 0
    endloop
  endfacet
  facet normal 0.337362 -0.941375 0
    outer loop
      vertex 9.15988 -0.31929 0
      vertex 9.86378 -0.0670319 0.69
      vertex 9.15988 -0.31929 0.69
    endloop
  endfacet
  facet normal 0.337362 -0.941375 0
    outer loop
      vertex 9.86378 -0.0670319 0.69
      vertex 9.15988 -0.31929 0
      vertex 9.86378 -0.0670319 0
    endloop
  endfacet
  facet normal 0.601536 -0.798846 0
    outer loop
      vertex 8.60155 -0.739716 0
      vertex 9.15988 -0.31929 0.69
      vertex 8.60155 -0.739716 0.69
    endloop
  endfacet
  facet normal 0.601536 -0.798846 0
    outer loop
      vertex 9.15988 -0.31929 0.69
      vertex 8.60155 -0.739716 0
      vertex 9.15988 -0.31929 0
    endloop
  endfacet
  facet normal 0.818905 -0.573929 0
    outer loop
      vertex 8.19694 -1.31703 0.69
      vertex 8.60155 -0.739716 0
      vertex 8.60155 -0.739716 0.69
    endloop
  endfacet
  facet normal 0.818905 -0.573929 0
    outer loop
      vertex 8.60155 -0.739716 0
      vertex 8.19694 -1.31703 0.69
      vertex 8.19694 -1.31703 0
    endloop
  endfacet
  facet normal 0.947971 -0.318355 0
    outer loop
      vertex 7.95418 -2.0399 0.69
      vertex 8.19694 -1.31703 0
      vertex 8.19694 -1.31703 0.69
    endloop
  endfacet
  facet normal 0.947971 -0.318355 0
    outer loop
      vertex 8.19694 -1.31703 0
      vertex 7.95418 -2.0399 0.69
      vertex 7.95418 -2.0399 0
    endloop
  endfacet
  facet normal 0.995687 -0.0927746 0
    outer loop
      vertex 7.87326 -2.90836 0.69
      vertex 7.95418 -2.0399 0
      vertex 7.95418 -2.0399 0.69
    endloop
  endfacet
  facet normal 0.995687 -0.0927746 0
    outer loop
      vertex 7.95418 -2.0399 0
      vertex 7.87326 -2.90836 0.69
      vertex 7.87326 -2.90836 0
    endloop
  endfacet
  facet normal 0.995377 0.0960435 0
    outer loop
      vertex 7.95712 -3.77747 0.69
      vertex 7.87326 -2.90836 0
      vertex 7.87326 -2.90836 0.69
    endloop
  endfacet
  facet normal 0.995377 0.0960435 0
    outer loop
      vertex 7.87326 -2.90836 0
      vertex 7.95712 -3.77747 0.69
      vertex 7.95712 -3.77747 0
    endloop
  endfacet
  facet normal 0.945473 0.3257 0
    outer loop
      vertex 8.20871 -4.50781 0.69
      vertex 7.95712 -3.77747 0
      vertex 7.95712 -3.77747 0.69
    endloop
  endfacet
  facet normal 0.945473 0.3257 0
    outer loop
      vertex 7.95712 -3.77747 0
      vertex 8.20871 -4.50781 0.69
      vertex 8.20871 -4.50781 0
    endloop
  endfacet
  facet normal 0.81585 0.578264 0
    outer loop
      vertex 8.628 -5.09937 0.69
      vertex 8.20871 -4.50781 0
      vertex 8.20871 -4.50781 0.69
    endloop
  endfacet
  facet normal 0.81585 0.578264 0
    outer loop
      vertex 8.20871 -4.50781 0
      vertex 8.628 -5.09937 0.69
      vertex 8.628 -5.09937 0
    endloop
  endfacet
  facet normal 0.604741 0.796422 -0
    outer loop
      vertex 9.20105 -5.5345 0
      vertex 8.628 -5.09937 0.69
      vertex 9.20105 -5.5345 0.69
    endloop
  endfacet
  facet normal 0.604741 0.796422 0
    outer loop
      vertex 8.628 -5.09937 0.69
      vertex 9.20105 -5.5345 0
      vertex 8.628 -5.09937 0
    endloop
  endfacet
  facet normal 0.343968 0.938981 -0
    outer loop
      vertex 9.91376 -5.79558 0
      vertex 9.20105 -5.5345 0.69
      vertex 9.91376 -5.79558 0.69
    endloop
  endfacet
  facet normal 0.343968 0.938981 0
    outer loop
      vertex 9.20105 -5.5345 0.69
      vertex 9.91376 -5.79558 0
      vertex 9.20105 -5.5345 0
    endloop
  endfacet
  facet normal 0.101567 0.994829 -0
    outer loop
      vertex 10.7661 -5.8826 0
      vertex 9.91376 -5.79558 0.69
      vertex 10.7661 -5.8826 0.69
    endloop
  endfacet
  facet normal 0.101567 0.994829 0
    outer loop
      vertex 9.91376 -5.79558 0.69
      vertex 10.7661 -5.8826 0
      vertex 9.91376 -5.79558 0
    endloop
  endfacet
  facet normal -0.0774656 0.996995 0
    outer loop
      vertex 11.345 -5.83762 0
      vertex 10.7661 -5.8826 0.69
      vertex 11.345 -5.83762 0.69
    endloop
  endfacet
  facet normal -0.0774656 0.996995 0
    outer loop
      vertex 10.7661 -5.8826 0.69
      vertex 11.345 -5.83762 0
      vertex 10.7661 -5.8826 0
    endloop
  endfacet
endsolid OpenSCAD_Model
